date,method,eps,min_samples,n_components,n_noise
1983-07-13,A,1.0,4,8,19
1983-07-13,A,1.0,5,10,66
1983-07-13,A,1.0,6,0,380
1983-07-13,A,1.0,7,0,380
1983-07-13,A,1.0,8,0,380
1983-07-13,A,1.0,9,0,380
1983-07-13,A,1.0,10,0,380
1983-07-13,A,1.0,11,0,380
1983-07-13,A,1.0,12,0,380
1983-07-13,A,1.5,4,6,10
1983-07-13,A,1.5,5,6,16
1983-07-13,A,1.5,6,6,19
1983-07-13,A,1.5,7,6,33
1983-07-13,A,1.5,8,6,46
1983-07-13,A,1.5,9,7,102
1983-07-13,A,1.5,10,0,380
1983-07-13,A,1.5,11,0,380
1983-07-13,A,1.5,12,0,380
1983-07-13,A,2.0,4,4,9
1983-07-13,A,2.0,5,4,13
1983-07-13,A,2.0,6,4,14
1983-07-13,A,2.0,7,5,14
1983-07-13,A,2.0,8,6,19
1983-07-13,A,2.0,9,6,26
1983-07-13,A,2.0,10,6,38
1983-07-13,A,2.0,11,5,63
1983-07-13,A,2.0,12,4,94
1983-07-13,A,2.5,4,5,4
1983-07-13,A,2.5,5,4,8
1983-07-13,A,2.5,6,4,9
1983-07-13,A,2.5,7,4,10
1983-07-13,A,2.5,8,4,13
1983-07-13,A,2.5,9,4,13
1983-07-13,A,2.5,10,4,13
1983-07-13,A,2.5,11,5,15
1983-07-13,A,2.5,12,6,20
1983-07-13,A,3.0,4,4,3
1983-07-13,A,3.0,5,4,7
1983-07-13,A,3.0,6,4,7
1983-07-13,A,3.0,7,4,7
1983-07-13,A,3.0,8,4,8
1983-07-13,A,3.0,9,4,10
1983-07-13,A,3.0,10,4,11
1983-07-13,A,3.0,11,4,11
1983-07-13,A,3.0,12,4,11
1983-07-13,A,3.5,4,3,0
1983-07-13,A,3.5,5,3,0
1983-07-13,A,3.5,6,3,7
1983-07-13,A,3.5,7,3,7
1983-07-13,A,3.5,8,3,7
1983-07-13,A,3.5,9,3,8
1983-07-13,A,3.5,10,3,8
1983-07-13,A,3.5,11,3,8
1983-07-13,A,3.5,12,3,10
1983-07-13,A,4.0,4,2,0
1983-07-13,A,4.0,5,2,0
1983-07-13,A,4.0,6,3,0
1983-07-13,A,4.0,7,3,0
1983-07-13,A,4.0,8,3,6
1983-07-13,A,4.0,9,3,6
1983-07-13,A,4.0,10,3,6
1983-07-13,A,4.0,11,3,6
1983-07-13,A,4.0,12,3,6
1987-07-23,A,1.0,4,8,22
1987-07-23,A,1.0,5,7,67
1987-07-23,A,1.0,6,0,390
1987-07-23,A,1.0,7,0,390
1987-07-23,A,1.0,8,0,390
1987-07-23,A,1.0,9,0,390
1987-07-23,A,1.0,10,0,390
1987-07-23,A,1.0,11,0,390
1987-07-23,A,1.0,12,0,390
1987-07-23,A,1.5,4,3,11
1987-07-23,A,1.5,5,5,17
1987-07-23,A,1.5,6,5,24
1987-07-23,A,1.5,7,5,38
1987-07-23,A,1.5,8,4,67
1987-07-23,A,1.5,9,8,84
1987-07-23,A,1.5,10,0,390
1987-07-23,A,1.5,11,0,390
1987-07-23,A,1.5,12,0,390
1987-07-23,A,2.0,4,3,8
1987-07-23,A,2.0,5,2,13
1987-07-23,A,2.0,6,2,14
1987-07-23,A,2.0,7,3,15
1987-07-23,A,2.0,8,5,19
1987-07-23,A,2.0,9,5,25
1987-07-23,A,2.0,10,5,42
1987-07-23,A,2.0,11,3,72
1987-07-23,A,2.0,12,4,95
1987-07-23,A,2.5,4,3,5
1987-07-23,A,2.5,5,2,9
1987-07-23,A,2.5,6,2,9
1987-07-23,A,2.5,7,2,10
1987-07-23,A,2.5,8,2,11
1987-07-23,A,2.5,9,2,13
1987-07-23,A,2.5,10,4,13
1987-07-23,A,2.5,11,4,14
1987-07-23,A,2.5,12,4,26
1987-07-23,A,3.0,4,2,5
1987-07-23,A,3.0,5,1,9
1987-07-23,A,3.0,6,1,9
1987-07-23,A,3.0,7,1,9
1987-07-23,A,3.0,8,1,9
1987-07-23,A,3.0,9,1,9
1987-07-23,A,3.0,10,1,9
1987-07-23,A,3.0,11,1,9
1987-07-23,A,3.0,12,2,9
1987-07-23,A,3.5,4,2,5
1987-07-23,A,3.5,5,1,9
1987-07-23,A,3.5,6,1,9
1987-07-23,A,3.5,7,1,9
1987-07-23,A,3.5,8,1,9
1987-07-23,A,3.5,9,1,9
1987-07-23,A,3.5,10,1,9
1987-07-23,A,3.5,11,1,9
1987-07-23,A,3.5,12,1,9
1987-07-23,A,4.0,4,3,1
1987-07-23,A,4.0,5,1,9
1987-07-23,A,4.0,6,1,9
1987-07-23,A,4.0,7,1,9
1987-07-23,A,4.0,8,1,9
1987-07-23,A,4.0,9,1,9
1987-07-23,A,4.0,10,1,9
1987-07-23,A,4.0,11,1,9
1987-07-23,A,4.0,12,1,9
1987-07-24,A,1.0,4,5,17
1987-07-24,A,1.0,5,5,49
1987-07-24,A,1.0,6,0,444
1987-07-24,A,1.0,7,0,444
1987-07-24,A,1.0,8,0,444
1987-07-24,A,1.0,9,0,444
1987-07-24,A,1.0,10,0,444
1987-07-24,A,1.0,11,0,444
1987-07-24,A,1.0,12,0,444
1987-07-24,A,1.5,4,3,6
1987-07-24,A,1.5,5,3,13
1987-07-24,A,1.5,6,3,17
1987-07-24,A,1.5,7,3,26
1987-07-24,A,1.5,8,3,41
1987-07-24,A,1.5,9,4,65
1987-07-24,A,1.5,10,0,444
1987-07-24,A,1.5,11,0,444
1987-07-24,A,1.5,12,0,444
1987-07-24,A,2.0,4,2,5
1987-07-24,A,2.0,5,1,10
1987-07-24,A,2.0,6,1,10
1987-07-24,A,2.0,7,3,12
1987-07-24,A,2.0,8,3,14
1987-07-24,A,2.0,9,3,17
1987-07-24,A,2.0,10,3,28
1987-07-24,A,2.0,11,3,37
1987-07-24,A,2.0,12,5,52
1987-07-24,A,2.5,4,2,3
1987-07-24,A,2.5,5,1,7
1987-07-24,A,2.5,6,1,7
1987-07-24,A,2.5,7,1,8
1987-07-24,A,2.5,8,1,8
1987-07-24,A,2.5,9,1,8
1987-07-24,A,2.5,10,2,9
1987-07-24,A,2.5,11,3,11
1987-07-24,A,2.5,12,3,12
1987-07-24,A,3.0,4,2,3
1987-07-24,A,3.0,5,1,7
1987-07-24,A,3.0,6,1,7
1987-07-24,A,3.0,7,1,7
1987-07-24,A,3.0,8,1,7
1987-07-24,A,3.0,9,1,7
1987-07-24,A,3.0,10,1,7
1987-07-24,A,3.0,11,1,7
1987-07-24,A,3.0,12,1,7
1987-07-24,A,3.5,4,2,1
1987-07-24,A,3.5,5,1,5
1987-07-24,A,3.5,6,1,5
1987-07-24,A,3.5,7,1,6
1987-07-24,A,3.5,8,1,6
1987-07-24,A,3.5,9,1,6
1987-07-24,A,3.5,10,1,6
1987-07-24,A,3.5,11,1,6
1987-07-24,A,3.5,12,1,6
1987-07-24,A,4.0,4,2,1
1987-07-24,A,4.0,5,1,5
1987-07-24,A,4.0,6,1,5
1987-07-24,A,4.0,7,1,5
1987-07-24,A,4.0,8,1,5
1987-07-24,A,4.0,9,1,5
1987-07-24,A,4.0,10,1,6
1987-07-24,A,4.0,11,1,6
1987-07-24,A,4.0,12,1,6
1987-07-25,A,1.0,4,5,21
1987-07-25,A,1.0,5,4,55
1987-07-25,A,1.0,6,0,502
1987-07-25,A,1.0,7,0,502
1987-07-25,A,1.0,8,0,502
1987-07-25,A,1.0,9,0,502
1987-07-25,A,1.0,10,0,502
1987-07-25,A,1.0,11,0,502
1987-07-25,A,1.0,12,0,502
1987-07-25,A,1.5,4,4,5
1987-07-25,A,1.5,5,2,17
1987-07-25,A,1.5,6,3,20
1987-07-25,A,1.5,7,3,32
1987-07-25,A,1.5,8,3,43
1987-07-25,A,1.5,9,5,58
1987-07-25,A,1.5,10,0,502
1987-07-25,A,1.5,11,0,502
1987-07-25,A,1.5,12,0,502
1987-07-25,A,2.0,4,3,5
1987-07-25,A,2.0,5,2,9
1987-07-25,A,2.0,6,1,14
1987-07-25,A,2.0,7,2,16
1987-07-25,A,2.0,8,2,18
1987-07-25,A,2.0,9,3,27
1987-07-25,A,2.0,10,3,33
1987-07-25,A,2.0,11,3,40
1987-07-25,A,2.0,12,4,55
1987-07-25,A,2.5,4,3,2
1987-07-25,A,2.5,5,2,6
1987-07-25,A,2.5,6,1,12
1987-07-25,A,2.5,7,1,13
1987-07-25,A,2.5,8,1,13
1987-07-25,A,2.5,9,1,13
1987-07-25,A,2.5,10,1,13
1987-07-25,A,2.5,11,2,14
1987-07-25,A,2.5,12,2,18
1987-07-25,A,3.0,4,3,2
1987-07-25,A,3.0,5,2,6
1987-07-25,A,3.0,6,1,12
1987-07-25,A,3.0,7,1,12
1987-07-25,A,3.0,8,1,12
1987-07-25,A,3.0,9,1,12
1987-07-25,A,3.0,10,1,12
1987-07-25,A,3.0,11,1,12
1987-07-25,A,3.0,12,1,12
1987-07-25,A,3.5,4,2,1
1987-07-25,A,3.5,5,1,5
1987-07-25,A,3.5,6,1,5
1987-07-25,A,3.5,7,1,10
1987-07-25,A,3.5,8,1,10
1987-07-25,A,3.5,9,1,11
1987-07-25,A,3.5,10,1,11
1987-07-25,A,3.5,11,1,11
1987-07-25,A,3.5,12,1,11
1987-07-25,A,4.0,4,2,1
1987-07-25,A,4.0,5,1,5
1987-07-25,A,4.0,6,1,5
1987-07-25,A,4.0,7,1,5
1987-07-25,A,4.0,8,1,5
1987-07-25,A,4.0,9,1,8
1987-07-25,A,4.0,10,1,9
1987-07-25,A,4.0,11,1,9
1987-07-25,A,4.0,12,1,10
1987-07-26,A,1.0,4,6,14
1987-07-26,A,1.0,5,4,63
1987-07-26,A,1.0,6,0,520
1987-07-26,A,1.0,7,0,520
1987-07-26,A,1.0,8,0,520
1987-07-26,A,1.0,9,0,520
1987-07-26,A,1.0,10,0,520
1987-07-26,A,1.0,11,0,520
1987-07-26,A,1.0,12,0,520
1987-07-26,A,1.5,4,4,6
1987-07-26,A,1.5,5,4,8
1987-07-26,A,1.5,6,5,17
1987-07-26,A,1.5,7,4,30
1987-07-26,A,1.5,8,3,44
1987-07-26,A,1.5,9,4,75
1987-07-26,A,1.5,10,0,520
1987-07-26,A,1.5,11,0,520
1987-07-26,A,1.5,12,0,520
1987-07-26,A,2.0,4,3,4
1987-07-26,A,2.0,5,3,4
1987-07-26,A,2.0,6,2,10
1987-07-26,A,2.0,7,2,19
1987-07-26,A,2.0,8,3,21
1987-07-26,A,2.0,9,3,32
1987-07-26,A,2.0,10,3,36
1987-07-26,A,2.0,11,3,48
1987-07-26,A,2.0,12,3,65
1987-07-26,A,2.5,4,2,2
1987-07-26,A,2.5,5,3,2
1987-07-26,A,2.5,6,2,7
1987-07-26,A,2.5,7,2,8
1987-07-26,A,2.5,8,1,15
1987-07-26,A,2.5,9,1,15
1987-07-26,A,2.5,10,1,16
1987-07-26,A,2.5,11,2,26
1987-07-26,A,2.5,12,2,27
1987-07-26,A,3.0,4,2,2
1987-07-26,A,3.0,5,2,2
1987-07-26,A,3.0,6,1,7
1987-07-26,A,3.0,7,1,7
1987-07-26,A,3.0,8,1,7
1987-07-26,A,3.0,9,1,11
1987-07-26,A,3.0,10,1,11
1987-07-26,A,3.0,11,1,11
1987-07-26,A,3.0,12,1,14
1987-07-26,A,3.5,4,2,1
1987-07-26,A,3.5,5,2,1
1987-07-26,A,3.5,6,1,6
1987-07-26,A,3.5,7,1,6
1987-07-26,A,3.5,8,1,6
1987-07-26,A,3.5,9,1,7
1987-07-26,A,3.5,10,1,7
1987-07-26,A,3.5,11,1,9
1987-07-26,A,3.5,12,1,9
1987-07-26,A,4.0,4,2,1
1987-07-26,A,4.0,5,2,1
1987-07-26,A,4.0,6,1,6
1987-07-26,A,4.0,7,1,6
1987-07-26,A,4.0,8,1,6
1987-07-26,A,4.0,9,1,6
1987-07-26,A,4.0,10,1,6
1987-07-26,A,4.0,11,1,6
1987-07-26,A,4.0,12,1,7
1987-07-27,A,1.0,4,3,18
1987-07-27,A,1.0,5,6,50
1987-07-27,A,1.0,6,0,507
1987-07-27,A,1.0,7,0,507
1987-07-27,A,1.0,8,0,507
1987-07-27,A,1.0,9,0,507
1987-07-27,A,1.0,10,0,507
1987-07-27,A,1.0,11,0,507
1987-07-27,A,1.0,12,0,507
1987-07-27,A,1.5,4,3,8
1987-07-27,A,1.5,5,2,14
1987-07-27,A,1.5,6,2,18
1987-07-27,A,1.5,7,4,24
1987-07-27,A,1.5,8,4,30
1987-07-27,A,1.5,9,6,63
1987-07-27,A,1.5,10,0,507
1987-07-27,A,1.5,11,0,507
1987-07-27,A,1.5,12,0,507
1987-07-27,A,2.0,4,1,5
1987-07-27,A,2.0,5,1,9
1987-07-27,A,2.0,6,1,9
1987-07-27,A,2.0,7,2,9
1987-07-27,A,2.0,8,2,12
1987-07-27,A,2.0,9,4,14
1987-07-27,A,2.0,10,3,25
1987-07-27,A,2.0,11,3,36
1987-07-27,A,2.0,12,3,66
1987-07-27,A,2.5,4,1,4
1987-07-27,A,2.5,5,1,4
1987-07-27,A,2.5,6,1,4
1987-07-27,A,2.5,7,1,7
1987-07-27,A,2.5,8,1,7
1987-07-27,A,2.5,9,1,7
1987-07-27,A,2.5,10,1,8
1987-07-27,A,2.5,11,2,11
1987-07-27,A,2.5,12,2,12
1987-07-27,A,3.0,4,1,2
1987-07-27,A,3.0,5,1,2
1987-07-27,A,3.0,6,1,3
1987-07-27,A,3.0,7,1,3
1987-07-27,A,3.0,8,1,3
1987-07-27,A,3.0,9,1,5
1987-07-27,A,3.0,10,1,5
1987-07-27,A,3.0,11,1,5
1987-07-27,A,3.0,12,1,5
1987-07-27,A,3.5,4,1,1
1987-07-27,A,3.5,5,1,1
1987-07-27,A,3.5,6,1,1
1987-07-27,A,3.5,7,1,1
1987-07-27,A,3.5,8,1,2
1987-07-27,A,3.5,9,1,3
1987-07-27,A,3.5,10,1,5
1987-07-27,A,3.5,11,1,5
1987-07-27,A,3.5,12,1,5
1987-07-27,A,4.0,4,1,1
1987-07-27,A,4.0,5,1,1
1987-07-27,A,4.0,6,1,1
1987-07-27,A,4.0,7,1,1
1987-07-27,A,4.0,8,1,1
1987-07-27,A,4.0,9,1,1
1987-07-27,A,4.0,10,1,2
1987-07-27,A,4.0,11,1,2
1987-07-27,A,4.0,12,1,3
1991-06-04,A,1.0,4,4,14
1991-06-04,A,1.0,5,5,53
1991-06-04,A,1.0,6,0,376
1991-06-04,A,1.0,7,0,376
1991-06-04,A,1.0,8,0,376
1991-06-04,A,1.0,9,0,376
1991-06-04,A,1.0,10,0,376
1991-06-04,A,1.0,11,0,376
1991-06-04,A,1.0,12,0,376
1991-06-04,A,1.5,4,3,2
1991-06-04,A,1.5,5,3,10
1991-06-04,A,1.5,6,3,13
1991-06-04,A,1.5,7,4,21
1991-06-04,A,1.5,8,3,47
1991-06-04,A,1.5,9,3,73
1991-06-04,A,1.5,10,0,376
1991-06-04,A,1.5,11,0,376
1991-06-04,A,1.5,12,0,376
1991-06-04,A,2.0,4,3,1
1991-06-04,A,2.0,5,3,1
1991-06-04,A,2.0,6,2,7
1991-06-04,A,2.0,7,3,8
1991-06-04,A,2.0,8,3,10
1991-06-04,A,2.0,9,2,24
1991-06-04,A,2.0,10,3,34
1991-06-04,A,2.0,11,3,47
1991-06-04,A,2.0,12,4,60
1991-06-04,A,2.5,4,3,1
1991-06-04,A,2.5,5,3,1
1991-06-04,A,2.5,6,3,1
1991-06-04,A,2.5,7,2,7
1991-06-04,A,2.5,8,2,7
1991-06-04,A,2.5,9,2,8
1991-06-04,A,2.5,10,2,9
1991-06-04,A,2.5,11,2,13
1991-06-04,A,2.5,12,2,13
1991-06-04,A,3.0,4,2,1
1991-06-04,A,3.0,5,2,1
1991-06-04,A,3.0,6,2,1
1991-06-04,A,3.0,7,2,6
1991-06-04,A,3.0,8,2,6
1991-06-04,A,3.0,9,2,6
1991-06-04,A,3.0,10,2,6
1991-06-04,A,3.0,11,2,7
1991-06-04,A,3.0,12,2,7
1991-06-04,A,3.5,4,2,1
1991-06-04,A,3.5,5,2,1
1991-06-04,A,3.5,6,2,1
1991-06-04,A,3.5,7,2,1
1991-06-04,A,3.5,8,2,5
1991-06-04,A,3.5,9,2,5
1991-06-04,A,3.5,10,2,5
1991-06-04,A,3.5,11,2,5
1991-06-04,A,3.5,12,2,5
1991-06-04,A,4.0,4,2,1
1991-06-04,A,4.0,5,2,1
1991-06-04,A,4.0,6,2,1
1991-06-04,A,4.0,7,2,1
1991-06-04,A,4.0,8,2,1
1991-06-04,A,4.0,9,2,2
1991-06-04,A,4.0,10,2,2
1991-06-04,A,4.0,11,2,4
1991-06-04,A,4.0,12,2,4
1991-06-05,A,1.0,4,3,14
1991-06-05,A,1.0,5,6,47
1991-06-05,A,1.0,6,0,374
1991-06-05,A,1.0,7,0,374
1991-06-05,A,1.0,8,0,374
1991-06-05,A,1.0,9,0,374
1991-06-05,A,1.0,10,0,374
1991-06-05,A,1.0,11,0,374
1991-06-05,A,1.0,12,0,374
1991-06-05,A,1.5,4,3,2
1991-06-05,A,1.5,5,2,8
1991-06-05,A,1.5,6,2,11
1991-06-05,A,1.5,7,4,13
1991-06-05,A,1.5,8,3,47
1991-06-05,A,1.5,9,3,68
1991-06-05,A,1.5,10,0,374
1991-06-05,A,1.5,11,0,374
1991-06-05,A,1.5,12,0,374
1991-06-05,A,2.0,4,3,1
1991-06-05,A,2.0,5,3,1
1991-06-05,A,2.0,6,2,7
1991-06-05,A,2.0,7,2,8
1991-06-05,A,2.0,8,2,10
1991-06-05,A,2.0,9,3,13
1991-06-05,A,2.0,10,3,30
1991-06-05,A,2.0,11,3,40
1991-06-05,A,2.0,12,3,58
1991-06-05,A,2.5,4,2,1
1991-06-05,A,2.5,5,2,1
1991-06-05,A,2.5,6,2,1
1991-06-05,A,2.5,7,2,5
1991-06-05,A,2.5,8,2,7
1991-06-05,A,2.5,9,2,7
1991-06-05,A,2.5,10,2,7
1991-06-05,A,2.5,11,2,8
1991-06-05,A,2.5,12,2,8
1991-06-05,A,3.0,4,2,1
1991-06-05,A,3.0,5,2,1
1991-06-05,A,3.0,6,2,1
1991-06-05,A,3.0,7,2,3
1991-06-05,A,3.0,8,2,5
1991-06-05,A,3.0,9,2,6
1991-06-05,A,3.0,10,2,6
1991-06-05,A,3.0,11,2,6
1991-06-05,A,3.0,12,2,6
1991-06-05,A,3.5,4,2,1
1991-06-05,A,3.5,5,2,1
1991-06-05,A,3.5,6,2,1
1991-06-05,A,3.5,7,2,1
1991-06-05,A,3.5,8,2,1
1991-06-05,A,3.5,9,2,4
1991-06-05,A,3.5,10,2,4
1991-06-05,A,3.5,11,2,4
1991-06-05,A,3.5,12,2,5
1991-06-05,A,4.0,4,2,1
1991-06-05,A,4.0,5,2,1
1991-06-05,A,4.0,6,2,1
1991-06-05,A,4.0,7,2,1
1991-06-05,A,4.0,8,2,1
1991-06-05,A,4.0,9,2,1
1991-06-05,A,4.0,10,2,2
1991-06-05,A,4.0,11,2,2
1991-06-05,A,4.0,12,2,3
1998-05-24,A,1.0,4,4,18
1998-05-24,A,1.0,5,5,46
1998-05-24,A,1.0,6,0,374
1998-05-24,A,1.0,7,0,374
1998-05-24,A,1.0,8,0,374
1998-05-24,A,1.0,9,0,374
1998-05-24,A,1.0,10,0,374
1998-05-24,A,1.0,11,0,374
1998-05-24,A,1.0,12,0,374
1998-05-24,A,1.5,4,3,8
1998-05-24,A,1.5,5,3,16
1998-05-24,A,1.5,6,4,18
1998-05-24,A,1.5,7,4,24
1998-05-24,A,1.5,8,4,27
1998-05-24,A,1.5,9,4,49
1998-05-24,A,1.5,10,0,374
1998-05-24,A,1.5,11,0,374
1998-05-24,A,1.5,12,0,374
1998-05-24,A,2.0,4,3,4
1998-05-24,A,2.0,5,3,5
1998-05-24,A,2.0,6,3,8
1998-05-24,A,2.0,7,3,12
1998-05-24,A,2.0,8,4,14
1998-05-24,A,2.0,9,4,18
1998-05-24,A,2.0,10,4,29
1998-05-24,A,2.0,11,4,34
1998-05-24,A,2.0,12,3,67
1998-05-24,A,2.5,4,3,4
1998-05-24,A,2.5,5,3,4
1998-05-24,A,2.5,6,3,5
1998-05-24,A,2.5,7,3,6
1998-05-24,A,2.5,8,3,6
1998-05-24,A,2.5,9,3,7
1998-05-24,A,2.5,10,3,9
1998-05-24,A,2.5,11,4,15
1998-05-24,A,2.5,12,4,15
1998-05-24,A,3.0,4,2,4
1998-05-24,A,3.0,5,2,4
1998-05-24,A,3.0,6,2,4
1998-05-24,A,3.0,7,3,4
1998-05-24,A,3.0,8,3,4
1998-05-24,A,3.0,9,3,4
1998-05-24,A,3.0,10,3,5
1998-05-24,A,3.0,11,3,5
1998-05-24,A,3.0,12,3,6
1998-05-24,A,3.5,4,2,4
1998-05-24,A,3.5,5,2,4
1998-05-24,A,3.5,6,2,4
1998-05-24,A,3.5,7,2,4
1998-05-24,A,3.5,8,2,4
1998-05-24,A,3.5,9,2,4
1998-05-24,A,3.5,10,2,4
1998-05-24,A,3.5,11,3,5
1998-05-24,A,3.5,12,3,5
1998-05-24,A,4.0,4,2,3
1998-05-24,A,4.0,5,2,3
1998-05-24,A,4.0,6,2,3
1998-05-24,A,4.0,7,2,3
1998-05-24,A,4.0,8,2,3
1998-05-24,A,4.0,9,2,3
1998-05-24,A,4.0,10,2,3
1998-05-24,A,4.0,11,2,3
1998-05-24,A,4.0,12,2,3
1998-05-25,A,1.0,4,4,16
1998-05-25,A,1.0,5,7,47
1998-05-25,A,1.0,6,0,378
1998-05-25,A,1.0,7,0,378
1998-05-25,A,1.0,8,0,378
1998-05-25,A,1.0,9,0,378
1998-05-25,A,1.0,10,0,378
1998-05-25,A,1.0,11,0,378
1998-05-25,A,1.0,12,0,378
1998-05-25,A,1.5,4,2,9
1998-05-25,A,1.5,5,2,11
1998-05-25,A,1.5,6,2,12
1998-05-25,A,1.5,7,5,24
1998-05-25,A,1.5,8,5,32
1998-05-25,A,1.5,9,4,64
1998-05-25,A,1.5,10,0,378
1998-05-25,A,1.5,11,0,378
1998-05-25,A,1.5,12,0,378
1998-05-25,A,2.0,4,2,7
1998-05-25,A,2.0,5,2,8
1998-05-25,A,2.0,6,2,8
1998-05-25,A,2.0,7,2,9
1998-05-25,A,2.0,8,3,11
1998-05-25,A,2.0,9,4,13
1998-05-25,A,2.0,10,4,36
1998-05-25,A,2.0,11,4,43
1998-05-25,A,2.0,12,3,81
1998-05-25,A,2.5,4,2,6
1998-05-25,A,2.5,5,2,6
1998-05-25,A,2.5,6,2,6
1998-05-25,A,2.5,7,2,6
1998-05-25,A,2.5,8,2,6
1998-05-25,A,2.5,9,2,7
1998-05-25,A,2.5,10,2,7
1998-05-25,A,2.5,11,2,8
1998-05-25,A,2.5,12,4,11
1998-05-25,A,3.0,4,2,5
1998-05-25,A,3.0,5,2,5
1998-05-25,A,3.0,6,2,6
1998-05-25,A,3.0,7,2,6
1998-05-25,A,3.0,8,2,6
1998-05-25,A,3.0,9,2,6
1998-05-25,A,3.0,10,2,6
1998-05-25,A,3.0,11,2,6
1998-05-25,A,3.0,12,2,6
1998-05-25,A,3.5,4,2,3
1998-05-25,A,3.5,5,2,4
1998-05-25,A,3.5,6,2,4
1998-05-25,A,3.5,7,2,4
1998-05-25,A,3.5,8,2,4
1998-05-25,A,3.5,9,2,4
1998-05-25,A,3.5,10,2,4
1998-05-25,A,3.5,11,2,4
1998-05-25,A,3.5,12,2,4
1998-05-25,A,4.0,4,2,0
1998-05-25,A,4.0,5,2,2
1998-05-25,A,4.0,6,2,2
1998-05-25,A,4.0,7,2,2
1998-05-25,A,4.0,8,2,2
1998-05-25,A,4.0,9,2,2
1998-05-25,A,4.0,10,2,2
1998-05-25,A,4.0,11,2,2
1998-05-25,A,4.0,12,2,2
1998-05-26,A,1.0,4,4,13
1998-05-26,A,1.0,5,6,59
1998-05-26,A,1.0,6,0,371
1998-05-26,A,1.0,7,0,371
1998-05-26,A,1.0,8,0,371
1998-05-26,A,1.0,9,0,371
1998-05-26,A,1.0,10,0,371
1998-05-26,A,1.0,11,0,371
1998-05-26,A,1.0,12,0,371
1998-05-26,A,1.5,4,3,8
1998-05-26,A,1.5,5,3,10
1998-05-26,A,1.5,6,3,12
1998-05-26,A,1.5,7,5,28
1998-05-26,A,1.5,8,5,45
1998-05-26,A,1.5,9,4,77
1998-05-26,A,1.5,10,0,371
1998-05-26,A,1.5,11,0,371
1998-05-26,A,1.5,12,0,371
1998-05-26,A,2.0,4,2,5
1998-05-26,A,2.0,5,2,6
1998-05-26,A,2.0,6,3,6
1998-05-26,A,2.0,7,3,6
1998-05-26,A,2.0,8,3,14
1998-05-26,A,2.0,9,4,24
1998-05-26,A,2.0,10,4,40
1998-05-26,A,2.0,11,5,48
1998-05-26,A,2.0,12,4,80
1998-05-26,A,2.5,4,2,5
1998-05-26,A,2.5,5,2,5
1998-05-26,A,2.5,6,2,5
1998-05-26,A,2.5,7,2,6
1998-05-26,A,2.5,8,2,6
1998-05-26,A,2.5,9,3,6
1998-05-26,A,2.5,10,3,7
1998-05-26,A,2.5,11,3,8
1998-05-26,A,2.5,12,4,20
1998-05-26,A,3.0,4,2,3
1998-05-26,A,3.0,5,2,4
1998-05-26,A,3.0,6,2,4
1998-05-26,A,3.0,7,2,4
1998-05-26,A,3.0,8,2,4
1998-05-26,A,3.0,9,2,4
1998-05-26,A,3.0,10,2,4
1998-05-26,A,3.0,11,2,4
1998-05-26,A,3.0,12,3,5
1998-05-26,A,3.5,4,2,3
1998-05-26,A,3.5,5,2,3
1998-05-26,A,3.5,6,2,4
1998-05-26,A,3.5,7,2,4
1998-05-26,A,3.5,8,2,4
1998-05-26,A,3.5,9,2,4
1998-05-26,A,3.5,10,2,4
1998-05-26,A,3.5,11,2,4
1998-05-26,A,3.5,12,2,4
1998-05-26,A,4.0,4,2,0
1998-05-26,A,4.0,5,2,2
1998-05-26,A,4.0,6,2,2
1998-05-26,A,4.0,7,2,2
1998-05-26,A,4.0,8,2,2
1998-05-26,A,4.0,9,2,2
1998-05-26,A,4.0,10,2,2
1998-05-26,A,4.0,11,2,2
1998-05-26,A,4.0,12,2,2
1998-08-01,A,1.0,4,11,13
1998-08-01,A,1.0,5,15,67
1998-08-01,A,1.0,6,0,434
1998-08-01,A,1.0,7,0,434
1998-08-01,A,1.0,8,0,434
1998-08-01,A,1.0,9,0,434
1998-08-01,A,1.0,10,0,434
1998-08-01,A,1.0,11,0,434
1998-08-01,A,1.0,12,0,434
1998-08-01,A,1.5,4,5,6
1998-08-01,A,1.5,5,5,8
1998-08-01,A,1.5,6,5,10
1998-08-01,A,1.5,7,4,30
1998-08-01,A,1.5,8,7,59
1998-08-01,A,1.5,9,8,114
1998-08-01,A,1.5,10,0,434
1998-08-01,A,1.5,11,0,434
1998-08-01,A,1.5,12,0,434
1998-08-01,A,2.0,4,4,6
1998-08-01,A,2.0,5,4,6
1998-08-01,A,2.0,6,4,7
1998-08-01,A,2.0,7,5,11
1998-08-01,A,2.0,8,3,27
1998-08-01,A,2.0,9,3,31
1998-08-01,A,2.0,10,4,41
1998-08-01,A,2.0,11,6,64
1998-08-01,A,2.0,12,8,101
1998-08-01,A,2.5,4,3,5
1998-08-01,A,2.5,5,3,5
1998-08-01,A,2.5,6,3,5
1998-08-01,A,2.5,7,3,5
1998-08-01,A,2.5,8,3,5
1998-08-01,A,2.5,9,4,9
1998-08-01,A,2.5,10,4,10
1998-08-01,A,2.5,11,3,21
1998-08-01,A,2.5,12,3,24
1998-08-01,A,3.0,4,2,2
1998-08-01,A,3.0,5,2,3
1998-08-01,A,3.0,6,2,3
1998-08-01,A,3.0,7,2,4
1998-08-01,A,3.0,8,2,4
1998-08-01,A,3.0,9,2,4
1998-08-01,A,3.0,10,2,5
1998-08-01,A,3.0,11,2,9
1998-08-01,A,3.0,12,2,12
1998-08-01,A,3.5,4,2,2
1998-08-01,A,3.5,5,2,2
1998-08-01,A,3.5,6,2,2
1998-08-01,A,3.5,7,2,2
1998-08-01,A,3.5,8,2,3
1998-08-01,A,3.5,9,2,4
1998-08-01,A,3.5,10,2,4
1998-08-01,A,3.5,11,2,4
1998-08-01,A,3.5,12,2,7
1998-08-01,A,4.0,4,1,2
1998-08-01,A,4.0,5,1,2
1998-08-01,A,4.0,6,1,2
1998-08-01,A,4.0,7,1,2
1998-08-01,A,4.0,8,1,2
1998-08-01,A,4.0,9,1,2
1998-08-01,A,4.0,10,1,2
1998-08-01,A,4.0,11,1,2
1998-08-01,A,4.0,12,1,2
1998-08-02,A,1.0,4,8,23
1998-08-02,A,1.0,5,8,71
1998-08-02,A,1.0,6,0,538
1998-08-02,A,1.0,7,0,538
1998-08-02,A,1.0,8,0,538
1998-08-02,A,1.0,9,0,538
1998-08-02,A,1.0,10,0,538
1998-08-02,A,1.0,11,0,538
1998-08-02,A,1.0,12,0,538
1998-08-02,A,1.5,4,3,2
1998-08-02,A,1.5,5,4,3
1998-08-02,A,1.5,6,5,11
1998-08-02,A,1.5,7,5,31
1998-08-02,A,1.5,8,4,61
1998-08-02,A,1.5,9,5,101
1998-08-02,A,1.5,10,0,538
1998-08-02,A,1.5,11,0,538
1998-08-02,A,1.5,12,0,538
1998-08-02,A,2.0,4,2,2
1998-08-02,A,2.0,5,2,3
1998-08-02,A,2.0,6,3,3
1998-08-02,A,2.0,7,4,8
1998-08-02,A,2.0,8,3,23
1998-08-02,A,2.0,9,3,32
1998-08-02,A,2.0,10,2,51
1998-08-02,A,2.0,11,3,56
1998-08-02,A,2.0,12,5,79
1998-08-02,A,2.5,4,1,2
1998-08-02,A,2.5,5,1,2
1998-08-02,A,2.5,6,1,2
1998-08-02,A,2.5,7,1,2
1998-08-02,A,2.5,8,1,2
1998-08-02,A,2.5,9,2,2
1998-08-02,A,2.5,10,3,3
1998-08-02,A,2.5,11,2,13
1998-08-02,A,2.5,12,2,25
1998-08-02,A,3.0,4,1,2
1998-08-02,A,3.0,5,1,2
1998-08-02,A,3.0,6,1,2
1998-08-02,A,3.0,7,1,2
1998-08-02,A,3.0,8,1,2
1998-08-02,A,3.0,9,1,2
1998-08-02,A,3.0,10,1,2
1998-08-02,A,3.0,11,1,3
1998-08-02,A,3.0,12,1,6
1998-08-02,A,3.5,4,1,2
1998-08-02,A,3.5,5,1,2
1998-08-02,A,3.5,6,1,2
1998-08-02,A,3.5,7,1,2
1998-08-02,A,3.5,8,1,2
1998-08-02,A,3.5,9,1,2
1998-08-02,A,3.5,10,1,2
1998-08-02,A,3.5,11,1,2
1998-08-02,A,3.5,12,1,2
1998-08-02,A,4.0,4,1,2
1998-08-02,A,4.0,5,1,2
1998-08-02,A,4.0,6,1,2
1998-08-02,A,4.0,7,1,2
1998-08-02,A,4.0,8,1,2
1998-08-02,A,4.0,9,1,2
1998-08-02,A,4.0,10,1,2
1998-08-02,A,4.0,11,1,2
1998-08-02,A,4.0,12,1,2
1998-08-03,A,1.0,4,4,8
1998-08-03,A,1.0,5,7,39
1998-08-03,A,1.0,6,0,607
1998-08-03,A,1.0,7,0,607
1998-08-03,A,1.0,8,0,607
1998-08-03,A,1.0,9,0,607
1998-08-03,A,1.0,10,0,607
1998-08-03,A,1.0,11,0,607
1998-08-03,A,1.0,12,0,607
1998-08-03,A,1.5,4,2,4
1998-08-03,A,1.5,5,4,5
1998-08-03,A,1.5,6,4,6
1998-08-03,A,1.5,7,5,11
1998-08-03,A,1.5,8,3,40
1998-08-03,A,1.5,9,3,67
1998-08-03,A,1.5,10,0,607
1998-08-03,A,1.5,11,0,607
1998-08-03,A,1.5,12,0,607
1998-08-03,A,2.0,4,1,3
1998-08-03,A,2.0,5,1,3
1998-08-03,A,2.0,6,1,4
1998-08-03,A,2.0,7,3,4
1998-08-03,A,2.0,8,4,5
1998-08-03,A,2.0,9,4,17
1998-08-03,A,2.0,10,3,32
1998-08-03,A,2.0,11,1,57
1998-08-03,A,2.0,12,3,67
1998-08-03,A,2.5,4,1,3
1998-08-03,A,2.5,5,1,3
1998-08-03,A,2.5,6,1,3
1998-08-03,A,2.5,7,1,3
1998-08-03,A,2.5,8,1,3
1998-08-03,A,2.5,9,1,3
1998-08-03,A,2.5,10,1,3
1998-08-03,A,2.5,11,2,5
1998-08-03,A,2.5,12,2,23
1998-08-03,A,3.0,4,1,3
1998-08-03,A,3.0,5,1,3
1998-08-03,A,3.0,6,1,3
1998-08-03,A,3.0,7,1,3
1998-08-03,A,3.0,8,1,3
1998-08-03,A,3.0,9,1,3
1998-08-03,A,3.0,10,1,3
1998-08-03,A,3.0,11,1,3
1998-08-03,A,3.0,12,1,3
1998-08-03,A,3.5,4,1,3
1998-08-03,A,3.5,5,1,3
1998-08-03,A,3.5,6,1,3
1998-08-03,A,3.5,7,1,3
1998-08-03,A,3.5,8,1,3
1998-08-03,A,3.5,9,1,3
1998-08-03,A,3.5,10,1,3
1998-08-03,A,3.5,11,1,3
1998-08-03,A,3.5,12,1,3
1998-08-03,A,4.0,4,1,3
1998-08-03,A,4.0,5,1,3
1998-08-03,A,4.0,6,1,3
1998-08-03,A,4.0,7,1,3
1998-08-03,A,4.0,8,1,3
1998-08-03,A,4.0,9,1,3
1998-08-03,A,4.0,10,1,3
1998-08-03,A,4.0,11,1,3
1998-08-03,A,4.0,12,1,3
1998-08-04,A,1.0,4,4,9
1998-08-04,A,1.0,5,7,47
1998-08-04,A,1.0,6,0,582
1998-08-04,A,1.0,7,0,582
1998-08-04,A,1.0,8,0,582
1998-08-04,A,1.0,9,0,582
1998-08-04,A,1.0,10,0,582
1998-08-04,A,1.0,11,0,582
1998-08-04,A,1.0,12,0,582
1998-08-04,A,1.5,4,2,3
1998-08-04,A,1.5,5,3,3
1998-08-04,A,1.5,6,3,3
1998-08-04,A,1.5,7,5,15
1998-08-04,A,1.5,8,4,40
1998-08-04,A,1.5,9,3,84
1998-08-04,A,1.5,10,0,582
1998-08-04,A,1.5,11,0,582
1998-08-04,A,1.5,12,0,582
1998-08-04,A,2.0,4,1,2
1998-08-04,A,2.0,5,1,2
1998-08-04,A,2.0,6,1,2
1998-08-04,A,2.0,7,2,2
1998-08-04,A,2.0,8,3,3
1998-08-04,A,2.0,9,4,20
1998-08-04,A,2.0,10,3,32
1998-08-04,A,2.0,11,1,62
1998-08-04,A,2.0,12,3,75
1998-08-04,A,2.5,4,1,2
1998-08-04,A,2.5,5,1,2
1998-08-04,A,2.5,6,1,2
1998-08-04,A,2.5,7,1,2
1998-08-04,A,2.5,8,1,2
1998-08-04,A,2.5,9,1,2
1998-08-04,A,2.5,10,1,2
1998-08-04,A,2.5,11,1,6
1998-08-04,A,2.5,12,2,16
1998-08-04,A,3.0,4,1,2
1998-08-04,A,3.0,5,1,2
1998-08-04,A,3.0,6,1,2
1998-08-04,A,3.0,7,1,2
1998-08-04,A,3.0,8,1,2
1998-08-04,A,3.0,9,1,2
1998-08-04,A,3.0,10,1,2
1998-08-04,A,3.0,11,1,2
1998-08-04,A,3.0,12,1,2
1998-08-04,A,3.5,4,1,2
1998-08-04,A,3.5,5,1,2
1998-08-04,A,3.5,6,1,2
1998-08-04,A,3.5,7,1,2
1998-08-04,A,3.5,8,1,2
1998-08-04,A,3.5,9,1,2
1998-08-04,A,3.5,10,1,2
1998-08-04,A,3.5,11,1,2
1998-08-04,A,3.5,12,1,2
1998-08-04,A,4.0,4,1,2
1998-08-04,A,4.0,5,1,2
1998-08-04,A,4.0,6,1,2
1998-08-04,A,4.0,7,1,2
1998-08-04,A,4.0,8,1,2
1998-08-04,A,4.0,9,1,2
1998-08-04,A,4.0,10,1,2
1998-08-04,A,4.0,11,1,2
1998-08-04,A,4.0,12,1,2
1998-08-05,A,1.0,4,4,11
1998-08-05,A,1.0,5,7,52
1998-08-05,A,1.0,6,0,555
1998-08-05,A,1.0,7,0,555
1998-08-05,A,1.0,8,0,555
1998-08-05,A,1.0,9,0,555
1998-08-05,A,1.0,10,0,555
1998-08-05,A,1.0,11,0,555
1998-08-05,A,1.0,12,0,555
1998-08-05,A,1.5,4,2,3
1998-08-05,A,1.5,5,3,3
1998-08-05,A,1.5,6,4,4
1998-08-05,A,1.5,7,4,15
1998-08-05,A,1.5,8,4,38
1998-08-05,A,1.5,9,3,107
1998-08-05,A,1.5,10,0,555
1998-08-05,A,1.5,11,0,555
1998-08-05,A,1.5,12,0,555
1998-08-05,A,2.0,4,1,3
1998-08-05,A,2.0,5,1,3
1998-08-05,A,2.0,6,1,3
1998-08-05,A,2.0,7,2,3
1998-08-05,A,2.0,8,4,5
1998-08-05,A,2.0,9,3,21
1998-08-05,A,2.0,10,3,31
1998-08-05,A,2.0,11,1,58
1998-08-05,A,2.0,12,4,80
1998-08-05,A,2.5,4,1,2
1998-08-05,A,2.5,5,1,2
1998-08-05,A,2.5,6,1,2
1998-08-05,A,2.5,7,1,2
1998-08-05,A,2.5,8,1,3
1998-08-05,A,2.5,9,1,3
1998-08-05,A,2.5,10,1,3
1998-08-05,A,2.5,11,1,8
1998-08-05,A,2.5,12,2,22
1998-08-05,A,3.0,4,1,2
1998-08-05,A,3.0,5,1,2
1998-08-05,A,3.0,6,1,2
1998-08-05,A,3.0,7,1,2
1998-08-05,A,3.0,8,1,2
1998-08-05,A,3.0,9,1,2
1998-08-05,A,3.0,10,1,3
1998-08-05,A,3.0,11,1,3
1998-08-05,A,3.0,12,1,3
1998-08-05,A,3.5,4,1,2
1998-08-05,A,3.5,5,1,2
1998-08-05,A,3.5,6,1,2
1998-08-05,A,3.5,7,1,2
1998-08-05,A,3.5,8,1,2
1998-08-05,A,3.5,9,1,2
1998-08-05,A,3.5,10,1,2
1998-08-05,A,3.5,11,1,2
1998-08-05,A,3.5,12,1,2
1998-08-05,A,4.0,4,1,2
1998-08-05,A,4.0,5,1,2
1998-08-05,A,4.0,6,1,2
1998-08-05,A,4.0,7,1,2
1998-08-05,A,4.0,8,1,2
1998-08-05,A,4.0,9,1,2
1998-08-05,A,4.0,10,1,2
1998-08-05,A,4.0,11,1,2
1998-08-05,A,4.0,12,1,2
1998-08-06,A,1.0,4,3,10
1998-08-06,A,1.0,5,6,44
1998-08-06,A,1.0,6,0,528
1998-08-06,A,1.0,7,0,528
1998-08-06,A,1.0,8,0,528
1998-08-06,A,1.0,9,0,528
1998-08-06,A,1.0,10,0,528
1998-08-06,A,1.0,11,0,528
1998-08-06,A,1.0,12,0,528
1998-08-06,A,1.5,4,2,0
1998-08-06,A,1.5,5,1,4
1998-08-06,A,1.5,6,2,4
1998-08-06,A,1.5,7,4,15
1998-08-06,A,1.5,8,3,35
1998-08-06,A,1.5,9,3,83
1998-08-06,A,1.5,10,0,528
1998-08-06,A,1.5,11,0,528
1998-08-06,A,1.5,12,0,528
1998-08-06,A,2.0,4,2,0
1998-08-06,A,2.0,5,1,4
1998-08-06,A,2.0,6,1,4
1998-08-06,A,2.0,7,1,4
1998-08-06,A,2.0,8,2,6
1998-08-06,A,2.0,9,3,10
1998-08-06,A,2.0,10,2,32
1998-08-06,A,2.0,11,2,40
1998-08-06,A,2.0,12,3,76
1998-08-06,A,2.5,4,2,0
1998-08-06,A,2.5,5,1,4
1998-08-06,A,2.5,6,1,4
1998-08-06,A,2.5,7,1,4
1998-08-06,A,2.5,8,1,4
1998-08-06,A,2.5,9,1,4
1998-08-06,A,2.5,10,1,4
1998-08-06,A,2.5,11,1,4
1998-08-06,A,2.5,12,1,24
1998-08-06,A,3.0,4,1,0
1998-08-06,A,3.0,5,1,0
1998-08-06,A,3.0,6,1,2
1998-08-06,A,3.0,7,1,2
1998-08-06,A,3.0,8,1,2
1998-08-06,A,3.0,9,1,2
1998-08-06,A,3.0,10,1,2
1998-08-06,A,3.0,11,1,4
1998-08-06,A,3.0,12,1,4
1998-08-06,A,3.5,4,1,0
1998-08-06,A,3.5,5,1,0
1998-08-06,A,3.5,6,1,0
1998-08-06,A,3.5,7,1,1
1998-08-06,A,3.5,8,1,1
1998-08-06,A,3.5,9,1,1
1998-08-06,A,3.5,10,1,1
1998-08-06,A,3.5,11,1,1
1998-08-06,A,3.5,12,1,1
1998-08-06,A,4.0,4,1,0
1998-08-06,A,4.0,5,1,0
1998-08-06,A,4.0,6,1,0
1998-08-06,A,4.0,7,1,0
1998-08-06,A,4.0,8,1,0
1998-08-06,A,4.0,9,1,0
1998-08-06,A,4.0,10,1,0
1998-08-06,A,4.0,11,1,0
1998-08-06,A,4.0,12,1,0
1998-08-07,A,1.0,4,5,15
1998-08-07,A,1.0,5,8,45
1998-08-07,A,1.0,6,0,453
1998-08-07,A,1.0,7,0,453
1998-08-07,A,1.0,8,0,453
1998-08-07,A,1.0,9,0,453
1998-08-07,A,1.0,10,0,453
1998-08-07,A,1.0,11,0,453
1998-08-07,A,1.0,12,0,453
1998-08-07,A,1.5,4,4,1
1998-08-07,A,1.5,5,3,6
1998-08-07,A,1.5,6,3,10
1998-08-07,A,1.5,7,5,21
1998-08-07,A,1.5,8,5,47
1998-08-07,A,1.5,9,6,80
1998-08-07,A,1.5,10,0,453
1998-08-07,A,1.5,11,0,453
1998-08-07,A,1.5,12,0,453
1998-08-07,A,2.0,4,4,1
1998-08-07,A,2.0,5,3,5
1998-08-07,A,2.0,6,3,6
1998-08-07,A,2.0,7,3,7
1998-08-07,A,2.0,8,3,11
1998-08-07,A,2.0,9,4,14
1998-08-07,A,2.0,10,4,31
1998-08-07,A,2.0,11,5,41
1998-08-07,A,2.0,12,4,78
1998-08-07,A,2.5,4,4,0
1998-08-07,A,2.5,5,3,4
1998-08-07,A,2.5,6,3,4
1998-08-07,A,2.5,7,3,4
1998-08-07,A,2.5,8,3,4
1998-08-07,A,2.5,9,3,4
1998-08-07,A,2.5,10,3,5
1998-08-07,A,2.5,11,3,6
1998-08-07,A,2.5,12,3,18
1998-08-07,A,3.0,4,3,0
1998-08-07,A,3.0,5,3,0
1998-08-07,A,3.0,6,3,2
1998-08-07,A,3.0,7,3,2
1998-08-07,A,3.0,8,3,2
1998-08-07,A,3.0,9,3,2
1998-08-07,A,3.0,10,3,2
1998-08-07,A,3.0,11,3,2
1998-08-07,A,3.0,12,3,4
1998-08-07,A,3.5,4,3,0
1998-08-07,A,3.5,5,3,0
1998-08-07,A,3.5,6,3,0
1998-08-07,A,3.5,7,3,1
1998-08-07,A,3.5,8,3,1
1998-08-07,A,3.5,9,3,1
1998-08-07,A,3.5,10,3,1
1998-08-07,A,3.5,11,3,1
1998-08-07,A,3.5,12,3,1
1998-08-07,A,4.0,4,3,0
1998-08-07,A,4.0,5,3,0
1998-08-07,A,4.0,6,3,0
1998-08-07,A,4.0,7,3,0
1998-08-07,A,4.0,8,3,0
1998-08-07,A,4.0,9,3,0
1998-08-07,A,4.0,10,3,0
1998-08-07,A,4.0,11,3,0
1998-08-07,A,4.0,12,3,0
1998-08-08,A,1.0,4,4,13
1998-08-08,A,1.0,5,6,45
1998-08-08,A,1.0,6,0,428
1998-08-08,A,1.0,7,0,428
1998-08-08,A,1.0,8,0,428
1998-08-08,A,1.0,9,0,428
1998-08-08,A,1.0,10,0,428
1998-08-08,A,1.0,11,0,428
1998-08-08,A,1.0,12,0,428
1998-08-08,A,1.5,4,2,4
1998-08-08,A,1.5,5,2,8
1998-08-08,A,1.5,6,3,10
1998-08-08,A,1.5,7,3,22
1998-08-08,A,1.5,8,3,34
1998-08-08,A,1.5,9,5,69
1998-08-08,A,1.5,10,0,428
1998-08-08,A,1.5,11,0,428
1998-08-08,A,1.5,12,0,428
1998-08-08,A,2.0,4,2,4
1998-08-08,A,2.0,5,2,4
1998-08-08,A,2.0,6,2,6
1998-08-08,A,2.0,7,2,7
1998-08-08,A,2.0,8,2,10
1998-08-08,A,2.0,9,3,13
1998-08-08,A,2.0,10,3,23
1998-08-08,A,2.0,11,4,31
1998-08-08,A,2.0,12,3,64
1998-08-08,A,2.5,4,2,4
1998-08-08,A,2.5,5,2,4
1998-08-08,A,2.5,6,2,4
1998-08-08,A,2.5,7,2,5
1998-08-08,A,2.5,8,2,5
1998-08-08,A,2.5,9,2,5
1998-08-08,A,2.5,10,2,6
1998-08-08,A,2.5,11,2,8
1998-08-08,A,2.5,12,2,12
1998-08-08,A,3.0,4,3,0
1998-08-08,A,3.0,5,2,4
1998-08-08,A,3.0,6,2,4
1998-08-08,A,3.0,7,2,4
1998-08-08,A,3.0,8,2,4
1998-08-08,A,3.0,9,2,4
1998-08-08,A,3.0,10,2,4
1998-08-08,A,3.0,11,2,5
1998-08-08,A,3.0,12,2,5
1998-08-08,A,3.5,4,3,0
1998-08-08,A,3.5,5,2,4
1998-08-08,A,3.5,6,2,4
1998-08-08,A,3.5,7,2,4
1998-08-08,A,3.5,8,2,4
1998-08-08,A,3.5,9,2,4
1998-08-08,A,3.5,10,2,4
1998-08-08,A,3.5,11,2,4
1998-08-08,A,3.5,12,2,4
1998-08-08,A,4.0,4,3,0
1998-08-08,A,4.0,5,2,4
1998-08-08,A,4.0,6,2,4
1998-08-08,A,4.0,7,2,4
1998-08-08,A,4.0,8,2,4
1998-08-08,A,4.0,9,2,4
1998-08-08,A,4.0,10,2,4
1998-08-08,A,4.0,11,2,4
1998-08-08,A,4.0,12,2,4
1998-08-09,A,1.0,4,4,9
1998-08-09,A,1.0,5,10,37
1998-08-09,A,1.0,6,0,434
1998-08-09,A,1.0,7,0,434
1998-08-09,A,1.0,8,0,434
1998-08-09,A,1.0,9,0,434
1998-08-09,A,1.0,10,0,434
1998-08-09,A,1.0,11,0,434
1998-08-09,A,1.0,12,0,434
1998-08-09,A,1.5,4,2,4
1998-08-09,A,1.5,5,2,5
1998-08-09,A,1.5,6,2,8
1998-08-09,A,1.5,7,2,16
1998-08-09,A,1.5,8,2,34
1998-08-09,A,1.5,9,7,67
1998-08-09,A,1.5,10,0,434
1998-08-09,A,1.5,11,0,434
1998-08-09,A,1.5,12,0,434
1998-08-09,A,2.0,4,2,4
1998-08-09,A,2.0,5,2,4
1998-08-09,A,2.0,6,2,4
1998-08-09,A,2.0,7,2,5
1998-08-09,A,2.0,8,2,9
1998-08-09,A,2.0,9,2,13
1998-08-09,A,2.0,10,2,17
1998-08-09,A,2.0,11,3,31
1998-08-09,A,2.0,12,4,69
1998-08-09,A,2.5,4,2,4
1998-08-09,A,2.5,5,2,4
1998-08-09,A,2.5,6,2,4
1998-08-09,A,2.5,7,2,4
1998-08-09,A,2.5,8,2,4
1998-08-09,A,2.5,9,2,4
1998-08-09,A,2.5,10,2,6
1998-08-09,A,2.5,11,2,8
1998-08-09,A,2.5,12,2,10
1998-08-09,A,3.0,4,3,0
1998-08-09,A,3.0,5,2,4
1998-08-09,A,3.0,6,2,4
1998-08-09,A,3.0,7,2,4
1998-08-09,A,3.0,8,2,4
1998-08-09,A,3.0,9,2,4
1998-08-09,A,3.0,10,2,4
1998-08-09,A,3.0,11,2,4
1998-08-09,A,3.0,12,2,4
1998-08-09,A,3.5,4,3,0
1998-08-09,A,3.5,5,2,4
1998-08-09,A,3.5,6,2,4
1998-08-09,A,3.5,7,2,4
1998-08-09,A,3.5,8,2,4
1998-08-09,A,3.5,9,2,4
1998-08-09,A,3.5,10,2,4
1998-08-09,A,3.5,11,2,4
1998-08-09,A,3.5,12,2,4
1998-08-09,A,4.0,4,3,0
1998-08-09,A,4.0,5,2,4
1998-08-09,A,4.0,6,2,4
1998-08-09,A,4.0,7,2,4
1998-08-09,A,4.0,8,2,4
1998-08-09,A,4.0,9,2,4
1998-08-09,A,4.0,10,2,4
1998-08-09,A,4.0,11,2,4
1998-08-09,A,4.0,12,2,4
1998-08-10,A,1.0,4,4,13
1998-08-10,A,1.0,5,13,38
1998-08-10,A,1.0,6,0,444
1998-08-10,A,1.0,7,0,444
1998-08-10,A,1.0,8,0,444
1998-08-10,A,1.0,9,0,444
1998-08-10,A,1.0,10,0,444
1998-08-10,A,1.0,11,0,444
1998-08-10,A,1.0,12,0,444
1998-08-10,A,1.5,4,2,9
1998-08-10,A,1.5,5,2,10
1998-08-10,A,1.5,6,2,14
1998-08-10,A,1.5,7,2,18
1998-08-10,A,1.5,8,4,36
1998-08-10,A,1.5,9,6,75
1998-08-10,A,1.5,10,0,444
1998-08-10,A,1.5,11,0,444
1998-08-10,A,1.5,12,0,444
1998-08-10,A,2.0,4,2,4
1998-08-10,A,2.0,5,2,4
1998-08-10,A,2.0,6,2,5
1998-08-10,A,2.0,7,2,8
1998-08-10,A,2.0,8,2,10
1998-08-10,A,2.0,9,2,16
1998-08-10,A,2.0,10,2,20
1998-08-10,A,2.0,11,3,33
1998-08-10,A,2.0,12,5,59
1998-08-10,A,2.5,4,2,3
1998-08-10,A,2.5,5,2,3
1998-08-10,A,2.5,6,2,4
1998-08-10,A,2.5,7,2,4
1998-08-10,A,2.5,8,2,4
1998-08-10,A,2.5,9,2,5
1998-08-10,A,2.5,10,2,6
1998-08-10,A,2.5,11,2,7
1998-08-10,A,2.5,12,2,8
1998-08-10,A,3.0,4,2,3
1998-08-10,A,3.0,5,2,3
1998-08-10,A,3.0,6,2,3
1998-08-10,A,3.0,7,2,3
1998-08-10,A,3.0,8,2,3
1998-08-10,A,3.0,9,2,3
1998-08-10,A,3.0,10,2,4
1998-08-10,A,3.0,11,2,4
1998-08-10,A,3.0,12,2,4
1998-08-10,A,3.5,4,2,3
1998-08-10,A,3.5,5,2,3
1998-08-10,A,3.5,6,2,3
1998-08-10,A,3.5,7,2,3
1998-08-10,A,3.5,8,2,3
1998-08-10,A,3.5,9,2,3
1998-08-10,A,3.5,10,2,3
1998-08-10,A,3.5,11,2,3
1998-08-10,A,3.5,12,2,3
1998-08-10,A,4.0,4,2,3
1998-08-10,A,4.0,5,2,3
1998-08-10,A,4.0,6,2,3
1998-08-10,A,4.0,7,2,3
1998-08-10,A,4.0,8,2,3
1998-08-10,A,4.0,9,2,3
1998-08-10,A,4.0,10,2,3
1998-08-10,A,4.0,11,2,3
1998-08-10,A,4.0,12,2,3
1998-08-11,A,1.0,4,5,13
1998-08-11,A,1.0,5,12,48
1998-08-11,A,1.0,6,0,412
1998-08-11,A,1.0,7,0,412
1998-08-11,A,1.0,8,0,412
1998-08-11,A,1.0,9,0,412
1998-08-11,A,1.0,10,0,412
1998-08-11,A,1.0,11,0,412
1998-08-11,A,1.0,12,0,412
1998-08-11,A,1.5,4,3,6
1998-08-11,A,1.5,5,4,8
1998-08-11,A,1.5,6,4,9
1998-08-11,A,1.5,7,4,20
1998-08-11,A,1.5,8,5,42
1998-08-11,A,1.5,9,6,79
1998-08-11,A,1.5,10,0,412
1998-08-11,A,1.5,11,0,412
1998-08-11,A,1.5,12,0,412
1998-08-11,A,2.0,4,2,0
1998-08-11,A,2.0,5,2,2
1998-08-11,A,2.0,6,3,3
1998-08-11,A,2.0,7,3,5
1998-08-11,A,2.0,8,3,9
1998-08-11,A,2.0,9,3,17
1998-08-11,A,2.0,10,4,22
1998-08-11,A,2.0,11,4,43
1998-08-11,A,2.0,12,4,98
1998-08-11,A,2.5,4,2,0
1998-08-11,A,2.5,5,2,0
1998-08-11,A,2.5,6,2,0
1998-08-11,A,2.5,7,2,1
1998-08-11,A,2.5,8,2,1
1998-08-11,A,2.5,9,2,1
1998-08-11,A,2.5,10,2,1
1998-08-11,A,2.5,11,3,3
1998-08-11,A,2.5,12,3,6
1998-08-11,A,3.0,4,2,0
1998-08-11,A,3.0,5,2,0
1998-08-11,A,3.0,6,2,0
1998-08-11,A,3.0,7,2,0
1998-08-11,A,3.0,8,2,0
1998-08-11,A,3.0,9,2,0
1998-08-11,A,3.0,10,2,0
1998-08-11,A,3.0,11,2,1
1998-08-11,A,3.0,12,2,1
1998-08-11,A,3.5,4,2,0
1998-08-11,A,3.5,5,2,0
1998-08-11,A,3.5,6,2,0
1998-08-11,A,3.5,7,2,0
1998-08-11,A,3.5,8,2,0
1998-08-11,A,3.5,9,2,0
1998-08-11,A,3.5,10,2,0
1998-08-11,A,3.5,11,2,0
1998-08-11,A,3.5,12,2,0
1998-08-11,A,4.0,4,2,0
1998-08-11,A,4.0,5,2,0
1998-08-11,A,4.0,6,2,0
1998-08-11,A,4.0,7,2,0
1998-08-11,A,4.0,8,2,0
1998-08-11,A,4.0,9,2,0
1998-08-11,A,4.0,10,2,0
1998-08-11,A,4.0,11,2,0
1998-08-11,A,4.0,12,2,0
1999-08-18,A,1.0,4,9,17
1999-08-18,A,1.0,5,13,67
1999-08-18,A,1.0,6,0,426
1999-08-18,A,1.0,7,0,426
1999-08-18,A,1.0,8,0,426
1999-08-18,A,1.0,9,0,426
1999-08-18,A,1.0,10,0,426
1999-08-18,A,1.0,11,0,426
1999-08-18,A,1.0,12,0,426
1999-08-18,A,1.5,4,4,5
1999-08-18,A,1.5,5,5,6
1999-08-18,A,1.5,6,6,13
1999-08-18,A,1.5,7,6,34
1999-08-18,A,1.5,8,7,56
1999-08-18,A,1.5,9,5,118
1999-08-18,A,1.5,10,0,426
1999-08-18,A,1.5,11,0,426
1999-08-18,A,1.5,12,0,426
1999-08-18,A,2.0,4,4,5
1999-08-18,A,2.0,5,4,5
1999-08-18,A,2.0,6,4,6
1999-08-18,A,2.0,7,6,12
1999-08-18,A,2.0,8,5,19
1999-08-18,A,2.0,9,5,22
1999-08-18,A,2.0,10,4,58
1999-08-18,A,2.0,11,4,81
1999-08-18,A,2.0,12,5,103
1999-08-18,A,2.5,4,4,5
1999-08-18,A,2.5,5,4,5
1999-08-18,A,2.5,6,4,5
1999-08-18,A,2.5,7,4,5
1999-08-18,A,2.5,8,4,5
1999-08-18,A,2.5,9,4,6
1999-08-18,A,2.5,10,3,15
1999-08-18,A,2.5,11,4,15
1999-08-18,A,2.5,12,4,15
1999-08-18,A,3.0,4,4,4
1999-08-18,A,3.0,5,4,4
1999-08-18,A,3.0,6,4,4
1999-08-18,A,3.0,7,4,4
1999-08-18,A,3.0,8,4,4
1999-08-18,A,3.0,9,4,4
1999-08-18,A,3.0,10,3,13
1999-08-18,A,3.0,11,3,14
1999-08-18,A,3.0,12,3,14
1999-08-18,A,3.5,4,4,4
1999-08-18,A,3.5,5,4,4
1999-08-18,A,3.5,6,4,4
1999-08-18,A,3.5,7,4,4
1999-08-18,A,3.5,8,4,4
1999-08-18,A,3.5,9,4,4
1999-08-18,A,3.5,10,3,13
1999-08-18,A,3.5,11,3,13
1999-08-18,A,3.5,12,3,13
1999-08-18,A,4.0,4,3,3
1999-08-18,A,4.0,5,3,3
1999-08-18,A,4.0,6,3,3
1999-08-18,A,4.0,7,3,3
1999-08-18,A,4.0,8,3,3
1999-08-18,A,4.0,9,4,3
1999-08-18,A,4.0,10,3,11
1999-08-18,A,4.0,11,3,11
1999-08-18,A,4.0,12,3,11
1999-08-19,A,1.0,4,6,12
1999-08-19,A,1.0,5,11,43
1999-08-19,A,1.0,6,0,500
1999-08-19,A,1.0,7,0,500
1999-08-19,A,1.0,8,0,500
1999-08-19,A,1.0,9,0,500
1999-08-19,A,1.0,10,0,500
1999-08-19,A,1.0,11,0,500
1999-08-19,A,1.0,12,0,500
1999-08-19,A,1.5,4,5,3
1999-08-19,A,1.5,5,5,3
1999-08-19,A,1.5,6,6,8
1999-08-19,A,1.5,7,6,17
1999-08-19,A,1.5,8,7,30
1999-08-19,A,1.5,9,4,91
1999-08-19,A,1.5,10,0,500
1999-08-19,A,1.5,11,0,500
1999-08-19,A,1.5,12,0,500
1999-08-19,A,2.0,4,5,2
1999-08-19,A,2.0,5,5,2
1999-08-19,A,2.0,6,5,4
1999-08-19,A,2.0,7,5,4
1999-08-19,A,2.0,8,5,5
1999-08-19,A,2.0,9,6,8
1999-08-19,A,2.0,10,6,20
1999-08-19,A,2.0,11,5,45
1999-08-19,A,2.0,12,3,85
1999-08-19,A,2.5,4,4,1
1999-08-19,A,2.5,5,4,1
1999-08-19,A,2.5,6,4,1
1999-08-19,A,2.5,7,4,1
1999-08-19,A,2.5,8,5,1
1999-08-19,A,2.5,9,5,1
1999-08-19,A,2.5,10,5,1
1999-08-19,A,2.5,11,5,2
1999-08-19,A,2.5,12,5,2
1999-08-19,A,3.0,4,3,1
1999-08-19,A,3.0,5,3,1
1999-08-19,A,3.0,6,3,1
1999-08-19,A,3.0,7,4,1
1999-08-19,A,3.0,8,4,1
1999-08-19,A,3.0,9,4,1
1999-08-19,A,3.0,10,4,1
1999-08-19,A,3.0,11,4,1
1999-08-19,A,3.0,12,5,1
1999-08-19,A,3.5,4,3,0
1999-08-19,A,3.5,5,3,0
1999-08-19,A,3.5,6,3,0
1999-08-19,A,3.5,7,3,0
1999-08-19,A,3.5,8,3,0
1999-08-19,A,3.5,9,3,1
1999-08-19,A,3.5,10,3,1
1999-08-19,A,3.5,11,3,1
1999-08-19,A,3.5,12,4,1
1999-08-19,A,4.0,4,3,0
1999-08-19,A,4.0,5,3,0
1999-08-19,A,4.0,6,3,0
1999-08-19,A,4.0,7,3,0
1999-08-19,A,4.0,8,3,0
1999-08-19,A,4.0,9,3,0
1999-08-19,A,4.0,10,3,0
1999-08-19,A,4.0,11,3,0
1999-08-19,A,4.0,12,3,0
1999-08-20,A,1.0,4,6,17
1999-08-20,A,1.0,5,12,47
1999-08-20,A,1.0,6,0,520
1999-08-20,A,1.0,7,0,520
1999-08-20,A,1.0,8,0,520
1999-08-20,A,1.0,9,0,520
1999-08-20,A,1.0,10,0,520
1999-08-20,A,1.0,11,0,520
1999-08-20,A,1.0,12,0,520
1999-08-20,A,1.5,4,3,6
1999-08-20,A,1.5,5,4,7
1999-08-20,A,1.5,6,6,11
1999-08-20,A,1.5,7,6,22
1999-08-20,A,1.5,8,6,40
1999-08-20,A,1.5,9,5,88
1999-08-20,A,1.5,10,0,520
1999-08-20,A,1.5,11,0,520
1999-08-20,A,1.5,12,0,520
1999-08-20,A,2.0,4,3,4
1999-08-20,A,2.0,5,3,4
1999-08-20,A,2.0,6,4,5
1999-08-20,A,2.0,7,4,7
1999-08-20,A,2.0,8,5,11
1999-08-20,A,2.0,9,5,21
1999-08-20,A,2.0,10,5,31
1999-08-20,A,2.0,11,5,51
1999-08-20,A,2.0,12,4,74
1999-08-20,A,2.5,4,3,2
1999-08-20,A,2.5,5,3,2
1999-08-20,A,2.5,6,3,2
1999-08-20,A,2.5,7,3,2
1999-08-20,A,2.5,8,3,2
1999-08-20,A,2.5,9,4,3
1999-08-20,A,2.5,10,4,4
1999-08-20,A,2.5,11,4,16
1999-08-20,A,2.5,12,4,17
1999-08-20,A,3.0,4,2,2
1999-08-20,A,3.0,5,2,2
1999-08-20,A,3.0,6,2,2
1999-08-20,A,3.0,7,2,2
1999-08-20,A,3.0,8,2,2
1999-08-20,A,3.0,9,2,2
1999-08-20,A,3.0,10,2,2
1999-08-20,A,3.0,11,3,2
1999-08-20,A,3.0,12,3,3
1999-08-20,A,3.5,4,2,1
1999-08-20,A,3.5,5,2,1
1999-08-20,A,3.5,6,2,1
1999-08-20,A,3.5,7,2,1
1999-08-20,A,3.5,8,2,1
1999-08-20,A,3.5,9,2,1
1999-08-20,A,3.5,10,2,1
1999-08-20,A,3.5,11,2,1
1999-08-20,A,3.5,12,2,1
1999-08-20,A,4.0,4,2,0
1999-08-20,A,4.0,5,2,0
1999-08-20,A,4.0,6,2,0
1999-08-20,A,4.0,7,2,0
1999-08-20,A,4.0,8,2,0
1999-08-20,A,4.0,9,2,0
1999-08-20,A,4.0,10,2,0
1999-08-20,A,4.0,11,2,0
1999-08-20,A,4.0,12,2,0
1999-08-21,A,1.0,4,4,23
1999-08-21,A,1.0,5,8,47
1999-08-21,A,1.0,6,0,487
1999-08-21,A,1.0,7,0,487
1999-08-21,A,1.0,8,0,487
1999-08-21,A,1.0,9,0,487
1999-08-21,A,1.0,10,0,487
1999-08-21,A,1.0,11,0,487
1999-08-21,A,1.0,12,0,487
1999-08-21,A,1.5,4,3,11
1999-08-21,A,1.5,5,2,19
1999-08-21,A,1.5,6,3,24
1999-08-21,A,1.5,7,3,27
1999-08-21,A,1.5,8,5,37
1999-08-21,A,1.5,9,3,83
1999-08-21,A,1.5,10,0,487
1999-08-21,A,1.5,11,0,487
1999-08-21,A,1.5,12,0,487
1999-08-21,A,2.0,4,4,5
1999-08-21,A,2.0,5,3,9
1999-08-21,A,2.0,6,2,16
1999-08-21,A,2.0,7,2,19
1999-08-21,A,2.0,8,3,21
1999-08-21,A,2.0,9,3,23
1999-08-21,A,2.0,10,3,33
1999-08-21,A,2.0,11,3,47
1999-08-21,A,2.0,12,3,61
1999-08-21,A,2.5,4,2,2
1999-08-21,A,2.5,5,2,4
1999-08-21,A,2.5,6,2,7
1999-08-21,A,2.5,7,2,10
1999-08-21,A,2.5,8,2,12
1999-08-21,A,2.5,9,2,16
1999-08-21,A,2.5,10,2,16
1999-08-21,A,2.5,11,3,18
1999-08-21,A,2.5,12,3,19
1999-08-21,A,3.0,4,1,1
1999-08-21,A,3.0,5,1,1
1999-08-21,A,3.0,6,1,1
1999-08-21,A,3.0,7,1,5
1999-08-21,A,3.0,8,1,8
1999-08-21,A,3.0,9,1,9
1999-08-21,A,3.0,10,1,9
1999-08-21,A,3.0,11,1,10
1999-08-21,A,3.0,12,2,10
1999-08-21,A,3.5,4,1,1
1999-08-21,A,3.5,5,1,1
1999-08-21,A,3.5,6,1,1
1999-08-21,A,3.5,7,1,3
1999-08-21,A,3.5,8,1,3
1999-08-21,A,3.5,9,1,3
1999-08-21,A,3.5,10,1,5
1999-08-21,A,3.5,11,1,5
1999-08-21,A,3.5,12,1,10
1999-08-21,A,4.0,4,1,0
1999-08-21,A,4.0,5,1,0
1999-08-21,A,4.0,6,1,0
1999-08-21,A,4.0,7,1,0
1999-08-21,A,4.0,8,1,0
1999-08-21,A,4.0,9,1,0
1999-08-21,A,4.0,10,1,0
1999-08-21,A,4.0,11,1,1
1999-08-21,A,4.0,12,1,2
1999-08-22,A,1.0,4,6,19
1999-08-22,A,1.0,5,10,48
1999-08-22,A,1.0,6,0,433
1999-08-22,A,1.0,7,0,433
1999-08-22,A,1.0,8,0,433
1999-08-22,A,1.0,9,0,433
1999-08-22,A,1.0,10,0,433
1999-08-22,A,1.0,11,0,433
1999-08-22,A,1.0,12,0,433
1999-08-22,A,1.5,4,3,11
1999-08-22,A,1.5,5,3,12
1999-08-22,A,1.5,6,4,15
1999-08-22,A,1.5,7,4,29
1999-08-22,A,1.5,8,5,41
1999-08-22,A,1.5,9,4,95
1999-08-22,A,1.5,10,0,433
1999-08-22,A,1.5,11,0,433
1999-08-22,A,1.5,12,0,433
1999-08-22,A,2.0,4,3,8
1999-08-22,A,2.0,5,3,10
1999-08-22,A,2.0,6,3,10
1999-08-22,A,2.0,7,3,10
1999-08-22,A,2.0,8,3,19
1999-08-22,A,2.0,9,3,24
1999-08-22,A,2.0,10,4,29
1999-08-22,A,2.0,11,3,54
1999-08-22,A,2.0,12,4,76
1999-08-22,A,2.5,4,3,2
1999-08-22,A,2.5,5,3,5
1999-08-22,A,2.5,6,3,5
1999-08-22,A,2.5,7,3,6
1999-08-22,A,2.5,8,2,14
1999-08-22,A,2.5,9,2,14
1999-08-22,A,2.5,10,3,15
1999-08-22,A,2.5,11,3,15
1999-08-22,A,2.5,12,3,15
1999-08-22,A,3.0,4,1,1
1999-08-22,A,3.0,5,1,1
1999-08-22,A,3.0,6,1,1
1999-08-22,A,3.0,7,1,3
1999-08-22,A,3.0,8,2,3
1999-08-22,A,3.0,9,1,10
1999-08-22,A,3.0,10,1,10
1999-08-22,A,3.0,11,2,10
1999-08-22,A,3.0,12,3,13
1999-08-22,A,3.5,4,1,1
1999-08-22,A,3.5,5,1,1
1999-08-22,A,3.5,6,1,1
1999-08-22,A,3.5,7,1,1
1999-08-22,A,3.5,8,1,3
1999-08-22,A,3.5,9,1,3
1999-08-22,A,3.5,10,1,3
1999-08-22,A,3.5,11,1,4
1999-08-22,A,3.5,12,1,10
1999-08-22,A,4.0,4,1,0
1999-08-22,A,4.0,5,1,0
1999-08-22,A,4.0,6,1,0
1999-08-22,A,4.0,7,1,0
1999-08-22,A,4.0,8,1,0
1999-08-22,A,4.0,9,1,0
1999-08-22,A,4.0,10,1,0
1999-08-22,A,4.0,11,1,0
1999-08-22,A,4.0,12,1,1
2000-07-07,A,1.0,4,4,24
2000-07-07,A,1.0,5,5,48
2000-07-07,A,1.0,6,0,389
2000-07-07,A,1.0,7,0,389
2000-07-07,A,1.0,8,0,389
2000-07-07,A,1.0,9,0,389
2000-07-07,A,1.0,10,0,389
2000-07-07,A,1.0,11,0,389
2000-07-07,A,1.0,12,0,389
2000-07-07,A,1.5,4,5,13
2000-07-07,A,1.5,5,4,18
2000-07-07,A,1.5,6,4,23
2000-07-07,A,1.5,7,3,32
2000-07-07,A,1.5,8,4,42
2000-07-07,A,1.5,9,5,59
2000-07-07,A,1.5,10,0,389
2000-07-07,A,1.5,11,0,389
2000-07-07,A,1.5,12,0,389
2000-07-07,A,2.0,4,4,6
2000-07-07,A,2.0,5,3,11
2000-07-07,A,2.0,6,4,16
2000-07-07,A,2.0,7,4,17
2000-07-07,A,2.0,8,3,26
2000-07-07,A,2.0,9,3,27
2000-07-07,A,2.0,10,3,32
2000-07-07,A,2.0,11,4,37
2000-07-07,A,2.0,12,3,60
2000-07-07,A,2.5,4,3,6
2000-07-07,A,2.5,5,3,6
2000-07-07,A,2.5,6,2,11
2000-07-07,A,2.5,7,2,13
2000-07-07,A,2.5,8,2,13
2000-07-07,A,2.5,9,2,13
2000-07-07,A,2.5,10,3,15
2000-07-07,A,2.5,11,3,21
2000-07-07,A,2.5,12,3,22
2000-07-07,A,3.0,4,3,5
2000-07-07,A,3.0,5,3,5
2000-07-07,A,3.0,6,2,10
2000-07-07,A,3.0,7,2,11
2000-07-07,A,3.0,8,2,11
2000-07-07,A,3.0,9,2,11
2000-07-07,A,3.0,10,2,12
2000-07-07,A,3.0,11,2,13
2000-07-07,A,3.0,12,2,13
2000-07-07,A,3.5,4,3,5
2000-07-07,A,3.5,5,3,5
2000-07-07,A,3.5,6,2,10
2000-07-07,A,3.5,7,2,10
2000-07-07,A,3.5,8,2,10
2000-07-07,A,3.5,9,2,11
2000-07-07,A,3.5,10,2,11
2000-07-07,A,3.5,11,2,11
2000-07-07,A,3.5,12,2,11
2000-07-07,A,4.0,4,2,1
2000-07-07,A,4.0,5,2,3
2000-07-07,A,4.0,6,1,8
2000-07-07,A,4.0,7,1,8
2000-07-07,A,4.0,8,1,9
2000-07-07,A,4.0,9,1,9
2000-07-07,A,4.0,10,1,9
2000-07-07,A,4.0,11,1,10
2000-07-07,A,4.0,12,1,10
2000-07-08,A,1.0,4,4,22
2000-07-08,A,1.0,5,9,50
2000-07-08,A,1.0,6,0,452
2000-07-08,A,1.0,7,0,452
2000-07-08,A,1.0,8,0,452
2000-07-08,A,1.0,9,0,452
2000-07-08,A,1.0,10,0,452
2000-07-08,A,1.0,11,0,452
2000-07-08,A,1.0,12,0,452
2000-07-08,A,1.5,4,5,12
2000-07-08,A,1.5,5,4,18
2000-07-08,A,1.5,6,4,21
2000-07-08,A,1.5,7,4,28
2000-07-08,A,1.5,8,4,35
2000-07-08,A,1.5,9,5,85
2000-07-08,A,1.5,10,0,452
2000-07-08,A,1.5,11,0,452
2000-07-08,A,1.5,12,0,452
2000-07-08,A,2.0,4,4,6
2000-07-08,A,2.0,5,4,6
2000-07-08,A,2.0,6,4,16
2000-07-08,A,2.0,7,4,17
2000-07-08,A,2.0,8,4,18
2000-07-08,A,2.0,9,4,20
2000-07-08,A,2.0,10,3,37
2000-07-08,A,2.0,11,3,42
2000-07-08,A,2.0,12,2,65
2000-07-08,A,2.5,4,4,6
2000-07-08,A,2.5,5,4,6
2000-07-08,A,2.5,6,2,16
2000-07-08,A,2.5,7,2,16
2000-07-08,A,2.5,8,2,16
2000-07-08,A,2.5,9,2,16
2000-07-08,A,2.5,10,3,16
2000-07-08,A,2.5,11,3,17
2000-07-08,A,2.5,12,3,19
2000-07-08,A,3.0,4,5,1
2000-07-08,A,3.0,5,4,4
2000-07-08,A,3.0,6,2,14
2000-07-08,A,3.0,7,2,14
2000-07-08,A,3.0,8,2,15
2000-07-08,A,3.0,9,2,15
2000-07-08,A,3.0,10,2,16
2000-07-08,A,3.0,11,2,16
2000-07-08,A,3.0,12,2,16
2000-07-08,A,3.5,4,5,1
2000-07-08,A,3.5,5,4,4
2000-07-08,A,3.5,6,2,14
2000-07-08,A,3.5,7,2,14
2000-07-08,A,3.5,8,2,14
2000-07-08,A,3.5,9,2,15
2000-07-08,A,3.5,10,2,15
2000-07-08,A,3.5,11,2,15
2000-07-08,A,3.5,12,2,16
2000-07-08,A,4.0,4,3,1
2000-07-08,A,4.0,5,3,2
2000-07-08,A,4.0,6,1,14
2000-07-08,A,4.0,7,1,14
2000-07-08,A,4.0,8,1,14
2000-07-08,A,4.0,9,1,14
2000-07-08,A,4.0,10,2,14
2000-07-08,A,4.0,11,2,14
2000-07-08,A,4.0,12,2,14
2000-07-09,A,1.0,4,5,33
2000-07-09,A,1.0,5,9,76
2000-07-09,A,1.0,6,0,421
2000-07-09,A,1.0,7,0,421
2000-07-09,A,1.0,8,0,421
2000-07-09,A,1.0,9,0,421
2000-07-09,A,1.0,10,0,421
2000-07-09,A,1.0,11,0,421
2000-07-09,A,1.0,12,0,421
2000-07-09,A,1.5,4,5,15
2000-07-09,A,1.5,5,3,27
2000-07-09,A,1.5,6,3,32
2000-07-09,A,1.5,7,4,39
2000-07-09,A,1.5,8,5,62
2000-07-09,A,1.5,9,7,111
2000-07-09,A,1.5,10,0,421
2000-07-09,A,1.5,11,0,421
2000-07-09,A,1.5,12,0,421
2000-07-09,A,2.0,4,5,3
2000-07-09,A,2.0,5,3,13
2000-07-09,A,2.0,6,3,23
2000-07-09,A,2.0,7,3,26
2000-07-09,A,2.0,8,3,27
2000-07-09,A,2.0,9,3,33
2000-07-09,A,2.0,10,3,49
2000-07-09,A,2.0,11,3,79
2000-07-09,A,2.0,12,1,115
2000-07-09,A,2.5,4,5,2
2000-07-09,A,2.5,5,5,3
2000-07-09,A,2.5,6,1,23
2000-07-09,A,2.5,7,1,23
2000-07-09,A,2.5,8,2,23
2000-07-09,A,2.5,9,2,23
2000-07-09,A,2.5,10,3,23
2000-07-09,A,2.5,11,3,25
2000-07-09,A,2.5,12,3,27
2000-07-09,A,3.0,4,5,0
2000-07-09,A,3.0,5,5,0
2000-07-09,A,3.0,6,2,15
2000-07-09,A,3.0,7,1,21
2000-07-09,A,3.0,8,1,22
2000-07-09,A,3.0,9,1,22
2000-07-09,A,3.0,10,1,23
2000-07-09,A,3.0,11,2,23
2000-07-09,A,3.0,12,2,23
2000-07-09,A,3.5,4,5,0
2000-07-09,A,3.5,5,5,0
2000-07-09,A,3.5,6,2,15
2000-07-09,A,3.5,7,1,21
2000-07-09,A,3.5,8,1,21
2000-07-09,A,3.5,9,1,22
2000-07-09,A,3.5,10,1,22
2000-07-09,A,3.5,11,1,22
2000-07-09,A,3.5,12,1,23
2000-07-09,A,4.0,4,3,0
2000-07-09,A,4.0,5,3,0
2000-07-09,A,4.0,6,2,10
2000-07-09,A,4.0,7,2,10
2000-07-09,A,4.0,8,1,16
2000-07-09,A,4.0,9,1,16
2000-07-09,A,4.0,10,1,20
2000-07-09,A,4.0,11,1,20
2000-07-09,A,4.0,12,1,20
2000-07-28,A,1.0,4,3,17
2000-07-28,A,1.0,5,3,51
2000-07-28,A,1.0,6,0,452
2000-07-28,A,1.0,7,0,452
2000-07-28,A,1.0,8,0,452
2000-07-28,A,1.0,9,0,452
2000-07-28,A,1.0,10,0,452
2000-07-28,A,1.0,11,0,452
2000-07-28,A,1.0,12,0,452
2000-07-28,A,1.5,4,4,2
2000-07-28,A,1.5,5,2,10
2000-07-28,A,1.5,6,2,17
2000-07-28,A,1.5,7,1,28
2000-07-28,A,1.5,8,1,44
2000-07-28,A,1.5,9,3,65
2000-07-28,A,1.5,10,0,452
2000-07-28,A,1.5,11,0,452
2000-07-28,A,1.5,12,0,452
2000-07-28,A,2.0,4,4,2
2000-07-28,A,2.0,5,2,10
2000-07-28,A,2.0,6,2,10
2000-07-28,A,2.0,7,2,13
2000-07-28,A,2.0,8,2,15
2000-07-28,A,2.0,9,1,26
2000-07-28,A,2.0,10,1,32
2000-07-28,A,2.0,11,2,39
2000-07-28,A,2.0,12,1,62
2000-07-28,A,2.5,4,2,0
2000-07-28,A,2.5,5,2,0
2000-07-28,A,2.5,6,2,6
2000-07-28,A,2.5,7,2,8
2000-07-28,A,2.5,8,2,9
2000-07-28,A,2.5,9,2,9
2000-07-28,A,2.5,10,1,19
2000-07-28,A,2.5,11,1,19
2000-07-28,A,2.5,12,1,20
2000-07-28,A,3.0,4,2,0
2000-07-28,A,3.0,5,2,0
2000-07-28,A,3.0,6,2,0
2000-07-28,A,3.0,7,2,5
2000-07-28,A,3.0,8,2,5
2000-07-28,A,3.0,9,2,7
2000-07-28,A,3.0,10,1,16
2000-07-28,A,3.0,11,1,16
2000-07-28,A,3.0,12,1,16
2000-07-28,A,3.5,4,2,0
2000-07-28,A,3.5,5,2,0
2000-07-28,A,3.5,6,2,0
2000-07-28,A,3.5,7,2,0
2000-07-28,A,3.5,8,2,2
2000-07-28,A,3.5,9,2,3
2000-07-28,A,3.5,10,2,4
2000-07-28,A,3.5,11,1,15
2000-07-28,A,3.5,12,1,15
2000-07-28,A,4.0,4,1,0
2000-07-28,A,4.0,5,1,0
2000-07-28,A,4.0,6,1,0
2000-07-28,A,4.0,7,2,0
2000-07-28,A,4.0,8,2,0
2000-07-28,A,4.0,9,2,1
2000-07-28,A,4.0,10,2,1
2000-07-28,A,4.0,11,2,1
2000-07-28,A,4.0,12,2,1
2000-07-29,A,1.0,4,4,22
2000-07-29,A,1.0,5,8,50
2000-07-29,A,1.0,6,0,557
2000-07-29,A,1.0,7,0,557
2000-07-29,A,1.0,8,0,557
2000-07-29,A,1.0,9,0,557
2000-07-29,A,1.0,10,0,557
2000-07-29,A,1.0,11,0,557
2000-07-29,A,1.0,12,0,557
2000-07-29,A,1.5,4,4,2
2000-07-29,A,1.5,5,2,12
2000-07-29,A,1.5,6,2,20
2000-07-29,A,1.5,7,1,32
2000-07-29,A,1.5,8,2,53
2000-07-29,A,1.5,9,1,97
2000-07-29,A,1.5,10,0,557
2000-07-29,A,1.5,11,0,557
2000-07-29,A,1.5,12,0,557
2000-07-29,A,2.0,4,3,1
2000-07-29,A,2.0,5,3,4
2000-07-29,A,2.0,6,2,13
2000-07-29,A,2.0,7,2,14
2000-07-29,A,2.0,8,1,27
2000-07-29,A,2.0,9,1,28
2000-07-29,A,2.0,10,1,44
2000-07-29,A,2.0,11,1,55
2000-07-29,A,2.0,12,1,81
2000-07-29,A,2.5,4,2,1
2000-07-29,A,2.5,5,2,2
2000-07-29,A,2.5,6,2,2
2000-07-29,A,2.5,7,2,4
2000-07-29,A,2.5,8,3,4
2000-07-29,A,2.5,9,1,21
2000-07-29,A,2.5,10,1,21
2000-07-29,A,2.5,11,1,22
2000-07-29,A,2.5,12,1,24
2000-07-29,A,3.0,4,1,1
2000-07-29,A,3.0,5,1,1
2000-07-29,A,3.0,6,2,1
2000-07-29,A,3.0,7,2,1
2000-07-29,A,3.0,8,2,1
2000-07-29,A,3.0,9,2,1
2000-07-29,A,3.0,10,2,4
2000-07-29,A,3.0,11,1,19
2000-07-29,A,3.0,12,1,19
2000-07-29,A,3.5,4,1,1
2000-07-29,A,3.5,5,1,1
2000-07-29,A,3.5,6,1,1
2000-07-29,A,3.5,7,1,1
2000-07-29,A,3.5,8,2,1
2000-07-29,A,3.5,9,2,1
2000-07-29,A,3.5,10,2,1
2000-07-29,A,3.5,11,2,2
2000-07-29,A,3.5,12,2,3
2000-07-29,A,4.0,4,1,0
2000-07-29,A,4.0,5,1,0
2000-07-29,A,4.0,6,1,0
2000-07-29,A,4.0,7,1,0
2000-07-29,A,4.0,8,1,0
2000-07-29,A,4.0,9,1,0
2000-07-29,A,4.0,10,1,0
2000-07-29,A,4.0,11,1,0
2000-07-29,A,4.0,12,2,0
2000-07-30,A,1.0,4,5,19
2000-07-30,A,1.0,5,4,46
2000-07-30,A,1.0,6,0,584
2000-07-30,A,1.0,7,0,584
2000-07-30,A,1.0,8,0,584
2000-07-30,A,1.0,9,0,584
2000-07-30,A,1.0,10,0,584
2000-07-30,A,1.0,11,0,584
2000-07-30,A,1.0,12,0,584
2000-07-30,A,1.5,4,2,3
2000-07-30,A,1.5,5,2,8
2000-07-30,A,1.5,6,3,15
2000-07-30,A,1.5,7,2,27
2000-07-30,A,1.5,8,1,49
2000-07-30,A,1.5,9,1,64
2000-07-30,A,1.5,10,0,584
2000-07-30,A,1.5,11,0,584
2000-07-30,A,1.5,12,0,584
2000-07-30,A,2.0,4,2,2
2000-07-30,A,2.0,5,2,5
2000-07-30,A,2.0,6,2,9
2000-07-30,A,2.0,7,2,16
2000-07-30,A,2.0,8,2,17
2000-07-30,A,2.0,9,1,29
2000-07-30,A,2.0,10,1,35
2000-07-30,A,2.0,11,1,42
2000-07-30,A,2.0,12,1,56
2000-07-30,A,2.5,4,1,1
2000-07-30,A,2.5,5,1,1
2000-07-30,A,2.5,6,1,2
2000-07-30,A,2.5,7,2,2
2000-07-30,A,2.5,8,2,4
2000-07-30,A,2.5,9,2,7
2000-07-30,A,2.5,10,2,9
2000-07-30,A,2.5,11,2,13
2000-07-30,A,2.5,12,2,15
2000-07-30,A,3.0,4,1,1
2000-07-30,A,3.0,5,1,1
2000-07-30,A,3.0,6,1,1
2000-07-30,A,3.0,7,1,1
2000-07-30,A,3.0,8,1,1
2000-07-30,A,3.0,9,2,1
2000-07-30,A,3.0,10,2,1
2000-07-30,A,3.0,11,2,4
2000-07-30,A,3.0,12,2,5
2000-07-30,A,3.5,4,1,1
2000-07-30,A,3.5,5,1,1
2000-07-30,A,3.5,6,1,1
2000-07-30,A,3.5,7,1,1
2000-07-30,A,3.5,8,1,1
2000-07-30,A,3.5,9,1,1
2000-07-30,A,3.5,10,2,1
2000-07-30,A,3.5,11,2,1
2000-07-30,A,3.5,12,2,1
2000-07-30,A,4.0,4,1,1
2000-07-30,A,4.0,5,1,1
2000-07-30,A,4.0,6,1,1
2000-07-30,A,4.0,7,1,1
2000-07-30,A,4.0,8,1,1
2000-07-30,A,4.0,9,1,1
2000-07-30,A,4.0,10,1,1
2000-07-30,A,4.0,11,1,1
2000-07-30,A,4.0,12,1,1
2000-07-31,A,1.0,4,2,24
2000-07-31,A,1.0,5,3,44
2000-07-31,A,1.0,6,0,562
2000-07-31,A,1.0,7,0,562
2000-07-31,A,1.0,8,0,562
2000-07-31,A,1.0,9,0,562
2000-07-31,A,1.0,10,0,562
2000-07-31,A,1.0,11,0,562
2000-07-31,A,1.0,12,0,562
2000-07-31,A,1.5,4,2,6
2000-07-31,A,1.5,5,3,12
2000-07-31,A,1.5,6,2,21
2000-07-31,A,1.5,7,2,26
2000-07-31,A,1.5,8,1,39
2000-07-31,A,1.5,9,1,55
2000-07-31,A,1.5,10,0,562
2000-07-31,A,1.5,11,0,562
2000-07-31,A,1.5,12,0,562
2000-07-31,A,2.0,4,1,5
2000-07-31,A,2.0,5,2,7
2000-07-31,A,2.0,6,2,11
2000-07-31,A,2.0,7,2,20
2000-07-31,A,2.0,8,2,21
2000-07-31,A,2.0,9,1,31
2000-07-31,A,2.0,10,1,33
2000-07-31,A,2.0,11,1,38
2000-07-31,A,2.0,12,1,49
2000-07-31,A,2.5,4,1,5
2000-07-31,A,2.5,5,1,5
2000-07-31,A,2.5,6,1,5
2000-07-31,A,2.5,7,2,6
2000-07-31,A,2.5,8,2,8
2000-07-31,A,2.5,9,2,8
2000-07-31,A,2.5,10,2,11
2000-07-31,A,2.5,11,2,15
2000-07-31,A,2.5,12,2,18
2000-07-31,A,3.0,4,1,5
2000-07-31,A,3.0,5,1,5
2000-07-31,A,3.0,6,1,5
2000-07-31,A,3.0,7,1,5
2000-07-31,A,3.0,8,1,5
2000-07-31,A,3.0,9,2,5
2000-07-31,A,3.0,10,2,5
2000-07-31,A,3.0,11,2,5
2000-07-31,A,3.0,12,2,6
2000-07-31,A,3.5,4,1,0
2000-07-31,A,3.5,5,1,0
2000-07-31,A,3.5,6,1,5
2000-07-31,A,3.5,7,1,5
2000-07-31,A,3.5,8,1,5
2000-07-31,A,3.5,9,1,5
2000-07-31,A,3.5,10,1,5
2000-07-31,A,3.5,11,2,5
2000-07-31,A,3.5,12,2,5
2000-07-31,A,4.0,4,1,0
2000-07-31,A,4.0,5,1,0
2000-07-31,A,4.0,6,1,4
2000-07-31,A,4.0,7,1,4
2000-07-31,A,4.0,8,1,5
2000-07-31,A,4.0,9,1,5
2000-07-31,A,4.0,10,1,5
2000-07-31,A,4.0,11,1,5
2000-07-31,A,4.0,12,1,5
2000-08-01,A,1.0,4,6,19
2000-08-01,A,1.0,5,2,58
2000-08-01,A,1.0,6,0,455
2000-08-01,A,1.0,7,0,455
2000-08-01,A,1.0,8,0,455
2000-08-01,A,1.0,9,0,455
2000-08-01,A,1.0,10,0,455
2000-08-01,A,1.0,11,0,455
2000-08-01,A,1.0,12,0,455
2000-08-01,A,1.5,4,4,4
2000-08-01,A,1.5,5,6,10
2000-08-01,A,1.5,6,3,32
2000-08-01,A,1.5,7,2,42
2000-08-01,A,1.5,8,2,51
2000-08-01,A,1.5,9,1,73
2000-08-01,A,1.5,10,0,455
2000-08-01,A,1.5,11,0,455
2000-08-01,A,1.5,12,0,455
2000-08-01,A,2.0,4,4,0
2000-08-01,A,2.0,5,4,3
2000-08-01,A,2.0,6,6,7
2000-08-01,A,2.0,7,4,22
2000-08-01,A,2.0,8,2,36
2000-08-01,A,2.0,9,2,39
2000-08-01,A,2.0,10,2,40
2000-08-01,A,2.0,11,1,54
2000-08-01,A,2.0,12,1,62
2000-08-01,A,2.5,4,2,0
2000-08-01,A,2.5,5,2,0
2000-08-01,A,2.5,6,3,0
2000-08-01,A,2.5,7,3,8
2000-08-01,A,2.5,8,2,16
2000-08-01,A,2.5,9,2,19
2000-08-01,A,2.5,10,2,32
2000-08-01,A,2.5,11,2,33
2000-08-01,A,2.5,12,2,36
2000-08-01,A,3.0,4,1,0
2000-08-01,A,3.0,5,1,0
2000-08-01,A,3.0,6,1,0
2000-08-01,A,3.0,7,1,0
2000-08-01,A,3.0,8,1,1
2000-08-01,A,3.0,9,2,6
2000-08-01,A,3.0,10,2,11
2000-08-01,A,3.0,11,2,13
2000-08-01,A,3.0,12,2,24
2000-08-01,A,3.5,4,1,0
2000-08-01,A,3.5,5,1,0
2000-08-01,A,3.5,6,1,0
2000-08-01,A,3.5,7,1,0
2000-08-01,A,3.5,8,1,0
2000-08-01,A,3.5,9,1,0
2000-08-01,A,3.5,10,1,0
2000-08-01,A,3.5,11,1,0
2000-08-01,A,3.5,12,1,5
2000-08-01,A,4.0,4,1,0
2000-08-01,A,4.0,5,1,0
2000-08-01,A,4.0,6,1,0
2000-08-01,A,4.0,7,1,0
2000-08-01,A,4.0,8,1,0
2000-08-01,A,4.0,9,1,0
2000-08-01,A,4.0,10,1,0
2000-08-01,A,4.0,11,1,0
2000-08-01,A,4.0,12,1,0
2000-08-02,A,1.0,4,7,14
2000-08-02,A,1.0,5,5,58
2000-08-02,A,1.0,6,0,381
2000-08-02,A,1.0,7,0,381
2000-08-02,A,1.0,8,0,381
2000-08-02,A,1.0,9,0,381
2000-08-02,A,1.0,10,0,381
2000-08-02,A,1.0,11,0,381
2000-08-02,A,1.0,12,0,381
2000-08-02,A,1.5,4,4,3
2000-08-02,A,1.5,5,4,10
2000-08-02,A,1.5,6,3,22
2000-08-02,A,1.5,7,3,35
2000-08-02,A,1.5,8,3,52
2000-08-02,A,1.5,9,3,76
2000-08-02,A,1.5,10,0,381
2000-08-02,A,1.5,11,0,381
2000-08-02,A,1.5,12,0,381
2000-08-02,A,2.0,4,3,1
2000-08-02,A,2.0,5,4,5
2000-08-02,A,2.0,6,3,11
2000-08-02,A,2.0,7,2,17
2000-08-02,A,2.0,8,2,19
2000-08-02,A,2.0,9,2,31
2000-08-02,A,2.0,10,2,40
2000-08-02,A,2.0,11,3,52
2000-08-02,A,2.0,12,1,89
2000-08-02,A,2.5,4,2,0
2000-08-02,A,2.5,5,2,0
2000-08-02,A,2.5,6,1,5
2000-08-02,A,2.5,7,1,10
2000-08-02,A,2.5,8,1,13
2000-08-02,A,2.5,9,1,14
2000-08-02,A,2.5,10,1,19
2000-08-02,A,2.5,11,2,24
2000-08-02,A,2.5,12,2,24
2000-08-02,A,3.0,4,2,0
2000-08-02,A,3.0,5,2,0
2000-08-02,A,3.0,6,1,5
2000-08-02,A,3.0,7,1,5
2000-08-02,A,3.0,8,1,6
2000-08-02,A,3.0,9,1,6
2000-08-02,A,3.0,10,1,6
2000-08-02,A,3.0,11,1,8
2000-08-02,A,3.0,12,1,14
2000-08-02,A,3.5,4,2,0
2000-08-02,A,3.5,5,2,0
2000-08-02,A,3.5,6,1,5
2000-08-02,A,3.5,7,1,5
2000-08-02,A,3.5,8,1,5
2000-08-02,A,3.5,9,1,5
2000-08-02,A,3.5,10,1,5
2000-08-02,A,3.5,11,1,5
2000-08-02,A,3.5,12,1,5
2000-08-02,A,4.0,4,1,0
2000-08-02,A,4.0,5,1,0
2000-08-02,A,4.0,6,1,4
2000-08-02,A,4.0,7,1,4
2000-08-02,A,4.0,8,1,4
2000-08-02,A,4.0,9,1,4
2000-08-02,A,4.0,10,1,4
2000-08-02,A,4.0,11,1,4
2000-08-02,A,4.0,12,1,4
2001-07-28,A,1.0,4,6,17
2001-07-28,A,1.0,5,11,66
2001-07-28,A,1.0,6,0,383
2001-07-28,A,1.0,7,0,383
2001-07-28,A,1.0,8,0,383
2001-07-28,A,1.0,9,0,383
2001-07-28,A,1.0,10,0,383
2001-07-28,A,1.0,11,0,383
2001-07-28,A,1.0,12,0,383
2001-07-28,A,1.5,4,4,5
2001-07-28,A,1.5,5,3,9
2001-07-28,A,1.5,6,4,14
2001-07-28,A,1.5,7,6,27
2001-07-28,A,1.5,8,3,72
2001-07-28,A,1.5,9,7,106
2001-07-28,A,1.5,10,0,383
2001-07-28,A,1.5,11,0,383
2001-07-28,A,1.5,12,0,383
2001-07-28,A,2.0,4,3,2
2001-07-28,A,2.0,5,2,9
2001-07-28,A,2.0,6,2,9
2001-07-28,A,2.0,7,3,14
2001-07-28,A,2.0,8,3,20
2001-07-28,A,2.0,9,3,27
2001-07-28,A,2.0,10,4,43
2001-07-28,A,2.0,11,3,68
2001-07-28,A,2.0,12,5,88
2001-07-28,A,2.5,4,3,1
2001-07-28,A,2.5,5,3,1
2001-07-28,A,2.5,6,3,2
2001-07-28,A,2.5,7,3,2
2001-07-28,A,2.5,8,2,9
2001-07-28,A,2.5,9,2,9
2001-07-28,A,2.5,10,2,12
2001-07-28,A,2.5,11,2,15
2001-07-28,A,2.5,12,2,29
2001-07-28,A,3.0,4,1,1
2001-07-28,A,3.0,5,1,1
2001-07-28,A,3.0,6,1,1
2001-07-28,A,3.0,7,1,1
2001-07-28,A,3.0,8,2,1
2001-07-28,A,3.0,9,1,6
2001-07-28,A,3.0,10,1,6
2001-07-28,A,3.0,11,2,6
2001-07-28,A,3.0,12,2,8
2001-07-28,A,3.5,4,1,1
2001-07-28,A,3.5,5,1,1
2001-07-28,A,3.5,6,1,1
2001-07-28,A,3.5,7,1,1
2001-07-28,A,3.5,8,1,1
2001-07-28,A,3.5,9,1,1
2001-07-28,A,3.5,10,1,1
2001-07-28,A,3.5,11,1,1
2001-07-28,A,3.5,12,1,1
2001-07-28,A,4.0,4,1,1
2001-07-28,A,4.0,5,1,1
2001-07-28,A,4.0,6,1,1
2001-07-28,A,4.0,7,1,1
2001-07-28,A,4.0,8,1,1
2001-07-28,A,4.0,9,1,1
2001-07-28,A,4.0,10,1,1
2001-07-28,A,4.0,11,1,1
2001-07-28,A,4.0,12,1,1
2001-07-29,A,1.0,4,5,18
2001-07-29,A,1.0,5,10,41
2001-07-29,A,1.0,6,0,374
2001-07-29,A,1.0,7,0,374
2001-07-29,A,1.0,8,0,374
2001-07-29,A,1.0,9,0,374
2001-07-29,A,1.0,10,0,374
2001-07-29,A,1.0,11,0,374
2001-07-29,A,1.0,12,0,374
2001-07-29,A,1.5,4,4,11
2001-07-29,A,1.5,5,3,15
2001-07-29,A,1.5,6,3,18
2001-07-29,A,1.5,7,3,23
2001-07-29,A,1.5,8,3,41
2001-07-29,A,1.5,9,7,85
2001-07-29,A,1.5,10,0,374
2001-07-29,A,1.5,11,0,374
2001-07-29,A,1.5,12,0,374
2001-07-29,A,2.0,4,3,5
2001-07-29,A,2.0,5,2,15
2001-07-29,A,2.0,6,2,15
2001-07-29,A,2.0,7,3,15
2001-07-29,A,2.0,8,3,15
2001-07-29,A,2.0,9,2,26
2001-07-29,A,2.0,10,2,31
2001-07-29,A,2.0,11,3,46
2001-07-29,A,2.0,12,6,69
2001-07-29,A,2.5,4,3,2
2001-07-29,A,2.5,5,3,3
2001-07-29,A,2.5,6,3,4
2001-07-29,A,2.5,7,3,6
2001-07-29,A,2.5,8,2,13
2001-07-29,A,2.5,9,2,14
2001-07-29,A,2.5,10,1,23
2001-07-29,A,2.5,11,1,23
2001-07-29,A,2.5,12,2,24
2001-07-29,A,3.0,4,1,1
2001-07-29,A,3.0,5,1,1
2001-07-29,A,3.0,6,2,1
2001-07-29,A,3.0,7,2,1
2001-07-29,A,3.0,8,3,2
2001-07-29,A,3.0,9,2,7
2001-07-29,A,3.0,10,1,16
2001-07-29,A,3.0,11,1,16
2001-07-29,A,3.0,12,1,18
2001-07-29,A,3.5,4,1,1
2001-07-29,A,3.5,5,1,1
2001-07-29,A,3.5,6,1,1
2001-07-29,A,3.5,7,2,1
2001-07-29,A,3.5,8,2,1
2001-07-29,A,3.5,9,2,1
2001-07-29,A,3.5,10,2,1
2001-07-29,A,3.5,11,1,11
2001-07-29,A,3.5,12,1,11
2001-07-29,A,4.0,4,1,1
2001-07-29,A,4.0,5,1,1
2001-07-29,A,4.0,6,1,1
2001-07-29,A,4.0,7,1,1
2001-07-29,A,4.0,8,1,1
2001-07-29,A,4.0,9,1,1
2001-07-29,A,4.0,10,1,1
2001-07-29,A,4.0,11,1,1
2001-07-29,A,4.0,12,1,11
2001-07-30,A,1.0,4,3,19
2001-07-30,A,1.0,5,8,53
2001-07-30,A,1.0,6,0,381
2001-07-30,A,1.0,7,0,381
2001-07-30,A,1.0,8,0,381
2001-07-30,A,1.0,9,0,381
2001-07-30,A,1.0,10,0,381
2001-07-30,A,1.0,11,0,381
2001-07-30,A,1.0,12,0,381
2001-07-30,A,1.5,4,4,12
2001-07-30,A,1.5,5,3,16
2001-07-30,A,1.5,6,3,19
2001-07-30,A,1.5,7,4,25
2001-07-30,A,1.5,8,2,53
2001-07-30,A,1.5,9,5,79
2001-07-30,A,1.5,10,0,381
2001-07-30,A,1.5,11,0,381
2001-07-30,A,1.5,12,0,381
2001-07-30,A,2.0,4,3,6
2001-07-30,A,2.0,5,2,16
2001-07-30,A,2.0,6,2,16
2001-07-30,A,2.0,7,2,17
2001-07-30,A,2.0,8,3,18
2001-07-30,A,2.0,9,2,27
2001-07-30,A,2.0,10,2,31
2001-07-30,A,2.0,11,2,49
2001-07-30,A,2.0,12,4,80
2001-07-30,A,2.5,4,3,3
2001-07-30,A,2.5,5,3,4
2001-07-30,A,2.5,6,3,5
2001-07-30,A,2.5,7,3,7
2001-07-30,A,2.5,8,2,14
2001-07-30,A,2.5,9,2,15
2001-07-30,A,2.5,10,2,15
2001-07-30,A,2.5,11,2,25
2001-07-30,A,2.5,12,2,26
2001-07-30,A,3.0,4,1,2
2001-07-30,A,3.0,5,1,2
2001-07-30,A,3.0,6,2,2
2001-07-30,A,3.0,7,2,2
2001-07-30,A,3.0,8,3,3
2001-07-30,A,3.0,9,2,8
2001-07-30,A,3.0,10,2,8
2001-07-30,A,3.0,11,1,18
2001-07-30,A,3.0,12,1,18
2001-07-30,A,3.5,4,1,2
2001-07-30,A,3.5,5,1,2
2001-07-30,A,3.5,6,1,2
2001-07-30,A,3.5,7,2,2
2001-07-30,A,3.5,8,2,2
2001-07-30,A,3.5,9,2,2
2001-07-30,A,3.5,10,2,2
2001-07-30,A,3.5,11,1,13
2001-07-30,A,3.5,12,1,13
2001-07-30,A,4.0,4,1,2
2001-07-30,A,4.0,5,1,2
2001-07-30,A,4.0,6,1,2
2001-07-30,A,4.0,7,1,2
2001-07-30,A,4.0,8,1,2
2001-07-30,A,4.0,9,1,2
2001-07-30,A,4.0,10,1,2
2001-07-30,A,4.0,11,1,2
2001-07-30,A,4.0,12,2,2
2001-08-07,A,1.0,4,9,29
2001-08-07,A,1.0,5,9,65
2001-08-07,A,1.0,6,0,384
2001-08-07,A,1.0,7,0,384
2001-08-07,A,1.0,8,0,384
2001-08-07,A,1.0,9,0,384
2001-08-07,A,1.0,10,0,384
2001-08-07,A,1.0,11,0,384
2001-08-07,A,1.0,12,0,384
2001-08-07,A,1.5,4,8,7
2001-08-07,A,1.5,5,7,16
2001-08-07,A,1.5,6,7,25
2001-08-07,A,1.5,7,5,51
2001-08-07,A,1.5,8,5,75
2001-08-07,A,1.5,9,6,102
2001-08-07,A,1.5,10,0,384
2001-08-07,A,1.5,11,0,384
2001-08-07,A,1.5,12,0,384
2001-08-07,A,2.0,4,5,4
2001-08-07,A,2.0,5,5,9
2001-08-07,A,2.0,6,5,13
2001-08-07,A,2.0,7,4,25
2001-08-07,A,2.0,8,5,27
2001-08-07,A,2.0,9,5,36
2001-08-07,A,2.0,10,4,66
2001-08-07,A,2.0,11,3,84
2001-08-07,A,2.0,12,3,109
2001-08-07,A,2.5,4,3,2
2001-08-07,A,2.5,5,3,2
2001-08-07,A,2.5,6,4,3
2001-08-07,A,2.5,7,4,3
2001-08-07,A,2.5,8,5,5
2001-08-07,A,2.5,9,4,15
2001-08-07,A,2.5,10,4,18
2001-08-07,A,2.5,11,4,20
2001-08-07,A,2.5,12,4,30
2001-08-07,A,3.0,4,3,2
2001-08-07,A,3.0,5,3,2
2001-08-07,A,3.0,6,3,2
2001-08-07,A,3.0,7,3,2
2001-08-07,A,3.0,8,3,2
2001-08-07,A,3.0,9,3,3
2001-08-07,A,3.0,10,4,3
2001-08-07,A,3.0,11,3,13
2001-08-07,A,3.0,12,4,13
2001-08-07,A,3.5,4,3,2
2001-08-07,A,3.5,5,3,2
2001-08-07,A,3.5,6,3,2
2001-08-07,A,3.5,7,3,2
2001-08-07,A,3.5,8,3,2
2001-08-07,A,3.5,9,3,2
2001-08-07,A,3.5,10,3,2
2001-08-07,A,3.5,11,3,3
2001-08-07,A,3.5,12,3,6
2001-08-07,A,4.0,4,3,2
2001-08-07,A,4.0,5,3,2
2001-08-07,A,4.0,6,3,2
2001-08-07,A,4.0,7,3,2
2001-08-07,A,4.0,8,3,2
2001-08-07,A,4.0,9,3,2
2001-08-07,A,4.0,10,3,2
2001-08-07,A,4.0,11,3,2
2001-08-07,A,4.0,12,3,2
2001-08-08,A,1.0,4,6,28
2001-08-08,A,1.0,5,9,69
2001-08-08,A,1.0,6,0,422
2001-08-08,A,1.0,7,0,422
2001-08-08,A,1.0,8,0,422
2001-08-08,A,1.0,9,0,422
2001-08-08,A,1.0,10,0,422
2001-08-08,A,1.0,11,0,422
2001-08-08,A,1.0,12,0,422
2001-08-08,A,1.5,4,6,7
2001-08-08,A,1.5,5,5,14
2001-08-08,A,1.5,6,5,28
2001-08-08,A,1.5,7,4,42
2001-08-08,A,1.5,8,5,61
2001-08-08,A,1.5,9,5,111
2001-08-08,A,1.5,10,0,422
2001-08-08,A,1.5,11,0,422
2001-08-08,A,1.5,12,0,422
2001-08-08,A,2.0,4,5,3
2001-08-08,A,2.0,5,5,5
2001-08-08,A,2.0,6,5,10
2001-08-08,A,2.0,7,3,22
2001-08-08,A,2.0,8,3,26
2001-08-08,A,2.0,9,4,33
2001-08-08,A,2.0,10,4,44
2001-08-08,A,2.0,11,4,64
2001-08-08,A,2.0,12,2,116
2001-08-08,A,2.5,4,3,2
2001-08-08,A,2.5,5,3,2
2001-08-08,A,2.5,6,3,4
2001-08-08,A,2.5,7,4,9
2001-08-08,A,2.5,8,4,12
2001-08-08,A,2.5,9,3,21
2001-08-08,A,2.5,10,3,23
2001-08-08,A,2.5,11,3,23
2001-08-08,A,2.5,12,3,23
2001-08-08,A,3.0,4,3,2
2001-08-08,A,3.0,5,3,2
2001-08-08,A,3.0,6,3,2
2001-08-08,A,3.0,7,3,2
2001-08-08,A,3.0,8,3,3
2001-08-08,A,3.0,9,3,5
2001-08-08,A,3.0,10,3,9
2001-08-08,A,3.0,11,3,17
2001-08-08,A,3.0,12,3,18
2001-08-08,A,3.5,4,3,2
2001-08-08,A,3.5,5,3,2
2001-08-08,A,3.5,6,3,2
2001-08-08,A,3.5,7,3,2
2001-08-08,A,3.5,8,3,2
2001-08-08,A,3.5,9,3,2
2001-08-08,A,3.5,10,3,2
2001-08-08,A,3.5,11,3,2
2001-08-08,A,3.5,12,3,4
2001-08-08,A,4.0,4,2,1
2001-08-08,A,4.0,5,2,1
2001-08-08,A,4.0,6,2,1
2001-08-08,A,4.0,7,2,1
2001-08-08,A,4.0,8,2,1
2001-08-08,A,4.0,9,2,1
2001-08-08,A,4.0,10,2,1
2001-08-08,A,4.0,11,2,1
2001-08-08,A,4.0,12,2,1
2001-08-09,A,1.0,4,8,15
2001-08-09,A,1.0,5,6,79
2001-08-09,A,1.0,6,0,444
2001-08-09,A,1.0,7,0,444
2001-08-09,A,1.0,8,0,444
2001-08-09,A,1.0,9,0,444
2001-08-09,A,1.0,10,0,444
2001-08-09,A,1.0,11,0,444
2001-08-09,A,1.0,12,0,444
2001-08-09,A,1.5,4,4,5
2001-08-09,A,1.5,5,5,7
2001-08-09,A,1.5,6,6,17
2001-08-09,A,1.5,7,3,53
2001-08-09,A,1.5,8,4,67
2001-08-09,A,1.5,9,4,92
2001-08-09,A,1.5,10,0,444
2001-08-09,A,1.5,11,0,444
2001-08-09,A,1.5,12,0,444
2001-08-09,A,2.0,4,4,4
2001-08-09,A,2.0,5,4,4
2001-08-09,A,2.0,6,4,5
2001-08-09,A,2.0,7,4,11
2001-08-09,A,2.0,8,4,11
2001-08-09,A,2.0,9,2,42
2001-08-09,A,2.0,10,3,50
2001-08-09,A,2.0,11,3,68
2001-08-09,A,2.0,12,2,100
2001-08-09,A,2.5,4,3,1
2001-08-09,A,2.5,5,3,3
2001-08-09,A,2.5,6,3,3
2001-08-09,A,2.5,7,3,10
2001-08-09,A,2.5,8,3,10
2001-08-09,A,2.5,9,4,11
2001-08-09,A,2.5,10,3,22
2001-08-09,A,2.5,11,2,35
2001-08-09,A,2.5,12,2,37
2001-08-09,A,3.0,4,3,1
2001-08-09,A,3.0,5,3,1
2001-08-09,A,3.0,6,3,3
2001-08-09,A,3.0,7,3,3
2001-08-09,A,3.0,8,3,4
2001-08-09,A,3.0,9,3,6
2001-08-09,A,3.0,10,3,9
2001-08-09,A,3.0,11,2,19
2001-08-09,A,3.0,12,2,25
2001-08-09,A,3.5,4,3,1
2001-08-09,A,3.5,5,3,1
2001-08-09,A,3.5,6,3,1
2001-08-09,A,3.5,7,3,2
2001-08-09,A,3.5,8,3,2
2001-08-09,A,3.5,9,3,2
2001-08-09,A,3.5,10,3,2
2001-08-09,A,3.5,11,2,15
2001-08-09,A,3.5,12,2,16
2001-08-09,A,4.0,4,2,0
2001-08-09,A,4.0,5,2,0
2001-08-09,A,4.0,6,2,0
2001-08-09,A,4.0,7,2,0
2001-08-09,A,4.0,8,2,1
2001-08-09,A,4.0,9,2,1
2001-08-09,A,4.0,10,2,1
2001-08-09,A,4.0,11,1,11
2001-08-09,A,4.0,12,1,11
2001-08-10,A,1.0,4,8,18
2001-08-10,A,1.0,5,2,72
2001-08-10,A,1.0,6,0,440
2001-08-10,A,1.0,7,0,440
2001-08-10,A,1.0,8,0,440
2001-08-10,A,1.0,9,0,440
2001-08-10,A,1.0,10,0,440
2001-08-10,A,1.0,11,0,440
2001-08-10,A,1.0,12,0,440
2001-08-10,A,1.5,4,6,4
2001-08-10,A,1.5,5,5,10
2001-08-10,A,1.5,6,3,33
2001-08-10,A,1.5,7,2,47
2001-08-10,A,1.5,8,1,62
2001-08-10,A,1.5,9,2,74
2001-08-10,A,1.5,10,0,440
2001-08-10,A,1.5,11,0,440
2001-08-10,A,1.5,12,0,440
2001-08-10,A,2.0,4,4,1
2001-08-10,A,2.0,5,4,1
2001-08-10,A,2.0,6,4,11
2001-08-10,A,2.0,7,3,22
2001-08-10,A,2.0,8,2,34
2001-08-10,A,2.0,9,1,51
2001-08-10,A,2.0,10,1,51
2001-08-10,A,2.0,11,1,58
2001-08-10,A,2.0,12,1,76
2001-08-10,A,2.5,4,4,1
2001-08-10,A,2.5,5,4,1
2001-08-10,A,2.5,6,3,6
2001-08-10,A,2.5,7,4,9
2001-08-10,A,2.5,8,3,18
2001-08-10,A,2.5,9,2,28
2001-08-10,A,2.5,10,1,43
2001-08-10,A,2.5,11,1,43
2001-08-10,A,2.5,12,1,44
2001-08-10,A,3.0,4,3,1
2001-08-10,A,3.0,5,3,1
2001-08-10,A,3.0,6,3,1
2001-08-10,A,3.0,7,3,5
2001-08-10,A,3.0,8,3,7
2001-08-10,A,3.0,9,2,15
2001-08-10,A,3.0,10,2,19
2001-08-10,A,3.0,11,1,32
2001-08-10,A,3.0,12,1,39
2001-08-10,A,3.5,4,3,1
2001-08-10,A,3.5,5,3,1
2001-08-10,A,3.5,6,3,1
2001-08-10,A,3.5,7,3,1
2001-08-10,A,3.5,8,3,4
2001-08-10,A,3.5,9,2,12
2001-08-10,A,3.5,10,2,12
2001-08-10,A,3.5,11,1,23
2001-08-10,A,3.5,12,1,25
2001-08-10,A,4.0,4,2,1
2001-08-10,A,4.0,5,2,1
2001-08-10,A,4.0,6,2,1
2001-08-10,A,4.0,7,2,1
2001-08-10,A,4.0,8,2,1
2001-08-10,A,4.0,9,1,11
2001-08-10,A,4.0,10,2,11
2001-08-10,A,4.0,11,1,20
2001-08-10,A,4.0,12,1,20
2001-08-11,A,1.0,4,5,23
2001-08-11,A,1.0,5,3,55
2001-08-11,A,1.0,6,0,449
2001-08-11,A,1.0,7,0,449
2001-08-11,A,1.0,8,0,449
2001-08-11,A,1.0,9,0,449
2001-08-11,A,1.0,10,0,449
2001-08-11,A,1.0,11,0,449
2001-08-11,A,1.0,12,0,449
2001-08-11,A,1.5,4,5,2
2001-08-11,A,1.5,5,5,9
2001-08-11,A,1.5,6,3,27
2001-08-11,A,1.5,7,1,42
2001-08-11,A,1.5,8,1,48
2001-08-11,A,1.5,9,1,66
2001-08-11,A,1.5,10,0,449
2001-08-11,A,1.5,11,0,449
2001-08-11,A,1.5,12,0,449
2001-08-11,A,2.0,4,3,0
2001-08-11,A,2.0,5,2,4
2001-08-11,A,2.0,6,4,5
2001-08-11,A,2.0,7,3,17
2001-08-11,A,2.0,8,1,37
2001-08-11,A,2.0,9,1,37
2001-08-11,A,2.0,10,1,39
2001-08-11,A,2.0,11,1,46
2001-08-11,A,2.0,12,1,56
2001-08-11,A,2.5,4,3,0
2001-08-11,A,2.5,5,2,4
2001-08-11,A,2.5,6,2,4
2001-08-11,A,2.5,7,4,4
2001-08-11,A,2.5,8,3,13
2001-08-11,A,2.5,9,1,32
2001-08-11,A,2.5,10,1,32
2001-08-11,A,2.5,11,1,32
2001-08-11,A,2.5,12,1,36
2001-08-11,A,3.0,4,2,0
2001-08-11,A,3.0,5,2,0
2001-08-11,A,3.0,6,2,0
2001-08-11,A,3.0,7,2,3
2001-08-11,A,3.0,8,1,10
2001-08-11,A,3.0,9,1,10
2001-08-11,A,3.0,10,2,15
2001-08-11,A,3.0,11,2,16
2001-08-11,A,3.0,12,1,28
2001-08-11,A,3.5,4,2,0
2001-08-11,A,3.5,5,2,0
2001-08-11,A,3.5,6,2,0
2001-08-11,A,3.5,7,2,0
2001-08-11,A,3.5,8,1,10
2001-08-11,A,3.5,9,1,10
2001-08-11,A,3.5,10,1,10
2001-08-11,A,3.5,11,1,10
2001-08-11,A,3.5,12,1,11
2001-08-11,A,4.0,4,2,0
2001-08-11,A,4.0,5,2,0
2001-08-11,A,4.0,6,2,0
2001-08-11,A,4.0,7,2,0
2001-08-11,A,4.0,8,1,7
2001-08-11,A,4.0,9,1,7
2001-08-11,A,4.0,10,1,7
2001-08-11,A,4.0,11,1,9
2001-08-11,A,4.0,12,1,9
2001-08-12,A,1.0,4,5,14
2001-08-12,A,1.0,5,4,46
2001-08-12,A,1.0,6,0,394
2001-08-12,A,1.0,7,0,394
2001-08-12,A,1.0,8,0,394
2001-08-12,A,1.0,9,0,394
2001-08-12,A,1.0,10,0,394
2001-08-12,A,1.0,11,0,394
2001-08-12,A,1.0,12,0,394
2001-08-12,A,1.5,4,5,3
2001-08-12,A,1.5,5,4,8
2001-08-12,A,1.5,6,3,21
2001-08-12,A,1.5,7,1,34
2001-08-12,A,1.5,8,2,36
2001-08-12,A,1.5,9,2,80
2001-08-12,A,1.5,10,0,394
2001-08-12,A,1.5,11,0,394
2001-08-12,A,1.5,12,0,394
2001-08-12,A,2.0,4,5,2
2001-08-12,A,2.0,5,4,6
2001-08-12,A,2.0,6,3,13
2001-08-12,A,2.0,7,2,19
2001-08-12,A,2.0,8,1,29
2001-08-12,A,2.0,9,1,32
2001-08-12,A,2.0,10,1,40
2001-08-12,A,2.0,11,1,47
2001-08-12,A,2.0,12,2,61
2001-08-12,A,2.5,4,5,2
2001-08-12,A,2.5,5,4,6
2001-08-12,A,2.5,6,3,11
2001-08-12,A,2.5,7,3,11
2001-08-12,A,2.5,8,1,25
2001-08-12,A,2.5,9,1,25
2001-08-12,A,2.5,10,1,25
2001-08-12,A,2.5,11,1,26
2001-08-12,A,2.5,12,1,26
2001-08-12,A,3.0,4,2,1
2001-08-12,A,3.0,5,2,1
2001-08-12,A,3.0,6,1,6
2001-08-12,A,3.0,7,1,9
2001-08-12,A,3.0,8,1,16
2001-08-12,A,3.0,9,1,23
2001-08-12,A,3.0,10,1,23
2001-08-12,A,3.0,11,1,23
2001-08-12,A,3.0,12,1,23
2001-08-12,A,3.5,4,2,1
2001-08-12,A,3.5,5,2,1
2001-08-12,A,3.5,6,1,6
2001-08-12,A,3.5,7,1,6
2001-08-12,A,3.5,8,1,7
2001-08-12,A,3.5,9,1,11
2001-08-12,A,3.5,10,1,16
2001-08-12,A,3.5,11,1,16
2001-08-12,A,3.5,12,1,16
2001-08-12,A,4.0,4,2,0
2001-08-12,A,4.0,5,2,0
2001-08-12,A,4.0,6,1,5
2001-08-12,A,4.0,7,1,5
2001-08-12,A,4.0,8,1,5
2001-08-12,A,4.0,9,1,5
2001-08-12,A,4.0,10,1,5
2001-08-12,A,4.0,11,1,5
2001-08-12,A,4.0,12,1,7
2002-07-16,A,1.0,4,7,18
2002-07-16,A,1.0,5,6,57
2002-07-16,A,1.0,6,0,417
2002-07-16,A,1.0,7,0,417
2002-07-16,A,1.0,8,0,417
2002-07-16,A,1.0,9,0,417
2002-07-16,A,1.0,10,0,417
2002-07-16,A,1.0,11,0,417
2002-07-16,A,1.0,12,0,417
2002-07-16,A,1.5,4,5,8
2002-07-16,A,1.5,5,6,10
2002-07-16,A,1.5,6,6,12
2002-07-16,A,1.5,7,5,22
2002-07-16,A,1.5,8,5,40
2002-07-16,A,1.5,9,4,92
2002-07-16,A,1.5,10,0,417
2002-07-16,A,1.5,11,0,417
2002-07-16,A,1.5,12,0,417
2002-07-16,A,2.0,4,3,8
2002-07-16,A,2.0,5,3,8
2002-07-16,A,2.0,6,4,9
2002-07-16,A,2.0,7,4,13
2002-07-16,A,2.0,8,5,18
2002-07-16,A,2.0,9,3,36
2002-07-16,A,2.0,10,3,51
2002-07-16,A,2.0,11,2,63
2002-07-16,A,2.0,12,2,82
2002-07-16,A,2.5,4,3,8
2002-07-16,A,2.5,5,3,8
2002-07-16,A,2.5,6,3,8
2002-07-16,A,2.5,7,3,8
2002-07-16,A,2.5,8,3,8
2002-07-16,A,2.5,9,4,9
2002-07-16,A,2.5,10,4,10
2002-07-16,A,2.5,11,3,32
2002-07-16,A,2.5,12,2,44
2002-07-16,A,3.0,4,3,8
2002-07-16,A,3.0,5,3,8
2002-07-16,A,3.0,6,3,8
2002-07-16,A,3.0,7,3,8
2002-07-16,A,3.0,8,3,8
2002-07-16,A,3.0,9,3,8
2002-07-16,A,3.0,10,3,8
2002-07-16,A,3.0,11,3,8
2002-07-16,A,3.0,12,3,11
2002-07-16,A,3.5,4,3,8
2002-07-16,A,3.5,5,3,8
2002-07-16,A,3.5,6,3,8
2002-07-16,A,3.5,7,3,8
2002-07-16,A,3.5,8,3,8
2002-07-16,A,3.5,9,3,8
2002-07-16,A,3.5,10,3,8
2002-07-16,A,3.5,11,3,8
2002-07-16,A,3.5,12,3,8
2002-07-16,A,4.0,4,3,8
2002-07-16,A,4.0,5,3,8
2002-07-16,A,4.0,6,3,8
2002-07-16,A,4.0,7,3,8
2002-07-16,A,4.0,8,3,8
2002-07-16,A,4.0,9,3,8
2002-07-16,A,4.0,10,3,8
2002-07-16,A,4.0,11,3,8
2002-07-16,A,4.0,12,3,8
2002-07-17,A,1.0,4,8,14
2002-07-17,A,1.0,5,12,53
2002-07-17,A,1.0,6,0,489
2002-07-17,A,1.0,7,0,489
2002-07-17,A,1.0,8,0,489
2002-07-17,A,1.0,9,0,489
2002-07-17,A,1.0,10,0,489
2002-07-17,A,1.0,11,0,489
2002-07-17,A,1.0,12,0,489
2002-07-17,A,1.5,4,6,3
2002-07-17,A,1.5,5,7,4
2002-07-17,A,1.5,6,6,12
2002-07-17,A,1.5,7,5,25
2002-07-17,A,1.5,8,6,50
2002-07-17,A,1.5,9,5,116
2002-07-17,A,1.5,10,0,489
2002-07-17,A,1.5,11,0,489
2002-07-17,A,1.5,12,0,489
2002-07-17,A,2.0,4,5,1
2002-07-17,A,2.0,5,5,1
2002-07-17,A,2.0,6,6,3
2002-07-17,A,2.0,7,5,11
2002-07-17,A,2.0,8,6,12
2002-07-17,A,2.0,9,4,30
2002-07-17,A,2.0,10,3,50
2002-07-17,A,2.0,11,3,68
2002-07-17,A,2.0,12,4,106
2002-07-17,A,2.5,4,5,1
2002-07-17,A,2.5,5,5,1
2002-07-17,A,2.5,6,5,1
2002-07-17,A,2.5,7,5,1
2002-07-17,A,2.5,8,4,9
2002-07-17,A,2.5,9,4,17
2002-07-17,A,2.5,10,4,17
2002-07-17,A,2.5,11,4,23
2002-07-17,A,2.5,12,3,37
2002-07-17,A,3.0,4,5,0
2002-07-17,A,3.0,5,5,0
2002-07-17,A,3.0,6,5,0
2002-07-17,A,3.0,7,5,0
2002-07-17,A,3.0,8,5,0
2002-07-17,A,3.0,9,3,16
2002-07-17,A,3.0,10,3,16
2002-07-17,A,3.0,11,3,17
2002-07-17,A,3.0,12,3,20
2002-07-17,A,3.5,4,3,0
2002-07-17,A,3.5,5,3,0
2002-07-17,A,3.5,6,3,0
2002-07-17,A,3.5,7,3,0
2002-07-17,A,3.5,8,4,0
2002-07-17,A,3.5,9,3,8
2002-07-17,A,3.5,10,3,14
2002-07-17,A,3.5,11,3,14
2002-07-17,A,3.5,12,3,14
2002-07-17,A,4.0,4,2,0
2002-07-17,A,4.0,5,2,0
2002-07-17,A,4.0,6,2,0
2002-07-17,A,4.0,7,2,0
2002-07-17,A,4.0,8,3,0
2002-07-17,A,4.0,9,2,7
2002-07-17,A,4.0,10,2,8
2002-07-17,A,4.0,11,2,8
2002-07-17,A,4.0,12,3,13
2002-07-18,A,1.0,4,10,24
2002-07-18,A,1.0,5,10,77
2002-07-18,A,1.0,6,0,589
2002-07-18,A,1.0,7,0,589
2002-07-18,A,1.0,8,0,589
2002-07-18,A,1.0,9,0,589
2002-07-18,A,1.0,10,0,589
2002-07-18,A,1.0,11,0,589
2002-07-18,A,1.0,12,0,589
2002-07-18,A,1.5,4,4,9
2002-07-18,A,1.5,5,6,12
2002-07-18,A,1.5,6,5,23
2002-07-18,A,1.5,7,6,38
2002-07-18,A,1.5,8,4,77
2002-07-18,A,1.5,9,7,121
2002-07-18,A,1.5,10,0,589
2002-07-18,A,1.5,11,0,589
2002-07-18,A,1.5,12,0,589
2002-07-18,A,2.0,4,2,5
2002-07-18,A,2.0,5,4,6
2002-07-18,A,2.0,6,5,13
2002-07-18,A,2.0,7,4,24
2002-07-18,A,2.0,8,4,33
2002-07-18,A,2.0,9,4,46
2002-07-18,A,2.0,10,3,62
2002-07-18,A,2.0,11,3,69
2002-07-18,A,2.0,12,6,106
2002-07-18,A,2.5,4,2,3
2002-07-18,A,2.5,5,2,3
2002-07-18,A,2.5,6,2,4
2002-07-18,A,2.5,7,2,9
2002-07-18,A,2.5,8,2,16
2002-07-18,A,2.5,9,3,18
2002-07-18,A,2.5,10,2,29
2002-07-18,A,2.5,11,2,35
2002-07-18,A,2.5,12,2,39
2002-07-18,A,3.0,4,2,3
2002-07-18,A,3.0,5,2,3
2002-07-18,A,3.0,6,2,3
2002-07-18,A,3.0,7,2,3
2002-07-18,A,3.0,8,2,5
2002-07-18,A,3.0,9,2,5
2002-07-18,A,3.0,10,2,8
2002-07-18,A,3.0,11,3,13
2002-07-18,A,3.0,12,2,25
2002-07-18,A,3.5,4,1,3
2002-07-18,A,3.5,5,1,3
2002-07-18,A,3.5,6,1,3
2002-07-18,A,3.5,7,1,3
2002-07-18,A,3.5,8,1,5
2002-07-18,A,3.5,9,1,5
2002-07-18,A,3.5,10,1,5
2002-07-18,A,3.5,11,1,8
2002-07-18,A,3.5,12,2,8
2002-07-18,A,4.0,4,1,2
2002-07-18,A,4.0,5,1,2
2002-07-18,A,4.0,6,1,2
2002-07-18,A,4.0,7,1,2
2002-07-18,A,4.0,8,1,2
2002-07-18,A,4.0,9,1,2
2002-07-18,A,4.0,10,1,3
2002-07-18,A,4.0,11,1,3
2002-07-18,A,4.0,12,1,3
2002-07-19,A,1.0,4,7,13
2002-07-19,A,1.0,5,9,66
2002-07-19,A,1.0,6,0,575
2002-07-19,A,1.0,7,0,575
2002-07-19,A,1.0,8,0,575
2002-07-19,A,1.0,9,0,575
2002-07-19,A,1.0,10,0,575
2002-07-19,A,1.0,11,0,575
2002-07-19,A,1.0,12,0,575
2002-07-19,A,1.5,4,4,5
2002-07-19,A,1.5,5,4,9
2002-07-19,A,1.5,6,4,17
2002-07-19,A,1.5,7,4,30
2002-07-19,A,1.5,8,6,50
2002-07-19,A,1.5,9,5,106
2002-07-19,A,1.5,10,0,575
2002-07-19,A,1.5,11,0,575
2002-07-19,A,1.5,12,0,575
2002-07-19,A,2.0,4,4,5
2002-07-19,A,2.0,5,4,5
2002-07-19,A,2.0,6,4,5
2002-07-19,A,2.0,7,3,12
2002-07-19,A,2.0,8,4,20
2002-07-19,A,2.0,9,3,32
2002-07-19,A,2.0,10,4,39
2002-07-19,A,2.0,11,5,55
2002-07-19,A,2.0,12,5,83
2002-07-19,A,2.5,4,4,3
2002-07-19,A,2.5,5,4,3
2002-07-19,A,2.5,6,4,3
2002-07-19,A,2.5,7,3,10
2002-07-19,A,2.5,8,3,10
2002-07-19,A,2.5,9,3,10
2002-07-19,A,2.5,10,3,11
2002-07-19,A,2.5,11,3,17
2002-07-19,A,2.5,12,3,23
2002-07-19,A,3.0,4,3,3
2002-07-19,A,3.0,5,3,3
2002-07-19,A,3.0,6,3,3
2002-07-19,A,3.0,7,2,9
2002-07-19,A,3.0,8,2,9
2002-07-19,A,3.0,9,2,9
2002-07-19,A,3.0,10,3,9
2002-07-19,A,3.0,11,3,9
2002-07-19,A,3.0,12,3,10
2002-07-19,A,3.5,4,1,3
2002-07-19,A,3.5,5,1,3
2002-07-19,A,3.5,6,1,3
2002-07-19,A,3.5,7,1,3
2002-07-19,A,3.5,8,1,8
2002-07-19,A,3.5,9,1,8
2002-07-19,A,3.5,10,1,8
2002-07-19,A,3.5,11,1,9
2002-07-19,A,3.5,12,2,9
2002-07-19,A,4.0,4,1,2
2002-07-19,A,4.0,5,1,2
2002-07-19,A,4.0,6,1,2
2002-07-19,A,4.0,7,1,2
2002-07-19,A,4.0,8,1,2
2002-07-19,A,4.0,9,1,5
2002-07-19,A,4.0,10,1,5
2002-07-19,A,4.0,11,1,5
2002-07-19,A,4.0,12,1,5
2002-07-20,A,1.0,4,6,17
2002-07-20,A,1.0,5,4,57
2002-07-20,A,1.0,6,0,464
2002-07-20,A,1.0,7,0,464
2002-07-20,A,1.0,8,0,464
2002-07-20,A,1.0,9,0,464
2002-07-20,A,1.0,10,0,464
2002-07-20,A,1.0,11,0,464
2002-07-20,A,1.0,12,0,464
2002-07-20,A,1.5,4,4,13
2002-07-20,A,1.5,5,3,19
2002-07-20,A,1.5,6,4,21
2002-07-20,A,1.5,7,3,33
2002-07-20,A,1.5,8,4,44
2002-07-20,A,1.5,9,4,62
2002-07-20,A,1.5,10,0,464
2002-07-20,A,1.5,11,0,464
2002-07-20,A,1.5,12,0,464
2002-07-20,A,2.0,4,4,9
2002-07-20,A,2.0,5,3,17
2002-07-20,A,2.0,6,3,17
2002-07-20,A,2.0,7,3,17
2002-07-20,A,2.0,8,4,18
2002-07-20,A,2.0,9,3,28
2002-07-20,A,2.0,10,3,35
2002-07-20,A,2.0,11,4,42
2002-07-20,A,2.0,12,4,56
2002-07-20,A,2.5,4,4,7
2002-07-20,A,2.5,5,3,11
2002-07-20,A,2.5,6,3,12
2002-07-20,A,2.5,7,3,13
2002-07-20,A,2.5,8,3,16
2002-07-20,A,2.5,9,3,16
2002-07-20,A,2.5,10,3,16
2002-07-20,A,2.5,11,3,16
2002-07-20,A,2.5,12,3,23
2002-07-20,A,3.0,4,4,7
2002-07-20,A,3.0,5,3,11
2002-07-20,A,3.0,6,3,11
2002-07-20,A,3.0,7,3,11
2002-07-20,A,3.0,8,3,11
2002-07-20,A,3.0,9,3,12
2002-07-20,A,3.0,10,3,12
2002-07-20,A,3.0,11,3,15
2002-07-20,A,3.0,12,3,15
2002-07-20,A,3.5,4,5,2
2002-07-20,A,3.5,5,3,10
2002-07-20,A,3.5,6,3,10
2002-07-20,A,3.5,7,3,10
2002-07-20,A,3.5,8,3,10
2002-07-20,A,3.5,9,3,10
2002-07-20,A,3.5,10,3,10
2002-07-20,A,3.5,11,3,10
2002-07-20,A,3.5,12,3,13
2002-07-20,A,4.0,4,3,0
2002-07-20,A,4.0,5,2,7
2002-07-20,A,4.0,6,2,8
2002-07-20,A,4.0,7,2,8
2002-07-20,A,4.0,8,2,8
2002-07-20,A,4.0,9,3,9
2002-07-20,A,4.0,10,3,9
2002-07-20,A,4.0,11,3,9
2002-07-20,A,4.0,12,3,9
2002-07-31,A,1.0,4,5,25
2002-07-31,A,1.0,5,7,73
2002-07-31,A,1.0,6,0,377
2002-07-31,A,1.0,7,0,377
2002-07-31,A,1.0,8,0,377
2002-07-31,A,1.0,9,0,377
2002-07-31,A,1.0,10,0,377
2002-07-31,A,1.0,11,0,377
2002-07-31,A,1.0,12,0,377
2002-07-31,A,1.5,4,2,12
2002-07-31,A,1.5,5,2,15
2002-07-31,A,1.5,6,2,28
2002-07-31,A,1.5,7,3,33
2002-07-31,A,1.5,8,3,64
2002-07-31,A,1.5,9,2,93
2002-07-31,A,1.5,10,0,377
2002-07-31,A,1.5,11,0,377
2002-07-31,A,1.5,12,0,377
2002-07-31,A,2.0,4,2,10
2002-07-31,A,2.0,5,2,10
2002-07-31,A,2.0,6,2,13
2002-07-31,A,2.0,7,1,23
2002-07-31,A,2.0,8,2,24
2002-07-31,A,2.0,9,2,37
2002-07-31,A,2.0,10,1,53
2002-07-31,A,2.0,11,2,63
2002-07-31,A,2.0,12,1,94
2002-07-31,A,2.5,4,3,5
2002-07-31,A,2.5,5,2,9
2002-07-31,A,2.5,6,2,9
2002-07-31,A,2.5,7,1,15
2002-07-31,A,2.5,8,1,16
2002-07-31,A,2.5,9,1,16
2002-07-31,A,2.5,10,1,16
2002-07-31,A,2.5,11,2,19
2002-07-31,A,2.5,12,1,31
2002-07-31,A,3.0,4,2,2
2002-07-31,A,3.0,5,2,7
2002-07-31,A,3.0,6,2,8
2002-07-31,A,3.0,7,1,14
2002-07-31,A,3.0,8,1,14
2002-07-31,A,3.0,9,1,15
2002-07-31,A,3.0,10,1,15
2002-07-31,A,3.0,11,1,16
2002-07-31,A,3.0,12,1,16
2002-07-31,A,3.5,4,2,2
2002-07-31,A,3.5,5,2,7
2002-07-31,A,3.5,6,2,7
2002-07-31,A,3.5,7,1,13
2002-07-31,A,3.5,8,1,13
2002-07-31,A,3.5,9,1,14
2002-07-31,A,3.5,10,1,14
2002-07-31,A,3.5,11,1,14
2002-07-31,A,3.5,12,1,15
2002-07-31,A,4.0,4,2,2
2002-07-31,A,4.0,5,2,2
2002-07-31,A,4.0,6,2,6
2002-07-31,A,4.0,7,1,12
2002-07-31,A,4.0,8,1,12
2002-07-31,A,4.0,9,1,12
2002-07-31,A,4.0,10,1,12
2002-07-31,A,4.0,11,1,12
2002-07-31,A,4.0,12,1,12
2002-08-06,A,1.0,4,8,26
2002-08-06,A,1.0,5,9,68
2002-08-06,A,1.0,6,0,382
2002-08-06,A,1.0,7,0,382
2002-08-06,A,1.0,8,0,382
2002-08-06,A,1.0,9,0,382
2002-08-06,A,1.0,10,0,382
2002-08-06,A,1.0,11,0,382
2002-08-06,A,1.0,12,0,382
2002-08-06,A,1.5,4,6,14
2002-08-06,A,1.5,5,7,20
2002-08-06,A,1.5,6,6,30
2002-08-06,A,1.5,7,4,48
2002-08-06,A,1.5,8,4,64
2002-08-06,A,1.5,9,6,95
2002-08-06,A,1.5,10,0,382
2002-08-06,A,1.5,11,0,382
2002-08-06,A,1.5,12,0,382
2002-08-06,A,2.0,4,6,9
2002-08-06,A,2.0,5,5,15
2002-08-06,A,2.0,6,4,21
2002-08-06,A,2.0,7,5,22
2002-08-06,A,2.0,8,4,39
2002-08-06,A,2.0,9,3,53
2002-08-06,A,2.0,10,3,62
2002-08-06,A,2.0,11,4,67
2002-08-06,A,2.0,12,4,105
2002-08-06,A,2.5,4,5,3
2002-08-06,A,2.5,5,6,5
2002-08-06,A,2.5,6,5,11
2002-08-06,A,2.5,7,4,19
2002-08-06,A,2.5,8,4,20
2002-08-06,A,2.5,9,4,24
2002-08-06,A,2.5,10,4,34
2002-08-06,A,2.5,11,4,37
2002-08-06,A,2.5,12,3,48
2002-08-06,A,3.0,4,5,0
2002-08-06,A,3.0,5,5,3
2002-08-06,A,3.0,6,5,9
2002-08-06,A,3.0,7,5,10
2002-08-06,A,3.0,8,4,17
2002-08-06,A,3.0,9,4,17
2002-08-06,A,3.0,10,4,17
2002-08-06,A,3.0,11,4,20
2002-08-06,A,3.0,12,4,28
2002-08-06,A,3.5,4,5,0
2002-08-06,A,3.5,5,5,1
2002-08-06,A,3.5,6,4,8
2002-08-06,A,3.5,7,4,9
2002-08-06,A,3.5,8,4,9
2002-08-06,A,3.5,9,4,15
2002-08-06,A,3.5,10,4,16
2002-08-06,A,3.5,11,4,16
2002-08-06,A,3.5,12,4,17
2002-08-06,A,4.0,4,4,0
2002-08-06,A,4.0,5,4,0
2002-08-06,A,4.0,6,3,5
2002-08-06,A,4.0,7,3,5
2002-08-06,A,4.0,8,3,6
2002-08-06,A,4.0,9,3,6
2002-08-06,A,4.0,10,3,8
2002-08-06,A,4.0,11,3,8
2002-08-06,A,4.0,12,4,12
2002-08-07,A,1.0,4,5,20
2002-08-07,A,1.0,5,4,46
2002-08-07,A,1.0,6,0,374
2002-08-07,A,1.0,7,0,374
2002-08-07,A,1.0,8,0,374
2002-08-07,A,1.0,9,0,374
2002-08-07,A,1.0,10,0,374
2002-08-07,A,1.0,11,0,374
2002-08-07,A,1.0,12,0,374
2002-08-07,A,1.5,4,5,9
2002-08-07,A,1.5,5,4,16
2002-08-07,A,1.5,6,4,16
2002-08-07,A,1.5,7,3,25
2002-08-07,A,1.5,8,3,39
2002-08-07,A,1.5,9,5,62
2002-08-07,A,1.5,10,0,374
2002-08-07,A,1.5,11,0,374
2002-08-07,A,1.5,12,0,374
2002-08-07,A,2.0,4,6,2
2002-08-07,A,2.0,5,4,11
2002-08-07,A,2.0,6,4,12
2002-08-07,A,2.0,7,3,20
2002-08-07,A,2.0,8,3,24
2002-08-07,A,2.0,9,3,28
2002-08-07,A,2.0,10,3,30
2002-08-07,A,2.0,11,3,37
2002-08-07,A,2.0,12,3,71
2002-08-07,A,2.5,4,5,2
2002-08-07,A,2.5,5,5,2
2002-08-07,A,2.5,6,5,3
2002-08-07,A,2.5,7,3,17
2002-08-07,A,2.5,8,3,18
2002-08-07,A,2.5,9,3,18
2002-08-07,A,2.5,10,3,20
2002-08-07,A,2.5,11,3,21
2002-08-07,A,2.5,12,3,23
2002-08-07,A,3.0,4,4,1
2002-08-07,A,3.0,5,4,1
2002-08-07,A,3.0,6,4,1
2002-08-07,A,3.0,7,4,1
2002-08-07,A,3.0,8,3,15
2002-08-07,A,3.0,9,3,15
2002-08-07,A,3.0,10,3,15
2002-08-07,A,3.0,11,3,16
2002-08-07,A,3.0,12,3,17
2002-08-07,A,3.5,4,4,0
2002-08-07,A,3.5,5,4,0
2002-08-07,A,3.5,6,4,0
2002-08-07,A,3.5,7,4,1
2002-08-07,A,3.5,8,3,8
2002-08-07,A,3.5,9,3,9
2002-08-07,A,3.5,10,3,9
2002-08-07,A,3.5,11,3,13
2002-08-07,A,3.5,12,3,13
2002-08-07,A,4.0,4,4,0
2002-08-07,A,4.0,5,4,0
2002-08-07,A,4.0,6,4,0
2002-08-07,A,4.0,7,4,0
2002-08-07,A,4.0,8,3,7
2002-08-07,A,4.0,9,3,8
2002-08-07,A,4.0,10,3,8
2002-08-07,A,4.0,11,3,8
2002-08-07,A,4.0,12,3,8
2006-08-20,A,1.0,4,11,24
2006-08-20,A,1.0,5,8,70
2006-08-20,A,1.0,6,0,404
2006-08-20,A,1.0,7,0,404
2006-08-20,A,1.0,8,0,404
2006-08-20,A,1.0,9,0,404
2006-08-20,A,1.0,10,0,404
2006-08-20,A,1.0,11,0,404
2006-08-20,A,1.0,12,0,404
2006-08-20,A,1.5,4,8,10
2006-08-20,A,1.5,5,8,19
2006-08-20,A,1.5,6,8,26
2006-08-20,A,1.5,7,6,44
2006-08-20,A,1.5,8,5,64
2006-08-20,A,1.5,9,6,100
2006-08-20,A,1.5,10,0,404
2006-08-20,A,1.5,11,0,404
2006-08-20,A,1.5,12,0,404
2006-08-20,A,2.0,4,6,7
2006-08-20,A,2.0,5,5,12
2006-08-20,A,2.0,6,5,14
2006-08-20,A,2.0,7,6,16
2006-08-20,A,2.0,8,7,22
2006-08-20,A,2.0,9,5,42
2006-08-20,A,2.0,10,5,49
2006-08-20,A,2.0,11,5,61
2006-08-20,A,2.0,12,5,89
2006-08-20,A,2.5,4,5,6
2006-08-20,A,2.5,5,4,10
2006-08-20,A,2.5,6,5,11
2006-08-20,A,2.5,7,5,11
2006-08-20,A,2.5,8,5,12
2006-08-20,A,2.5,9,5,13
2006-08-20,A,2.5,10,5,16
2006-08-20,A,2.5,11,5,29
2006-08-20,A,2.5,12,5,31
2006-08-20,A,3.0,4,5,2
2006-08-20,A,3.0,5,3,10
2006-08-20,A,3.0,6,3,10
2006-08-20,A,3.0,7,3,10
2006-08-20,A,3.0,8,4,11
2006-08-20,A,3.0,9,4,11
2006-08-20,A,3.0,10,4,12
2006-08-20,A,3.0,11,3,22
2006-08-20,A,3.0,12,3,22
2006-08-20,A,3.5,4,4,2
2006-08-20,A,3.5,5,2,10
2006-08-20,A,3.5,6,2,10
2006-08-20,A,3.5,7,2,10
2006-08-20,A,3.5,8,2,10
2006-08-20,A,3.5,9,2,10
2006-08-20,A,3.5,10,4,10
2006-08-20,A,3.5,11,4,10
2006-08-20,A,3.5,12,3,20
2006-08-20,A,4.0,4,4,2
2006-08-20,A,4.0,5,2,10
2006-08-20,A,4.0,6,2,10
2006-08-20,A,4.0,7,2,10
2006-08-20,A,4.0,8,2,10
2006-08-20,A,4.0,9,2,10
2006-08-20,A,4.0,10,2,10
2006-08-20,A,4.0,11,2,10
2006-08-20,A,4.0,12,2,14
2006-08-21,A,1.0,4,6,29
2006-08-21,A,1.0,5,11,62
2006-08-21,A,1.0,6,0,455
2006-08-21,A,1.0,7,0,455
2006-08-21,A,1.0,8,0,455
2006-08-21,A,1.0,9,0,455
2006-08-21,A,1.0,10,0,455
2006-08-21,A,1.0,11,0,455
2006-08-21,A,1.0,12,0,455
2006-08-21,A,1.5,4,6,16
2006-08-21,A,1.5,5,5,23
2006-08-21,A,1.5,6,6,27
2006-08-21,A,1.5,7,6,29
2006-08-21,A,1.5,8,8,50
2006-08-21,A,1.5,9,4,120
2006-08-21,A,1.5,10,0,455
2006-08-21,A,1.5,11,0,455
2006-08-21,A,1.5,12,0,455
2006-08-21,A,2.0,4,8,3
2006-08-21,A,2.0,5,5,18
2006-08-21,A,2.0,6,5,21
2006-08-21,A,2.0,7,5,22
2006-08-21,A,2.0,8,5,24
2006-08-21,A,2.0,9,5,29
2006-08-21,A,2.0,10,6,35
2006-08-21,A,2.0,11,5,83
2006-08-21,A,2.0,12,4,120
2006-08-21,A,2.5,4,6,3
2006-08-21,A,2.5,5,6,8
2006-08-21,A,2.5,6,5,16
2006-08-21,A,2.5,7,5,16
2006-08-21,A,2.5,8,5,16
2006-08-21,A,2.5,9,5,16
2006-08-21,A,2.5,10,5,16
2006-08-21,A,2.5,11,5,19
2006-08-21,A,2.5,12,5,20
2006-08-21,A,3.0,4,5,1
2006-08-21,A,3.0,5,5,1
2006-08-21,A,3.0,6,5,4
2006-08-21,A,3.0,7,5,8
2006-08-21,A,3.0,8,5,12
2006-08-21,A,3.0,9,5,12
2006-08-21,A,3.0,10,5,13
2006-08-21,A,3.0,11,5,13
2006-08-21,A,3.0,12,5,13
2006-08-21,A,3.5,4,5,0
2006-08-21,A,3.5,5,5,0
2006-08-21,A,3.5,6,5,0
2006-08-21,A,3.5,7,5,3
2006-08-21,A,3.5,8,5,3
2006-08-21,A,3.5,9,5,6
2006-08-21,A,3.5,10,5,6
2006-08-21,A,3.5,11,5,6
2006-08-21,A,3.5,12,5,11
2006-08-21,A,4.0,4,4,0
2006-08-21,A,4.0,5,4,0
2006-08-21,A,4.0,6,4,0
2006-08-21,A,4.0,7,4,0
2006-08-21,A,4.0,8,4,0
2006-08-21,A,4.0,9,4,1
2006-08-21,A,4.0,10,5,1
2006-08-21,A,4.0,11,5,3
2006-08-21,A,4.0,12,5,3
2006-08-22,A,1.0,4,7,20
2006-08-22,A,1.0,5,11,61
2006-08-22,A,1.0,6,0,437
2006-08-22,A,1.0,7,0,437
2006-08-22,A,1.0,8,0,437
2006-08-22,A,1.0,9,0,437
2006-08-22,A,1.0,10,0,437
2006-08-22,A,1.0,11,0,437
2006-08-22,A,1.0,12,0,437
2006-08-22,A,1.5,4,6,16
2006-08-22,A,1.5,5,6,16
2006-08-22,A,1.5,6,7,17
2006-08-22,A,1.5,7,6,30
2006-08-22,A,1.5,8,9,43
2006-08-22,A,1.5,9,6,126
2006-08-22,A,1.5,10,0,437
2006-08-22,A,1.5,11,0,437
2006-08-22,A,1.5,12,0,437
2006-08-22,A,2.0,4,7,8
2006-08-22,A,2.0,5,6,14
2006-08-22,A,2.0,6,6,14
2006-08-22,A,2.0,7,6,15
2006-08-22,A,2.0,8,5,25
2006-08-22,A,2.0,9,5,29
2006-08-22,A,2.0,10,6,35
2006-08-22,A,2.0,11,6,81
2006-08-22,A,2.0,12,5,119
2006-08-22,A,2.5,4,6,4
2006-08-22,A,2.5,5,6,7
2006-08-22,A,2.5,6,6,10
2006-08-22,A,2.5,7,6,12
2006-08-22,A,2.5,8,5,19
2006-08-22,A,2.5,9,5,20
2006-08-22,A,2.5,10,5,20
2006-08-22,A,2.5,11,5,21
2006-08-22,A,2.5,12,5,24
2006-08-22,A,3.0,4,5,3
2006-08-22,A,3.0,5,5,3
2006-08-22,A,3.0,6,5,5
2006-08-22,A,3.0,7,5,5
2006-08-22,A,3.0,8,5,9
2006-08-22,A,3.0,9,5,14
2006-08-22,A,3.0,10,5,14
2006-08-22,A,3.0,11,5,14
2006-08-22,A,3.0,12,5,15
2006-08-22,A,3.5,4,3,3
2006-08-22,A,3.5,5,3,3
2006-08-22,A,3.5,6,3,3
2006-08-22,A,3.5,7,3,3
2006-08-22,A,3.5,8,3,3
2006-08-22,A,3.5,9,4,4
2006-08-22,A,3.5,10,4,4
2006-08-22,A,3.5,11,4,12
2006-08-22,A,3.5,12,4,12
2006-08-22,A,4.0,4,3,3
2006-08-22,A,4.0,5,3,3
2006-08-22,A,4.0,6,3,3
2006-08-22,A,4.0,7,3,3
2006-08-22,A,4.0,8,3,3
2006-08-22,A,4.0,9,3,3
2006-08-22,A,4.0,10,3,3
2006-08-22,A,4.0,11,3,3
2006-08-22,A,4.0,12,4,3
2006-08-23,A,1.0,4,9,20
2006-08-23,A,1.0,5,15,73
2006-08-23,A,1.0,6,0,376
2006-08-23,A,1.0,7,0,376
2006-08-23,A,1.0,8,0,376
2006-08-23,A,1.0,9,0,376
2006-08-23,A,1.0,10,0,376
2006-08-23,A,1.0,11,0,376
2006-08-23,A,1.0,12,0,376
2006-08-23,A,1.5,4,7,7
2006-08-23,A,1.5,5,6,17
2006-08-23,A,1.5,6,6,26
2006-08-23,A,1.5,7,8,33
2006-08-23,A,1.5,8,10,51
2006-08-23,A,1.5,9,6,154
2006-08-23,A,1.5,10,0,376
2006-08-23,A,1.5,11,0,376
2006-08-23,A,1.5,12,0,376
2006-08-23,A,2.0,4,6,6
2006-08-23,A,2.0,5,6,10
2006-08-23,A,2.0,6,6,15
2006-08-23,A,2.0,7,5,20
2006-08-23,A,2.0,8,6,24
2006-08-23,A,2.0,9,5,37
2006-08-23,A,2.0,10,7,50
2006-08-23,A,2.0,11,7,76
2006-08-23,A,2.0,12,5,136
2006-08-23,A,2.5,4,3,3
2006-08-23,A,2.5,5,3,3
2006-08-23,A,2.5,6,5,4
2006-08-23,A,2.5,7,4,13
2006-08-23,A,2.5,8,4,15
2006-08-23,A,2.5,9,4,15
2006-08-23,A,2.5,10,4,18
2006-08-23,A,2.5,11,4,19
2006-08-23,A,2.5,12,4,37
2006-08-23,A,3.0,4,2,3
2006-08-23,A,3.0,5,2,3
2006-08-23,A,3.0,6,2,3
2006-08-23,A,3.0,7,4,3
2006-08-23,A,3.0,8,5,3
2006-08-23,A,3.0,9,4,11
2006-08-23,A,3.0,10,4,12
2006-08-23,A,3.0,11,4,12
2006-08-23,A,3.0,12,4,14
2006-08-23,A,3.5,4,1,3
2006-08-23,A,3.5,5,1,3
2006-08-23,A,3.5,6,1,3
2006-08-23,A,3.5,7,1,3
2006-08-23,A,3.5,8,1,3
2006-08-23,A,3.5,9,3,3
2006-08-23,A,3.5,10,3,11
2006-08-23,A,3.5,11,3,11
2006-08-23,A,3.5,12,3,11
2006-08-23,A,4.0,4,1,3
2006-08-23,A,4.0,5,1,3
2006-08-23,A,4.0,6,1,3
2006-08-23,A,4.0,7,1,3
2006-08-23,A,4.0,8,1,3
2006-08-23,A,4.0,9,1,3
2006-08-23,A,4.0,10,1,3
2006-08-23,A,4.0,11,3,3
2006-08-23,A,4.0,12,3,6
2007-07-25,A,1.0,4,4,15
2007-07-25,A,1.0,5,3,34
2007-07-25,A,1.0,6,0,410
2007-07-25,A,1.0,7,0,410
2007-07-25,A,1.0,8,0,410
2007-07-25,A,1.0,9,0,410
2007-07-25,A,1.0,10,0,410
2007-07-25,A,1.0,11,0,410
2007-07-25,A,1.0,12,0,410
2007-07-25,A,1.5,4,3,4
2007-07-25,A,1.5,5,3,7
2007-07-25,A,1.5,6,2,14
2007-07-25,A,1.5,7,1,23
2007-07-25,A,1.5,8,1,33
2007-07-25,A,1.5,9,1,45
2007-07-25,A,1.5,10,0,410
2007-07-25,A,1.5,11,0,410
2007-07-25,A,1.5,12,0,410
2007-07-25,A,2.0,4,2,4
2007-07-25,A,2.0,5,3,6
2007-07-25,A,2.0,6,2,13
2007-07-25,A,2.0,7,2,14
2007-07-25,A,2.0,8,1,23
2007-07-25,A,2.0,9,1,24
2007-07-25,A,2.0,10,1,30
2007-07-25,A,2.0,11,1,36
2007-07-25,A,2.0,12,1,42
2007-07-25,A,2.5,4,2,4
2007-07-25,A,2.5,5,2,4
2007-07-25,A,2.5,6,2,4
2007-07-25,A,2.5,7,3,5
2007-07-25,A,2.5,8,2,12
2007-07-25,A,2.5,9,2,13
2007-07-25,A,2.5,10,1,22
2007-07-25,A,2.5,11,1,23
2007-07-25,A,2.5,12,1,23
2007-07-25,A,3.0,4,2,4
2007-07-25,A,3.0,5,2,4
2007-07-25,A,3.0,6,2,4
2007-07-25,A,3.0,7,2,4
2007-07-25,A,3.0,8,3,4
2007-07-25,A,3.0,9,2,11
2007-07-25,A,3.0,10,1,22
2007-07-25,A,3.0,11,1,22
2007-07-25,A,3.0,12,1,23
2007-07-25,A,3.5,4,2,4
2007-07-25,A,3.5,5,2,4
2007-07-25,A,3.5,6,2,4
2007-07-25,A,3.5,7,2,4
2007-07-25,A,3.5,8,2,4
2007-07-25,A,3.5,9,2,11
2007-07-25,A,3.5,10,2,11
2007-07-25,A,3.5,11,2,11
2007-07-25,A,3.5,12,1,22
2007-07-25,A,4.0,4,1,4
2007-07-25,A,4.0,5,1,4
2007-07-25,A,4.0,6,1,4
2007-07-25,A,4.0,7,1,4
2007-07-25,A,4.0,8,2,4
2007-07-25,A,4.0,9,2,4
2007-07-25,A,4.0,10,2,4
2007-07-25,A,4.0,11,2,8
2007-07-25,A,4.0,12,1,21
2007-07-26,A,1.0,4,4,17
2007-07-26,A,1.0,5,6,33
2007-07-26,A,1.0,6,0,455
2007-07-26,A,1.0,7,0,455
2007-07-26,A,1.0,8,0,455
2007-07-26,A,1.0,9,0,455
2007-07-26,A,1.0,10,0,455
2007-07-26,A,1.0,11,0,455
2007-07-26,A,1.0,12,0,455
2007-07-26,A,1.5,4,2,4
2007-07-26,A,1.5,5,1,10
2007-07-26,A,1.5,6,2,13
2007-07-26,A,1.5,7,2,19
2007-07-26,A,1.5,8,3,36
2007-07-26,A,1.5,9,2,60
2007-07-26,A,1.5,10,0,455
2007-07-26,A,1.5,11,0,455
2007-07-26,A,1.5,12,0,455
2007-07-26,A,2.0,4,2,3
2007-07-26,A,2.0,5,1,7
2007-07-26,A,2.0,6,2,8
2007-07-26,A,2.0,7,2,10
2007-07-26,A,2.0,8,2,13
2007-07-26,A,2.0,9,2,19
2007-07-26,A,2.0,10,3,28
2007-07-26,A,2.0,11,3,39
2007-07-26,A,2.0,12,1,69
2007-07-26,A,2.5,4,2,1
2007-07-26,A,2.5,5,1,5
2007-07-26,A,2.5,6,1,5
2007-07-26,A,2.5,7,1,6
2007-07-26,A,2.5,8,1,6
2007-07-26,A,2.5,9,2,6
2007-07-26,A,2.5,10,2,6
2007-07-26,A,2.5,11,2,10
2007-07-26,A,2.5,12,2,12
2007-07-26,A,3.0,4,2,1
2007-07-26,A,3.0,5,1,5
2007-07-26,A,3.0,6,1,5
2007-07-26,A,3.0,7,1,5
2007-07-26,A,3.0,8,1,5
2007-07-26,A,3.0,9,1,5
2007-07-26,A,3.0,10,1,6
2007-07-26,A,3.0,11,1,6
2007-07-26,A,3.0,12,1,7
2007-07-26,A,3.5,4,2,1
2007-07-26,A,3.5,5,1,5
2007-07-26,A,3.5,6,1,5
2007-07-26,A,3.5,7,1,5
2007-07-26,A,3.5,8,1,5
2007-07-26,A,3.5,9,1,5
2007-07-26,A,3.5,10,1,5
2007-07-26,A,3.5,11,1,5
2007-07-26,A,3.5,12,1,5
2007-07-26,A,4.0,4,2,0
2007-07-26,A,4.0,5,1,4
2007-07-26,A,4.0,6,1,4
2007-07-26,A,4.0,7,1,4
2007-07-26,A,4.0,8,1,4
2007-07-26,A,4.0,9,1,4
2007-07-26,A,4.0,10,1,4
2007-07-26,A,4.0,11,1,4
2007-07-26,A,4.0,12,1,4
2007-07-27,A,1.0,4,6,12
2007-07-27,A,1.0,5,12,44
2007-07-27,A,1.0,6,0,450
2007-07-27,A,1.0,7,0,450
2007-07-27,A,1.0,8,0,450
2007-07-27,A,1.0,9,0,450
2007-07-27,A,1.0,10,0,450
2007-07-27,A,1.0,11,0,450
2007-07-27,A,1.0,12,0,450
2007-07-27,A,1.5,4,2,3
2007-07-27,A,1.5,5,1,8
2007-07-27,A,1.5,6,2,8
2007-07-27,A,1.5,7,3,13
2007-07-27,A,1.5,8,5,45
2007-07-27,A,1.5,9,4,78
2007-07-27,A,1.5,10,0,450
2007-07-27,A,1.5,11,0,450
2007-07-27,A,1.5,12,0,450
2007-07-27,A,2.0,4,2,1
2007-07-27,A,2.0,5,1,6
2007-07-27,A,2.0,6,1,6
2007-07-27,A,2.0,7,1,6
2007-07-27,A,2.0,8,3,8
2007-07-27,A,2.0,9,3,13
2007-07-27,A,2.0,10,3,24
2007-07-27,A,2.0,11,3,53
2007-07-27,A,2.0,12,3,83
2007-07-27,A,2.5,4,2,0
2007-07-27,A,2.5,5,1,4
2007-07-27,A,2.5,6,1,4
2007-07-27,A,2.5,7,1,4
2007-07-27,A,2.5,8,1,5
2007-07-27,A,2.5,9,1,6
2007-07-27,A,2.5,10,1,6
2007-07-27,A,2.5,11,2,7
2007-07-27,A,2.5,12,3,7
2007-07-27,A,3.0,4,2,0
2007-07-27,A,3.0,5,1,4
2007-07-27,A,3.0,6,1,4
2007-07-27,A,3.0,7,1,4
2007-07-27,A,3.0,8,1,4
2007-07-27,A,3.0,9,1,4
2007-07-27,A,3.0,10,1,4
2007-07-27,A,3.0,11,1,4
2007-07-27,A,3.0,12,1,5
2007-07-27,A,3.5,4,2,0
2007-07-27,A,3.5,5,1,4
2007-07-27,A,3.5,6,1,4
2007-07-27,A,3.5,7,1,4
2007-07-27,A,3.5,8,1,4
2007-07-27,A,3.5,9,1,4
2007-07-27,A,3.5,10,1,4
2007-07-27,A,3.5,11,1,4
2007-07-27,A,3.5,12,1,4
2007-07-27,A,4.0,4,2,0
2007-07-27,A,4.0,5,1,4
2007-07-27,A,4.0,6,1,4
2007-07-27,A,4.0,7,1,4
2007-07-27,A,4.0,8,1,4
2007-07-27,A,4.0,9,1,4
2007-07-27,A,4.0,10,1,4
2007-07-27,A,4.0,11,1,4
2007-07-27,A,4.0,12,1,4
2007-07-28,A,1.0,4,7,12
2007-07-28,A,1.0,5,10,55
2007-07-28,A,1.0,6,0,486
2007-07-28,A,1.0,7,0,486
2007-07-28,A,1.0,8,0,486
2007-07-28,A,1.0,9,0,486
2007-07-28,A,1.0,10,0,486
2007-07-28,A,1.0,11,0,486
2007-07-28,A,1.0,12,0,486
2007-07-28,A,1.5,4,3,5
2007-07-28,A,1.5,5,4,6
2007-07-28,A,1.5,6,3,12
2007-07-28,A,1.5,7,4,20
2007-07-28,A,1.5,8,5,39
2007-07-28,A,1.5,9,5,98
2007-07-28,A,1.5,10,0,486
2007-07-28,A,1.5,11,0,486
2007-07-28,A,1.5,12,0,486
2007-07-28,A,2.0,4,3,5
2007-07-28,A,2.0,5,3,5
2007-07-28,A,2.0,6,3,5
2007-07-28,A,2.0,7,2,15
2007-07-28,A,2.0,8,2,17
2007-07-28,A,2.0,9,3,23
2007-07-28,A,2.0,10,4,28
2007-07-28,A,2.0,11,4,61
2007-07-28,A,2.0,12,2,108
2007-07-28,A,2.5,4,2,1
2007-07-28,A,2.5,5,2,2
2007-07-28,A,2.5,6,2,3
2007-07-28,A,2.5,7,2,9
2007-07-28,A,2.5,8,2,10
2007-07-28,A,2.5,9,2,10
2007-07-28,A,2.5,10,2,12
2007-07-28,A,2.5,11,2,15
2007-07-28,A,2.5,12,2,16
2007-07-28,A,3.0,4,2,0
2007-07-28,A,3.0,5,2,0
2007-07-28,A,3.0,6,2,0
2007-07-28,A,3.0,7,1,6
2007-07-28,A,3.0,8,1,6
2007-07-28,A,3.0,9,1,6
2007-07-28,A,3.0,10,1,7
2007-07-28,A,3.0,11,1,8
2007-07-28,A,3.0,12,1,9
2007-07-28,A,3.5,4,2,0
2007-07-28,A,3.5,5,2,0
2007-07-28,A,3.5,6,2,0
2007-07-28,A,3.5,7,1,6
2007-07-28,A,3.5,8,1,6
2007-07-28,A,3.5,9,1,6
2007-07-28,A,3.5,10,1,6
2007-07-28,A,3.5,11,1,6
2007-07-28,A,3.5,12,1,6
2007-07-28,A,4.0,4,2,0
2007-07-28,A,4.0,5,2,0
2007-07-28,A,4.0,6,2,0
2007-07-28,A,4.0,7,1,6
2007-07-28,A,4.0,8,1,6
2007-07-28,A,4.0,9,1,6
2007-07-28,A,4.0,10,1,6
2007-07-28,A,4.0,11,1,6
2007-07-28,A,4.0,12,1,6
2007-07-29,A,1.0,4,8,10
2007-07-29,A,1.0,5,13,60
2007-07-29,A,1.0,6,0,494
2007-07-29,A,1.0,7,0,494
2007-07-29,A,1.0,8,0,494
2007-07-29,A,1.0,9,0,494
2007-07-29,A,1.0,10,0,494
2007-07-29,A,1.0,11,0,494
2007-07-29,A,1.0,12,0,494
2007-07-29,A,1.5,4,5,4
2007-07-29,A,1.5,5,5,4
2007-07-29,A,1.5,6,6,5
2007-07-29,A,1.5,7,5,24
2007-07-29,A,1.5,8,5,49
2007-07-29,A,1.5,9,4,112
2007-07-29,A,1.5,10,0,494
2007-07-29,A,1.5,11,0,494
2007-07-29,A,1.5,12,0,494
2007-07-29,A,2.0,4,3,4
2007-07-29,A,2.0,5,3,4
2007-07-29,A,2.0,6,4,4
2007-07-29,A,2.0,7,4,11
2007-07-29,A,2.0,8,6,12
2007-07-29,A,2.0,9,4,32
2007-07-29,A,2.0,10,5,40
2007-07-29,A,2.0,11,4,61
2007-07-29,A,2.0,12,3,98
2007-07-29,A,2.5,4,3,2
2007-07-29,A,2.5,5,3,2
2007-07-29,A,2.5,6,3,2
2007-07-29,A,2.5,7,2,8
2007-07-29,A,2.5,8,2,9
2007-07-29,A,2.5,9,2,9
2007-07-29,A,2.5,10,2,9
2007-07-29,A,2.5,11,3,13
2007-07-29,A,2.5,12,4,24
2007-07-29,A,3.0,4,3,0
2007-07-29,A,3.0,5,3,0
2007-07-29,A,3.0,6,3,1
2007-07-29,A,3.0,7,2,7
2007-07-29,A,3.0,8,2,7
2007-07-29,A,3.0,9,2,7
2007-07-29,A,3.0,10,2,7
2007-07-29,A,3.0,11,2,7
2007-07-29,A,3.0,12,2,8
2007-07-29,A,3.5,4,3,0
2007-07-29,A,3.5,5,3,0
2007-07-29,A,3.5,6,3,0
2007-07-29,A,3.5,7,2,6
2007-07-29,A,3.5,8,2,6
2007-07-29,A,3.5,9,2,6
2007-07-29,A,3.5,10,2,6
2007-07-29,A,3.5,11,2,6
2007-07-29,A,3.5,12,2,6
2007-07-29,A,4.0,4,2,0
2007-07-29,A,4.0,5,2,0
2007-07-29,A,4.0,6,2,0
2007-07-29,A,4.0,7,1,6
2007-07-29,A,4.0,8,1,6
2007-07-29,A,4.0,9,1,6
2007-07-29,A,4.0,10,1,6
2007-07-29,A,4.0,11,1,6
2007-07-29,A,4.0,12,1,6
2007-07-30,A,1.0,4,8,14
2007-07-30,A,1.0,5,6,55
2007-07-30,A,1.0,6,0,480
2007-07-30,A,1.0,7,0,480
2007-07-30,A,1.0,8,0,480
2007-07-30,A,1.0,9,0,480
2007-07-30,A,1.0,10,0,480
2007-07-30,A,1.0,11,0,480
2007-07-30,A,1.0,12,0,480
2007-07-30,A,1.5,4,6,2
2007-07-30,A,1.5,5,6,4
2007-07-30,A,1.5,6,7,6
2007-07-30,A,1.5,7,4,30
2007-07-30,A,1.5,8,4,47
2007-07-30,A,1.5,9,3,80
2007-07-30,A,1.5,10,0,480
2007-07-30,A,1.5,11,0,480
2007-07-30,A,1.5,12,0,480
2007-07-30,A,2.0,4,5,1
2007-07-30,A,2.0,5,5,1
2007-07-30,A,2.0,6,5,3
2007-07-30,A,2.0,7,5,16
2007-07-30,A,2.0,8,4,24
2007-07-30,A,2.0,9,4,27
2007-07-30,A,2.0,10,4,38
2007-07-30,A,2.0,11,3,55
2007-07-30,A,2.0,12,3,74
2007-07-30,A,2.5,4,4,0
2007-07-30,A,2.5,5,4,0
2007-07-30,A,2.5,6,4,0
2007-07-30,A,2.5,7,2,12
2007-07-30,A,2.5,8,2,13
2007-07-30,A,2.5,9,3,13
2007-07-30,A,2.5,10,3,19
2007-07-30,A,2.5,11,4,20
2007-07-30,A,2.5,12,4,22
2007-07-30,A,3.0,4,3,0
2007-07-30,A,3.0,5,3,0
2007-07-30,A,3.0,6,3,0
2007-07-30,A,3.0,7,3,6
2007-07-30,A,3.0,8,2,12
2007-07-30,A,3.0,9,2,12
2007-07-30,A,3.0,10,2,12
2007-07-30,A,3.0,11,2,12
2007-07-30,A,3.0,12,2,13
2007-07-30,A,3.5,4,3,0
2007-07-30,A,3.5,5,3,0
2007-07-30,A,3.5,6,3,0
2007-07-30,A,3.5,7,2,6
2007-07-30,A,3.5,8,2,9
2007-07-30,A,3.5,9,2,12
2007-07-30,A,3.5,10,2,12
2007-07-30,A,3.5,11,2,12
2007-07-30,A,3.5,12,2,12
2007-07-30,A,4.0,4,3,0
2007-07-30,A,4.0,5,3,0
2007-07-30,A,4.0,6,3,0
2007-07-30,A,4.0,7,2,6
2007-07-30,A,4.0,8,2,7
2007-07-30,A,4.0,9,2,7
2007-07-30,A,4.0,10,2,7
2007-07-30,A,4.0,11,2,7
2007-07-30,A,4.0,12,2,7
2007-07-31,A,1.0,4,9,21
2007-07-31,A,1.0,5,7,56
2007-07-31,A,1.0,6,0,412
2007-07-31,A,1.0,7,0,412
2007-07-31,A,1.0,8,0,412
2007-07-31,A,1.0,9,0,412
2007-07-31,A,1.0,10,0,412
2007-07-31,A,1.0,11,0,412
2007-07-31,A,1.0,12,0,412
2007-07-31,A,1.5,4,6,3
2007-07-31,A,1.5,5,6,9
2007-07-31,A,1.5,6,6,15
2007-07-31,A,1.5,7,5,30
2007-07-31,A,1.5,8,2,62
2007-07-31,A,1.5,9,4,90
2007-07-31,A,1.5,10,0,412
2007-07-31,A,1.5,11,0,412
2007-07-31,A,1.5,12,0,412
2007-07-31,A,2.0,4,6,2
2007-07-31,A,2.0,5,6,7
2007-07-31,A,2.0,6,6,9
2007-07-31,A,2.0,7,5,19
2007-07-31,A,2.0,8,4,33
2007-07-31,A,2.0,9,3,44
2007-07-31,A,2.0,10,2,56
2007-07-31,A,2.0,11,3,60
2007-07-31,A,2.0,12,2,94
2007-07-31,A,2.5,4,3,2
2007-07-31,A,2.5,5,3,6
2007-07-31,A,2.5,6,4,6
2007-07-31,A,2.5,7,4,6
2007-07-31,A,2.5,8,4,7
2007-07-31,A,2.5,9,4,20
2007-07-31,A,2.5,10,4,23
2007-07-31,A,2.5,11,2,48
2007-07-31,A,2.5,12,2,49
2007-07-31,A,3.0,4,3,1
2007-07-31,A,3.0,5,2,5
2007-07-31,A,3.0,6,2,5
2007-07-31,A,3.0,7,2,5
2007-07-31,A,3.0,8,2,5
2007-07-31,A,3.0,9,2,5
2007-07-31,A,3.0,10,2,6
2007-07-31,A,3.0,11,2,15
2007-07-31,A,3.0,12,3,28
2007-07-31,A,3.5,4,3,0
2007-07-31,A,3.5,5,2,4
2007-07-31,A,3.5,6,2,4
2007-07-31,A,3.5,7,2,4
2007-07-31,A,3.5,8,2,4
2007-07-31,A,3.5,9,2,4
2007-07-31,A,3.5,10,2,4
2007-07-31,A,3.5,11,2,5
2007-07-31,A,3.5,12,2,6
2007-07-31,A,4.0,4,3,0
2007-07-31,A,4.0,5,2,4
2007-07-31,A,4.0,6,2,4
2007-07-31,A,4.0,7,2,4
2007-07-31,A,4.0,8,2,4
2007-07-31,A,4.0,9,2,4
2007-07-31,A,4.0,10,2,4
2007-07-31,A,4.0,11,2,4
2007-07-31,A,4.0,12,2,4
2007-08-01,A,1.0,4,9,14
2007-08-01,A,1.0,5,8,69
2007-08-01,A,1.0,6,0,380
2007-08-01,A,1.0,7,0,380
2007-08-01,A,1.0,8,0,380
2007-08-01,A,1.0,9,0,380
2007-08-01,A,1.0,10,0,380
2007-08-01,A,1.0,11,0,380
2007-08-01,A,1.0,12,0,380
2007-08-01,A,1.5,4,4,1
2007-08-01,A,1.5,5,5,5
2007-08-01,A,1.5,6,4,20
2007-08-01,A,1.5,7,6,27
2007-08-01,A,1.5,8,4,64
2007-08-01,A,1.5,9,5,105
2007-08-01,A,1.5,10,0,380
2007-08-01,A,1.5,11,0,380
2007-08-01,A,1.5,12,0,380
2007-08-01,A,2.0,4,3,1
2007-08-01,A,2.0,5,4,1
2007-08-01,A,2.0,6,3,10
2007-08-01,A,2.0,7,3,19
2007-08-01,A,2.0,8,1,35
2007-08-01,A,2.0,9,2,38
2007-08-01,A,2.0,10,2,54
2007-08-01,A,2.0,11,4,65
2007-08-01,A,2.0,12,4,107
2007-08-01,A,2.5,4,2,1
2007-08-01,A,2.5,5,2,1
2007-08-01,A,2.5,6,1,6
2007-08-01,A,2.5,7,2,6
2007-08-01,A,2.5,8,2,6
2007-08-01,A,2.5,9,2,18
2007-08-01,A,2.5,10,1,31
2007-08-01,A,2.5,11,1,32
2007-08-01,A,2.5,12,1,33
2007-08-01,A,3.0,4,2,1
2007-08-01,A,3.0,5,2,1
2007-08-01,A,3.0,6,1,6
2007-08-01,A,3.0,7,1,6
2007-08-01,A,3.0,8,1,6
2007-08-01,A,3.0,9,1,6
2007-08-01,A,3.0,10,1,6
2007-08-01,A,3.0,11,1,9
2007-08-01,A,3.0,12,1,25
2007-08-01,A,3.5,4,2,1
2007-08-01,A,3.5,5,2,1
2007-08-01,A,3.5,6,1,6
2007-08-01,A,3.5,7,1,6
2007-08-01,A,3.5,8,1,6
2007-08-01,A,3.5,9,1,6
2007-08-01,A,3.5,10,1,6
2007-08-01,A,3.5,11,1,6
2007-08-01,A,3.5,12,1,10
2007-08-01,A,4.0,4,2,1
2007-08-01,A,4.0,5,2,1
2007-08-01,A,4.0,6,1,6
2007-08-01,A,4.0,7,1,6
2007-08-01,A,4.0,8,1,6
2007-08-01,A,4.0,9,1,6
2007-08-01,A,4.0,10,1,6
2007-08-01,A,4.0,11,1,6
2007-08-01,A,4.0,12,1,6
2010-06-18,A,1.0,4,5,14
2010-06-18,A,1.0,5,6,36
2010-06-18,A,1.0,6,0,388
2010-06-18,A,1.0,7,0,388
2010-06-18,A,1.0,8,0,388
2010-06-18,A,1.0,9,0,388
2010-06-18,A,1.0,10,0,388
2010-06-18,A,1.0,11,0,388
2010-06-18,A,1.0,12,0,388
2010-06-18,A,1.5,4,5,4
2010-06-18,A,1.5,5,5,5
2010-06-18,A,1.5,6,5,12
2010-06-18,A,1.5,7,5,15
2010-06-18,A,1.5,8,5,34
2010-06-18,A,1.5,9,4,62
2010-06-18,A,1.5,10,0,388
2010-06-18,A,1.5,11,0,388
2010-06-18,A,1.5,12,0,388
2010-06-18,A,2.0,4,5,4
2010-06-18,A,2.0,5,5,4
2010-06-18,A,2.0,6,5,4
2010-06-18,A,2.0,7,5,8
2010-06-18,A,2.0,8,5,9
2010-06-18,A,2.0,9,5,12
2010-06-18,A,2.0,10,5,18
2010-06-18,A,2.0,11,5,27
2010-06-18,A,2.0,12,4,62
2010-06-18,A,2.5,4,5,2
2010-06-18,A,2.5,5,5,2
2010-06-18,A,2.5,6,5,2
2010-06-18,A,2.5,7,5,3
2010-06-18,A,2.5,8,5,3
2010-06-18,A,2.5,9,5,3
2010-06-18,A,2.5,10,5,4
2010-06-18,A,2.5,11,5,5
2010-06-18,A,2.5,12,5,7
2010-06-18,A,3.0,4,5,1
2010-06-18,A,3.0,5,5,1
2010-06-18,A,3.0,6,5,1
2010-06-18,A,3.0,7,5,1
2010-06-18,A,3.0,8,5,1
2010-06-18,A,3.0,9,5,1
2010-06-18,A,3.0,10,5,1
2010-06-18,A,3.0,11,5,1
2010-06-18,A,3.0,12,5,1
2010-06-18,A,3.5,4,5,1
2010-06-18,A,3.5,5,5,1
2010-06-18,A,3.5,6,5,1
2010-06-18,A,3.5,7,5,1
2010-06-18,A,3.5,8,5,1
2010-06-18,A,3.5,9,5,1
2010-06-18,A,3.5,10,5,1
2010-06-18,A,3.5,11,5,1
2010-06-18,A,3.5,12,5,1
2010-06-18,A,4.0,4,5,1
2010-06-18,A,4.0,5,5,1
2010-06-18,A,4.0,6,5,1
2010-06-18,A,4.0,7,5,1
2010-06-18,A,4.0,8,5,1
2010-06-18,A,4.0,9,5,1
2010-06-18,A,4.0,10,5,1
2010-06-18,A,4.0,11,5,1
2010-06-18,A,4.0,12,5,1
2010-06-19,A,1.0,4,7,20
2010-06-19,A,1.0,5,7,56
2010-06-19,A,1.0,6,0,444
2010-06-19,A,1.0,7,0,444
2010-06-19,A,1.0,8,0,444
2010-06-19,A,1.0,9,0,444
2010-06-19,A,1.0,10,0,444
2010-06-19,A,1.0,11,0,444
2010-06-19,A,1.0,12,0,444
2010-06-19,A,1.5,4,5,9
2010-06-19,A,1.5,5,5,12
2010-06-19,A,1.5,6,5,23
2010-06-19,A,1.5,7,5,30
2010-06-19,A,1.5,8,4,54
2010-06-19,A,1.5,9,5,80
2010-06-19,A,1.5,10,0,444
2010-06-19,A,1.5,11,0,444
2010-06-19,A,1.5,12,0,444
2010-06-19,A,2.0,4,5,6
2010-06-19,A,2.0,5,5,7
2010-06-19,A,2.0,6,5,9
2010-06-19,A,2.0,7,5,11
2010-06-19,A,2.0,8,5,17
2010-06-19,A,2.0,9,4,30
2010-06-19,A,2.0,10,4,38
2010-06-19,A,2.0,11,4,50
2010-06-19,A,2.0,12,4,79
2010-06-19,A,2.5,4,4,5
2010-06-19,A,2.5,5,4,5
2010-06-19,A,2.5,6,4,5
2010-06-19,A,2.5,7,4,5
2010-06-19,A,2.5,8,5,5
2010-06-19,A,2.5,9,5,5
2010-06-19,A,2.5,10,5,7
2010-06-19,A,2.5,11,5,11
2010-06-19,A,2.5,12,4,21
2010-06-19,A,3.0,4,4,3
2010-06-19,A,3.0,5,4,3
2010-06-19,A,3.0,6,4,3
2010-06-19,A,3.0,7,4,3
2010-06-19,A,3.0,8,4,3
2010-06-19,A,3.0,9,4,3
2010-06-19,A,3.0,10,4,4
2010-06-19,A,3.0,11,4,4
2010-06-19,A,3.0,12,4,4
2010-06-19,A,3.5,4,4,3
2010-06-19,A,3.5,5,4,3
2010-06-19,A,3.5,6,4,3
2010-06-19,A,3.5,7,4,3
2010-06-19,A,3.5,8,4,3
2010-06-19,A,3.5,9,4,3
2010-06-19,A,3.5,10,4,3
2010-06-19,A,3.5,11,4,4
2010-06-19,A,3.5,12,4,4
2010-06-19,A,4.0,4,4,1
2010-06-19,A,4.0,5,4,1
2010-06-19,A,4.0,6,4,1
2010-06-19,A,4.0,7,4,2
2010-06-19,A,4.0,8,4,2
2010-06-19,A,4.0,9,4,2
2010-06-19,A,4.0,10,4,2
2010-06-19,A,4.0,11,4,2
2010-06-19,A,4.0,12,4,2
2010-06-20,A,1.0,4,8,14
2010-06-20,A,1.0,5,8,49
2010-06-20,A,1.0,6,0,502
2010-06-20,A,1.0,7,0,502
2010-06-20,A,1.0,8,0,502
2010-06-20,A,1.0,9,0,502
2010-06-20,A,1.0,10,0,502
2010-06-20,A,1.0,11,0,502
2010-06-20,A,1.0,12,0,502
2010-06-20,A,1.5,4,4,8
2010-06-20,A,1.5,5,4,11
2010-06-20,A,1.5,6,4,18
2010-06-20,A,1.5,7,4,25
2010-06-20,A,1.5,8,4,43
2010-06-20,A,1.5,9,5,79
2010-06-20,A,1.5,10,0,502
2010-06-20,A,1.5,11,0,502
2010-06-20,A,1.5,12,0,502
2010-06-20,A,2.0,4,3,5
2010-06-20,A,2.0,5,3,5
2010-06-20,A,2.0,6,3,7
2010-06-20,A,2.0,7,3,16
2010-06-20,A,2.0,8,3,17
2010-06-20,A,2.0,9,4,25
2010-06-20,A,2.0,10,4,34
2010-06-20,A,2.0,11,4,48
2010-06-20,A,2.0,12,3,84
2010-06-20,A,2.5,4,3,5
2010-06-20,A,2.5,5,3,5
2010-06-20,A,2.5,6,3,5
2010-06-20,A,2.5,7,3,6
2010-06-20,A,2.5,8,3,9
2010-06-20,A,2.5,9,3,10
2010-06-20,A,2.5,10,3,15
2010-06-20,A,2.5,11,3,18
2010-06-20,A,2.5,12,3,21
2010-06-20,A,3.0,4,3,3
2010-06-20,A,3.0,5,3,3
2010-06-20,A,3.0,6,3,3
2010-06-20,A,3.0,7,3,3
2010-06-20,A,3.0,8,3,3
2010-06-20,A,3.0,9,3,6
2010-06-20,A,3.0,10,3,7
2010-06-20,A,3.0,11,3,8
2010-06-20,A,3.0,12,3,9
2010-06-20,A,3.5,4,3,1
2010-06-20,A,3.5,5,3,2
2010-06-20,A,3.5,6,3,2
2010-06-20,A,3.5,7,3,2
2010-06-20,A,3.5,8,3,2
2010-06-20,A,3.5,9,3,2
2010-06-20,A,3.5,10,3,2
2010-06-20,A,3.5,11,3,3
2010-06-20,A,3.5,12,3,6
2010-06-20,A,4.0,4,3,1
2010-06-20,A,4.0,5,3,1
2010-06-20,A,4.0,6,3,1
2010-06-20,A,4.0,7,3,1
2010-06-20,A,4.0,8,3,1
2010-06-20,A,4.0,9,3,1
2010-06-20,A,4.0,10,3,1
2010-06-20,A,4.0,11,3,1
2010-06-20,A,4.0,12,3,1
2010-06-21,A,1.0,4,8,16
2010-06-21,A,1.0,5,12,48
2010-06-21,A,1.0,6,0,462
2010-06-21,A,1.0,7,0,462
2010-06-21,A,1.0,8,0,462
2010-06-21,A,1.0,9,0,462
2010-06-21,A,1.0,10,0,462
2010-06-21,A,1.0,11,0,462
2010-06-21,A,1.0,12,0,462
2010-06-21,A,1.5,4,4,10
2010-06-21,A,1.5,5,4,11
2010-06-21,A,1.5,6,4,19
2010-06-21,A,1.5,7,3,28
2010-06-21,A,1.5,8,5,50
2010-06-21,A,1.5,9,6,92
2010-06-21,A,1.5,10,0,462
2010-06-21,A,1.5,11,0,462
2010-06-21,A,1.5,12,0,462
2010-06-21,A,2.0,4,4,5
2010-06-21,A,2.0,5,3,9
2010-06-21,A,2.0,6,3,10
2010-06-21,A,2.0,7,3,16
2010-06-21,A,2.0,8,3,22
2010-06-21,A,2.0,9,4,26
2010-06-21,A,2.0,10,5,34
2010-06-21,A,2.0,11,5,53
2010-06-21,A,2.0,12,4,87
2010-06-21,A,2.5,4,3,3
2010-06-21,A,2.5,5,3,3
2010-06-21,A,2.5,6,3,5
2010-06-21,A,2.5,7,3,6
2010-06-21,A,2.5,8,3,9
2010-06-21,A,2.5,9,3,11
2010-06-21,A,2.5,10,3,16
2010-06-21,A,2.5,11,3,20
2010-06-21,A,2.5,12,4,22
2010-06-21,A,3.0,4,3,2
2010-06-21,A,3.0,5,3,2
2010-06-21,A,3.0,6,3,4
2010-06-21,A,3.0,7,3,4
2010-06-21,A,3.0,8,3,4
2010-06-21,A,3.0,9,3,6
2010-06-21,A,3.0,10,3,8
2010-06-21,A,3.0,11,3,8
2010-06-21,A,3.0,12,3,12
2010-06-21,A,3.5,4,3,1
2010-06-21,A,3.5,5,3,1
2010-06-21,A,3.5,6,3,1
2010-06-21,A,3.5,7,3,1
2010-06-21,A,3.5,8,3,2
2010-06-21,A,3.5,9,3,2
2010-06-21,A,3.5,10,3,2
2010-06-21,A,3.5,11,3,6
2010-06-21,A,3.5,12,3,7
2010-06-21,A,4.0,4,2,1
2010-06-21,A,4.0,5,2,1
2010-06-21,A,4.0,6,2,1
2010-06-21,A,4.0,7,2,1
2010-06-21,A,4.0,8,2,1
2010-06-21,A,4.0,9,2,2
2010-06-21,A,4.0,10,2,2
2010-06-21,A,4.0,11,2,2
2010-06-21,A,4.0,12,2,2
2010-06-22,A,1.0,4,7,22
2010-06-22,A,1.0,5,11,50
2010-06-22,A,1.0,6,0,394
2010-06-22,A,1.0,7,0,394
2010-06-22,A,1.0,8,0,394
2010-06-22,A,1.0,9,0,394
2010-06-22,A,1.0,10,0,394
2010-06-22,A,1.0,11,0,394
2010-06-22,A,1.0,12,0,394
2010-06-22,A,1.5,4,6,6
2010-06-22,A,1.5,5,3,22
2010-06-22,A,1.5,6,3,28
2010-06-22,A,1.5,7,3,32
2010-06-22,A,1.5,8,6,49
2010-06-22,A,1.5,9,5,92
2010-06-22,A,1.5,10,0,394
2010-06-22,A,1.5,11,0,394
2010-06-22,A,1.5,12,0,394
2010-06-22,A,2.0,4,4,3
2010-06-22,A,2.0,5,4,7
2010-06-22,A,2.0,6,3,15
2010-06-22,A,2.0,7,3,19
2010-06-22,A,2.0,8,3,26
2010-06-22,A,2.0,9,3,29
2010-06-22,A,2.0,10,4,44
2010-06-22,A,2.0,11,3,72
2010-06-22,A,2.0,12,3,82
2010-06-22,A,2.5,4,4,2
2010-06-22,A,2.5,5,4,2
2010-06-22,A,2.5,6,4,4
2010-06-22,A,2.5,7,3,13
2010-06-22,A,2.5,8,3,14
2010-06-22,A,2.5,9,3,14
2010-06-22,A,2.5,10,3,19
2010-06-22,A,2.5,11,3,21
2010-06-22,A,2.5,12,3,26
2010-06-22,A,3.0,4,3,2
2010-06-22,A,3.0,5,3,2
2010-06-22,A,3.0,6,3,2
2010-06-22,A,3.0,7,4,2
2010-06-22,A,3.0,8,4,3
2010-06-22,A,3.0,9,3,11
2010-06-22,A,3.0,10,3,11
2010-06-22,A,3.0,11,3,11
2010-06-22,A,3.0,12,3,11
2010-06-22,A,3.5,4,3,2
2010-06-22,A,3.5,5,3,2
2010-06-22,A,3.5,6,3,2
2010-06-22,A,3.5,7,3,2
2010-06-22,A,3.5,8,3,2
2010-06-22,A,3.5,9,3,2
2010-06-22,A,3.5,10,3,2
2010-06-22,A,3.5,11,3,2
2010-06-22,A,3.5,12,3,10
2010-06-22,A,4.0,4,2,2
2010-06-22,A,4.0,5,2,2
2010-06-22,A,4.0,6,2,2
2010-06-22,A,4.0,7,2,2
2010-06-22,A,4.0,8,2,2
2010-06-22,A,4.0,9,2,2
2010-06-22,A,4.0,10,2,2
2010-06-22,A,4.0,11,2,2
2010-06-22,A,4.0,12,2,2
2010-07-08,A,1.0,4,6,31
2010-07-08,A,1.0,5,8,71
2010-07-08,A,1.0,6,0,403
2010-07-08,A,1.0,7,0,403
2010-07-08,A,1.0,8,0,403
2010-07-08,A,1.0,9,0,403
2010-07-08,A,1.0,10,0,403
2010-07-08,A,1.0,11,0,403
2010-07-08,A,1.0,12,0,403
2010-07-08,A,1.5,4,3,14
2010-07-08,A,1.5,5,3,20
2010-07-08,A,1.5,6,3,33
2010-07-08,A,1.5,7,4,46
2010-07-08,A,1.5,8,6,62
2010-07-08,A,1.5,9,5,113
2010-07-08,A,1.5,10,0,403
2010-07-08,A,1.5,11,0,403
2010-07-08,A,1.5,12,0,403
2010-07-08,A,2.0,4,3,12
2010-07-08,A,2.0,5,3,13
2010-07-08,A,2.0,6,3,19
2010-07-08,A,2.0,7,2,28
2010-07-08,A,2.0,8,1,35
2010-07-08,A,2.0,9,2,38
2010-07-08,A,2.0,10,4,49
2010-07-08,A,2.0,11,4,78
2010-07-08,A,2.0,12,3,97
2010-07-08,A,2.5,4,2,5
2010-07-08,A,2.5,5,3,6
2010-07-08,A,2.5,6,3,10
2010-07-08,A,2.5,7,3,10
2010-07-08,A,2.5,8,3,12
2010-07-08,A,2.5,9,1,31
2010-07-08,A,2.5,10,1,32
2010-07-08,A,2.5,11,1,33
2010-07-08,A,2.5,12,1,34
2010-07-08,A,3.0,4,2,3
2010-07-08,A,3.0,5,2,3
2010-07-08,A,3.0,6,3,4
2010-07-08,A,3.0,7,3,6
2010-07-08,A,3.0,8,3,6
2010-07-08,A,3.0,9,3,8
2010-07-08,A,3.0,10,1,27
2010-07-08,A,3.0,11,1,28
2010-07-08,A,3.0,12,1,28
2010-07-08,A,3.5,4,1,3
2010-07-08,A,3.5,5,1,3
2010-07-08,A,3.5,6,2,3
2010-07-08,A,3.5,7,2,4
2010-07-08,A,3.5,8,3,5
2010-07-08,A,3.5,9,3,6
2010-07-08,A,3.5,10,2,15
2010-07-08,A,3.5,11,1,25
2010-07-08,A,3.5,12,1,26
2010-07-08,A,4.0,4,1,2
2010-07-08,A,4.0,5,1,2
2010-07-08,A,4.0,6,1,2
2010-07-08,A,4.0,7,1,2
2010-07-08,A,4.0,8,1,3
2010-07-08,A,4.0,9,1,3
2010-07-08,A,4.0,10,1,3
2010-07-08,A,4.0,11,1,13
2010-07-08,A,4.0,12,1,13
2010-07-09,A,1.0,4,4,20
2010-07-09,A,1.0,5,4,48
2010-07-09,A,1.0,6,0,424
2010-07-09,A,1.0,7,0,424
2010-07-09,A,1.0,8,0,424
2010-07-09,A,1.0,9,0,424
2010-07-09,A,1.0,10,0,424
2010-07-09,A,1.0,11,0,424
2010-07-09,A,1.0,12,0,424
2010-07-09,A,1.5,4,2,7
2010-07-09,A,1.5,5,2,11
2010-07-09,A,1.5,6,2,23
2010-07-09,A,1.5,7,3,29
2010-07-09,A,1.5,8,2,45
2010-07-09,A,1.5,9,1,69
2010-07-09,A,1.5,10,0,424
2010-07-09,A,1.5,11,0,424
2010-07-09,A,1.5,12,0,424
2010-07-09,A,2.0,4,2,3
2010-07-09,A,2.0,5,2,4
2010-07-09,A,2.0,6,2,10
2010-07-09,A,2.0,7,1,20
2010-07-09,A,2.0,8,1,20
2010-07-09,A,2.0,9,3,25
2010-07-09,A,2.0,10,1,43
2010-07-09,A,2.0,11,1,53
2010-07-09,A,2.0,12,1,57
2010-07-09,A,2.5,4,2,2
2010-07-09,A,2.5,5,2,2
2010-07-09,A,2.5,6,2,3
2010-07-09,A,2.5,7,2,3
2010-07-09,A,2.5,8,2,5
2010-07-09,A,2.5,9,1,16
2010-07-09,A,2.5,10,1,17
2010-07-09,A,2.5,11,1,20
2010-07-09,A,2.5,12,1,24
2010-07-09,A,3.0,4,2,2
2010-07-09,A,3.0,5,2,2
2010-07-09,A,3.0,6,2,2
2010-07-09,A,3.0,7,2,2
2010-07-09,A,3.0,8,2,2
2010-07-09,A,3.0,9,2,4
2010-07-09,A,3.0,10,1,14
2010-07-09,A,3.0,11,1,14
2010-07-09,A,3.0,12,1,14
2010-07-09,A,3.5,4,1,2
2010-07-09,A,3.5,5,1,2
2010-07-09,A,3.5,6,1,2
2010-07-09,A,3.5,7,1,2
2010-07-09,A,3.5,8,2,2
2010-07-09,A,3.5,9,2,2
2010-07-09,A,3.5,10,2,2
2010-07-09,A,3.5,11,1,12
2010-07-09,A,3.5,12,1,13
2010-07-09,A,4.0,4,1,2
2010-07-09,A,4.0,5,1,2
2010-07-09,A,4.0,6,1,2
2010-07-09,A,4.0,7,1,2
2010-07-09,A,4.0,8,1,2
2010-07-09,A,4.0,9,1,2
2010-07-09,A,4.0,10,1,2
2010-07-09,A,4.0,11,1,3
2010-07-09,A,4.0,12,1,3
2010-07-10,A,1.0,4,4,13
2010-07-10,A,1.0,5,5,41
2010-07-10,A,1.0,6,0,406
2010-07-10,A,1.0,7,0,406
2010-07-10,A,1.0,8,0,406
2010-07-10,A,1.0,9,0,406
2010-07-10,A,1.0,10,0,406
2010-07-10,A,1.0,11,0,406
2010-07-10,A,1.0,12,0,406
2010-07-10,A,1.5,4,2,4
2010-07-10,A,1.5,5,2,6
2010-07-10,A,1.5,6,2,18
2010-07-10,A,1.5,7,2,25
2010-07-10,A,1.5,8,2,33
2010-07-10,A,1.5,9,1,71
2010-07-10,A,1.5,10,0,406
2010-07-10,A,1.5,11,0,406
2010-07-10,A,1.5,12,0,406
2010-07-10,A,2.0,4,2,3
2010-07-10,A,2.0,5,2,3
2010-07-10,A,2.0,6,2,3
2010-07-10,A,2.0,7,1,15
2010-07-10,A,2.0,8,1,15
2010-07-10,A,2.0,9,2,19
2010-07-10,A,2.0,10,1,34
2010-07-10,A,2.0,11,2,43
2010-07-10,A,2.0,12,1,55
2010-07-10,A,2.5,4,2,3
2010-07-10,A,2.5,5,2,3
2010-07-10,A,2.5,6,2,3
2010-07-10,A,2.5,7,2,4
2010-07-10,A,2.5,8,2,4
2010-07-10,A,2.5,9,1,12
2010-07-10,A,2.5,10,1,13
2010-07-10,A,2.5,11,1,14
2010-07-10,A,2.5,12,1,14
2010-07-10,A,3.0,4,2,3
2010-07-10,A,3.0,5,2,3
2010-07-10,A,3.0,6,2,3
2010-07-10,A,3.0,7,2,3
2010-07-10,A,3.0,8,2,3
2010-07-10,A,3.0,9,1,11
2010-07-10,A,3.0,10,1,11
2010-07-10,A,3.0,11,1,11
2010-07-10,A,3.0,12,1,11
2010-07-10,A,3.5,4,2,3
2010-07-10,A,3.5,5,2,3
2010-07-10,A,3.5,6,2,3
2010-07-10,A,3.5,7,2,3
2010-07-10,A,3.5,8,2,3
2010-07-10,A,3.5,9,1,11
2010-07-10,A,3.5,10,1,11
2010-07-10,A,3.5,11,1,11
2010-07-10,A,3.5,12,1,11
2010-07-10,A,4.0,4,1,2
2010-07-10,A,4.0,5,1,2
2010-07-10,A,4.0,6,1,2
2010-07-10,A,4.0,7,1,2
2010-07-10,A,4.0,8,1,2
2010-07-10,A,4.0,9,1,9
2010-07-10,A,4.0,10,1,9
2010-07-10,A,4.0,11,1,9
2010-07-10,A,4.0,12,1,9
2010-07-11,A,1.0,4,2,21
2010-07-11,A,1.0,5,1,49
2010-07-11,A,1.0,6,0,426
2010-07-11,A,1.0,7,0,426
2010-07-11,A,1.0,8,0,426
2010-07-11,A,1.0,9,0,426
2010-07-11,A,1.0,10,0,426
2010-07-11,A,1.0,11,0,426
2010-07-11,A,1.0,12,0,426
2010-07-11,A,1.5,4,3,5
2010-07-11,A,1.5,5,3,10
2010-07-11,A,1.5,6,2,19
2010-07-11,A,1.5,7,2,29
2010-07-11,A,1.5,8,1,41
2010-07-11,A,1.5,9,1,55
2010-07-11,A,1.5,10,0,426
2010-07-11,A,1.5,11,0,426
2010-07-11,A,1.5,12,0,426
2010-07-11,A,2.0,4,3,4
2010-07-11,A,2.0,5,2,8
2010-07-11,A,2.0,6,2,8
2010-07-11,A,2.0,7,2,12
2010-07-11,A,2.0,8,2,19
2010-07-11,A,2.0,9,1,31
2010-07-11,A,2.0,10,1,35
2010-07-11,A,2.0,11,1,40
2010-07-11,A,2.0,12,1,52
2010-07-11,A,2.5,4,4,0
2010-07-11,A,2.5,5,2,7
2010-07-11,A,2.5,6,2,7
2010-07-11,A,2.5,7,2,7
2010-07-11,A,2.5,8,2,7
2010-07-11,A,2.5,9,2,8
2010-07-11,A,2.5,10,2,9
2010-07-11,A,2.5,11,2,13
2010-07-11,A,2.5,12,1,26
2010-07-11,A,3.0,4,3,0
2010-07-11,A,3.0,5,2,7
2010-07-11,A,3.0,6,2,7
2010-07-11,A,3.0,7,2,7
2010-07-11,A,3.0,8,2,7
2010-07-11,A,3.0,9,2,7
2010-07-11,A,3.0,10,2,7
2010-07-11,A,3.0,11,2,7
2010-07-11,A,3.0,12,1,21
2010-07-11,A,3.5,4,3,0
2010-07-11,A,3.5,5,2,5
2010-07-11,A,3.5,6,2,5
2010-07-11,A,3.5,7,2,7
2010-07-11,A,3.5,8,2,7
2010-07-11,A,3.5,9,2,7
2010-07-11,A,3.5,10,2,7
2010-07-11,A,3.5,11,2,7
2010-07-11,A,3.5,12,2,7
2010-07-11,A,4.0,4,2,0
2010-07-11,A,4.0,5,2,0
2010-07-11,A,4.0,6,2,2
2010-07-11,A,4.0,7,2,2
2010-07-11,A,4.0,8,2,3
2010-07-11,A,4.0,9,2,3
2010-07-11,A,4.0,10,2,4
2010-07-11,A,4.0,11,2,4
2010-07-11,A,4.0,12,2,4
2010-07-12,A,1.0,4,5,12
2010-07-12,A,1.0,5,2,54
2010-07-12,A,1.0,6,0,386
2010-07-12,A,1.0,7,0,386
2010-07-12,A,1.0,8,0,386
2010-07-12,A,1.0,9,0,386
2010-07-12,A,1.0,10,0,386
2010-07-12,A,1.0,11,0,386
2010-07-12,A,1.0,12,0,386
2010-07-12,A,1.5,4,1,5
2010-07-12,A,1.5,5,3,5
2010-07-12,A,1.5,6,2,17
2010-07-12,A,1.5,7,2,30
2010-07-12,A,1.5,8,1,52
2010-07-12,A,1.5,9,1,64
2010-07-12,A,1.5,10,0,386
2010-07-12,A,1.5,11,0,386
2010-07-12,A,1.5,12,0,386
2010-07-12,A,2.0,4,1,5
2010-07-12,A,2.0,5,1,5
2010-07-12,A,2.0,6,1,5
2010-07-12,A,2.0,7,1,13
2010-07-12,A,2.0,8,2,16
2010-07-12,A,2.0,9,2,24
2010-07-12,A,2.0,10,2,30
2010-07-12,A,2.0,11,1,51
2010-07-12,A,2.0,12,1,66
2010-07-12,A,2.5,4,2,1
2010-07-12,A,2.5,5,1,4
2010-07-12,A,2.5,6,1,4
2010-07-12,A,2.5,7,1,4
2010-07-12,A,2.5,8,1,5
2010-07-12,A,2.5,9,2,5
2010-07-12,A,2.5,10,1,13
2010-07-12,A,2.5,11,1,13
2010-07-12,A,2.5,12,2,17
2010-07-12,A,3.0,4,1,1
2010-07-12,A,3.0,5,1,4
2010-07-12,A,3.0,6,1,4
2010-07-12,A,3.0,7,1,4
2010-07-12,A,3.0,8,1,4
2010-07-12,A,3.0,9,1,4
2010-07-12,A,3.0,10,1,5
2010-07-12,A,3.0,11,1,9
2010-07-12,A,3.0,12,1,9
2010-07-12,A,3.5,4,1,1
2010-07-12,A,3.5,5,1,2
2010-07-12,A,3.5,6,1,4
2010-07-12,A,3.5,7,1,4
2010-07-12,A,3.5,8,1,4
2010-07-12,A,3.5,9,1,4
2010-07-12,A,3.5,10,1,4
2010-07-12,A,3.5,11,1,4
2010-07-12,A,3.5,12,1,4
2010-07-12,A,4.0,4,1,1
2010-07-12,A,4.0,5,1,1
2010-07-12,A,4.0,6,1,1
2010-07-12,A,4.0,7,1,2
2010-07-12,A,4.0,8,1,2
2010-07-12,A,4.0,9,1,3
2010-07-12,A,4.0,10,1,3
2010-07-12,A,4.0,11,1,3
2010-07-12,A,4.0,12,1,3
2010-07-13,A,1.0,4,5,19
2010-07-13,A,1.0,5,6,58
2010-07-13,A,1.0,6,0,408
2010-07-13,A,1.0,7,0,408
2010-07-13,A,1.0,8,0,408
2010-07-13,A,1.0,9,0,408
2010-07-13,A,1.0,10,0,408
2010-07-13,A,1.0,11,0,408
2010-07-13,A,1.0,12,0,408
2010-07-13,A,1.5,4,2,8
2010-07-13,A,1.5,5,4,8
2010-07-13,A,1.5,6,3,17
2010-07-13,A,1.5,7,2,31
2010-07-13,A,1.5,8,2,58
2010-07-13,A,1.5,9,3,73
2010-07-13,A,1.5,10,0,408
2010-07-13,A,1.5,11,0,408
2010-07-13,A,1.5,12,0,408
2010-07-13,A,2.0,4,1,8
2010-07-13,A,2.0,5,2,8
2010-07-13,A,2.0,6,2,8
2010-07-13,A,2.0,7,2,10
2010-07-13,A,2.0,8,3,15
2010-07-13,A,2.0,9,2,26
2010-07-13,A,2.0,10,3,38
2010-07-13,A,2.0,11,2,64
2010-07-13,A,2.0,12,1,86
2010-07-13,A,2.5,4,2,4
2010-07-13,A,2.5,5,1,7
2010-07-13,A,2.5,6,1,7
2010-07-13,A,2.5,7,1,7
2010-07-13,A,2.5,8,1,8
2010-07-13,A,2.5,9,2,10
2010-07-13,A,2.5,10,2,10
2010-07-13,A,2.5,11,1,21
2010-07-13,A,2.5,12,2,23
2010-07-13,A,3.0,4,1,4
2010-07-13,A,3.0,5,1,7
2010-07-13,A,3.0,6,1,7
2010-07-13,A,3.0,7,1,7
2010-07-13,A,3.0,8,1,7
2010-07-13,A,3.0,9,1,7
2010-07-13,A,3.0,10,1,7
2010-07-13,A,3.0,11,1,7
2010-07-13,A,3.0,12,1,7
2010-07-13,A,3.5,4,1,4
2010-07-13,A,3.5,5,1,5
2010-07-13,A,3.5,6,1,7
2010-07-13,A,3.5,7,1,7
2010-07-13,A,3.5,8,1,7
2010-07-13,A,3.5,9,1,7
2010-07-13,A,3.5,10,1,7
2010-07-13,A,3.5,11,1,7
2010-07-13,A,3.5,12,1,7
2010-07-13,A,4.0,4,1,4
2010-07-13,A,4.0,5,1,4
2010-07-13,A,4.0,6,1,5
2010-07-13,A,4.0,7,1,5
2010-07-13,A,4.0,8,1,6
2010-07-13,A,4.0,9,1,6
2010-07-13,A,4.0,10,1,6
2010-07-13,A,4.0,11,1,6
2010-07-13,A,4.0,12,1,6
2010-07-16,A,1.0,4,6,22
2010-07-16,A,1.0,5,5,46
2010-07-16,A,1.0,6,0,377
2010-07-16,A,1.0,7,0,377
2010-07-16,A,1.0,8,0,377
2010-07-16,A,1.0,9,0,377
2010-07-16,A,1.0,10,0,377
2010-07-16,A,1.0,11,0,377
2010-07-16,A,1.0,12,0,377
2010-07-16,A,1.5,4,4,11
2010-07-16,A,1.5,5,4,12
2010-07-16,A,1.5,6,5,15
2010-07-16,A,1.5,7,4,23
2010-07-16,A,1.5,8,3,43
2010-07-16,A,1.5,9,4,72
2010-07-16,A,1.5,10,0,377
2010-07-16,A,1.5,11,0,377
2010-07-16,A,1.5,12,0,377
2010-07-16,A,2.0,4,4,9
2010-07-16,A,2.0,5,4,9
2010-07-16,A,2.0,6,4,11
2010-07-16,A,2.0,7,4,15
2010-07-16,A,2.0,8,4,19
2010-07-16,A,2.0,9,3,31
2010-07-16,A,2.0,10,3,33
2010-07-16,A,2.0,11,2,50
2010-07-16,A,2.0,12,2,59
2010-07-16,A,2.5,4,4,8
2010-07-16,A,2.5,5,4,8
2010-07-16,A,2.5,6,4,8
2010-07-16,A,2.5,7,4,8
2010-07-16,A,2.5,8,4,8
2010-07-16,A,2.5,9,3,17
2010-07-16,A,2.5,10,3,18
2010-07-16,A,2.5,11,3,22
2010-07-16,A,2.5,12,3,25
2010-07-16,A,3.0,4,4,8
2010-07-16,A,3.0,5,4,8
2010-07-16,A,3.0,6,4,8
2010-07-16,A,3.0,7,4,8
2010-07-16,A,3.0,8,4,8
2010-07-16,A,3.0,9,3,16
2010-07-16,A,3.0,10,3,16
2010-07-16,A,3.0,11,3,17
2010-07-16,A,3.0,12,3,17
2010-07-16,A,3.5,4,3,8
2010-07-16,A,3.5,5,3,8
2010-07-16,A,3.5,6,3,8
2010-07-16,A,3.5,7,3,8
2010-07-16,A,3.5,8,3,8
2010-07-16,A,3.5,9,3,8
2010-07-16,A,3.5,10,3,15
2010-07-16,A,3.5,11,3,15
2010-07-16,A,3.5,12,3,15
2010-07-16,A,4.0,4,2,7
2010-07-16,A,4.0,5,2,7
2010-07-16,A,4.0,6,2,7
2010-07-16,A,4.0,7,2,7
2010-07-16,A,4.0,8,2,7
2010-07-16,A,4.0,9,2,7
2010-07-16,A,4.0,10,2,7
2010-07-16,A,4.0,11,2,7
2010-07-16,A,4.0,12,2,12
2010-07-17,A,1.0,4,8,23
2010-07-17,A,1.0,5,7,61
2010-07-17,A,1.0,6,0,406
2010-07-17,A,1.0,7,0,406
2010-07-17,A,1.0,8,0,406
2010-07-17,A,1.0,9,0,406
2010-07-17,A,1.0,10,0,406
2010-07-17,A,1.0,11,0,406
2010-07-17,A,1.0,12,0,406
2010-07-17,A,1.5,4,8,6
2010-07-17,A,1.5,5,7,18
2010-07-17,A,1.5,6,7,22
2010-07-17,A,1.5,7,5,39
2010-07-17,A,1.5,8,5,50
2010-07-17,A,1.5,9,6,78
2010-07-17,A,1.5,10,0,406
2010-07-17,A,1.5,11,0,406
2010-07-17,A,1.5,12,0,406
2010-07-17,A,2.0,4,8,4
2010-07-17,A,2.0,5,6,13
2010-07-17,A,2.0,6,6,17
2010-07-17,A,2.0,7,6,23
2010-07-17,A,2.0,8,5,35
2010-07-17,A,2.0,9,5,38
2010-07-17,A,2.0,10,4,52
2010-07-17,A,2.0,11,4,64
2010-07-17,A,2.0,12,3,89
2010-07-17,A,2.5,4,8,3
2010-07-17,A,2.5,5,6,11
2010-07-17,A,2.5,6,6,11
2010-07-17,A,2.5,7,5,17
2010-07-17,A,2.5,8,5,18
2010-07-17,A,2.5,9,5,18
2010-07-17,A,2.5,10,5,20
2010-07-17,A,2.5,11,5,29
2010-07-17,A,2.5,12,4,43
2010-07-17,A,3.0,4,7,3
2010-07-17,A,3.0,5,5,11
2010-07-17,A,3.0,6,5,11
2010-07-17,A,3.0,7,5,17
2010-07-17,A,3.0,8,5,17
2010-07-17,A,3.0,9,5,17
2010-07-17,A,3.0,10,5,18
2010-07-17,A,3.0,11,5,18
2010-07-17,A,3.0,12,5,21
2010-07-17,A,3.5,4,7,3
2010-07-17,A,3.5,5,5,11
2010-07-17,A,3.5,6,5,11
2010-07-17,A,3.5,7,4,17
2010-07-17,A,3.5,8,4,17
2010-07-17,A,3.5,9,4,17
2010-07-17,A,3.5,10,5,17
2010-07-17,A,3.5,11,5,17
2010-07-17,A,3.5,12,5,17
2010-07-17,A,4.0,4,4,2
2010-07-17,A,4.0,5,3,6
2010-07-17,A,4.0,6,3,6
2010-07-17,A,4.0,7,3,9
2010-07-17,A,4.0,8,3,9
2010-07-17,A,4.0,9,3,14
2010-07-17,A,4.0,10,3,14
2010-07-17,A,4.0,11,3,14
2010-07-17,A,4.0,12,3,14
2010-07-18,A,1.0,4,8,23
2010-07-18,A,1.0,5,10,52
2010-07-18,A,1.0,6,0,387
2010-07-18,A,1.0,7,0,387
2010-07-18,A,1.0,8,0,387
2010-07-18,A,1.0,9,0,387
2010-07-18,A,1.0,10,0,387
2010-07-18,A,1.0,11,0,387
2010-07-18,A,1.0,12,0,387
2010-07-18,A,1.5,4,7,8
2010-07-18,A,1.5,5,6,17
2010-07-18,A,1.5,6,6,22
2010-07-18,A,1.5,7,7,26
2010-07-18,A,1.5,8,7,49
2010-07-18,A,1.5,9,7,90
2010-07-18,A,1.5,10,0,387
2010-07-18,A,1.5,11,0,387
2010-07-18,A,1.5,12,0,387
2010-07-18,A,2.0,4,7,6
2010-07-18,A,2.0,5,5,15
2010-07-18,A,2.0,6,5,18
2010-07-18,A,2.0,7,6,21
2010-07-18,A,2.0,8,6,21
2010-07-18,A,2.0,9,5,35
2010-07-18,A,2.0,10,7,41
2010-07-18,A,2.0,11,7,55
2010-07-18,A,2.0,12,5,93
2010-07-18,A,2.5,4,6,4
2010-07-18,A,2.5,5,4,12
2010-07-18,A,2.5,6,4,12
2010-07-18,A,2.5,7,4,14
2010-07-18,A,2.5,8,5,15
2010-07-18,A,2.5,9,5,17
2010-07-18,A,2.5,10,5,19
2010-07-18,A,2.5,11,4,29
2010-07-18,A,2.5,12,4,30
2010-07-18,A,3.0,4,6,3
2010-07-18,A,3.0,5,4,11
2010-07-18,A,3.0,6,4,11
2010-07-18,A,3.0,7,4,12
2010-07-18,A,3.0,8,4,12
2010-07-18,A,3.0,9,4,12
2010-07-18,A,3.0,10,4,12
2010-07-18,A,3.0,11,5,15
2010-07-18,A,3.0,12,5,16
2010-07-18,A,3.5,4,5,2
2010-07-18,A,3.5,5,4,6
2010-07-18,A,3.5,6,4,9
2010-07-18,A,3.5,7,4,9
2010-07-18,A,3.5,8,4,9
2010-07-18,A,3.5,9,4,9
2010-07-18,A,3.5,10,4,9
2010-07-18,A,3.5,11,4,9
2010-07-18,A,3.5,12,4,9
2010-07-18,A,4.0,4,4,1
2010-07-18,A,4.0,5,3,5
2010-07-18,A,4.0,6,3,5
2010-07-18,A,4.0,7,3,5
2010-07-18,A,4.0,8,3,7
2010-07-18,A,4.0,9,3,7
2010-07-18,A,4.0,10,3,7
2010-07-18,A,4.0,11,3,7
2010-07-18,A,4.0,12,3,8
2010-08-01,A,1.0,4,5,13
2010-08-01,A,1.0,5,5,45
2010-08-01,A,1.0,6,0,378
2010-08-01,A,1.0,7,0,378
2010-08-01,A,1.0,8,0,378
2010-08-01,A,1.0,9,0,378
2010-08-01,A,1.0,10,0,378
2010-08-01,A,1.0,11,0,378
2010-08-01,A,1.0,12,0,378
2010-08-01,A,1.5,4,3,3
2010-08-01,A,1.5,5,3,5
2010-08-01,A,1.5,6,4,14
2010-08-01,A,1.5,7,2,32
2010-08-01,A,1.5,8,3,36
2010-08-01,A,1.5,9,3,73
2010-08-01,A,1.5,10,0,378
2010-08-01,A,1.5,11,0,378
2010-08-01,A,1.5,12,0,378
2010-08-01,A,2.0,4,2,3
2010-08-01,A,2.0,5,3,3
2010-08-01,A,2.0,6,3,4
2010-08-01,A,2.0,7,3,10
2010-08-01,A,2.0,8,2,25
2010-08-01,A,2.0,9,2,27
2010-08-01,A,2.0,10,3,31
2010-08-01,A,2.0,11,2,46
2010-08-01,A,2.0,12,3,60
2010-08-01,A,2.5,4,2,3
2010-08-01,A,2.5,5,2,3
2010-08-01,A,2.5,6,2,3
2010-08-01,A,2.5,7,3,3
2010-08-01,A,2.5,8,3,4
2010-08-01,A,2.5,9,3,7
2010-08-01,A,2.5,10,3,9
2010-08-01,A,2.5,11,2,23
2010-08-01,A,2.5,12,2,24
2010-08-01,A,3.0,4,2,1
2010-08-01,A,3.0,5,2,1
2010-08-01,A,3.0,6,2,1
2010-08-01,A,3.0,7,2,1
2010-08-01,A,3.0,8,2,1
2010-08-01,A,3.0,9,2,1
2010-08-01,A,3.0,10,3,1
2010-08-01,A,3.0,11,3,2
2010-08-01,A,3.0,12,3,8
2010-08-01,A,3.5,4,2,1
2010-08-01,A,3.5,5,2,1
2010-08-01,A,3.5,6,2,1
2010-08-01,A,3.5,7,2,1
2010-08-01,A,3.5,8,2,1
2010-08-01,A,3.5,9,2,1
2010-08-01,A,3.5,10,2,1
2010-08-01,A,3.5,11,2,1
2010-08-01,A,3.5,12,3,2
2010-08-01,A,4.0,4,1,1
2010-08-01,A,4.0,5,1,1
2010-08-01,A,4.0,6,1,1
2010-08-01,A,4.0,7,1,1
2010-08-01,A,4.0,8,1,1
2010-08-01,A,4.0,9,1,1
2010-08-01,A,4.0,10,1,1
2010-08-01,A,4.0,11,1,1
2010-08-01,A,4.0,12,1,1
2010-08-02,A,1.0,4,6,16
2010-08-02,A,1.0,5,8,49
2010-08-02,A,1.0,6,0,374
2010-08-02,A,1.0,7,0,374
2010-08-02,A,1.0,8,0,374
2010-08-02,A,1.0,9,0,374
2010-08-02,A,1.0,10,0,374
2010-08-02,A,1.0,11,0,374
2010-08-02,A,1.0,12,0,374
2010-08-02,A,1.5,4,3,2
2010-08-02,A,1.5,5,5,3
2010-08-02,A,1.5,6,5,13
2010-08-02,A,1.5,7,5,21
2010-08-02,A,1.5,8,5,46
2010-08-02,A,1.5,9,2,84
2010-08-02,A,1.5,10,0,374
2010-08-02,A,1.5,11,0,374
2010-08-02,A,1.5,12,0,374
2010-08-02,A,2.0,4,2,2
2010-08-02,A,2.0,5,2,2
2010-08-02,A,2.0,6,3,4
2010-08-02,A,2.0,7,4,10
2010-08-02,A,2.0,8,4,18
2010-08-02,A,2.0,9,4,27
2010-08-02,A,2.0,10,3,52
2010-08-02,A,2.0,11,2,64
2010-08-02,A,2.0,12,3,78
2010-08-02,A,2.5,4,2,2
2010-08-02,A,2.5,5,2,2
2010-08-02,A,2.5,6,2,2
2010-08-02,A,2.5,7,2,2
2010-08-02,A,2.5,8,2,3
2010-08-02,A,2.5,9,3,5
2010-08-02,A,2.5,10,3,7
2010-08-02,A,2.5,11,3,14
2010-08-02,A,2.5,12,4,20
2010-08-02,A,3.0,4,2,0
2010-08-02,A,3.0,5,2,0
2010-08-02,A,3.0,6,2,0
2010-08-02,A,3.0,7,2,0
2010-08-02,A,3.0,8,2,0
2010-08-02,A,3.0,9,2,0
2010-08-02,A,3.0,10,3,0
2010-08-02,A,3.0,11,3,0
2010-08-02,A,3.0,12,3,3
2010-08-02,A,3.5,4,2,0
2010-08-02,A,3.5,5,2,0
2010-08-02,A,3.5,6,2,0
2010-08-02,A,3.5,7,2,0
2010-08-02,A,3.5,8,2,0
2010-08-02,A,3.5,9,2,0
2010-08-02,A,3.5,10,2,0
2010-08-02,A,3.5,11,3,0
2010-08-02,A,3.5,12,3,0
2010-08-02,A,4.0,4,1,0
2010-08-02,A,4.0,5,1,0
2010-08-02,A,4.0,6,1,0
2010-08-02,A,4.0,7,1,0
2010-08-02,A,4.0,8,1,0
2010-08-02,A,4.0,9,1,0
2010-08-02,A,4.0,10,1,0
2010-08-02,A,4.0,11,1,0
2010-08-02,A,4.0,12,1,0
2010-08-03,A,1.0,4,5,12
2010-08-03,A,1.0,5,10,35
2010-08-03,A,1.0,6,0,379
2010-08-03,A,1.0,7,0,379
2010-08-03,A,1.0,8,0,379
2010-08-03,A,1.0,9,0,379
2010-08-03,A,1.0,10,0,379
2010-08-03,A,1.0,11,0,379
2010-08-03,A,1.0,12,0,379
2010-08-03,A,1.5,4,3,6
2010-08-03,A,1.5,5,3,9
2010-08-03,A,1.5,6,4,10
2010-08-03,A,1.5,7,4,15
2010-08-03,A,1.5,8,6,26
2010-08-03,A,1.5,9,2,86
2010-08-03,A,1.5,10,0,379
2010-08-03,A,1.5,11,0,379
2010-08-03,A,1.5,12,0,379
2010-08-03,A,2.0,4,3,2
2010-08-03,A,2.0,5,3,5
2010-08-03,A,2.0,6,3,5
2010-08-03,A,2.0,7,3,7
2010-08-03,A,2.0,8,4,10
2010-08-03,A,2.0,9,4,12
2010-08-03,A,2.0,10,4,27
2010-08-03,A,2.0,11,2,55
2010-08-03,A,2.0,12,3,73
2010-08-03,A,2.5,4,3,2
2010-08-03,A,2.5,5,3,2
2010-08-03,A,2.5,6,3,3
2010-08-03,A,2.5,7,3,3
2010-08-03,A,2.5,8,3,3
2010-08-03,A,2.5,9,3,4
2010-08-03,A,2.5,10,3,6
2010-08-03,A,2.5,11,3,7
2010-08-03,A,2.5,12,4,11
2010-08-03,A,3.0,4,2,0
2010-08-03,A,3.0,5,3,0
2010-08-03,A,3.0,6,3,0
2010-08-03,A,3.0,7,3,1
2010-08-03,A,3.0,8,3,1
2010-08-03,A,3.0,9,3,1
2010-08-03,A,3.0,10,3,1
2010-08-03,A,3.0,11,3,2
2010-08-03,A,3.0,12,3,4
2010-08-03,A,3.5,4,2,0
2010-08-03,A,3.5,5,2,0
2010-08-03,A,3.5,6,2,0
2010-08-03,A,3.5,7,3,0
2010-08-03,A,3.5,8,3,0
2010-08-03,A,3.5,9,3,0
2010-08-03,A,3.5,10,3,0
2010-08-03,A,3.5,11,3,1
2010-08-03,A,3.5,12,3,1
2010-08-03,A,4.0,4,1,0
2010-08-03,A,4.0,5,1,0
2010-08-03,A,4.0,6,1,0
2010-08-03,A,4.0,7,1,0
2010-08-03,A,4.0,8,1,0
2010-08-03,A,4.0,9,2,0
2010-08-03,A,4.0,10,2,0
2010-08-03,A,4.0,11,2,0
2010-08-03,A,4.0,12,2,0
2010-08-05,A,1.0,4,7,10
2010-08-05,A,1.0,5,13,48
2010-08-05,A,1.0,6,0,403
2010-08-05,A,1.0,7,0,403
2010-08-05,A,1.0,8,0,403
2010-08-05,A,1.0,9,0,403
2010-08-05,A,1.0,10,0,403
2010-08-05,A,1.0,11,0,403
2010-08-05,A,1.0,12,0,403
2010-08-05,A,1.5,4,4,3
2010-08-05,A,1.5,5,4,6
2010-08-05,A,1.5,6,4,8
2010-08-05,A,1.5,7,4,18
2010-08-05,A,1.5,8,5,48
2010-08-05,A,1.5,9,4,95
2010-08-05,A,1.5,10,0,403
2010-08-05,A,1.5,11,0,403
2010-08-05,A,1.5,12,0,403
2010-08-05,A,2.0,4,4,0
2010-08-05,A,2.0,5,4,0
2010-08-05,A,2.0,6,4,2
2010-08-05,A,2.0,7,4,8
2010-08-05,A,2.0,8,4,14
2010-08-05,A,2.0,9,3,26
2010-08-05,A,2.0,10,4,41
2010-08-05,A,2.0,11,3,76
2010-08-05,A,2.0,12,3,102
2010-08-05,A,2.5,4,4,0
2010-08-05,A,2.5,5,4,0
2010-08-05,A,2.5,6,4,0
2010-08-05,A,2.5,7,4,0
2010-08-05,A,2.5,8,4,0
2010-08-05,A,2.5,9,4,3
2010-08-05,A,2.5,10,3,15
2010-08-05,A,2.5,11,2,29
2010-08-05,A,2.5,12,2,32
2010-08-05,A,3.0,4,4,0
2010-08-05,A,3.0,5,4,0
2010-08-05,A,3.0,6,4,0
2010-08-05,A,3.0,7,4,0
2010-08-05,A,3.0,8,4,0
2010-08-05,A,3.0,9,4,0
2010-08-05,A,3.0,10,4,1
2010-08-05,A,3.0,11,3,12
2010-08-05,A,3.0,12,2,24
2010-08-05,A,3.5,4,4,0
2010-08-05,A,3.5,5,4,0
2010-08-05,A,3.5,6,4,0
2010-08-05,A,3.5,7,4,0
2010-08-05,A,3.5,8,4,0
2010-08-05,A,3.5,9,4,0
2010-08-05,A,3.5,10,4,0
2010-08-05,A,3.5,11,3,10
2010-08-05,A,3.5,12,2,23
2010-08-05,A,4.0,4,3,0
2010-08-05,A,4.0,5,3,0
2010-08-05,A,4.0,6,3,0
2010-08-05,A,4.0,7,3,0
2010-08-05,A,4.0,8,3,0
2010-08-05,A,4.0,9,3,0
2010-08-05,A,4.0,10,3,0
2010-08-05,A,4.0,11,2,10
2010-08-05,A,4.0,12,1,21
2010-08-06,A,1.0,4,8,17
2010-08-06,A,1.0,5,7,61
2010-08-06,A,1.0,6,0,463
2010-08-06,A,1.0,7,0,463
2010-08-06,A,1.0,8,0,463
2010-08-06,A,1.0,9,0,463
2010-08-06,A,1.0,10,0,463
2010-08-06,A,1.0,11,0,463
2010-08-06,A,1.0,12,0,463
2010-08-06,A,1.5,4,5,1
2010-08-06,A,1.5,5,5,7
2010-08-06,A,1.5,6,6,11
2010-08-06,A,1.5,7,4,31
2010-08-06,A,1.5,8,3,54
2010-08-06,A,1.5,9,6,81
2010-08-06,A,1.5,10,0,463
2010-08-06,A,1.5,11,0,463
2010-08-06,A,1.5,12,0,463
2010-08-06,A,2.0,4,4,0
2010-08-06,A,2.0,5,4,1
2010-08-06,A,2.0,6,5,1
2010-08-06,A,2.0,7,5,13
2010-08-06,A,2.0,8,4,24
2010-08-06,A,2.0,9,4,27
2010-08-06,A,2.0,10,3,47
2010-08-06,A,2.0,11,2,65
2010-08-06,A,2.0,12,2,93
2010-08-06,A,2.5,4,3,0
2010-08-06,A,2.5,5,3,0
2010-08-06,A,2.5,6,3,0
2010-08-06,A,2.5,7,3,0
2010-08-06,A,2.5,8,4,1
2010-08-06,A,2.5,9,4,3
2010-08-06,A,2.5,10,4,10
2010-08-06,A,2.5,11,3,28
2010-08-06,A,2.5,12,2,41
2010-08-06,A,3.0,4,3,0
2010-08-06,A,3.0,5,3,0
2010-08-06,A,3.0,6,3,0
2010-08-06,A,3.0,7,3,0
2010-08-06,A,3.0,8,3,0
2010-08-06,A,3.0,9,3,0
2010-08-06,A,3.0,10,3,0
2010-08-06,A,3.0,11,4,2
2010-08-06,A,3.0,12,3,20
2010-08-06,A,3.5,4,3,0
2010-08-06,A,3.5,5,3,0
2010-08-06,A,3.5,6,3,0
2010-08-06,A,3.5,7,3,0
2010-08-06,A,3.5,8,3,0
2010-08-06,A,3.5,9,3,0
2010-08-06,A,3.5,10,3,0
2010-08-06,A,3.5,11,3,0
2010-08-06,A,3.5,12,2,13
2010-08-06,A,4.0,4,2,0
2010-08-06,A,4.0,5,2,0
2010-08-06,A,4.0,6,2,0
2010-08-06,A,4.0,7,2,0
2010-08-06,A,4.0,8,2,0
2010-08-06,A,4.0,9,2,0
2010-08-06,A,4.0,10,2,0
2010-08-06,A,4.0,11,2,0
2010-08-06,A,4.0,12,1,11
2010-08-07,A,1.0,4,7,21
2010-08-07,A,1.0,5,9,60
2010-08-07,A,1.0,6,0,497
2010-08-07,A,1.0,7,0,497
2010-08-07,A,1.0,8,0,497
2010-08-07,A,1.0,9,0,497
2010-08-07,A,1.0,10,0,497
2010-08-07,A,1.0,11,0,497
2010-08-07,A,1.0,12,0,497
2010-08-07,A,1.5,4,5,2
2010-08-07,A,1.5,5,5,8
2010-08-07,A,1.5,6,5,17
2010-08-07,A,1.5,7,4,33
2010-08-07,A,1.5,8,3,64
2010-08-07,A,1.5,9,3,87
2010-08-07,A,1.5,10,0,497
2010-08-07,A,1.5,11,0,497
2010-08-07,A,1.5,12,0,497
2010-08-07,A,2.0,4,4,0
2010-08-07,A,2.0,5,4,2
2010-08-07,A,2.0,6,5,4
2010-08-07,A,2.0,7,4,19
2010-08-07,A,2.0,8,4,24
2010-08-07,A,2.0,9,4,28
2010-08-07,A,2.0,10,3,52
2010-08-07,A,2.0,11,1,77
2010-08-07,A,2.0,12,1,91
2010-08-07,A,2.5,4,3,0
2010-08-07,A,2.5,5,3,0
2010-08-07,A,2.5,6,3,0
2010-08-07,A,2.5,7,3,2
2010-08-07,A,2.5,8,4,2
2010-08-07,A,2.5,9,4,7
2010-08-07,A,2.5,10,3,18
2010-08-07,A,2.5,11,3,27
2010-08-07,A,2.5,12,2,38
2010-08-07,A,3.0,4,3,0
2010-08-07,A,3.0,5,3,0
2010-08-07,A,3.0,6,3,0
2010-08-07,A,3.0,7,3,0
2010-08-07,A,3.0,8,3,0
2010-08-07,A,3.0,9,3,1
2010-08-07,A,3.0,10,2,10
2010-08-07,A,3.0,11,3,13
2010-08-07,A,3.0,12,3,17
2010-08-07,A,3.5,4,3,0
2010-08-07,A,3.5,5,3,0
2010-08-07,A,3.5,6,3,0
2010-08-07,A,3.5,7,3,0
2010-08-07,A,3.5,8,3,0
2010-08-07,A,3.5,9,3,0
2010-08-07,A,3.5,10,2,10
2010-08-07,A,3.5,11,2,10
2010-08-07,A,3.5,12,2,12
2010-08-07,A,4.0,4,2,0
2010-08-07,A,4.0,5,2,0
2010-08-07,A,4.0,6,2,0
2010-08-07,A,4.0,7,3,0
2010-08-07,A,4.0,8,3,0
2010-08-07,A,4.0,9,3,0
2010-08-07,A,4.0,10,2,9
2010-08-07,A,4.0,11,2,9
2010-08-07,A,4.0,12,2,9
2010-08-08,A,1.0,4,6,24
2010-08-08,A,1.0,5,9,74
2010-08-08,A,1.0,6,0,458
2010-08-08,A,1.0,7,0,458
2010-08-08,A,1.0,8,0,458
2010-08-08,A,1.0,9,0,458
2010-08-08,A,1.0,10,0,458
2010-08-08,A,1.0,11,0,458
2010-08-08,A,1.0,12,0,458
2010-08-08,A,1.5,4,5,7
2010-08-08,A,1.5,5,5,12
2010-08-08,A,1.5,6,4,23
2010-08-08,A,1.5,7,4,32
2010-08-08,A,1.5,8,3,76
2010-08-08,A,1.5,9,3,110
2010-08-08,A,1.5,10,0,458
2010-08-08,A,1.5,11,0,458
2010-08-08,A,1.5,12,0,458
2010-08-08,A,2.0,4,4,5
2010-08-08,A,2.0,5,4,6
2010-08-08,A,2.0,6,5,9
2010-08-08,A,2.0,7,4,17
2010-08-08,A,2.0,8,4,22
2010-08-08,A,2.0,9,2,45
2010-08-08,A,2.0,10,2,54
2010-08-08,A,2.0,11,4,70
2010-08-08,A,2.0,12,3,96
2010-08-08,A,2.5,4,2,3
2010-08-08,A,2.5,5,3,3
2010-08-08,A,2.5,6,4,3
2010-08-08,A,2.5,7,4,3
2010-08-08,A,2.5,8,4,9
2010-08-08,A,2.5,9,4,11
2010-08-08,A,2.5,10,3,22
2010-08-08,A,2.5,11,2,35
2010-08-08,A,2.5,12,2,37
2010-08-08,A,3.0,4,2,2
2010-08-08,A,3.0,5,2,2
2010-08-08,A,3.0,6,3,2
2010-08-08,A,3.0,7,3,2
2010-08-08,A,3.0,8,4,2
2010-08-08,A,3.0,9,4,3
2010-08-08,A,3.0,10,3,14
2010-08-08,A,3.0,11,3,18
2010-08-08,A,3.0,12,2,29
2010-08-08,A,3.5,4,2,2
2010-08-08,A,3.5,5,2,2
2010-08-08,A,3.5,6,2,2
2010-08-08,A,3.5,7,2,2
2010-08-08,A,3.5,8,3,2
2010-08-08,A,3.5,9,3,3
2010-08-08,A,3.5,10,3,12
2010-08-08,A,3.5,11,3,13
2010-08-08,A,3.5,12,3,13
2010-08-08,A,4.0,4,2,1
2010-08-08,A,4.0,5,2,1
2010-08-08,A,4.0,6,2,1
2010-08-08,A,4.0,7,2,1
2010-08-08,A,4.0,8,2,1
2010-08-08,A,4.0,9,2,1
2010-08-08,A,4.0,10,2,10
2010-08-08,A,4.0,11,2,10
2010-08-08,A,4.0,12,2,10
2010-08-09,A,1.0,4,7,17
2010-08-09,A,1.0,5,9,67
2010-08-09,A,1.0,6,0,460
2010-08-09,A,1.0,7,0,460
2010-08-09,A,1.0,8,0,460
2010-08-09,A,1.0,9,0,460
2010-08-09,A,1.0,10,0,460
2010-08-09,A,1.0,11,0,460
2010-08-09,A,1.0,12,0,460
2010-08-09,A,1.5,4,3,5
2010-08-09,A,1.5,5,3,9
2010-08-09,A,1.5,6,2,21
2010-08-09,A,1.5,7,4,24
2010-08-09,A,1.5,8,4,70
2010-08-09,A,1.5,9,5,90
2010-08-09,A,1.5,10,0,460
2010-08-09,A,1.5,11,0,460
2010-08-09,A,1.5,12,0,460
2010-08-09,A,2.0,4,1,4
2010-08-09,A,2.0,5,2,4
2010-08-09,A,2.0,6,3,8
2010-08-09,A,2.0,7,2,15
2010-08-09,A,2.0,8,2,21
2010-08-09,A,2.0,9,3,32
2010-08-09,A,2.0,10,3,47
2010-08-09,A,2.0,11,4,64
2010-08-09,A,2.0,12,4,82
2010-08-09,A,2.5,4,1,1
2010-08-09,A,2.5,5,1,1
2010-08-09,A,2.5,6,1,1
2010-08-09,A,2.5,7,3,1
2010-08-09,A,2.5,8,2,6
2010-08-09,A,2.5,9,2,8
2010-08-09,A,2.5,10,2,8
2010-08-09,A,2.5,11,2,15
2010-08-09,A,2.5,12,2,20
2010-08-09,A,3.0,4,1,0
2010-08-09,A,3.0,5,1,0
2010-08-09,A,3.0,6,1,0
2010-08-09,A,3.0,7,1,0
2010-08-09,A,3.0,8,1,0
2010-08-09,A,3.0,9,1,2
2010-08-09,A,3.0,10,2,5
2010-08-09,A,3.0,11,2,5
2010-08-09,A,3.0,12,2,6
2010-08-09,A,3.5,4,1,0
2010-08-09,A,3.5,5,1,0
2010-08-09,A,3.5,6,1,0
2010-08-09,A,3.5,7,1,0
2010-08-09,A,3.5,8,1,0
2010-08-09,A,3.5,9,1,1
2010-08-09,A,3.5,10,1,1
2010-08-09,A,3.5,11,1,1
2010-08-09,A,3.5,12,1,5
2010-08-09,A,4.0,4,1,0
2010-08-09,A,4.0,5,1,0
2010-08-09,A,4.0,6,1,0
2010-08-09,A,4.0,7,1,0
2010-08-09,A,4.0,8,1,0
2010-08-09,A,4.0,9,1,0
2010-08-09,A,4.0,10,1,0
2010-08-09,A,4.0,11,1,0
2010-08-09,A,4.0,12,1,0
2010-08-10,A,1.0,4,7,20
2010-08-10,A,1.0,5,8,51
2010-08-10,A,1.0,6,0,468
2010-08-10,A,1.0,7,0,468
2010-08-10,A,1.0,8,0,468
2010-08-10,A,1.0,9,0,468
2010-08-10,A,1.0,10,0,468
2010-08-10,A,1.0,11,0,468
2010-08-10,A,1.0,12,0,468
2010-08-10,A,1.5,4,2,10
2010-08-10,A,1.5,5,2,10
2010-08-10,A,1.5,6,2,22
2010-08-10,A,1.5,7,3,30
2010-08-10,A,1.5,8,3,51
2010-08-10,A,1.5,9,3,83
2010-08-10,A,1.5,10,0,468
2010-08-10,A,1.5,11,0,468
2010-08-10,A,1.5,12,0,468
2010-08-10,A,2.0,4,1,10
2010-08-10,A,2.0,5,1,10
2010-08-10,A,2.0,6,2,12
2010-08-10,A,2.0,7,2,15
2010-08-10,A,2.0,8,2,20
2010-08-10,A,2.0,9,3,25
2010-08-10,A,2.0,10,3,30
2010-08-10,A,2.0,11,3,48
2010-08-10,A,2.0,12,3,63
2010-08-10,A,2.5,4,2,3
2010-08-10,A,2.5,5,1,9
2010-08-10,A,2.5,6,1,9
2010-08-10,A,2.5,7,1,9
2010-08-10,A,2.5,8,1,10
2010-08-10,A,2.5,9,2,10
2010-08-10,A,2.5,10,2,12
2010-08-10,A,2.5,11,2,16
2010-08-10,A,2.5,12,2,17
2010-08-10,A,3.0,4,1,2
2010-08-10,A,3.0,5,1,2
2010-08-10,A,3.0,6,1,6
2010-08-10,A,3.0,7,1,6
2010-08-10,A,3.0,8,1,6
2010-08-10,A,3.0,9,1,6
2010-08-10,A,3.0,10,1,6
2010-08-10,A,3.0,11,1,6
2010-08-10,A,3.0,12,1,9
2010-08-10,A,3.5,4,1,2
2010-08-10,A,3.5,5,1,2
2010-08-10,A,3.5,6,1,2
2010-08-10,A,3.5,7,1,6
2010-08-10,A,3.5,8,1,6
2010-08-10,A,3.5,9,1,6
2010-08-10,A,3.5,10,1,6
2010-08-10,A,3.5,11,1,6
2010-08-10,A,3.5,12,1,6
2010-08-10,A,4.0,4,1,1
2010-08-10,A,4.0,5,1,1
2010-08-10,A,4.0,6,1,1
2010-08-10,A,4.0,7,1,1
2010-08-10,A,4.0,8,1,1
2010-08-10,A,4.0,9,1,1
2010-08-10,A,4.0,10,1,1
2010-08-10,A,4.0,11,1,4
2010-08-10,A,4.0,12,1,4
2010-08-11,A,1.0,4,5,9
2010-08-11,A,1.0,5,3,45
2010-08-11,A,1.0,6,0,505
2010-08-11,A,1.0,7,0,505
2010-08-11,A,1.0,8,0,505
2010-08-11,A,1.0,9,0,505
2010-08-11,A,1.0,10,0,505
2010-08-11,A,1.0,11,0,505
2010-08-11,A,1.0,12,0,505
2010-08-11,A,1.5,4,1,8
2010-08-11,A,1.5,5,1,8
2010-08-11,A,1.5,6,1,8
2010-08-11,A,1.5,7,1,21
2010-08-11,A,1.5,8,1,37
2010-08-11,A,1.5,9,2,70
2010-08-11,A,1.5,10,0,505
2010-08-11,A,1.5,11,0,505
2010-08-11,A,1.5,12,0,505
2010-08-11,A,2.0,4,1,8
2010-08-11,A,2.0,5,1,8
2010-08-11,A,2.0,6,1,8
2010-08-11,A,2.0,7,1,8
2010-08-11,A,2.0,8,1,9
2010-08-11,A,2.0,9,1,15
2010-08-11,A,2.0,10,1,18
2010-08-11,A,2.0,11,1,26
2010-08-11,A,2.0,12,1,47
2010-08-11,A,2.5,4,2,2
2010-08-11,A,2.5,5,1,7
2010-08-11,A,2.5,6,1,7
2010-08-11,A,2.5,7,1,7
2010-08-11,A,2.5,8,1,7
2010-08-11,A,2.5,9,1,7
2010-08-11,A,2.5,10,1,7
2010-08-11,A,2.5,11,1,10
2010-08-11,A,2.5,12,1,12
2010-08-11,A,3.0,4,1,2
2010-08-11,A,3.0,5,1,5
2010-08-11,A,3.0,6,1,5
2010-08-11,A,3.0,7,1,5
2010-08-11,A,3.0,8,1,5
2010-08-11,A,3.0,9,1,5
2010-08-11,A,3.0,10,1,5
2010-08-11,A,3.0,11,1,5
2010-08-11,A,3.0,12,1,5
2010-08-11,A,3.5,4,1,2
2010-08-11,A,3.5,5,1,2
2010-08-11,A,3.5,6,1,5
2010-08-11,A,3.5,7,1,5
2010-08-11,A,3.5,8,1,5
2010-08-11,A,3.5,9,1,5
2010-08-11,A,3.5,10,1,5
2010-08-11,A,3.5,11,1,5
2010-08-11,A,3.5,12,1,5
2010-08-11,A,4.0,4,1,0
2010-08-11,A,4.0,5,1,1
2010-08-11,A,4.0,6,1,1
2010-08-11,A,4.0,7,1,1
2010-08-11,A,4.0,8,1,1
2010-08-11,A,4.0,9,1,1
2010-08-11,A,4.0,10,1,4
2010-08-11,A,4.0,11,1,4
2010-08-11,A,4.0,12,1,4
2010-08-12,A,1.0,4,5,9
2010-08-12,A,1.0,5,4,47
2010-08-12,A,1.0,6,0,529
2010-08-12,A,1.0,7,0,529
2010-08-12,A,1.0,8,0,529
2010-08-12,A,1.0,9,0,529
2010-08-12,A,1.0,10,0,529
2010-08-12,A,1.0,11,0,529
2010-08-12,A,1.0,12,0,529
2010-08-12,A,1.5,4,1,3
2010-08-12,A,1.5,5,2,4
2010-08-12,A,1.5,6,3,6
2010-08-12,A,1.5,7,2,18
2010-08-12,A,1.5,8,2,37
2010-08-12,A,1.5,9,1,67
2010-08-12,A,1.5,10,0,529
2010-08-12,A,1.5,11,0,529
2010-08-12,A,1.5,12,0,529
2010-08-12,A,2.0,4,1,3
2010-08-12,A,2.0,5,1,3
2010-08-12,A,2.0,6,2,4
2010-08-12,A,2.0,7,1,10
2010-08-12,A,2.0,8,1,11
2010-08-12,A,2.0,9,1,14
2010-08-12,A,2.0,10,2,18
2010-08-12,A,2.0,11,2,27
2010-08-12,A,2.0,12,1,51
2010-08-12,A,2.5,4,1,3
2010-08-12,A,2.5,5,1,3
2010-08-12,A,2.5,6,1,3
2010-08-12,A,2.5,7,1,3
2010-08-12,A,2.5,8,1,3
2010-08-12,A,2.5,9,1,9
2010-08-12,A,2.5,10,1,9
2010-08-12,A,2.5,11,1,10
2010-08-12,A,2.5,12,1,10
2010-08-12,A,3.0,4,1,0
2010-08-12,A,3.0,5,1,2
2010-08-12,A,3.0,6,1,2
2010-08-12,A,3.0,7,1,2
2010-08-12,A,3.0,8,1,2
2010-08-12,A,3.0,9,1,2
2010-08-12,A,3.0,10,1,4
2010-08-12,A,3.0,11,1,6
2010-08-12,A,3.0,12,1,7
2010-08-12,A,3.5,4,1,0
2010-08-12,A,3.5,5,1,0
2010-08-12,A,3.5,6,1,2
2010-08-12,A,3.5,7,1,2
2010-08-12,A,3.5,8,1,2
2010-08-12,A,3.5,9,1,2
2010-08-12,A,3.5,10,1,2
2010-08-12,A,3.5,11,1,3
2010-08-12,A,3.5,12,1,3
2010-08-12,A,4.0,4,1,0
2010-08-12,A,4.0,5,1,0
2010-08-12,A,4.0,6,1,0
2010-08-12,A,4.0,7,1,0
2010-08-12,A,4.0,8,1,0
2010-08-12,A,4.0,9,1,1
2010-08-12,A,4.0,10,1,1
2010-08-12,A,4.0,11,1,1
2010-08-12,A,4.0,12,1,1
2010-08-13,A,1.0,4,3,10
2010-08-13,A,1.0,5,6,45
2010-08-13,A,1.0,6,0,533
2010-08-13,A,1.0,7,0,533
2010-08-13,A,1.0,8,0,533
2010-08-13,A,1.0,9,0,533
2010-08-13,A,1.0,10,0,533
2010-08-13,A,1.0,11,0,533
2010-08-13,A,1.0,12,0,533
2010-08-13,A,1.5,4,2,5
2010-08-13,A,1.5,5,2,7
2010-08-13,A,1.5,6,2,9
2010-08-13,A,1.5,7,1,21
2010-08-13,A,1.5,8,3,37
2010-08-13,A,1.5,9,2,69
2010-08-13,A,1.5,10,0,533
2010-08-13,A,1.5,11,0,533
2010-08-13,A,1.5,12,0,533
2010-08-13,A,2.0,4,2,5
2010-08-13,A,2.0,5,2,5
2010-08-13,A,2.0,6,2,5
2010-08-13,A,2.0,7,2,6
2010-08-13,A,2.0,8,1,15
2010-08-13,A,2.0,9,1,18
2010-08-13,A,2.0,10,1,22
2010-08-13,A,2.0,11,3,27
2010-08-13,A,2.0,12,2,59
2010-08-13,A,2.5,4,2,3
2010-08-13,A,2.5,5,2,4
2010-08-13,A,2.5,6,2,4
2010-08-13,A,2.5,7,2,4
2010-08-13,A,2.5,8,2,4
2010-08-13,A,2.5,9,1,12
2010-08-13,A,2.5,10,1,12
2010-08-13,A,2.5,11,1,12
2010-08-13,A,2.5,12,1,14
2010-08-13,A,3.0,4,2,0
2010-08-13,A,3.0,5,2,2
2010-08-13,A,3.0,6,2,2
2010-08-13,A,3.0,7,2,2
2010-08-13,A,3.0,8,2,2
2010-08-13,A,3.0,9,1,10
2010-08-13,A,3.0,10,1,10
2010-08-13,A,3.0,11,1,10
2010-08-13,A,3.0,12,1,10
2010-08-13,A,3.5,4,1,0
2010-08-13,A,3.5,5,1,0
2010-08-13,A,3.5,6,1,2
2010-08-13,A,3.5,7,1,2
2010-08-13,A,3.5,8,1,2
2010-08-13,A,3.5,9,1,2
2010-08-13,A,3.5,10,1,9
2010-08-13,A,3.5,11,1,9
2010-08-13,A,3.5,12,1,9
2010-08-13,A,4.0,4,1,0
2010-08-13,A,4.0,5,1,0
2010-08-13,A,4.0,6,1,0
2010-08-13,A,4.0,7,1,0
2010-08-13,A,4.0,8,1,0
2010-08-13,A,4.0,9,1,0
2010-08-13,A,4.0,10,1,1
2010-08-13,A,4.0,11,1,6
2010-08-13,A,4.0,12,1,6
2010-08-14,A,1.0,4,2,14
2010-08-14,A,1.0,5,7,39
2010-08-14,A,1.0,6,0,511
2010-08-14,A,1.0,7,0,511
2010-08-14,A,1.0,8,0,511
2010-08-14,A,1.0,9,0,511
2010-08-14,A,1.0,10,0,511
2010-08-14,A,1.0,11,0,511
2010-08-14,A,1.0,12,0,511
2010-08-14,A,1.5,4,2,7
2010-08-14,A,1.5,5,1,13
2010-08-14,A,1.5,6,1,15
2010-08-14,A,1.5,7,1,19
2010-08-14,A,1.5,8,3,32
2010-08-14,A,1.5,9,3,61
2010-08-14,A,1.5,10,0,511
2010-08-14,A,1.5,11,0,511
2010-08-14,A,1.5,12,0,511
2010-08-14,A,2.0,4,2,6
2010-08-14,A,2.0,5,2,6
2010-08-14,A,2.0,6,1,11
2010-08-14,A,2.0,7,1,12
2010-08-14,A,2.0,8,1,12
2010-08-14,A,2.0,9,1,16
2010-08-14,A,2.0,10,1,20
2010-08-14,A,2.0,11,2,27
2010-08-14,A,2.0,12,3,60
2010-08-14,A,2.5,4,2,4
2010-08-14,A,2.5,5,2,5
2010-08-14,A,2.5,6,1,10
2010-08-14,A,2.5,7,1,10
2010-08-14,A,2.5,8,1,10
2010-08-14,A,2.5,9,1,10
2010-08-14,A,2.5,10,1,10
2010-08-14,A,2.5,11,1,10
2010-08-14,A,2.5,12,1,12
2010-08-14,A,3.0,4,2,1
2010-08-14,A,3.0,5,2,3
2010-08-14,A,3.0,6,1,8
2010-08-14,A,3.0,7,1,8
2010-08-14,A,3.0,8,1,8
2010-08-14,A,3.0,9,1,8
2010-08-14,A,3.0,10,1,8
2010-08-14,A,3.0,11,1,8
2010-08-14,A,3.0,12,1,8
2010-08-14,A,3.5,4,1,1
2010-08-14,A,3.5,5,1,1
2010-08-14,A,3.5,6,1,3
2010-08-14,A,3.5,7,1,7
2010-08-14,A,3.5,8,1,7
2010-08-14,A,3.5,9,1,7
2010-08-14,A,3.5,10,1,7
2010-08-14,A,3.5,11,1,7
2010-08-14,A,3.5,12,1,7
2010-08-14,A,4.0,4,1,1
2010-08-14,A,4.0,5,1,1
2010-08-14,A,4.0,6,1,1
2010-08-14,A,4.0,7,1,1
2010-08-14,A,4.0,8,1,4
2010-08-14,A,4.0,9,1,4
2010-08-14,A,4.0,10,1,5
2010-08-14,A,4.0,11,1,5
2010-08-14,A,4.0,12,1,5
2010-08-15,A,1.0,4,3,24
2010-08-15,A,1.0,5,8,51
2010-08-15,A,1.0,6,0,525
2010-08-15,A,1.0,7,0,525
2010-08-15,A,1.0,8,0,525
2010-08-15,A,1.0,9,0,525
2010-08-15,A,1.0,10,0,525
2010-08-15,A,1.0,11,0,525
2010-08-15,A,1.0,12,0,525
2010-08-15,A,1.5,4,1,10
2010-08-15,A,1.5,5,1,14
2010-08-15,A,1.5,6,1,21
2010-08-15,A,1.5,7,3,28
2010-08-15,A,1.5,8,2,57
2010-08-15,A,1.5,9,3,79
2010-08-15,A,1.5,10,0,525
2010-08-15,A,1.5,11,0,525
2010-08-15,A,1.5,12,0,525
2010-08-15,A,2.0,4,1,8
2010-08-15,A,2.0,5,1,8
2010-08-15,A,2.0,6,1,11
2010-08-15,A,2.0,7,1,12
2010-08-15,A,2.0,8,1,14
2010-08-15,A,2.0,9,1,25
2010-08-15,A,2.0,10,2,35
2010-08-15,A,2.0,11,3,51
2010-08-15,A,2.0,12,3,73
2010-08-15,A,2.5,4,1,5
2010-08-15,A,2.5,5,1,6
2010-08-15,A,2.5,6,1,6
2010-08-15,A,2.5,7,1,6
2010-08-15,A,2.5,8,1,6
2010-08-15,A,2.5,9,1,8
2010-08-15,A,2.5,10,1,8
2010-08-15,A,2.5,11,1,12
2010-08-15,A,2.5,12,2,13
2010-08-15,A,3.0,4,1,1
2010-08-15,A,3.0,5,1,3
2010-08-15,A,3.0,6,1,3
2010-08-15,A,3.0,7,1,3
2010-08-15,A,3.0,8,1,3
2010-08-15,A,3.0,9,1,3
2010-08-15,A,3.0,10,1,3
2010-08-15,A,3.0,11,1,5
2010-08-15,A,3.0,12,1,5
2010-08-15,A,3.5,4,1,1
2010-08-15,A,3.5,5,1,1
2010-08-15,A,3.5,6,1,3
2010-08-15,A,3.5,7,1,3
2010-08-15,A,3.5,8,1,3
2010-08-15,A,3.5,9,1,3
2010-08-15,A,3.5,10,1,3
2010-08-15,A,3.5,11,1,3
2010-08-15,A,3.5,12,1,3
2010-08-15,A,4.0,4,1,1
2010-08-15,A,4.0,5,1,1
2010-08-15,A,4.0,6,1,1
2010-08-15,A,4.0,7,1,1
2010-08-15,A,4.0,8,1,1
2010-08-15,A,4.0,9,1,1
2010-08-15,A,4.0,10,1,2
2010-08-15,A,4.0,11,1,2
2010-08-15,A,4.0,12,1,2
2010-08-16,A,1.0,4,4,22
2010-08-16,A,1.0,5,6,50
2010-08-16,A,1.0,6,0,518
2010-08-16,A,1.0,7,0,518
2010-08-16,A,1.0,8,0,518
2010-08-16,A,1.0,9,0,518
2010-08-16,A,1.0,10,0,518
2010-08-16,A,1.0,11,0,518
2010-08-16,A,1.0,12,0,518
2010-08-16,A,1.5,4,3,11
2010-08-16,A,1.5,5,3,14
2010-08-16,A,1.5,6,3,19
2010-08-16,A,1.5,7,3,25
2010-08-16,A,1.5,8,2,52
2010-08-16,A,1.5,9,2,65
2010-08-16,A,1.5,10,0,518
2010-08-16,A,1.5,11,0,518
2010-08-16,A,1.5,12,0,518
2010-08-16,A,2.0,4,3,3
2010-08-16,A,2.0,5,3,6
2010-08-16,A,2.0,6,2,15
2010-08-16,A,2.0,7,2,16
2010-08-16,A,2.0,8,3,17
2010-08-16,A,2.0,9,3,29
2010-08-16,A,2.0,10,2,42
2010-08-16,A,2.0,11,2,49
2010-08-16,A,2.0,12,2,63
2010-08-16,A,2.5,4,2,1
2010-08-16,A,2.5,5,2,3
2010-08-16,A,2.5,6,2,7
2010-08-16,A,2.5,7,2,9
2010-08-16,A,2.5,8,2,10
2010-08-16,A,2.5,9,2,13
2010-08-16,A,2.5,10,2,13
2010-08-16,A,2.5,11,2,15
2010-08-16,A,2.5,12,3,27
2010-08-16,A,3.0,4,1,1
2010-08-16,A,3.0,5,1,1
2010-08-16,A,3.0,6,1,1
2010-08-16,A,3.0,7,2,2
2010-08-16,A,3.0,8,2,2
2010-08-16,A,3.0,9,2,4
2010-08-16,A,3.0,10,2,4
2010-08-16,A,3.0,11,2,7
2010-08-16,A,3.0,12,2,8
2010-08-16,A,3.5,4,1,1
2010-08-16,A,3.5,5,1,1
2010-08-16,A,3.5,6,1,1
2010-08-16,A,3.5,7,1,1
2010-08-16,A,3.5,8,1,1
2010-08-16,A,3.5,9,2,1
2010-08-16,A,3.5,10,2,1
2010-08-16,A,3.5,11,2,1
2010-08-16,A,3.5,12,2,1
2010-08-16,A,4.0,4,1,1
2010-08-16,A,4.0,5,1,1
2010-08-16,A,4.0,6,1,1
2010-08-16,A,4.0,7,1,1
2010-08-16,A,4.0,8,1,1
2010-08-16,A,4.0,9,1,1
2010-08-16,A,4.0,10,1,1
2010-08-16,A,4.0,11,1,1
2010-08-16,A,4.0,12,1,1
2010-08-17,A,1.0,4,5,11
2010-08-17,A,1.0,5,10,37
2010-08-17,A,1.0,6,0,489
2010-08-17,A,1.0,7,0,489
2010-08-17,A,1.0,8,0,489
2010-08-17,A,1.0,9,0,489
2010-08-17,A,1.0,10,0,489
2010-08-17,A,1.0,11,0,489
2010-08-17,A,1.0,12,0,489
2010-08-17,A,1.5,4,3,4
2010-08-17,A,1.5,5,4,6
2010-08-17,A,1.5,6,5,8
2010-08-17,A,1.5,7,4,20
2010-08-17,A,1.5,8,3,52
2010-08-17,A,1.5,9,4,73
2010-08-17,A,1.5,10,0,489
2010-08-17,A,1.5,11,0,489
2010-08-17,A,1.5,12,0,489
2010-08-17,A,2.0,4,2,2
2010-08-17,A,2.0,5,3,3
2010-08-17,A,2.0,6,3,4
2010-08-17,A,2.0,7,3,4
2010-08-17,A,2.0,8,4,12
2010-08-17,A,2.0,9,3,30
2010-08-17,A,2.0,10,2,39
2010-08-17,A,2.0,11,4,53
2010-08-17,A,2.0,12,4,62
2010-08-17,A,2.5,4,2,1
2010-08-17,A,2.5,5,2,1
2010-08-17,A,2.5,6,2,1
2010-08-17,A,2.5,7,2,1
2010-08-17,A,2.5,8,2,2
2010-08-17,A,2.5,9,3,2
2010-08-17,A,2.5,10,4,2
2010-08-17,A,2.5,11,2,25
2010-08-17,A,2.5,12,2,31
2010-08-17,A,3.0,4,2,1
2010-08-17,A,3.0,5,2,1
2010-08-17,A,3.0,6,2,1
2010-08-17,A,3.0,7,2,1
2010-08-17,A,3.0,8,2,1
2010-08-17,A,3.0,9,2,1
2010-08-17,A,3.0,10,2,2
2010-08-17,A,3.0,11,1,12
2010-08-17,A,3.0,12,2,14
2010-08-17,A,3.5,4,2,1
2010-08-17,A,3.5,5,2,1
2010-08-17,A,3.5,6,2,1
2010-08-17,A,3.5,7,2,1
2010-08-17,A,3.5,8,2,1
2010-08-17,A,3.5,9,2,1
2010-08-17,A,3.5,10,2,1
2010-08-17,A,3.5,11,2,1
2010-08-17,A,3.5,12,1,12
2010-08-17,A,4.0,4,1,0
2010-08-17,A,4.0,5,1,0
2010-08-17,A,4.0,6,1,0
2010-08-17,A,4.0,7,1,0
2010-08-17,A,4.0,8,1,0
2010-08-17,A,4.0,9,1,0
2010-08-17,A,4.0,10,1,1
2010-08-17,A,4.0,11,1,1
2010-08-17,A,4.0,12,1,11
2010-08-18,A,1.0,4,6,11
2010-08-18,A,1.0,5,13,53
2010-08-18,A,1.0,6,0,494
2010-08-18,A,1.0,7,0,494
2010-08-18,A,1.0,8,0,494
2010-08-18,A,1.0,9,0,494
2010-08-18,A,1.0,10,0,494
2010-08-18,A,1.0,11,0,494
2010-08-18,A,1.0,12,0,494
2010-08-18,A,1.5,4,1,4
2010-08-18,A,1.5,5,2,5
2010-08-18,A,1.5,6,4,9
2010-08-18,A,1.5,7,2,32
2010-08-18,A,1.5,8,3,66
2010-08-18,A,1.5,9,3,100
2010-08-18,A,1.5,10,0,494
2010-08-18,A,1.5,11,0,494
2010-08-18,A,1.5,12,0,494
2010-08-18,A,2.0,4,1,3
2010-08-18,A,2.0,5,1,3
2010-08-18,A,2.0,6,1,3
2010-08-18,A,2.0,7,1,4
2010-08-18,A,2.0,8,2,11
2010-08-18,A,2.0,9,2,26
2010-08-18,A,2.0,10,3,44
2010-08-18,A,2.0,11,3,74
2010-08-18,A,2.0,12,3,89
2010-08-18,A,2.5,4,1,2
2010-08-18,A,2.5,5,1,2
2010-08-18,A,2.5,6,1,2
2010-08-18,A,2.5,7,1,2
2010-08-18,A,2.5,8,1,2
2010-08-18,A,2.5,9,1,3
2010-08-18,A,2.5,10,2,5
2010-08-18,A,2.5,11,1,18
2010-08-18,A,2.5,12,1,21
2010-08-18,A,3.0,4,1,1
2010-08-18,A,3.0,5,1,1
2010-08-18,A,3.0,6,1,1
2010-08-18,A,3.0,7,1,1
2010-08-18,A,3.0,8,1,1
2010-08-18,A,3.0,9,1,1
2010-08-18,A,3.0,10,1,1
2010-08-18,A,3.0,11,1,1
2010-08-18,A,3.0,12,2,2
2010-08-18,A,3.5,4,1,1
2010-08-18,A,3.5,5,1,1
2010-08-18,A,3.5,6,1,1
2010-08-18,A,3.5,7,1,1
2010-08-18,A,3.5,8,1,1
2010-08-18,A,3.5,9,1,1
2010-08-18,A,3.5,10,1,1
2010-08-18,A,3.5,11,1,1
2010-08-18,A,3.5,12,1,1
2010-08-18,A,4.0,4,1,0
2010-08-18,A,4.0,5,1,0
2010-08-18,A,4.0,6,1,0
2010-08-18,A,4.0,7,1,0
2010-08-18,A,4.0,8,1,0
2010-08-18,A,4.0,9,1,0
2010-08-18,A,4.0,10,1,0
2010-08-18,A,4.0,11,1,0
2010-08-18,A,4.0,12,1,0
2010-08-19,A,1.0,4,9,20
2010-08-19,A,1.0,5,7,80
2010-08-19,A,1.0,6,0,514
2010-08-19,A,1.0,7,0,514
2010-08-19,A,1.0,8,0,514
2010-08-19,A,1.0,9,0,514
2010-08-19,A,1.0,10,0,514
2010-08-19,A,1.0,11,0,514
2010-08-19,A,1.0,12,0,514
2010-08-19,A,1.5,4,4,4
2010-08-19,A,1.5,5,4,10
2010-08-19,A,1.5,6,6,17
2010-08-19,A,1.5,7,5,45
2010-08-19,A,1.5,8,4,76
2010-08-19,A,1.5,9,2,118
2010-08-19,A,1.5,10,0,514
2010-08-19,A,1.5,11,0,514
2010-08-19,A,1.5,12,0,514
2010-08-19,A,2.0,4,2,4
2010-08-19,A,2.0,5,1,8
2010-08-19,A,2.0,6,1,9
2010-08-19,A,2.0,7,3,9
2010-08-19,A,2.0,8,5,20
2010-08-19,A,2.0,9,4,46
2010-08-19,A,2.0,10,3,65
2010-08-19,A,2.0,11,2,89
2010-08-19,A,2.0,12,2,103
2010-08-19,A,2.5,4,2,2
2010-08-19,A,2.5,5,1,6
2010-08-19,A,2.5,6,1,6
2010-08-19,A,2.5,7,1,6
2010-08-19,A,2.5,8,1,6
2010-08-19,A,2.5,9,1,6
2010-08-19,A,2.5,10,3,7
2010-08-19,A,2.5,11,3,23
2010-08-19,A,2.5,12,3,37
2010-08-19,A,3.0,4,2,1
2010-08-19,A,3.0,5,1,5
2010-08-19,A,3.0,6,1,5
2010-08-19,A,3.0,7,1,5
2010-08-19,A,3.0,8,1,5
2010-08-19,A,3.0,9,1,5
2010-08-19,A,3.0,10,1,5
2010-08-19,A,3.0,11,1,5
2010-08-19,A,3.0,12,1,7
2010-08-19,A,3.5,4,2,0
2010-08-19,A,3.5,5,1,4
2010-08-19,A,3.5,6,1,4
2010-08-19,A,3.5,7,1,4
2010-08-19,A,3.5,8,1,5
2010-08-19,A,3.5,9,1,5
2010-08-19,A,3.5,10,1,5
2010-08-19,A,3.5,11,1,5
2010-08-19,A,3.5,12,1,5
2010-08-19,A,4.0,4,2,0
2010-08-19,A,4.0,5,1,4
2010-08-19,A,4.0,6,1,4
2010-08-19,A,4.0,7,1,4
2010-08-19,A,4.0,8,1,4
2010-08-19,A,4.0,9,1,4
2010-08-19,A,4.0,10,1,4
2010-08-19,A,4.0,11,1,4
2010-08-19,A,4.0,12,1,4
2010-08-20,A,1.0,4,7,31
2010-08-20,A,1.0,5,10,70
2010-08-20,A,1.0,6,0,494
2010-08-20,A,1.0,7,0,494
2010-08-20,A,1.0,8,0,494
2010-08-20,A,1.0,9,0,494
2010-08-20,A,1.0,10,0,494
2010-08-20,A,1.0,11,0,494
2010-08-20,A,1.0,12,0,494
2010-08-20,A,1.5,4,3,17
2010-08-20,A,1.5,5,2,27
2010-08-20,A,1.5,6,4,31
2010-08-20,A,1.5,7,3,51
2010-08-20,A,1.5,8,5,69
2010-08-20,A,1.5,9,5,126
2010-08-20,A,1.5,10,0,494
2010-08-20,A,1.5,11,0,494
2010-08-20,A,1.5,12,0,494
2010-08-20,A,2.0,4,4,8
2010-08-20,A,2.0,5,1,22
2010-08-20,A,2.0,6,1,24
2010-08-20,A,2.0,7,1,24
2010-08-20,A,2.0,8,4,25
2010-08-20,A,2.0,9,3,40
2010-08-20,A,2.0,10,4,49
2010-08-20,A,2.0,11,4,72
2010-08-20,A,2.0,12,6,102
2010-08-20,A,2.5,4,3,6
2010-08-20,A,2.5,5,1,17
2010-08-20,A,2.5,6,1,17
2010-08-20,A,2.5,7,1,19
2010-08-20,A,2.5,8,1,19
2010-08-20,A,2.5,9,1,20
2010-08-20,A,2.5,10,1,21
2010-08-20,A,2.5,11,2,26
2010-08-20,A,2.5,12,2,36
2010-08-20,A,3.0,4,3,5
2010-08-20,A,3.0,5,1,13
2010-08-20,A,3.0,6,1,14
2010-08-20,A,3.0,7,1,15
2010-08-20,A,3.0,8,1,15
2010-08-20,A,3.0,9,1,15
2010-08-20,A,3.0,10,1,16
2010-08-20,A,3.0,11,1,16
2010-08-20,A,3.0,12,1,18
2010-08-20,A,3.5,4,3,4
2010-08-20,A,3.5,5,1,12
2010-08-20,A,3.5,6,1,12
2010-08-20,A,3.5,7,1,12
2010-08-20,A,3.5,8,1,13
2010-08-20,A,3.5,9,1,13
2010-08-20,A,3.5,10,1,14
2010-08-20,A,3.5,11,1,14
2010-08-20,A,3.5,12,1,14
2010-08-20,A,4.0,4,3,1
2010-08-20,A,4.0,5,2,7
2010-08-20,A,4.0,6,1,12
2010-08-20,A,4.0,7,1,12
2010-08-20,A,4.0,8,1,12
2010-08-20,A,4.0,9,1,12
2010-08-20,A,4.0,10,1,12
2010-08-20,A,4.0,11,1,12
2010-08-20,A,4.0,12,1,13
2010-08-21,A,1.0,4,7,31
2010-08-21,A,1.0,5,9,77
2010-08-21,A,1.0,6,0,398
2010-08-21,A,1.0,7,0,398
2010-08-21,A,1.0,8,0,398
2010-08-21,A,1.0,9,0,398
2010-08-21,A,1.0,10,0,398
2010-08-21,A,1.0,11,0,398
2010-08-21,A,1.0,12,0,398
2010-08-21,A,1.5,4,5,11
2010-08-21,A,1.5,5,3,26
2010-08-21,A,1.5,6,5,32
2010-08-21,A,1.5,7,5,49
2010-08-21,A,1.5,8,6,74
2010-08-21,A,1.5,9,5,131
2010-08-21,A,1.5,10,0,398
2010-08-21,A,1.5,11,0,398
2010-08-21,A,1.5,12,0,398
2010-08-21,A,2.0,4,4,9
2010-08-21,A,2.0,5,3,17
2010-08-21,A,2.0,6,3,17
2010-08-21,A,2.0,7,3,24
2010-08-21,A,2.0,8,5,26
2010-08-21,A,2.0,9,4,40
2010-08-21,A,2.0,10,5,49
2010-08-21,A,2.0,11,5,74
2010-08-21,A,2.0,12,2,132
2010-08-21,A,2.5,4,4,9
2010-08-21,A,2.5,5,2,17
2010-08-21,A,2.5,6,3,17
2010-08-21,A,2.5,7,2,22
2010-08-21,A,2.5,8,2,22
2010-08-21,A,2.5,9,2,23
2010-08-21,A,2.5,10,2,25
2010-08-21,A,2.5,11,4,31
2010-08-21,A,2.5,12,4,31
2010-08-21,A,3.0,4,4,6
2010-08-21,A,3.0,5,2,14
2010-08-21,A,3.0,6,2,16
2010-08-21,A,3.0,7,2,16
2010-08-21,A,3.0,8,2,20
2010-08-21,A,3.0,9,2,20
2010-08-21,A,3.0,10,2,20
2010-08-21,A,3.0,11,2,22
2010-08-21,A,3.0,12,2,22
2010-08-21,A,3.5,4,4,5
2010-08-21,A,3.5,5,2,13
2010-08-21,A,3.5,6,2,13
2010-08-21,A,3.5,7,2,13
2010-08-21,A,3.5,8,2,15
2010-08-21,A,3.5,9,2,16
2010-08-21,A,3.5,10,2,19
2010-08-21,A,3.5,11,2,19
2010-08-21,A,3.5,12,2,19
2010-08-21,A,4.0,4,3,1
2010-08-21,A,4.0,5,2,7
2010-08-21,A,4.0,6,1,12
2010-08-21,A,4.0,7,1,12
2010-08-21,A,4.0,8,1,12
2010-08-21,A,4.0,9,1,12
2010-08-21,A,4.0,10,1,14
2010-08-21,A,4.0,11,1,14
2010-08-21,A,4.0,12,1,17
2011-07-26,A,1.0,4,10,30
2011-07-26,A,1.0,5,11,109
2011-07-26,A,1.0,6,0,407
2011-07-26,A,1.0,7,0,407
2011-07-26,A,1.0,8,0,407
2011-07-26,A,1.0,9,0,407
2011-07-26,A,1.0,10,0,407
2011-07-26,A,1.0,11,0,407
2011-07-26,A,1.0,12,0,407
2011-07-26,A,1.5,4,7,11
2011-07-26,A,1.5,5,7,15
2011-07-26,A,1.5,6,6,32
2011-07-26,A,1.5,7,6,63
2011-07-26,A,1.5,8,5,91
2011-07-26,A,1.5,9,4,163
2011-07-26,A,1.5,10,0,407
2011-07-26,A,1.5,11,0,407
2011-07-26,A,1.5,12,0,407
2011-07-26,A,2.0,4,4,6
2011-07-26,A,2.0,5,7,6
2011-07-26,A,2.0,6,6,14
2011-07-26,A,2.0,7,5,25
2011-07-26,A,2.0,8,6,37
2011-07-26,A,2.0,9,4,66
2011-07-26,A,2.0,10,4,76
2011-07-26,A,2.0,11,5,94
2011-07-26,A,2.0,12,4,140
2011-07-26,A,2.5,4,3,4
2011-07-26,A,2.5,5,3,4
2011-07-26,A,2.5,6,3,4
2011-07-26,A,2.5,7,5,5
2011-07-26,A,2.5,8,6,9
2011-07-26,A,2.5,9,5,20
2011-07-26,A,2.5,10,5,31
2011-07-26,A,2.5,11,4,43
2011-07-26,A,2.5,12,3,58
2011-07-26,A,3.0,4,3,4
2011-07-26,A,3.0,5,3,4
2011-07-26,A,3.0,6,3,4
2011-07-26,A,3.0,7,3,4
2011-07-26,A,3.0,8,4,4
2011-07-26,A,3.0,9,4,5
2011-07-26,A,3.0,10,4,13
2011-07-26,A,3.0,11,3,22
2011-07-26,A,3.0,12,3,37
2011-07-26,A,3.5,4,3,4
2011-07-26,A,3.5,5,3,4
2011-07-26,A,3.5,6,3,4
2011-07-26,A,3.5,7,3,4
2011-07-26,A,3.5,8,3,4
2011-07-26,A,3.5,9,3,4
2011-07-26,A,3.5,10,3,11
2011-07-26,A,3.5,11,3,16
2011-07-26,A,3.5,12,3,19
2011-07-26,A,4.0,4,2,3
2011-07-26,A,4.0,5,2,3
2011-07-26,A,4.0,6,2,3
2011-07-26,A,4.0,7,2,3
2011-07-26,A,4.0,8,2,3
2011-07-26,A,4.0,9,2,3
2011-07-26,A,4.0,10,3,3
2011-07-26,A,4.0,11,3,3
2011-07-26,A,4.0,12,3,7
2011-07-27,A,1.0,4,9,26
2011-07-27,A,1.0,5,14,92
2011-07-27,A,1.0,6,0,516
2011-07-27,A,1.0,7,0,516
2011-07-27,A,1.0,8,0,516
2011-07-27,A,1.0,9,0,516
2011-07-27,A,1.0,10,0,516
2011-07-27,A,1.0,11,0,516
2011-07-27,A,1.0,12,0,516
2011-07-27,A,1.5,4,8,4
2011-07-27,A,1.5,5,7,14
2011-07-27,A,1.5,6,5,33
2011-07-27,A,1.5,7,6,56
2011-07-27,A,1.5,8,7,90
2011-07-27,A,1.5,9,3,142
2011-07-27,A,1.5,10,0,516
2011-07-27,A,1.5,11,0,516
2011-07-27,A,1.5,12,0,516
2011-07-27,A,2.0,4,3,0
2011-07-27,A,2.0,5,7,1
2011-07-27,A,2.0,6,7,4
2011-07-27,A,2.0,7,4,25
2011-07-27,A,2.0,8,4,33
2011-07-27,A,2.0,9,2,63
2011-07-27,A,2.0,10,2,82
2011-07-27,A,2.0,11,3,102
2011-07-27,A,2.0,12,3,127
2011-07-27,A,2.5,4,3,0
2011-07-27,A,2.5,5,3,0
2011-07-27,A,2.5,6,3,0
2011-07-27,A,2.5,7,3,1
2011-07-27,A,2.5,8,4,16
2011-07-27,A,2.5,9,4,20
2011-07-27,A,2.5,10,3,32
2011-07-27,A,2.5,11,1,57
2011-07-27,A,2.5,12,2,57
2011-07-27,A,3.0,4,2,0
2011-07-27,A,3.0,5,2,0
2011-07-27,A,3.0,6,3,0
2011-07-27,A,3.0,7,3,0
2011-07-27,A,3.0,8,3,0
2011-07-27,A,3.0,9,3,1
2011-07-27,A,3.0,10,3,7
2011-07-27,A,3.0,11,3,22
2011-07-27,A,3.0,12,2,36
2011-07-27,A,3.5,4,2,0
2011-07-27,A,3.5,5,2,0
2011-07-27,A,3.5,6,2,0
2011-07-27,A,3.5,7,3,0
2011-07-27,A,3.5,8,3,0
2011-07-27,A,3.5,9,3,0
2011-07-27,A,3.5,10,3,0
2011-07-27,A,3.5,11,3,3
2011-07-27,A,3.5,12,2,17
2011-07-27,A,4.0,4,2,0
2011-07-27,A,4.0,5,2,0
2011-07-27,A,4.0,6,2,0
2011-07-27,A,4.0,7,2,0
2011-07-27,A,4.0,8,2,0
2011-07-27,A,4.0,9,3,0
2011-07-27,A,4.0,10,3,0
2011-07-27,A,4.0,11,3,0
2011-07-27,A,4.0,12,2,11
2011-07-28,A,1.0,4,7,22
2011-07-28,A,1.0,5,14,93
2011-07-28,A,1.0,6,0,572
2011-07-28,A,1.0,7,0,572
2011-07-28,A,1.0,8,0,572
2011-07-28,A,1.0,9,0,572
2011-07-28,A,1.0,10,0,572
2011-07-28,A,1.0,11,0,572
2011-07-28,A,1.0,12,0,572
2011-07-28,A,1.5,4,4,5
2011-07-28,A,1.5,5,5,12
2011-07-28,A,1.5,6,5,23
2011-07-28,A,1.5,7,5,50
2011-07-28,A,1.5,8,7,80
2011-07-28,A,1.5,9,7,135
2011-07-28,A,1.5,10,0,572
2011-07-28,A,1.5,11,0,572
2011-07-28,A,1.5,12,0,572
2011-07-28,A,2.0,4,2,3
2011-07-28,A,2.0,5,2,7
2011-07-28,A,2.0,6,4,8
2011-07-28,A,2.0,7,3,20
2011-07-28,A,2.0,8,3,24
2011-07-28,A,2.0,9,4,45
2011-07-28,A,2.0,10,4,63
2011-07-28,A,2.0,11,5,80
2011-07-28,A,2.0,12,6,113
2011-07-28,A,2.5,4,2,3
2011-07-28,A,2.5,5,1,7
2011-07-28,A,2.5,6,1,7
2011-07-28,A,2.5,7,1,7
2011-07-28,A,2.5,8,1,11
2011-07-28,A,2.5,9,1,17
2011-07-28,A,2.5,10,2,19
2011-07-28,A,2.5,11,2,26
2011-07-28,A,2.5,12,2,37
2011-07-28,A,3.0,4,2,0
2011-07-28,A,3.0,5,1,6
2011-07-28,A,3.0,6,1,6
2011-07-28,A,3.0,7,1,6
2011-07-28,A,3.0,8,1,6
2011-07-28,A,3.0,9,1,6
2011-07-28,A,3.0,10,1,7
2011-07-28,A,3.0,11,1,11
2011-07-28,A,3.0,12,1,13
2011-07-28,A,3.5,4,2,0
2011-07-28,A,3.5,5,1,5
2011-07-28,A,3.5,6,1,5
2011-07-28,A,3.5,7,1,5
2011-07-28,A,3.5,8,1,5
2011-07-28,A,3.5,9,1,5
2011-07-28,A,3.5,10,1,5
2011-07-28,A,3.5,11,1,5
2011-07-28,A,3.5,12,1,8
2011-07-28,A,4.0,4,1,0
2011-07-28,A,4.0,5,1,0
2011-07-28,A,4.0,6,1,1
2011-07-28,A,4.0,7,1,4
2011-07-28,A,4.0,8,1,4
2011-07-28,A,4.0,9,1,4
2011-07-28,A,4.0,10,1,4
2011-07-28,A,4.0,11,1,4
2011-07-28,A,4.0,12,1,4
2011-07-29,A,1.0,4,12,19
2011-07-29,A,1.0,5,12,86
2011-07-29,A,1.0,6,0,609
2011-07-29,A,1.0,7,0,609
2011-07-29,A,1.0,8,0,609
2011-07-29,A,1.0,9,0,609
2011-07-29,A,1.0,10,0,609
2011-07-29,A,1.0,11,0,609
2011-07-29,A,1.0,12,0,609
2011-07-29,A,1.5,4,7,3
2011-07-29,A,1.5,5,7,14
2011-07-29,A,1.5,6,7,28
2011-07-29,A,1.5,7,6,53
2011-07-29,A,1.5,8,6,89
2011-07-29,A,1.5,9,4,130
2011-07-29,A,1.5,10,0,609
2011-07-29,A,1.5,11,0,609
2011-07-29,A,1.5,12,0,609
2011-07-29,A,2.0,4,2,0
2011-07-29,A,2.0,5,2,4
2011-07-29,A,2.0,6,5,9
2011-07-29,A,2.0,7,5,22
2011-07-29,A,2.0,8,5,28
2011-07-29,A,2.0,9,4,57
2011-07-29,A,2.0,10,5,78
2011-07-29,A,2.0,11,3,115
2011-07-29,A,2.0,12,3,125
2011-07-29,A,2.5,4,2,0
2011-07-29,A,2.5,5,1,4
2011-07-29,A,2.5,6,1,4
2011-07-29,A,2.5,7,1,4
2011-07-29,A,2.5,8,2,15
2011-07-29,A,2.5,9,2,21
2011-07-29,A,2.5,10,4,23
2011-07-29,A,2.5,11,4,29
2011-07-29,A,2.5,12,3,41
2011-07-29,A,3.0,4,2,0
2011-07-29,A,3.0,5,1,4
2011-07-29,A,3.0,6,1,4
2011-07-29,A,3.0,7,1,4
2011-07-29,A,3.0,8,1,5
2011-07-29,A,3.0,9,1,8
2011-07-29,A,3.0,10,1,8
2011-07-29,A,3.0,11,1,14
2011-07-29,A,3.0,12,1,17
2011-07-29,A,3.5,4,2,0
2011-07-29,A,3.5,5,1,4
2011-07-29,A,3.5,6,1,4
2011-07-29,A,3.5,7,1,4
2011-07-29,A,3.5,8,1,4
2011-07-29,A,3.5,9,1,4
2011-07-29,A,3.5,10,1,6
2011-07-29,A,3.5,11,1,8
2011-07-29,A,3.5,12,1,12
2011-07-29,A,4.0,4,1,0
2011-07-29,A,4.0,5,1,0
2011-07-29,A,4.0,6,1,0
2011-07-29,A,4.0,7,1,3
2011-07-29,A,4.0,8,1,3
2011-07-29,A,4.0,9,1,3
2011-07-29,A,4.0,10,1,3
2011-07-29,A,4.0,11,1,3
2011-07-29,A,4.0,12,1,4
2011-07-30,A,1.0,4,5,19
2011-07-30,A,1.0,5,5,49
2011-07-30,A,1.0,6,0,585
2011-07-30,A,1.0,7,0,585
2011-07-30,A,1.0,8,0,585
2011-07-30,A,1.0,9,0,585
2011-07-30,A,1.0,10,0,585
2011-07-30,A,1.0,11,0,585
2011-07-30,A,1.0,12,0,585
2011-07-30,A,1.5,4,5,6
2011-07-30,A,1.5,5,4,16
2011-07-30,A,1.5,6,5,16
2011-07-30,A,1.5,7,5,28
2011-07-30,A,1.5,8,3,52
2011-07-30,A,1.5,9,3,72
2011-07-30,A,1.5,10,0,585
2011-07-30,A,1.5,11,0,585
2011-07-30,A,1.5,12,0,585
2011-07-30,A,2.0,4,4,5
2011-07-30,A,2.0,5,3,13
2011-07-30,A,2.0,6,4,14
2011-07-30,A,2.0,7,4,14
2011-07-30,A,2.0,8,4,16
2011-07-30,A,2.0,9,3,35
2011-07-30,A,2.0,10,3,40
2011-07-30,A,2.0,11,3,51
2011-07-30,A,2.0,12,3,62
2011-07-30,A,2.5,4,3,0
2011-07-30,A,2.5,5,1,8
2011-07-30,A,2.5,6,2,9
2011-07-30,A,2.5,7,2,9
2011-07-30,A,2.5,8,3,10
2011-07-30,A,2.5,9,3,12
2011-07-30,A,2.5,10,3,12
2011-07-30,A,2.5,11,3,13
2011-07-30,A,2.5,12,2,29
2011-07-30,A,3.0,4,3,0
2011-07-30,A,3.0,5,1,8
2011-07-30,A,3.0,6,1,8
2011-07-30,A,3.0,7,1,8
2011-07-30,A,3.0,8,1,8
2011-07-30,A,3.0,9,1,8
2011-07-30,A,3.0,10,2,8
2011-07-30,A,3.0,11,2,10
2011-07-30,A,3.0,12,2,12
2011-07-30,A,3.5,4,3,0
2011-07-30,A,3.5,5,1,8
2011-07-30,A,3.5,6,1,8
2011-07-30,A,3.5,7,1,8
2011-07-30,A,3.5,8,1,8
2011-07-30,A,3.5,9,1,8
2011-07-30,A,3.5,10,1,8
2011-07-30,A,3.5,11,1,8
2011-07-30,A,3.5,12,1,8
2011-07-30,A,4.0,4,2,0
2011-07-30,A,4.0,5,1,4
2011-07-30,A,4.0,6,1,7
2011-07-30,A,4.0,7,1,7
2011-07-30,A,4.0,8,1,7
2011-07-30,A,4.0,9,1,7
2011-07-30,A,4.0,10,1,7
2011-07-30,A,4.0,11,1,7
2011-07-30,A,4.0,12,1,7
2011-07-31,A,1.0,4,6,21
2011-07-31,A,1.0,5,4,56
2011-07-31,A,1.0,6,0,560
2011-07-31,A,1.0,7,0,560
2011-07-31,A,1.0,8,0,560
2011-07-31,A,1.0,9,0,560
2011-07-31,A,1.0,10,0,560
2011-07-31,A,1.0,11,0,560
2011-07-31,A,1.0,12,0,560
2011-07-31,A,1.5,4,5,8
2011-07-31,A,1.5,5,5,14
2011-07-31,A,1.5,6,4,23
2011-07-31,A,1.5,7,3,32
2011-07-31,A,1.5,8,3,44
2011-07-31,A,1.5,9,2,71
2011-07-31,A,1.5,10,0,560
2011-07-31,A,1.5,11,0,560
2011-07-31,A,1.5,12,0,560
2011-07-31,A,2.0,4,4,6
2011-07-31,A,2.0,5,5,10
2011-07-31,A,2.0,6,4,16
2011-07-31,A,2.0,7,4,18
2011-07-31,A,2.0,8,3,27
2011-07-31,A,2.0,9,3,30
2011-07-31,A,2.0,10,3,36
2011-07-31,A,2.0,11,3,44
2011-07-31,A,2.0,12,2,60
2011-07-31,A,2.5,4,4,4
2011-07-31,A,2.5,5,4,4
2011-07-31,A,2.5,6,3,12
2011-07-31,A,2.5,7,4,12
2011-07-31,A,2.5,8,4,14
2011-07-31,A,2.5,9,4,15
2011-07-31,A,2.5,10,3,25
2011-07-31,A,2.5,11,3,26
2011-07-31,A,2.5,12,3,26
2011-07-31,A,3.0,4,3,4
2011-07-31,A,3.0,5,3,4
2011-07-31,A,3.0,6,3,4
2011-07-31,A,3.0,7,2,10
2011-07-31,A,3.0,8,3,10
2011-07-31,A,3.0,9,4,10
2011-07-31,A,3.0,10,3,22
2011-07-31,A,3.0,11,3,22
2011-07-31,A,3.0,12,3,22
2011-07-31,A,3.5,4,1,4
2011-07-31,A,3.5,5,1,4
2011-07-31,A,3.5,6,1,4
2011-07-31,A,3.5,7,1,4
2011-07-31,A,3.5,8,1,9
2011-07-31,A,3.5,9,1,9
2011-07-31,A,3.5,10,1,9
2011-07-31,A,3.5,11,2,10
2011-07-31,A,3.5,12,2,19
2011-07-31,A,4.0,4,1,4
2011-07-31,A,4.0,5,1,4
2011-07-31,A,4.0,6,1,4
2011-07-31,A,4.0,7,1,4
2011-07-31,A,4.0,8,1,8
2011-07-31,A,4.0,9,1,8
2011-07-31,A,4.0,10,1,8
2011-07-31,A,4.0,11,1,8
2011-07-31,A,4.0,12,1,8
2011-08-01,A,1.0,4,5,24
2011-08-01,A,1.0,5,4,58
2011-08-01,A,1.0,6,0,586
2011-08-01,A,1.0,7,0,586
2011-08-01,A,1.0,8,0,586
2011-08-01,A,1.0,9,0,586
2011-08-01,A,1.0,10,0,586
2011-08-01,A,1.0,11,0,586
2011-08-01,A,1.0,12,0,586
2011-08-01,A,1.5,4,5,6
2011-08-01,A,1.5,5,5,16
2011-08-01,A,1.5,6,5,20
2011-08-01,A,1.5,7,4,35
2011-08-01,A,1.5,8,2,59
2011-08-01,A,1.5,9,2,81
2011-08-01,A,1.5,10,0,586
2011-08-01,A,1.5,11,0,586
2011-08-01,A,1.5,12,0,586
2011-08-01,A,2.0,4,3,4
2011-08-01,A,2.0,5,4,7
2011-08-01,A,2.0,6,4,12
2011-08-01,A,2.0,7,5,16
2011-08-01,A,2.0,8,4,28
2011-08-01,A,2.0,9,2,47
2011-08-01,A,2.0,10,2,51
2011-08-01,A,2.0,11,2,58
2011-08-01,A,2.0,12,3,63
2011-08-01,A,2.5,4,3,3
2011-08-01,A,2.5,5,3,4
2011-08-01,A,2.5,6,3,5
2011-08-01,A,2.5,7,4,6
2011-08-01,A,2.5,8,4,9
2011-08-01,A,2.5,9,3,20
2011-08-01,A,2.5,10,3,21
2011-08-01,A,2.5,11,2,35
2011-08-01,A,2.5,12,2,42
2011-08-01,A,3.0,4,2,0
2011-08-01,A,3.0,5,3,0
2011-08-01,A,3.0,6,3,2
2011-08-01,A,3.0,7,3,2
2011-08-01,A,3.0,8,4,2
2011-08-01,A,3.0,9,4,2
2011-08-01,A,3.0,10,4,5
2011-08-01,A,3.0,11,3,18
2011-08-01,A,3.0,12,2,32
2011-08-01,A,3.5,4,2,0
2011-08-01,A,3.5,5,2,0
2011-08-01,A,3.5,6,2,0
2011-08-01,A,3.5,7,3,0
2011-08-01,A,3.5,8,3,2
2011-08-01,A,3.5,9,3,2
2011-08-01,A,3.5,10,3,2
2011-08-01,A,3.5,11,4,3
2011-08-01,A,3.5,12,3,15
2011-08-01,A,4.0,4,1,0
2011-08-01,A,4.0,5,1,0
2011-08-01,A,4.0,6,1,0
2011-08-01,A,4.0,7,1,0
2011-08-01,A,4.0,8,1,0
2011-08-01,A,4.0,9,1,0
2011-08-01,A,4.0,10,1,0
2011-08-01,A,4.0,11,2,0
2011-08-01,A,4.0,12,3,1
2011-08-02,A,1.0,4,4,23
2011-08-02,A,1.0,5,5,57
2011-08-02,A,1.0,6,0,619
2011-08-02,A,1.0,7,0,619
2011-08-02,A,1.0,8,0,619
2011-08-02,A,1.0,9,0,619
2011-08-02,A,1.0,10,0,619
2011-08-02,A,1.0,11,0,619
2011-08-02,A,1.0,12,0,619
2011-08-02,A,1.5,4,4,15
2011-08-02,A,1.5,5,4,16
2011-08-02,A,1.5,6,3,27
2011-08-02,A,1.5,7,3,32
2011-08-02,A,1.5,8,2,55
2011-08-02,A,1.5,9,2,82
2011-08-02,A,1.5,10,0,619
2011-08-02,A,1.5,11,0,619
2011-08-02,A,1.5,12,0,619
2011-08-02,A,2.0,4,4,10
2011-08-02,A,2.0,5,4,11
2011-08-02,A,2.0,6,3,18
2011-08-02,A,2.0,7,3,22
2011-08-02,A,2.0,8,3,24
2011-08-02,A,2.0,9,2,35
2011-08-02,A,2.0,10,2,38
2011-08-02,A,2.0,11,2,44
2011-08-02,A,2.0,12,2,58
2011-08-02,A,2.5,4,4,4
2011-08-02,A,2.5,5,4,6
2011-08-02,A,2.5,6,4,6
2011-08-02,A,2.5,7,4,6
2011-08-02,A,2.5,8,3,14
2011-08-02,A,2.5,9,3,16
2011-08-02,A,2.5,10,2,28
2011-08-02,A,2.5,11,2,31
2011-08-02,A,2.5,12,2,32
2011-08-02,A,3.0,4,3,3
2011-08-02,A,3.0,5,3,3
2011-08-02,A,3.0,6,4,3
2011-08-02,A,3.0,7,4,3
2011-08-02,A,3.0,8,3,10
2011-08-02,A,3.0,9,3,11
2011-08-02,A,3.0,10,3,14
2011-08-02,A,3.0,11,2,24
2011-08-02,A,3.0,12,2,24
2011-08-02,A,3.5,4,2,0
2011-08-02,A,3.5,5,2,2
2011-08-02,A,3.5,6,3,2
2011-08-02,A,3.5,7,3,2
2011-08-02,A,3.5,8,3,9
2011-08-02,A,3.5,9,3,9
2011-08-02,A,3.5,10,3,9
2011-08-02,A,3.5,11,2,19
2011-08-02,A,3.5,12,2,19
2011-08-02,A,4.0,4,2,0
2011-08-02,A,4.0,5,2,0
2011-08-02,A,4.0,6,2,0
2011-08-02,A,4.0,7,3,2
2011-08-02,A,4.0,8,2,9
2011-08-02,A,4.0,9,2,9
2011-08-02,A,4.0,10,2,9
2011-08-02,A,4.0,11,2,9
2011-08-02,A,4.0,12,2,18
2011-08-03,A,1.0,4,7,21
2011-08-03,A,1.0,5,4,56
2011-08-03,A,1.0,6,0,553
2011-08-03,A,1.0,7,0,553
2011-08-03,A,1.0,8,0,553
2011-08-03,A,1.0,9,0,553
2011-08-03,A,1.0,10,0,553
2011-08-03,A,1.0,11,0,553
2011-08-03,A,1.0,12,0,553
2011-08-03,A,1.5,4,5,8
2011-08-03,A,1.5,5,6,9
2011-08-03,A,1.5,6,4,25
2011-08-03,A,1.5,7,3,39
2011-08-03,A,1.5,8,2,58
2011-08-03,A,1.5,9,1,90
2011-08-03,A,1.5,10,0,553
2011-08-03,A,1.5,11,0,553
2011-08-03,A,1.5,12,0,553
2011-08-03,A,2.0,4,5,6
2011-08-03,A,2.0,5,5,6
2011-08-03,A,2.0,6,3,18
2011-08-03,A,2.0,7,3,21
2011-08-03,A,2.0,8,3,27
2011-08-03,A,2.0,9,3,31
2011-08-03,A,2.0,10,2,47
2011-08-03,A,2.0,11,2,54
2011-08-03,A,2.0,12,1,73
2011-08-03,A,2.5,4,4,3
2011-08-03,A,2.5,5,5,4
2011-08-03,A,2.5,6,4,9
2011-08-03,A,2.5,7,3,15
2011-08-03,A,2.5,8,3,15
2011-08-03,A,2.5,9,3,18
2011-08-03,A,2.5,10,3,18
2011-08-03,A,2.5,11,2,32
2011-08-03,A,2.5,12,2,33
2011-08-03,A,3.0,4,3,3
2011-08-03,A,3.0,5,3,3
2011-08-03,A,3.0,6,4,3
2011-08-03,A,3.0,7,3,9
2011-08-03,A,3.0,8,3,12
2011-08-03,A,3.0,9,3,12
2011-08-03,A,3.0,10,3,13
2011-08-03,A,3.0,11,3,15
2011-08-03,A,3.0,12,2,26
2011-08-03,A,3.5,4,3,3
2011-08-03,A,3.5,5,3,3
2011-08-03,A,3.5,6,3,3
2011-08-03,A,3.5,7,2,9
2011-08-03,A,3.5,8,2,9
2011-08-03,A,3.5,9,2,9
2011-08-03,A,3.5,10,3,11
2011-08-03,A,3.5,11,3,11
2011-08-03,A,3.5,12,2,24
2011-08-03,A,4.0,4,3,3
2011-08-03,A,4.0,5,3,3
2011-08-03,A,4.0,6,3,3
2011-08-03,A,4.0,7,2,9
2011-08-03,A,4.0,8,2,9
2011-08-03,A,4.0,9,2,9
2011-08-03,A,4.0,10,2,9
2011-08-03,A,4.0,11,2,9
2011-08-03,A,4.0,12,2,9
2011-08-04,A,1.0,4,5,16
2011-08-04,A,1.0,5,5,65
2011-08-04,A,1.0,6,0,539
2011-08-04,A,1.0,7,0,539
2011-08-04,A,1.0,8,0,539
2011-08-04,A,1.0,9,0,539
2011-08-04,A,1.0,10,0,539
2011-08-04,A,1.0,11,0,539
2011-08-04,A,1.0,12,0,539
2011-08-04,A,1.5,4,5,4
2011-08-04,A,1.5,5,4,11
2011-08-04,A,1.5,6,4,19
2011-08-04,A,1.5,7,3,34
2011-08-04,A,1.5,8,3,47
2011-08-04,A,1.5,9,2,91
2011-08-04,A,1.5,10,0,539
2011-08-04,A,1.5,11,0,539
2011-08-04,A,1.5,12,0,539
2011-08-04,A,2.0,4,4,4
2011-08-04,A,2.0,5,4,5
2011-08-04,A,2.0,6,4,8
2011-08-04,A,2.0,7,3,14
2011-08-04,A,2.0,8,3,19
2011-08-04,A,2.0,9,2,33
2011-08-04,A,2.0,10,2,44
2011-08-04,A,2.0,11,2,56
2011-08-04,A,2.0,12,1,92
2011-08-04,A,2.5,4,4,1
2011-08-04,A,2.5,5,4,2
2011-08-04,A,2.5,6,4,2
2011-08-04,A,2.5,7,4,3
2011-08-04,A,2.5,8,4,4
2011-08-04,A,2.5,9,3,12
2011-08-04,A,2.5,10,2,21
2011-08-04,A,2.5,11,2,22
2011-08-04,A,2.5,12,2,23
2011-08-04,A,3.0,4,4,0
2011-08-04,A,3.0,5,4,0
2011-08-04,A,3.0,6,4,0
2011-08-04,A,3.0,7,4,0
2011-08-04,A,3.0,8,4,0
2011-08-04,A,3.0,9,4,0
2011-08-04,A,3.0,10,2,21
2011-08-04,A,3.0,11,2,21
2011-08-04,A,3.0,12,2,21
2011-08-04,A,3.5,4,3,0
2011-08-04,A,3.5,5,3,0
2011-08-04,A,3.5,6,3,0
2011-08-04,A,3.5,7,3,0
2011-08-04,A,3.5,8,4,0
2011-08-04,A,3.5,9,4,0
2011-08-04,A,3.5,10,3,9
2011-08-04,A,3.5,11,2,20
2011-08-04,A,3.5,12,2,20
2011-08-04,A,4.0,4,3,0
2011-08-04,A,4.0,5,3,0
2011-08-04,A,4.0,6,3,0
2011-08-04,A,4.0,7,3,0
2011-08-04,A,4.0,8,3,0
2011-08-04,A,4.0,9,3,0
2011-08-04,A,4.0,10,3,9
2011-08-04,A,4.0,11,3,9
2011-08-04,A,4.0,12,2,19
2011-08-05,A,1.0,4,5,17
2011-08-05,A,1.0,5,4,49
2011-08-05,A,1.0,6,0,471
2011-08-05,A,1.0,7,0,471
2011-08-05,A,1.0,8,0,471
2011-08-05,A,1.0,9,0,471
2011-08-05,A,1.0,10,0,471
2011-08-05,A,1.0,11,0,471
2011-08-05,A,1.0,12,0,471
2011-08-05,A,1.5,4,5,8
2011-08-05,A,1.5,5,4,13
2011-08-05,A,1.5,6,3,22
2011-08-05,A,1.5,7,2,31
2011-08-05,A,1.5,8,2,39
2011-08-05,A,1.5,9,4,66
2011-08-05,A,1.5,10,0,471
2011-08-05,A,1.5,11,0,471
2011-08-05,A,1.5,12,0,471
2011-08-05,A,2.0,4,4,7
2011-08-05,A,2.0,5,4,11
2011-08-05,A,2.0,6,4,11
2011-08-05,A,2.0,7,3,17
2011-08-05,A,2.0,8,3,21
2011-08-05,A,2.0,9,2,31
2011-08-05,A,2.0,10,2,33
2011-08-05,A,2.0,11,1,49
2011-08-05,A,2.0,12,2,72
2011-08-05,A,2.5,4,4,4
2011-08-05,A,2.5,5,4,4
2011-08-05,A,2.5,6,4,5
2011-08-05,A,2.5,7,4,7
2011-08-05,A,2.5,8,3,15
2011-08-05,A,2.5,9,3,15
2011-08-05,A,2.5,10,2,24
2011-08-05,A,2.5,11,2,26
2011-08-05,A,2.5,12,2,26
2011-08-05,A,3.0,4,4,4
2011-08-05,A,3.0,5,4,4
2011-08-05,A,3.0,6,4,4
2011-08-05,A,3.0,7,4,4
2011-08-05,A,3.0,8,4,4
2011-08-05,A,3.0,9,3,14
2011-08-05,A,3.0,10,2,24
2011-08-05,A,3.0,11,2,24
2011-08-05,A,3.0,12,2,24
2011-08-05,A,3.5,4,4,4
2011-08-05,A,3.5,5,4,4
2011-08-05,A,3.5,6,4,4
2011-08-05,A,3.5,7,4,4
2011-08-05,A,3.5,8,4,4
2011-08-05,A,3.5,9,4,5
2011-08-05,A,3.5,10,3,14
2011-08-05,A,3.5,11,2,24
2011-08-05,A,3.5,12,2,24
2011-08-05,A,4.0,4,4,3
2011-08-05,A,4.0,5,4,3
2011-08-05,A,4.0,6,4,3
2011-08-05,A,4.0,7,4,3
2011-08-05,A,4.0,8,4,3
2011-08-05,A,4.0,9,4,3
2011-08-05,A,4.0,10,4,3
2011-08-05,A,4.0,11,2,23
2011-08-05,A,4.0,12,2,23
2012-07-13,A,1.0,4,3,21
2012-07-13,A,1.0,5,6,60
2012-07-13,A,1.0,6,0,448
2012-07-13,A,1.0,7,0,448
2012-07-13,A,1.0,8,0,448
2012-07-13,A,1.0,9,0,448
2012-07-13,A,1.0,10,0,448
2012-07-13,A,1.0,11,0,448
2012-07-13,A,1.0,12,0,448
2012-07-13,A,1.5,4,3,12
2012-07-13,A,1.5,5,3,13
2012-07-13,A,1.5,6,3,14
2012-07-13,A,1.5,7,3,26
2012-07-13,A,1.5,8,5,41
2012-07-13,A,1.5,9,4,82
2012-07-13,A,1.5,10,0,448
2012-07-13,A,1.5,11,0,448
2012-07-13,A,1.5,12,0,448
2012-07-13,A,2.0,4,3,11
2012-07-13,A,2.0,5,3,12
2012-07-13,A,2.0,6,3,13
2012-07-13,A,2.0,7,2,20
2012-07-13,A,2.0,8,2,21
2012-07-13,A,2.0,9,3,23
2012-07-13,A,2.0,10,3,36
2012-07-13,A,2.0,11,4,51
2012-07-13,A,2.0,12,2,86
2012-07-13,A,2.5,4,3,8
2012-07-13,A,2.5,5,3,8
2012-07-13,A,2.5,6,3,9
2012-07-13,A,2.5,7,2,17
2012-07-13,A,2.5,8,2,17
2012-07-13,A,2.5,9,2,18
2012-07-13,A,2.5,10,2,19
2012-07-13,A,2.5,11,2,19
2012-07-13,A,2.5,12,2,22
2012-07-13,A,3.0,4,2,7
2012-07-13,A,3.0,5,2,7
2012-07-13,A,3.0,6,3,8
2012-07-13,A,3.0,7,2,15
2012-07-13,A,3.0,8,2,16
2012-07-13,A,3.0,9,2,16
2012-07-13,A,3.0,10,2,17
2012-07-13,A,3.0,11,2,17
2012-07-13,A,3.0,12,2,18
2012-07-13,A,3.5,4,1,7
2012-07-13,A,3.5,5,2,7
2012-07-13,A,3.5,6,2,7
2012-07-13,A,3.5,7,3,7
2012-07-13,A,3.5,8,2,14
2012-07-13,A,3.5,9,2,14
2012-07-13,A,3.5,10,2,14
2012-07-13,A,3.5,11,2,15
2012-07-13,A,3.5,12,2,16
2012-07-13,A,4.0,4,1,6
2012-07-13,A,4.0,5,1,6
2012-07-13,A,4.0,6,1,6
2012-07-13,A,4.0,7,2,6
2012-07-13,A,4.0,8,1,12
2012-07-13,A,4.0,9,1,12
2012-07-13,A,4.0,10,2,13
2012-07-13,A,4.0,11,2,13
2012-07-13,A,4.0,12,2,13
2012-07-14,A,1.0,4,6,21
2012-07-14,A,1.0,5,11,68
2012-07-14,A,1.0,6,0,587
2012-07-14,A,1.0,7,0,587
2012-07-14,A,1.0,8,0,587
2012-07-14,A,1.0,9,0,587
2012-07-14,A,1.0,10,0,587
2012-07-14,A,1.0,11,0,587
2012-07-14,A,1.0,12,0,587
2012-07-14,A,1.5,4,3,8
2012-07-14,A,1.5,5,4,14
2012-07-14,A,1.5,6,4,20
2012-07-14,A,1.5,7,3,33
2012-07-14,A,1.5,8,6,49
2012-07-14,A,1.5,9,4,109
2012-07-14,A,1.5,10,0,587
2012-07-14,A,1.5,11,0,587
2012-07-14,A,1.5,12,0,587
2012-07-14,A,2.0,4,3,4
2012-07-14,A,2.0,5,3,5
2012-07-14,A,2.0,6,3,7
2012-07-14,A,2.0,7,2,17
2012-07-14,A,2.0,8,3,20
2012-07-14,A,2.0,9,3,23
2012-07-14,A,2.0,10,3,46
2012-07-14,A,2.0,11,4,65
2012-07-14,A,2.0,12,4,100
2012-07-14,A,2.5,4,3,0
2012-07-14,A,2.5,5,3,2
2012-07-14,A,2.5,6,3,2
2012-07-14,A,2.5,7,2,8
2012-07-14,A,2.5,8,2,9
2012-07-14,A,2.5,9,2,9
2012-07-14,A,2.5,10,2,12
2012-07-14,A,2.5,11,2,12
2012-07-14,A,2.5,12,1,28
2012-07-14,A,3.0,4,3,0
2012-07-14,A,3.0,5,3,0
2012-07-14,A,3.0,6,3,1
2012-07-14,A,3.0,7,2,7
2012-07-14,A,3.0,8,2,7
2012-07-14,A,3.0,9,2,7
2012-07-14,A,3.0,10,2,7
2012-07-14,A,3.0,11,2,7
2012-07-14,A,3.0,12,2,7
2012-07-14,A,3.5,4,3,0
2012-07-14,A,3.5,5,3,0
2012-07-14,A,3.5,6,3,0
2012-07-14,A,3.5,7,2,6
2012-07-14,A,3.5,8,2,7
2012-07-14,A,3.5,9,2,7
2012-07-14,A,3.5,10,2,7
2012-07-14,A,3.5,11,2,7
2012-07-14,A,3.5,12,2,7
2012-07-14,A,4.0,4,3,0
2012-07-14,A,4.0,5,3,0
2012-07-14,A,4.0,6,3,0
2012-07-14,A,4.0,7,2,6
2012-07-14,A,4.0,8,2,6
2012-07-14,A,4.0,9,2,6
2012-07-14,A,4.0,10,2,6
2012-07-14,A,4.0,11,2,6
2012-07-14,A,4.0,12,2,6
2012-07-15,A,1.0,4,7,12
2012-07-15,A,1.0,5,5,79
2012-07-15,A,1.0,6,0,597
2012-07-15,A,1.0,7,0,597
2012-07-15,A,1.0,8,0,597
2012-07-15,A,1.0,9,0,597
2012-07-15,A,1.0,10,0,597
2012-07-15,A,1.0,11,0,597
2012-07-15,A,1.0,12,0,597
2012-07-15,A,1.5,4,4,5
2012-07-15,A,1.5,5,5,7
2012-07-15,A,1.5,6,5,9
2012-07-15,A,1.5,7,4,30
2012-07-15,A,1.5,8,3,59
2012-07-15,A,1.5,9,2,99
2012-07-15,A,1.5,10,0,597
2012-07-15,A,1.5,11,0,597
2012-07-15,A,1.5,12,0,597
2012-07-15,A,2.0,4,4,4
2012-07-15,A,2.0,5,4,5
2012-07-15,A,2.0,6,4,5
2012-07-15,A,2.0,7,4,11
2012-07-15,A,2.0,8,3,25
2012-07-15,A,2.0,9,3,28
2012-07-15,A,2.0,10,3,41
2012-07-15,A,2.0,11,2,66
2012-07-15,A,2.0,12,3,93
2012-07-15,A,2.5,4,4,1
2012-07-15,A,2.5,5,4,3
2012-07-15,A,2.5,6,4,3
2012-07-15,A,2.5,7,3,9
2012-07-15,A,2.5,8,3,9
2012-07-15,A,2.5,9,3,9
2012-07-15,A,2.5,10,3,19
2012-07-15,A,2.5,11,3,19
2012-07-15,A,2.5,12,3,23
2012-07-15,A,3.0,4,4,1
2012-07-15,A,3.0,5,4,1
2012-07-15,A,3.0,6,4,2
2012-07-15,A,3.0,7,3,8
2012-07-15,A,3.0,8,3,8
2012-07-15,A,3.0,9,3,8
2012-07-15,A,3.0,10,2,17
2012-07-15,A,3.0,11,2,17
2012-07-15,A,3.0,12,2,17
2012-07-15,A,3.5,4,4,0
2012-07-15,A,3.5,5,4,0
2012-07-15,A,3.5,6,4,0
2012-07-15,A,3.5,7,3,6
2012-07-15,A,3.5,8,3,7
2012-07-15,A,3.5,9,3,7
2012-07-15,A,3.5,10,2,17
2012-07-15,A,3.5,11,2,17
2012-07-15,A,3.5,12,2,17
2012-07-15,A,4.0,4,4,0
2012-07-15,A,4.0,5,4,0
2012-07-15,A,4.0,6,4,0
2012-07-15,A,4.0,7,3,6
2012-07-15,A,4.0,8,3,6
2012-07-15,A,4.0,9,3,6
2012-07-15,A,4.0,10,2,15
2012-07-15,A,4.0,11,2,15
2012-07-15,A,4.0,12,2,15
2012-07-16,A,1.0,4,5,17
2012-07-16,A,1.0,5,7,59
2012-07-16,A,1.0,6,0,571
2012-07-16,A,1.0,7,0,571
2012-07-16,A,1.0,8,0,571
2012-07-16,A,1.0,9,0,571
2012-07-16,A,1.0,10,0,571
2012-07-16,A,1.0,11,0,571
2012-07-16,A,1.0,12,0,571
2012-07-16,A,1.5,4,5,5
2012-07-16,A,1.5,5,3,15
2012-07-16,A,1.5,6,3,16
2012-07-16,A,1.5,7,2,28
2012-07-16,A,1.5,8,3,49
2012-07-16,A,1.5,9,4,82
2012-07-16,A,1.5,10,0,571
2012-07-16,A,1.5,11,0,571
2012-07-16,A,1.5,12,0,571
2012-07-16,A,2.0,4,5,4
2012-07-16,A,2.0,5,3,13
2012-07-16,A,2.0,6,3,13
2012-07-16,A,2.0,7,2,19
2012-07-16,A,2.0,8,2,22
2012-07-16,A,2.0,9,2,24
2012-07-16,A,2.0,10,2,32
2012-07-16,A,2.0,11,2,59
2012-07-16,A,2.0,12,3,76
2012-07-16,A,2.5,4,5,1
2012-07-16,A,2.5,5,3,11
2012-07-16,A,2.5,6,3,11
2012-07-16,A,2.5,7,2,17
2012-07-16,A,2.5,8,2,17
2012-07-16,A,2.5,9,2,17
2012-07-16,A,2.5,10,2,18
2012-07-16,A,2.5,11,2,18
2012-07-16,A,2.5,12,2,21
2012-07-16,A,3.0,4,4,1
2012-07-16,A,3.0,5,3,5
2012-07-16,A,3.0,6,3,9
2012-07-16,A,3.0,7,2,15
2012-07-16,A,3.0,8,2,16
2012-07-16,A,3.0,9,2,16
2012-07-16,A,3.0,10,2,16
2012-07-16,A,3.0,11,2,16
2012-07-16,A,3.0,12,2,16
2012-07-16,A,3.5,4,4,0
2012-07-16,A,3.5,5,3,4
2012-07-16,A,3.5,6,3,4
2012-07-16,A,3.5,7,2,13
2012-07-16,A,3.5,8,2,14
2012-07-16,A,3.5,9,2,14
2012-07-16,A,3.5,10,2,14
2012-07-16,A,3.5,11,2,15
2012-07-16,A,3.5,12,2,15
2012-07-16,A,4.0,4,4,0
2012-07-16,A,4.0,5,3,4
2012-07-16,A,4.0,6,3,4
2012-07-16,A,4.0,7,2,10
2012-07-16,A,4.0,8,2,12
2012-07-16,A,4.0,9,2,12
2012-07-16,A,4.0,10,2,12
2012-07-16,A,4.0,11,2,12
2012-07-16,A,4.0,12,2,12
2012-07-17,A,1.0,4,7,25
2012-07-17,A,1.0,5,10,58
2012-07-17,A,1.0,6,0,486
2012-07-17,A,1.0,7,0,486
2012-07-17,A,1.0,8,0,486
2012-07-17,A,1.0,9,0,486
2012-07-17,A,1.0,10,0,486
2012-07-17,A,1.0,11,0,486
2012-07-17,A,1.0,12,0,486
2012-07-17,A,1.5,4,6,5
2012-07-17,A,1.5,5,3,18
2012-07-17,A,1.5,6,2,26
2012-07-17,A,1.5,7,5,35
2012-07-17,A,1.5,8,4,63
2012-07-17,A,1.5,9,4,99
2012-07-17,A,1.5,10,0,486
2012-07-17,A,1.5,11,0,486
2012-07-17,A,1.5,12,0,486
2012-07-17,A,2.0,4,5,4
2012-07-17,A,2.0,5,4,13
2012-07-17,A,2.0,6,2,21
2012-07-17,A,2.0,7,2,23
2012-07-17,A,2.0,8,2,25
2012-07-17,A,2.0,9,3,34
2012-07-17,A,2.0,10,3,41
2012-07-17,A,2.0,11,4,59
2012-07-17,A,2.0,12,4,79
2012-07-17,A,2.5,4,5,2
2012-07-17,A,2.5,5,3,10
2012-07-17,A,2.5,6,2,15
2012-07-17,A,2.5,7,2,15
2012-07-17,A,2.5,8,2,16
2012-07-17,A,2.5,9,2,18
2012-07-17,A,2.5,10,2,19
2012-07-17,A,2.5,11,2,19
2012-07-17,A,2.5,12,2,24
2012-07-17,A,3.0,4,4,1
2012-07-17,A,3.0,5,3,5
2012-07-17,A,3.0,6,2,13
2012-07-17,A,3.0,7,2,13
2012-07-17,A,3.0,8,2,14
2012-07-17,A,3.0,9,2,14
2012-07-17,A,3.0,10,2,14
2012-07-17,A,3.0,11,2,14
2012-07-17,A,3.0,12,2,15
2012-07-17,A,3.5,4,4,0
2012-07-17,A,3.5,5,3,4
2012-07-17,A,3.5,6,2,9
2012-07-17,A,3.5,7,2,12
2012-07-17,A,3.5,8,2,12
2012-07-17,A,3.5,9,2,12
2012-07-17,A,3.5,10,2,12
2012-07-17,A,3.5,11,2,13
2012-07-17,A,3.5,12,2,13
2012-07-17,A,4.0,4,4,0
2012-07-17,A,4.0,5,3,4
2012-07-17,A,4.0,6,2,9
2012-07-17,A,4.0,7,2,9
2012-07-17,A,4.0,8,2,11
2012-07-17,A,4.0,9,2,11
2012-07-17,A,4.0,10,2,11
2012-07-17,A,4.0,11,2,11
2012-07-17,A,4.0,12,2,11
2012-07-18,A,1.0,4,10,19
2012-07-18,A,1.0,5,11,55
2012-07-18,A,1.0,6,0,451
2012-07-18,A,1.0,7,0,451
2012-07-18,A,1.0,8,0,451
2012-07-18,A,1.0,9,0,451
2012-07-18,A,1.0,10,0,451
2012-07-18,A,1.0,11,0,451
2012-07-18,A,1.0,12,0,451
2012-07-18,A,1.5,4,4,6
2012-07-18,A,1.5,5,2,16
2012-07-18,A,1.5,6,3,16
2012-07-18,A,1.5,7,5,37
2012-07-18,A,1.5,8,3,60
2012-07-18,A,1.5,9,2,111
2012-07-18,A,1.5,10,0,451
2012-07-18,A,1.5,11,0,451
2012-07-18,A,1.5,12,0,451
2012-07-18,A,2.0,4,4,5
2012-07-18,A,2.0,5,2,13
2012-07-18,A,2.0,6,2,15
2012-07-18,A,2.0,7,2,17
2012-07-18,A,2.0,8,3,27
2012-07-18,A,2.0,9,2,40
2012-07-18,A,2.0,10,3,49
2012-07-18,A,2.0,11,2,71
2012-07-18,A,2.0,12,2,83
2012-07-18,A,2.5,4,4,3
2012-07-18,A,2.5,5,2,11
2012-07-18,A,2.5,6,2,11
2012-07-18,A,2.5,7,2,11
2012-07-18,A,2.5,8,2,13
2012-07-18,A,2.5,9,2,13
2012-07-18,A,2.5,10,2,13
2012-07-18,A,2.5,11,2,21
2012-07-18,A,2.5,12,2,26
2012-07-18,A,3.0,4,4,2
2012-07-18,A,3.0,5,2,10
2012-07-18,A,3.0,6,2,10
2012-07-18,A,3.0,7,2,10
2012-07-18,A,3.0,8,2,10
2012-07-18,A,3.0,9,2,10
2012-07-18,A,3.0,10,2,10
2012-07-18,A,3.0,11,2,11
2012-07-18,A,3.0,12,2,11
2012-07-18,A,3.5,4,4,2
2012-07-18,A,3.5,5,2,10
2012-07-18,A,3.5,6,2,10
2012-07-18,A,3.5,7,2,10
2012-07-18,A,3.5,8,2,10
2012-07-18,A,3.5,9,2,10
2012-07-18,A,3.5,10,2,10
2012-07-18,A,3.5,11,2,10
2012-07-18,A,3.5,12,2,10
2012-07-18,A,4.0,4,4,1
2012-07-18,A,4.0,5,2,9
2012-07-18,A,4.0,6,2,9
2012-07-18,A,4.0,7,2,9
2012-07-18,A,4.0,8,2,9
2012-07-18,A,4.0,9,2,9
2012-07-18,A,4.0,10,2,9
2012-07-18,A,4.0,11,2,9
2012-07-18,A,4.0,12,2,9
2012-07-19,A,1.0,4,6,28
2012-07-19,A,1.0,5,11,64
2012-07-19,A,1.0,6,0,469
2012-07-19,A,1.0,7,0,469
2012-07-19,A,1.0,8,0,469
2012-07-19,A,1.0,9,0,469
2012-07-19,A,1.0,10,0,469
2012-07-19,A,1.0,11,0,469
2012-07-19,A,1.0,12,0,469
2012-07-19,A,1.5,4,5,12
2012-07-19,A,1.5,5,3,23
2012-07-19,A,1.5,6,3,30
2012-07-19,A,1.5,7,5,37
2012-07-19,A,1.5,8,5,54
2012-07-19,A,1.5,9,3,116
2012-07-19,A,1.5,10,0,469
2012-07-19,A,1.5,11,0,469
2012-07-19,A,1.5,12,0,469
2012-07-19,A,2.0,4,3,8
2012-07-19,A,2.0,5,2,16
2012-07-19,A,2.0,6,2,20
2012-07-19,A,2.0,7,3,21
2012-07-19,A,2.0,8,3,26
2012-07-19,A,2.0,9,4,31
2012-07-19,A,2.0,10,5,43
2012-07-19,A,2.0,11,3,86
2012-07-19,A,2.0,12,2,107
2012-07-19,A,2.5,4,3,7
2012-07-19,A,2.5,5,2,11
2012-07-19,A,2.5,6,2,12
2012-07-19,A,2.5,7,2,12
2012-07-19,A,2.5,8,3,17
2012-07-19,A,2.5,9,3,17
2012-07-19,A,2.5,10,3,17
2012-07-19,A,2.5,11,3,19
2012-07-19,A,2.5,12,3,23
2012-07-19,A,3.0,4,3,7
2012-07-19,A,3.0,5,2,11
2012-07-19,A,3.0,6,2,11
2012-07-19,A,3.0,7,2,11
2012-07-19,A,3.0,8,2,11
2012-07-19,A,3.0,9,2,11
2012-07-19,A,3.0,10,2,13
2012-07-19,A,3.0,11,2,15
2012-07-19,A,3.0,12,3,15
2012-07-19,A,3.5,4,3,7
2012-07-19,A,3.5,5,2,11
2012-07-19,A,3.5,6,2,11
2012-07-19,A,3.5,7,2,11
2012-07-19,A,3.5,8,2,11
2012-07-19,A,3.5,9,2,11
2012-07-19,A,3.5,10,2,11
2012-07-19,A,3.5,11,2,11
2012-07-19,A,3.5,12,2,12
2012-07-19,A,4.0,4,3,4
2012-07-19,A,4.0,5,2,8
2012-07-19,A,4.0,6,2,8
2012-07-19,A,4.0,7,2,8
2012-07-19,A,4.0,8,2,8
2012-07-19,A,4.0,9,2,8
2012-07-19,A,4.0,10,2,8
2012-07-19,A,4.0,11,2,8
2012-07-19,A,4.0,12,2,8
2012-07-20,A,1.0,4,11,27
2012-07-20,A,1.0,5,9,81
2012-07-20,A,1.0,6,0,465
2012-07-20,A,1.0,7,0,465
2012-07-20,A,1.0,8,0,465
2012-07-20,A,1.0,9,0,465
2012-07-20,A,1.0,10,0,465
2012-07-20,A,1.0,11,0,465
2012-07-20,A,1.0,12,0,465
2012-07-20,A,1.5,4,6,11
2012-07-20,A,1.5,5,5,26
2012-07-20,A,1.5,6,6,30
2012-07-20,A,1.5,7,5,57
2012-07-20,A,1.5,8,5,78
2012-07-20,A,1.5,9,5,117
2012-07-20,A,1.5,10,0,465
2012-07-20,A,1.5,11,0,465
2012-07-20,A,1.5,12,0,465
2012-07-20,A,2.0,4,4,7
2012-07-20,A,2.0,5,3,11
2012-07-20,A,2.0,6,3,19
2012-07-20,A,2.0,7,4,22
2012-07-20,A,2.0,8,4,38
2012-07-20,A,2.0,9,4,47
2012-07-20,A,2.0,10,4,67
2012-07-20,A,2.0,11,4,77
2012-07-20,A,2.0,12,4,121
2012-07-20,A,2.5,4,2,7
2012-07-20,A,2.5,5,2,7
2012-07-20,A,2.5,6,2,10
2012-07-20,A,2.5,7,3,14
2012-07-20,A,2.5,8,3,14
2012-07-20,A,2.5,9,2,24
2012-07-20,A,2.5,10,2,25
2012-07-20,A,2.5,11,2,28
2012-07-20,A,2.5,12,2,34
2012-07-20,A,3.0,4,2,6
2012-07-20,A,3.0,5,2,6
2012-07-20,A,3.0,6,2,6
2012-07-20,A,3.0,7,2,6
2012-07-20,A,3.0,8,2,6
2012-07-20,A,3.0,9,2,8
2012-07-20,A,3.0,10,3,9
2012-07-20,A,3.0,11,2,19
2012-07-20,A,3.0,12,2,19
2012-07-20,A,3.5,4,2,6
2012-07-20,A,3.5,5,2,6
2012-07-20,A,3.5,6,2,6
2012-07-20,A,3.5,7,2,6
2012-07-20,A,3.5,8,2,6
2012-07-20,A,3.5,9,2,6
2012-07-20,A,3.5,10,2,6
2012-07-20,A,3.5,11,2,15
2012-07-20,A,3.5,12,2,15
2012-07-20,A,4.0,4,2,5
2012-07-20,A,4.0,5,2,5
2012-07-20,A,4.0,6,2,5
2012-07-20,A,4.0,7,2,5
2012-07-20,A,4.0,8,2,5
2012-07-20,A,4.0,9,2,5
2012-07-20,A,4.0,10,2,5
2012-07-20,A,4.0,11,2,5
2012-07-20,A,4.0,12,2,5
2012-07-21,A,1.0,4,10,33
2012-07-21,A,1.0,5,7,91
2012-07-21,A,1.0,6,0,437
2012-07-21,A,1.0,7,0,437
2012-07-21,A,1.0,8,0,437
2012-07-21,A,1.0,9,0,437
2012-07-21,A,1.0,10,0,437
2012-07-21,A,1.0,11,0,437
2012-07-21,A,1.0,12,0,437
2012-07-21,A,1.5,4,6,11
2012-07-21,A,1.5,5,5,22
2012-07-21,A,1.5,6,7,32
2012-07-21,A,1.5,7,5,58
2012-07-21,A,1.5,8,6,72
2012-07-21,A,1.5,9,3,115
2012-07-21,A,1.5,10,0,437
2012-07-21,A,1.5,11,0,437
2012-07-21,A,1.5,12,0,437
2012-07-21,A,2.0,4,4,7
2012-07-21,A,2.0,5,4,11
2012-07-21,A,2.0,6,5,14
2012-07-21,A,2.0,7,4,26
2012-07-21,A,2.0,8,2,47
2012-07-21,A,2.0,9,3,60
2012-07-21,A,2.0,10,2,84
2012-07-21,A,2.0,11,3,92
2012-07-21,A,2.0,12,5,112
2012-07-21,A,2.5,4,2,6
2012-07-21,A,2.5,5,2,6
2012-07-21,A,2.5,6,2,6
2012-07-21,A,2.5,7,3,10
2012-07-21,A,2.5,8,5,10
2012-07-21,A,2.5,9,3,26
2012-07-21,A,2.5,10,1,45
2012-07-21,A,2.5,11,1,49
2012-07-21,A,2.5,12,1,53
2012-07-21,A,3.0,4,2,6
2012-07-21,A,3.0,5,2,6
2012-07-21,A,3.0,6,2,6
2012-07-21,A,3.0,7,2,6
2012-07-21,A,3.0,8,2,6
2012-07-21,A,3.0,9,3,6
2012-07-21,A,3.0,10,2,18
2012-07-21,A,3.0,11,1,31
2012-07-21,A,3.0,12,1,35
2012-07-21,A,3.5,4,2,6
2012-07-21,A,3.5,5,2,6
2012-07-21,A,3.5,6,2,6
2012-07-21,A,3.5,7,2,6
2012-07-21,A,3.5,8,2,6
2012-07-21,A,3.5,9,2,6
2012-07-21,A,3.5,10,2,6
2012-07-21,A,3.5,11,1,23
2012-07-21,A,3.5,12,1,27
2012-07-21,A,4.0,4,2,5
2012-07-21,A,4.0,5,2,5
2012-07-21,A,4.0,6,2,5
2012-07-21,A,4.0,7,2,5
2012-07-21,A,4.0,8,2,5
2012-07-21,A,4.0,9,2,5
2012-07-21,A,4.0,10,2,5
2012-07-21,A,4.0,11,1,15
2012-07-21,A,4.0,12,1,15
2012-07-22,A,1.0,4,6,36
2012-07-22,A,1.0,5,9,83
2012-07-22,A,1.0,6,0,452
2012-07-22,A,1.0,7,0,452
2012-07-22,A,1.0,8,0,452
2012-07-22,A,1.0,9,0,452
2012-07-22,A,1.0,10,0,452
2012-07-22,A,1.0,11,0,452
2012-07-22,A,1.0,12,0,452
2012-07-22,A,1.5,4,5,7
2012-07-22,A,1.5,5,7,12
2012-07-22,A,1.5,6,5,29
2012-07-22,A,1.5,7,4,51
2012-07-22,A,1.5,8,3,89
2012-07-22,A,1.5,9,2,116
2012-07-22,A,1.5,10,0,452
2012-07-22,A,1.5,11,0,452
2012-07-22,A,1.5,12,0,452
2012-07-22,A,2.0,4,4,6
2012-07-22,A,2.0,5,6,7
2012-07-22,A,2.0,6,5,14
2012-07-22,A,2.0,7,5,17
2012-07-22,A,2.0,8,4,29
2012-07-22,A,2.0,9,3,51
2012-07-22,A,2.0,10,2,76
2012-07-22,A,2.0,11,2,94
2012-07-22,A,2.0,12,2,112
2012-07-22,A,2.5,4,2,6
2012-07-22,A,2.5,5,2,6
2012-07-22,A,2.5,6,2,6
2012-07-22,A,2.5,7,2,6
2012-07-22,A,2.5,8,3,9
2012-07-22,A,2.5,9,4,9
2012-07-22,A,2.5,10,4,20
2012-07-22,A,2.5,11,4,21
2012-07-22,A,2.5,12,3,33
2012-07-22,A,3.0,4,2,5
2012-07-22,A,3.0,5,2,5
2012-07-22,A,3.0,6,2,5
2012-07-22,A,3.0,7,2,6
2012-07-22,A,3.0,8,2,6
2012-07-22,A,3.0,9,2,6
2012-07-22,A,3.0,10,2,6
2012-07-22,A,3.0,11,3,11
2012-07-22,A,3.0,12,3,12
2012-07-22,A,3.5,4,2,5
2012-07-22,A,3.5,5,2,5
2012-07-22,A,3.5,6,2,5
2012-07-22,A,3.5,7,2,5
2012-07-22,A,3.5,8,2,5
2012-07-22,A,3.5,9,2,5
2012-07-22,A,3.5,10,2,5
2012-07-22,A,3.5,11,2,6
2012-07-22,A,3.5,12,2,6
2012-07-22,A,4.0,4,2,3
2012-07-22,A,4.0,5,2,3
2012-07-22,A,4.0,6,2,3
2012-07-22,A,4.0,7,2,4
2012-07-22,A,4.0,8,2,4
2012-07-22,A,4.0,9,2,4
2012-07-22,A,4.0,10,2,4
2012-07-22,A,4.0,11,2,4
2012-07-22,A,4.0,12,2,4
2012-07-23,A,1.0,4,11,33
2012-07-23,A,1.0,5,12,89
2012-07-23,A,1.0,6,0,452
2012-07-23,A,1.0,7,0,452
2012-07-23,A,1.0,8,0,452
2012-07-23,A,1.0,9,0,452
2012-07-23,A,1.0,10,0,452
2012-07-23,A,1.0,11,0,452
2012-07-23,A,1.0,12,0,452
2012-07-23,A,1.5,4,6,6
2012-07-23,A,1.5,5,7,19
2012-07-23,A,1.5,6,6,32
2012-07-23,A,1.5,7,4,61
2012-07-23,A,1.5,8,4,108
2012-07-23,A,1.5,9,2,141
2012-07-23,A,1.5,10,0,452
2012-07-23,A,1.5,11,0,452
2012-07-23,A,1.5,12,0,452
2012-07-23,A,2.0,4,4,4
2012-07-23,A,2.0,5,6,5
2012-07-23,A,2.0,6,5,13
2012-07-23,A,2.0,7,5,26
2012-07-23,A,2.0,8,3,44
2012-07-23,A,2.0,9,3,61
2012-07-23,A,2.0,10,2,90
2012-07-23,A,2.0,11,3,106
2012-07-23,A,2.0,12,2,138
2012-07-23,A,2.5,4,1,2
2012-07-23,A,2.5,5,2,3
2012-07-23,A,2.5,6,2,3
2012-07-23,A,2.5,7,3,4
2012-07-23,A,2.5,8,5,8
2012-07-23,A,2.5,9,3,24
2012-07-23,A,2.5,10,2,34
2012-07-23,A,2.5,11,3,35
2012-07-23,A,2.5,12,3,39
2012-07-23,A,3.0,4,1,1
2012-07-23,A,3.0,5,1,1
2012-07-23,A,3.0,6,1,1
2012-07-23,A,3.0,7,1,1
2012-07-23,A,3.0,8,2,1
2012-07-23,A,3.0,9,2,1
2012-07-23,A,3.0,10,2,14
2012-07-23,A,3.0,11,2,19
2012-07-23,A,3.0,12,2,23
2012-07-23,A,3.5,4,1,0
2012-07-23,A,3.5,5,1,0
2012-07-23,A,3.5,6,1,0
2012-07-23,A,3.5,7,1,1
2012-07-23,A,3.5,8,1,1
2012-07-23,A,3.5,9,1,1
2012-07-23,A,3.5,10,1,4
2012-07-23,A,3.5,11,1,5
2012-07-23,A,3.5,12,1,9
2012-07-23,A,4.0,4,1,0
2012-07-23,A,4.0,5,1,0
2012-07-23,A,4.0,6,1,0
2012-07-23,A,4.0,7,1,0
2012-07-23,A,4.0,8,1,0
2012-07-23,A,4.0,9,1,0
2012-07-23,A,4.0,10,1,0
2012-07-23,A,4.0,11,1,0
2012-07-23,A,4.0,12,1,2
2012-07-24,A,1.0,4,10,27
2012-07-24,A,1.0,5,14,71
2012-07-24,A,1.0,6,0,474
2012-07-24,A,1.0,7,0,474
2012-07-24,A,1.0,8,0,474
2012-07-24,A,1.0,9,0,474
2012-07-24,A,1.0,10,0,474
2012-07-24,A,1.0,11,0,474
2012-07-24,A,1.0,12,0,474
2012-07-24,A,1.5,4,4,6
2012-07-24,A,1.5,5,3,20
2012-07-24,A,1.5,6,4,26
2012-07-24,A,1.5,7,5,40
2012-07-24,A,1.5,8,5,91
2012-07-24,A,1.5,9,4,136
2012-07-24,A,1.5,10,0,474
2012-07-24,A,1.5,11,0,474
2012-07-24,A,1.5,12,0,474
2012-07-24,A,2.0,4,2,5
2012-07-24,A,2.0,5,2,13
2012-07-24,A,2.0,6,2,14
2012-07-24,A,2.0,7,3,18
2012-07-24,A,2.0,8,3,22
2012-07-24,A,2.0,9,4,37
2012-07-24,A,2.0,10,3,67
2012-07-24,A,2.0,11,4,85
2012-07-24,A,2.0,12,1,141
2012-07-24,A,2.5,4,1,2
2012-07-24,A,2.5,5,1,4
2012-07-24,A,2.5,6,1,4
2012-07-24,A,2.5,7,1,9
2012-07-24,A,2.5,8,2,12
2012-07-24,A,2.5,9,2,13
2012-07-24,A,2.5,10,2,13
2012-07-24,A,2.5,11,2,15
2012-07-24,A,2.5,12,3,17
2012-07-24,A,3.0,4,1,1
2012-07-24,A,3.0,5,1,1
2012-07-24,A,3.0,6,1,2
2012-07-24,A,3.0,7,1,2
2012-07-24,A,3.0,8,1,2
2012-07-24,A,3.0,9,1,4
2012-07-24,A,3.0,10,2,6
2012-07-24,A,3.0,11,2,7
2012-07-24,A,3.0,12,2,8
2012-07-24,A,3.5,4,1,0
2012-07-24,A,3.5,5,1,0
2012-07-24,A,3.5,6,1,0
2012-07-24,A,3.5,7,1,2
2012-07-24,A,3.5,8,1,2
2012-07-24,A,3.5,9,1,2
2012-07-24,A,3.5,10,1,2
2012-07-24,A,3.5,11,1,4
2012-07-24,A,3.5,12,1,4
2012-07-24,A,4.0,4,1,0
2012-07-24,A,4.0,5,1,0
2012-07-24,A,4.0,6,1,0
2012-07-24,A,4.0,7,1,0
2012-07-24,A,4.0,8,1,0
2012-07-24,A,4.0,9,1,0
2012-07-24,A,4.0,10,1,1
2012-07-24,A,4.0,11,1,1
2012-07-24,A,4.0,12,1,2
2012-07-25,A,1.0,4,4,28
2012-07-25,A,1.0,5,15,61
2012-07-25,A,1.0,6,0,487
2012-07-25,A,1.0,7,0,487
2012-07-25,A,1.0,8,0,487
2012-07-25,A,1.0,9,0,487
2012-07-25,A,1.0,10,0,487
2012-07-25,A,1.0,11,0,487
2012-07-25,A,1.0,12,0,487
2012-07-25,A,1.5,4,3,10
2012-07-25,A,1.5,5,2,18
2012-07-25,A,1.5,6,2,27
2012-07-25,A,1.5,7,3,33
2012-07-25,A,1.5,8,4,55
2012-07-25,A,1.5,9,5,113
2012-07-25,A,1.5,10,0,487
2012-07-25,A,1.5,11,0,487
2012-07-25,A,1.5,12,0,487
2012-07-25,A,2.0,4,3,4
2012-07-25,A,2.0,5,2,12
2012-07-25,A,2.0,6,2,15
2012-07-25,A,2.0,7,1,23
2012-07-25,A,2.0,8,1,27
2012-07-25,A,2.0,9,2,29
2012-07-25,A,2.0,10,3,39
2012-07-25,A,2.0,11,4,66
2012-07-25,A,2.0,12,2,111
2012-07-25,A,2.5,4,1,3
2012-07-25,A,2.5,5,1,3
2012-07-25,A,2.5,6,2,10
2012-07-25,A,2.5,7,2,10
2012-07-25,A,2.5,8,1,19
2012-07-25,A,2.5,9,1,20
2012-07-25,A,2.5,10,1,20
2012-07-25,A,2.5,11,1,22
2012-07-25,A,2.5,12,1,25
2012-07-25,A,3.0,4,1,1
2012-07-25,A,3.0,5,1,1
2012-07-25,A,3.0,6,1,1
2012-07-25,A,3.0,7,1,1
2012-07-25,A,3.0,8,2,4
2012-07-25,A,3.0,9,1,17
2012-07-25,A,3.0,10,1,18
2012-07-25,A,3.0,11,1,19
2012-07-25,A,3.0,12,1,19
2012-07-25,A,3.5,4,1,0
2012-07-25,A,3.5,5,1,0
2012-07-25,A,3.5,6,1,0
2012-07-25,A,3.5,7,1,0
2012-07-25,A,3.5,8,1,0
2012-07-25,A,3.5,9,1,6
2012-07-25,A,3.5,10,1,6
2012-07-25,A,3.5,11,1,6
2012-07-25,A,3.5,12,1,14
2012-07-25,A,4.0,4,1,0
2012-07-25,A,4.0,5,1,0
2012-07-25,A,4.0,6,1,0
2012-07-25,A,4.0,7,1,0
2012-07-25,A,4.0,8,1,0
2012-07-25,A,4.0,9,1,0
2012-07-25,A,4.0,10,1,2
2012-07-25,A,4.0,11,1,4
2012-07-25,A,4.0,12,1,4
2012-07-26,A,1.0,4,3,13
2012-07-26,A,1.0,5,13,44
2012-07-26,A,1.0,6,0,456
2012-07-26,A,1.0,7,0,456
2012-07-26,A,1.0,8,0,456
2012-07-26,A,1.0,9,0,456
2012-07-26,A,1.0,10,0,456
2012-07-26,A,1.0,11,0,456
2012-07-26,A,1.0,12,0,456
2012-07-26,A,1.5,4,1,3
2012-07-26,A,1.5,5,1,6
2012-07-26,A,1.5,6,1,7
2012-07-26,A,1.5,7,3,14
2012-07-26,A,1.5,8,5,37
2012-07-26,A,1.5,9,7,77
2012-07-26,A,1.5,10,0,456
2012-07-26,A,1.5,11,0,456
2012-07-26,A,1.5,12,0,456
2012-07-26,A,2.0,4,1,3
2012-07-26,A,2.0,5,1,3
2012-07-26,A,2.0,6,1,5
2012-07-26,A,2.0,7,1,6
2012-07-26,A,2.0,8,1,8
2012-07-26,A,2.0,9,1,15
2012-07-26,A,2.0,10,2,22
2012-07-26,A,2.0,11,6,31
2012-07-26,A,2.0,12,4,80
2012-07-26,A,2.5,4,1,2
2012-07-26,A,2.5,5,1,2
2012-07-26,A,2.5,6,1,2
2012-07-26,A,2.5,7,1,2
2012-07-26,A,2.5,8,1,3
2012-07-26,A,2.5,9,1,3
2012-07-26,A,2.5,10,1,3
2012-07-26,A,2.5,11,1,5
2012-07-26,A,2.5,12,1,10
2012-07-26,A,3.0,4,1,1
2012-07-26,A,3.0,5,1,1
2012-07-26,A,3.0,6,1,1
2012-07-26,A,3.0,7,1,1
2012-07-26,A,3.0,8,1,2
2012-07-26,A,3.0,9,1,2
2012-07-26,A,3.0,10,1,2
2012-07-26,A,3.0,11,1,2
2012-07-26,A,3.0,12,1,2
2012-07-26,A,3.5,4,1,0
2012-07-26,A,3.5,5,1,0
2012-07-26,A,3.5,6,1,0
2012-07-26,A,3.5,7,1,0
2012-07-26,A,3.5,8,1,0
2012-07-26,A,3.5,9,1,0
2012-07-26,A,3.5,10,1,0
2012-07-26,A,3.5,11,1,0
2012-07-26,A,3.5,12,1,0
2012-07-26,A,4.0,4,1,0
2012-07-26,A,4.0,5,1,0
2012-07-26,A,4.0,6,1,0
2012-07-26,A,4.0,7,1,0
2012-07-26,A,4.0,8,1,0
2012-07-26,A,4.0,9,1,0
2012-07-26,A,4.0,10,1,0
2012-07-26,A,4.0,11,1,0
2012-07-26,A,4.0,12,1,0
2012-07-27,A,1.0,4,4,23
2012-07-27,A,1.0,5,12,56
2012-07-27,A,1.0,6,0,427
2012-07-27,A,1.0,7,0,427
2012-07-27,A,1.0,8,0,427
2012-07-27,A,1.0,9,0,427
2012-07-27,A,1.0,10,0,427
2012-07-27,A,1.0,11,0,427
2012-07-27,A,1.0,12,0,427
2012-07-27,A,1.5,4,2,5
2012-07-27,A,1.5,5,2,9
2012-07-27,A,1.5,6,2,14
2012-07-27,A,1.5,7,4,27
2012-07-27,A,1.5,8,6,48
2012-07-27,A,1.5,9,5,99
2012-07-27,A,1.5,10,0,427
2012-07-27,A,1.5,11,0,427
2012-07-27,A,1.5,12,0,427
2012-07-27,A,2.0,4,2,4
2012-07-27,A,2.0,5,1,9
2012-07-27,A,2.0,6,2,10
2012-07-27,A,2.0,7,2,13
2012-07-27,A,2.0,8,2,14
2012-07-27,A,2.0,9,4,17
2012-07-27,A,2.0,10,4,37
2012-07-27,A,2.0,11,4,68
2012-07-27,A,2.0,12,3,106
2012-07-27,A,2.5,4,2,3
2012-07-27,A,2.5,5,1,7
2012-07-27,A,2.5,6,1,7
2012-07-27,A,2.5,7,1,7
2012-07-27,A,2.5,8,1,8
2012-07-27,A,2.5,9,1,8
2012-07-27,A,2.5,10,1,8
2012-07-27,A,2.5,11,1,10
2012-07-27,A,2.5,12,2,12
2012-07-27,A,3.0,4,1,3
2012-07-27,A,3.0,5,1,3
2012-07-27,A,3.0,6,1,5
2012-07-27,A,3.0,7,1,5
2012-07-27,A,3.0,8,1,6
2012-07-27,A,3.0,9,1,6
2012-07-27,A,3.0,10,1,6
2012-07-27,A,3.0,11,1,6
2012-07-27,A,3.0,12,1,6
2012-07-27,A,3.5,4,1,3
2012-07-27,A,3.5,5,1,3
2012-07-27,A,3.5,6,1,3
2012-07-27,A,3.5,7,1,4
2012-07-27,A,3.5,8,1,4
2012-07-27,A,3.5,9,1,4
2012-07-27,A,3.5,10,1,4
2012-07-27,A,3.5,11,1,4
2012-07-27,A,3.5,12,1,4
2012-07-27,A,4.0,4,1,3
2012-07-27,A,4.0,5,1,3
2012-07-27,A,4.0,6,1,3
2012-07-27,A,4.0,7,1,3
2012-07-27,A,4.0,8,1,3
2012-07-27,A,4.0,9,1,3
2012-07-27,A,4.0,10,1,3
2012-07-27,A,4.0,11,1,3
2012-07-27,A,4.0,12,1,3
2012-07-28,A,1.0,4,9,15
2012-07-28,A,1.0,5,10,64
2012-07-28,A,1.0,6,0,421
2012-07-28,A,1.0,7,0,421
2012-07-28,A,1.0,8,0,421
2012-07-28,A,1.0,9,0,421
2012-07-28,A,1.0,10,0,421
2012-07-28,A,1.0,11,0,421
2012-07-28,A,1.0,12,0,421
2012-07-28,A,1.5,4,4,3
2012-07-28,A,1.5,5,6,4
2012-07-28,A,1.5,6,4,21
2012-07-28,A,1.5,7,5,31
2012-07-28,A,1.5,8,6,59
2012-07-28,A,1.5,9,5,97
2012-07-28,A,1.5,10,0,421
2012-07-28,A,1.5,11,0,421
2012-07-28,A,1.5,12,0,421
2012-07-28,A,2.0,4,4,2
2012-07-28,A,2.0,5,4,2
2012-07-28,A,2.0,6,2,14
2012-07-28,A,2.0,7,3,15
2012-07-28,A,2.0,8,4,19
2012-07-28,A,2.0,9,6,27
2012-07-28,A,2.0,10,4,59
2012-07-28,A,2.0,11,2,90
2012-07-28,A,2.0,12,2,111
2012-07-28,A,2.5,4,2,1
2012-07-28,A,2.5,5,3,1
2012-07-28,A,2.5,6,3,1
2012-07-28,A,2.5,7,2,12
2012-07-28,A,2.5,8,2,12
2012-07-28,A,2.5,9,2,12
2012-07-28,A,2.5,10,2,12
2012-07-28,A,2.5,11,2,13
2012-07-28,A,2.5,12,2,13
2012-07-28,A,3.0,4,2,0
2012-07-28,A,3.0,5,2,0
2012-07-28,A,3.0,6,2,0
2012-07-28,A,3.0,7,1,6
2012-07-28,A,3.0,8,1,8
2012-07-28,A,3.0,9,1,10
2012-07-28,A,3.0,10,1,10
2012-07-28,A,3.0,11,1,10
2012-07-28,A,3.0,12,1,10
2012-07-28,A,3.5,4,2,0
2012-07-28,A,3.5,5,2,0
2012-07-28,A,3.5,6,2,0
2012-07-28,A,3.5,7,1,6
2012-07-28,A,3.5,8,1,6
2012-07-28,A,3.5,9,1,6
2012-07-28,A,3.5,10,1,6
2012-07-28,A,3.5,11,1,7
2012-07-28,A,3.5,12,1,7
2012-07-28,A,4.0,4,2,0
2012-07-28,A,4.0,5,2,0
2012-07-28,A,4.0,6,2,0
2012-07-28,A,4.0,7,1,6
2012-07-28,A,4.0,8,1,6
2012-07-28,A,4.0,9,1,6
2012-07-28,A,4.0,10,1,6
2012-07-28,A,4.0,11,1,6
2012-07-28,A,4.0,12,1,6
2012-07-29,A,1.0,4,8,19
2012-07-29,A,1.0,5,8,64
2012-07-29,A,1.0,6,0,393
2012-07-29,A,1.0,7,0,393
2012-07-29,A,1.0,8,0,393
2012-07-29,A,1.0,9,0,393
2012-07-29,A,1.0,10,0,393
2012-07-29,A,1.0,11,0,393
2012-07-29,A,1.0,12,0,393
2012-07-29,A,1.5,4,5,6
2012-07-29,A,1.5,5,5,8
2012-07-29,A,1.5,6,3,27
2012-07-29,A,1.5,7,4,34
2012-07-29,A,1.5,8,4,55
2012-07-29,A,1.5,9,4,87
2012-07-29,A,1.5,10,0,393
2012-07-29,A,1.5,11,0,393
2012-07-29,A,1.5,12,0,393
2012-07-29,A,2.0,4,5,3
2012-07-29,A,2.0,5,5,3
2012-07-29,A,2.0,6,3,15
2012-07-29,A,2.0,7,2,22
2012-07-29,A,2.0,8,3,23
2012-07-29,A,2.0,9,3,27
2012-07-29,A,2.0,10,4,33
2012-07-29,A,2.0,11,2,74
2012-07-29,A,2.0,12,2,97
2012-07-29,A,2.5,4,5,0
2012-07-29,A,2.5,5,5,0
2012-07-29,A,2.5,6,5,0
2012-07-29,A,2.5,7,3,12
2012-07-29,A,2.5,8,3,13
2012-07-29,A,2.5,9,2,21
2012-07-29,A,2.5,10,2,21
2012-07-29,A,2.5,11,2,22
2012-07-29,A,2.5,12,3,26
2012-07-29,A,3.0,4,3,0
2012-07-29,A,3.0,5,3,0
2012-07-29,A,3.0,6,3,0
2012-07-29,A,3.0,7,3,6
2012-07-29,A,3.0,8,3,10
2012-07-29,A,3.0,9,2,19
2012-07-29,A,3.0,10,2,19
2012-07-29,A,3.0,11,2,19
2012-07-29,A,3.0,12,2,19
2012-07-29,A,3.5,4,3,0
2012-07-29,A,3.5,5,3,0
2012-07-29,A,3.5,6,3,0
2012-07-29,A,3.5,7,2,6
2012-07-29,A,3.5,8,2,6
2012-07-29,A,3.5,9,3,6
2012-07-29,A,3.5,10,2,14
2012-07-29,A,3.5,11,2,17
2012-07-29,A,3.5,12,2,17
2012-07-29,A,4.0,4,2,0
2012-07-29,A,4.0,5,2,0
2012-07-29,A,4.0,6,2,0
2012-07-29,A,4.0,7,1,6
2012-07-29,A,4.0,8,1,6
2012-07-29,A,4.0,9,1,6
2012-07-29,A,4.0,10,1,6
2012-07-29,A,4.0,11,1,10
2012-07-29,A,4.0,12,1,10
2015-07-16,A,1.0,4,14,35
2015-07-16,A,1.0,5,11,85
2015-07-16,A,1.0,6,0,388
2015-07-16,A,1.0,7,0,388
2015-07-16,A,1.0,8,0,388
2015-07-16,A,1.0,9,0,388
2015-07-16,A,1.0,10,0,388
2015-07-16,A,1.0,11,0,388
2015-07-16,A,1.0,12,0,388
2015-07-16,A,1.5,4,6,17
2015-07-16,A,1.5,5,8,22
2015-07-16,A,1.5,6,9,32
2015-07-16,A,1.5,7,7,56
2015-07-16,A,1.5,8,6,82
2015-07-16,A,1.5,9,4,120
2015-07-16,A,1.5,10,0,388
2015-07-16,A,1.5,11,0,388
2015-07-16,A,1.5,12,0,388
2015-07-16,A,2.0,4,5,13
2015-07-16,A,2.0,5,5,15
2015-07-16,A,2.0,6,6,15
2015-07-16,A,2.0,7,7,23
2015-07-16,A,2.0,8,5,48
2015-07-16,A,2.0,9,5,62
2015-07-16,A,2.0,10,4,78
2015-07-16,A,2.0,11,4,87
2015-07-16,A,2.0,12,4,117
2015-07-16,A,2.5,4,3,8
2015-07-16,A,2.5,5,3,11
2015-07-16,A,2.5,6,3,11
2015-07-16,A,2.5,7,3,11
2015-07-16,A,2.5,8,5,13
2015-07-16,A,2.5,9,4,21
2015-07-16,A,2.5,10,5,26
2015-07-16,A,2.5,11,6,35
2015-07-16,A,2.5,12,5,47
2015-07-16,A,3.0,4,3,7
2015-07-16,A,3.0,5,3,7
2015-07-16,A,3.0,6,3,8
2015-07-16,A,3.0,7,3,9
2015-07-16,A,3.0,8,3,9
2015-07-16,A,3.0,9,3,11
2015-07-16,A,3.0,10,3,11
2015-07-16,A,3.0,11,3,18
2015-07-16,A,3.0,12,3,20
2015-07-16,A,3.5,4,2,4
2015-07-16,A,3.5,5,2,5
2015-07-16,A,3.5,6,2,5
2015-07-16,A,3.5,7,2,5
2015-07-16,A,3.5,8,2,5
2015-07-16,A,3.5,9,2,7
2015-07-16,A,3.5,10,3,7
2015-07-16,A,3.5,11,3,9
2015-07-16,A,3.5,12,3,10
2015-07-16,A,4.0,4,2,4
2015-07-16,A,4.0,5,2,4
2015-07-16,A,4.0,6,2,4
2015-07-16,A,4.0,7,2,4
2015-07-16,A,4.0,8,2,4
2015-07-16,A,4.0,9,2,5
2015-07-16,A,4.0,10,2,5
2015-07-16,A,4.0,11,2,7
2015-07-16,A,4.0,12,2,7
2015-07-28,A,1.0,4,10,36
2015-07-28,A,1.0,5,14,117
2015-07-28,A,1.0,6,0,388
2015-07-28,A,1.0,7,0,388
2015-07-28,A,1.0,8,0,388
2015-07-28,A,1.0,9,0,388
2015-07-28,A,1.0,10,0,388
2015-07-28,A,1.0,11,0,388
2015-07-28,A,1.0,12,0,388
2015-07-28,A,1.5,4,8,10
2015-07-28,A,1.5,5,7,24
2015-07-28,A,1.5,6,6,34
2015-07-28,A,1.5,7,9,52
2015-07-28,A,1.5,8,10,94
2015-07-28,A,1.5,9,9,155
2015-07-28,A,1.5,10,0,388
2015-07-28,A,1.5,11,0,388
2015-07-28,A,1.5,12,0,388
2015-07-28,A,2.0,4,3,6
2015-07-28,A,2.0,5,4,12
2015-07-28,A,2.0,6,3,24
2015-07-28,A,2.0,7,5,24
2015-07-28,A,2.0,8,6,27
2015-07-28,A,2.0,9,7,43
2015-07-28,A,2.0,10,8,69
2015-07-28,A,2.0,11,6,128
2015-07-28,A,2.0,12,5,172
2015-07-28,A,2.5,4,2,4
2015-07-28,A,2.5,5,2,4
2015-07-28,A,2.5,6,2,9
2015-07-28,A,2.5,7,3,11
2015-07-28,A,2.5,8,3,11
2015-07-28,A,2.5,9,3,20
2015-07-28,A,2.5,10,4,22
2015-07-28,A,2.5,11,5,24
2015-07-28,A,2.5,12,6,26
2015-07-28,A,3.0,4,2,2
2015-07-28,A,3.0,5,2,2
2015-07-28,A,3.0,6,1,7
2015-07-28,A,3.0,7,1,7
2015-07-28,A,3.0,8,1,7
2015-07-28,A,3.0,9,1,7
2015-07-28,A,3.0,10,3,7
2015-07-28,A,3.0,11,2,15
2015-07-28,A,3.0,12,2,15
2015-07-28,A,3.5,4,2,2
2015-07-28,A,3.5,5,2,2
2015-07-28,A,3.5,6,1,7
2015-07-28,A,3.5,7,1,7
2015-07-28,A,3.5,8,1,7
2015-07-28,A,3.5,9,1,7
2015-07-28,A,3.5,10,2,7
2015-07-28,A,3.5,11,1,15
2015-07-28,A,3.5,12,1,15
2015-07-28,A,4.0,4,2,2
2015-07-28,A,4.0,5,2,2
2015-07-28,A,4.0,6,1,7
2015-07-28,A,4.0,7,1,7
2015-07-28,A,4.0,8,1,7
2015-07-28,A,4.0,9,1,7
2015-07-28,A,4.0,10,1,7
2015-07-28,A,4.0,11,1,7
2015-07-28,A,4.0,12,1,7
2015-07-29,A,1.0,4,9,35
2015-07-29,A,1.0,5,11,98
2015-07-29,A,1.0,6,0,503
2015-07-29,A,1.0,7,0,503
2015-07-29,A,1.0,8,0,503
2015-07-29,A,1.0,9,0,503
2015-07-29,A,1.0,10,0,503
2015-07-29,A,1.0,11,0,503
2015-07-29,A,1.0,12,0,503
2015-07-29,A,1.5,4,7,8
2015-07-29,A,1.5,5,7,20
2015-07-29,A,1.5,6,7,29
2015-07-29,A,1.5,7,5,53
2015-07-29,A,1.5,8,6,81
2015-07-29,A,1.5,9,6,126
2015-07-29,A,1.5,10,0,503
2015-07-29,A,1.5,11,0,503
2015-07-29,A,1.5,12,0,503
2015-07-29,A,2.0,4,4,3
2015-07-29,A,2.0,5,6,6
2015-07-29,A,2.0,6,6,10
2015-07-29,A,2.0,7,7,13
2015-07-29,A,2.0,8,6,28
2015-07-29,A,2.0,9,5,50
2015-07-29,A,2.0,10,3,78
2015-07-29,A,2.0,11,2,95
2015-07-29,A,2.0,12,3,123
2015-07-29,A,2.5,4,3,0
2015-07-29,A,2.5,5,3,1
2015-07-29,A,2.5,6,4,2
2015-07-29,A,2.5,7,5,3
2015-07-29,A,2.5,8,6,3
2015-07-29,A,2.5,9,6,7
2015-07-29,A,2.5,10,5,20
2015-07-29,A,2.5,11,5,32
2015-07-29,A,2.5,12,4,46
2015-07-29,A,3.0,4,2,0
2015-07-29,A,3.0,5,2,0
2015-07-29,A,3.0,6,3,0
2015-07-29,A,3.0,7,3,0
2015-07-29,A,3.0,8,3,0
2015-07-29,A,3.0,9,3,0
2015-07-29,A,3.0,10,3,11
2015-07-29,A,3.0,11,3,12
2015-07-29,A,3.0,12,3,16
2015-07-29,A,3.5,4,2,0
2015-07-29,A,3.5,5,2,0
2015-07-29,A,3.5,6,2,0
2015-07-29,A,3.5,7,3,0
2015-07-29,A,3.5,8,3,0
2015-07-29,A,3.5,9,3,0
2015-07-29,A,3.5,10,2,9
2015-07-29,A,3.5,11,2,9
2015-07-29,A,3.5,12,2,9
2015-07-29,A,4.0,4,1,0
2015-07-29,A,4.0,5,1,0
2015-07-29,A,4.0,6,1,0
2015-07-29,A,4.0,7,1,0
2015-07-29,A,4.0,8,1,0
2015-07-29,A,4.0,9,1,0
2015-07-29,A,4.0,10,1,8
2015-07-29,A,4.0,11,1,8
2015-07-29,A,4.0,12,2,9
2015-07-30,A,1.0,4,8,18
2015-07-30,A,1.0,5,9,73
2015-07-30,A,1.0,6,0,543
2015-07-30,A,1.0,7,0,543
2015-07-30,A,1.0,8,0,543
2015-07-30,A,1.0,9,0,543
2015-07-30,A,1.0,10,0,543
2015-07-30,A,1.0,11,0,543
2015-07-30,A,1.0,12,0,543
2015-07-30,A,1.5,4,5,5
2015-07-30,A,1.5,5,5,8
2015-07-30,A,1.5,6,6,11
2015-07-30,A,1.5,7,3,37
2015-07-30,A,1.5,8,6,56
2015-07-30,A,1.5,9,7,88
2015-07-30,A,1.5,10,0,543
2015-07-30,A,1.5,11,0,543
2015-07-30,A,1.5,12,0,543
2015-07-30,A,2.0,4,4,2
2015-07-30,A,2.0,5,4,2
2015-07-30,A,2.0,6,4,3
2015-07-30,A,2.0,7,5,3
2015-07-30,A,2.0,8,4,22
2015-07-30,A,2.0,9,4,25
2015-07-30,A,2.0,10,4,41
2015-07-30,A,2.0,11,4,49
2015-07-30,A,2.0,12,5,78
2015-07-30,A,2.5,4,3,1
2015-07-30,A,2.5,5,3,1
2015-07-30,A,2.5,6,4,1
2015-07-30,A,2.5,7,4,2
2015-07-30,A,2.5,8,4,2
2015-07-30,A,2.5,9,2,17
2015-07-30,A,2.5,10,2,17
2015-07-30,A,2.5,11,1,29
2015-07-30,A,2.5,12,3,29
2015-07-30,A,3.0,4,2,1
2015-07-30,A,3.0,5,3,1
2015-07-30,A,3.0,6,3,1
2015-07-30,A,3.0,7,3,1
2015-07-30,A,3.0,8,4,1
2015-07-30,A,3.0,9,3,7
2015-07-30,A,3.0,10,2,16
2015-07-30,A,3.0,11,1,26
2015-07-30,A,3.0,12,1,26
2015-07-30,A,3.5,4,2,1
2015-07-30,A,3.5,5,2,1
2015-07-30,A,3.5,6,3,1
2015-07-30,A,3.5,7,3,1
2015-07-30,A,3.5,8,3,1
2015-07-30,A,3.5,9,3,1
2015-07-30,A,3.5,10,2,10
2015-07-30,A,3.5,11,1,24
2015-07-30,A,3.5,12,1,24
2015-07-30,A,4.0,4,1,1
2015-07-30,A,4.0,5,1,1
2015-07-30,A,4.0,6,1,1
2015-07-30,A,4.0,7,1,1
2015-07-30,A,4.0,8,1,1
2015-07-30,A,4.0,9,2,1
2015-07-30,A,4.0,10,1,9
2015-07-30,A,4.0,11,1,9
2015-07-30,A,4.0,12,1,18
2015-07-31,A,1.0,4,3,17
2015-07-31,A,1.0,5,10,40
2015-07-31,A,1.0,6,0,540
2015-07-31,A,1.0,7,0,540
2015-07-31,A,1.0,8,0,540
2015-07-31,A,1.0,9,0,540
2015-07-31,A,1.0,10,0,540
2015-07-31,A,1.0,11,0,540
2015-07-31,A,1.0,12,0,540
2015-07-31,A,1.5,4,2,7
2015-07-31,A,1.5,5,2,9
2015-07-31,A,1.5,6,2,15
2015-07-31,A,1.5,7,2,20
2015-07-31,A,1.5,8,4,41
2015-07-31,A,1.5,9,4,70
2015-07-31,A,1.5,10,0,540
2015-07-31,A,1.5,11,0,540
2015-07-31,A,1.5,12,0,540
2015-07-31,A,2.0,4,2,6
2015-07-31,A,2.0,5,2,6
2015-07-31,A,2.0,6,2,6
2015-07-31,A,2.0,7,2,11
2015-07-31,A,2.0,8,2,13
2015-07-31,A,2.0,9,2,14
2015-07-31,A,2.0,10,3,17
2015-07-31,A,2.0,11,4,33
2015-07-31,A,2.0,12,4,56
2015-07-31,A,2.5,4,2,5
2015-07-31,A,2.5,5,2,5
2015-07-31,A,2.5,6,2,5
2015-07-31,A,2.5,7,2,6
2015-07-31,A,2.5,8,2,6
2015-07-31,A,2.5,9,2,7
2015-07-31,A,2.5,10,2,10
2015-07-31,A,2.5,11,2,10
2015-07-31,A,2.5,12,1,22
2015-07-31,A,3.0,4,2,5
2015-07-31,A,3.0,5,2,5
2015-07-31,A,3.0,6,2,5
2015-07-31,A,3.0,7,2,5
2015-07-31,A,3.0,8,2,6
2015-07-31,A,3.0,9,2,6
2015-07-31,A,3.0,10,2,7
2015-07-31,A,3.0,11,2,7
2015-07-31,A,3.0,12,2,7
2015-07-31,A,3.5,4,2,4
2015-07-31,A,3.5,5,2,4
2015-07-31,A,3.5,6,2,4
2015-07-31,A,3.5,7,2,4
2015-07-31,A,3.5,8,2,5
2015-07-31,A,3.5,9,2,5
2015-07-31,A,3.5,10,2,6
2015-07-31,A,3.5,11,2,6
2015-07-31,A,3.5,12,2,6
2015-07-31,A,4.0,4,1,3
2015-07-31,A,4.0,5,1,3
2015-07-31,A,4.0,6,1,3
2015-07-31,A,4.0,7,1,3
2015-07-31,A,4.0,8,1,3
2015-07-31,A,4.0,9,1,3
2015-07-31,A,4.0,10,1,5
2015-07-31,A,4.0,11,1,5
2015-07-31,A,4.0,12,1,5
2015-08-01,A,1.0,4,4,15
2015-08-01,A,1.0,5,7,57
2015-08-01,A,1.0,6,0,560
2015-08-01,A,1.0,7,0,560
2015-08-01,A,1.0,8,0,560
2015-08-01,A,1.0,9,0,560
2015-08-01,A,1.0,10,0,560
2015-08-01,A,1.0,11,0,560
2015-08-01,A,1.0,12,0,560
2015-08-01,A,1.5,4,2,9
2015-08-01,A,1.5,5,2,12
2015-08-01,A,1.5,6,3,17
2015-08-01,A,1.5,7,2,32
2015-08-01,A,1.5,8,2,57
2015-08-01,A,1.5,9,4,98
2015-08-01,A,1.5,10,0,560
2015-08-01,A,1.5,11,0,560
2015-08-01,A,1.5,12,0,560
2015-08-01,A,2.0,4,2,6
2015-08-01,A,2.0,5,2,8
2015-08-01,A,2.0,6,2,8
2015-08-01,A,2.0,7,2,10
2015-08-01,A,2.0,8,2,14
2015-08-01,A,2.0,9,2,24
2015-08-01,A,2.0,10,2,31
2015-08-01,A,2.0,11,1,51
2015-08-01,A,2.0,12,3,68
2015-08-01,A,2.5,4,2,6
2015-08-01,A,2.5,5,2,6
2015-08-01,A,2.5,6,2,6
2015-08-01,A,2.5,7,2,7
2015-08-01,A,2.5,8,2,7
2015-08-01,A,2.5,9,2,8
2015-08-01,A,2.5,10,2,9
2015-08-01,A,2.5,11,2,12
2015-08-01,A,2.5,12,2,15
2015-08-01,A,3.0,4,1,6
2015-08-01,A,3.0,5,1,6
2015-08-01,A,3.0,6,1,6
2015-08-01,A,3.0,7,1,6
2015-08-01,A,3.0,8,2,6
2015-08-01,A,3.0,9,2,7
2015-08-01,A,3.0,10,2,7
2015-08-01,A,3.0,11,2,7
2015-08-01,A,3.0,12,2,7
2015-08-01,A,3.5,4,1,5
2015-08-01,A,3.5,5,1,5
2015-08-01,A,3.5,6,1,5
2015-08-01,A,3.5,7,1,5
2015-08-01,A,3.5,8,1,5
2015-08-01,A,3.5,9,1,5
2015-08-01,A,3.5,10,1,6
2015-08-01,A,3.5,11,1,7
2015-08-01,A,3.5,12,1,7
2015-08-01,A,4.0,4,1,4
2015-08-01,A,4.0,5,1,4
2015-08-01,A,4.0,6,1,4
2015-08-01,A,4.0,7,1,4
2015-08-01,A,4.0,8,1,4
2015-08-01,A,4.0,9,1,4
2015-08-01,A,4.0,10,1,4
2015-08-01,A,4.0,11,1,4
2015-08-01,A,4.0,12,1,4
2015-08-02,A,1.0,4,3,11
2015-08-02,A,1.0,5,8,54
2015-08-02,A,1.0,6,0,657
2015-08-02,A,1.0,7,0,657
2015-08-02,A,1.0,8,0,657
2015-08-02,A,1.0,9,0,657
2015-08-02,A,1.0,10,0,657
2015-08-02,A,1.0,11,0,657
2015-08-02,A,1.0,12,0,657
2015-08-02,A,1.5,4,1,6
2015-08-02,A,1.5,5,1,7
2015-08-02,A,1.5,6,1,14
2015-08-02,A,1.5,7,1,21
2015-08-02,A,1.5,8,2,42
2015-08-02,A,1.5,9,4,92
2015-08-02,A,1.5,10,0,657
2015-08-02,A,1.5,11,0,657
2015-08-02,A,1.5,12,0,657
2015-08-02,A,2.0,4,1,6
2015-08-02,A,2.0,5,1,6
2015-08-02,A,2.0,6,1,6
2015-08-02,A,2.0,7,1,7
2015-08-02,A,2.0,8,1,12
2015-08-02,A,2.0,9,1,14
2015-08-02,A,2.0,10,1,22
2015-08-02,A,2.0,11,2,29
2015-08-02,A,2.0,12,3,67
2015-08-02,A,2.5,4,1,2
2015-08-02,A,2.5,5,1,4
2015-08-02,A,2.5,6,1,4
2015-08-02,A,2.5,7,1,5
2015-08-02,A,2.5,8,1,5
2015-08-02,A,2.5,9,1,5
2015-08-02,A,2.5,10,1,8
2015-08-02,A,2.5,11,1,10
2015-08-02,A,2.5,12,1,11
2015-08-02,A,3.0,4,1,1
2015-08-02,A,3.0,5,1,1
2015-08-02,A,3.0,6,1,2
2015-08-02,A,3.0,7,1,2
2015-08-02,A,3.0,8,1,2
2015-08-02,A,3.0,9,1,3
2015-08-02,A,3.0,10,1,3
2015-08-02,A,3.0,11,1,4
2015-08-02,A,3.0,12,1,4
2015-08-02,A,3.5,4,1,1
2015-08-02,A,3.5,5,1,1
2015-08-02,A,3.5,6,1,2
2015-08-02,A,3.5,7,1,2
2015-08-02,A,3.5,8,1,2
2015-08-02,A,3.5,9,1,2
2015-08-02,A,3.5,10,1,2
2015-08-02,A,3.5,11,1,2
2015-08-02,A,3.5,12,1,2
2015-08-02,A,4.0,4,1,1
2015-08-02,A,4.0,5,1,1
2015-08-02,A,4.0,6,1,1
2015-08-02,A,4.0,7,1,1
2015-08-02,A,4.0,8,1,1
2015-08-02,A,4.0,9,1,1
2015-08-02,A,4.0,10,1,1
2015-08-02,A,4.0,11,1,1
2015-08-02,A,4.0,12,1,1
2015-08-03,A,1.0,4,6,14
2015-08-03,A,1.0,5,9,65
2015-08-03,A,1.0,6,0,706
2015-08-03,A,1.0,7,0,706
2015-08-03,A,1.0,8,0,706
2015-08-03,A,1.0,9,0,706
2015-08-03,A,1.0,10,0,706
2015-08-03,A,1.0,11,0,706
2015-08-03,A,1.0,12,0,706
2015-08-03,A,1.5,4,2,8
2015-08-03,A,1.5,5,3,9
2015-08-03,A,1.5,6,5,15
2015-08-03,A,1.5,7,2,37
2015-08-03,A,1.5,8,3,56
2015-08-03,A,1.5,9,3,94
2015-08-03,A,1.5,10,0,706
2015-08-03,A,1.5,11,0,706
2015-08-03,A,1.5,12,0,706
2015-08-03,A,2.0,4,1,7
2015-08-03,A,2.0,5,2,7
2015-08-03,A,2.0,6,2,7
2015-08-03,A,2.0,7,3,10
2015-08-03,A,2.0,8,2,25
2015-08-03,A,2.0,9,2,29
2015-08-03,A,2.0,10,2,37
2015-08-03,A,2.0,11,3,53
2015-08-03,A,2.0,12,2,88
2015-08-03,A,2.5,4,1,4
2015-08-03,A,2.5,5,1,6
2015-08-03,A,2.5,6,1,6
2015-08-03,A,2.5,7,1,7
2015-08-03,A,2.5,8,1,8
2015-08-03,A,2.5,9,2,9
2015-08-03,A,2.5,10,1,17
2015-08-03,A,2.5,11,2,19
2015-08-03,A,2.5,12,2,23
2015-08-03,A,3.0,4,1,3
2015-08-03,A,3.0,5,1,3
2015-08-03,A,3.0,6,1,4
2015-08-03,A,3.0,7,1,4
2015-08-03,A,3.0,8,1,4
2015-08-03,A,3.0,9,1,5
2015-08-03,A,3.0,10,1,5
2015-08-03,A,3.0,11,1,8
2015-08-03,A,3.0,12,1,10
2015-08-03,A,3.5,4,1,1
2015-08-03,A,3.5,5,1,2
2015-08-03,A,3.5,6,1,3
2015-08-03,A,3.5,7,1,3
2015-08-03,A,3.5,8,1,3
2015-08-03,A,3.5,9,1,3
2015-08-03,A,3.5,10,1,3
2015-08-03,A,3.5,11,1,3
2015-08-03,A,3.5,12,1,4
2015-08-03,A,4.0,4,1,1
2015-08-03,A,4.0,5,1,1
2015-08-03,A,4.0,6,1,1
2015-08-03,A,4.0,7,1,1
2015-08-03,A,4.0,8,1,1
2015-08-03,A,4.0,9,1,1
2015-08-03,A,4.0,10,1,1
2015-08-03,A,4.0,11,1,1
2015-08-03,A,4.0,12,1,1
2015-08-04,A,1.0,4,7,13
2015-08-04,A,1.0,5,7,65
2015-08-04,A,1.0,6,0,709
2015-08-04,A,1.0,7,0,709
2015-08-04,A,1.0,8,0,709
2015-08-04,A,1.0,9,0,709
2015-08-04,A,1.0,10,0,709
2015-08-04,A,1.0,11,0,709
2015-08-04,A,1.0,12,0,709
2015-08-04,A,1.5,4,3,6
2015-08-04,A,1.5,5,3,15
2015-08-04,A,1.5,6,3,21
2015-08-04,A,1.5,7,3,30
2015-08-04,A,1.5,8,3,58
2015-08-04,A,1.5,9,2,95
2015-08-04,A,1.5,10,0,709
2015-08-04,A,1.5,11,0,709
2015-08-04,A,1.5,12,0,709
2015-08-04,A,2.0,4,1,5
2015-08-04,A,2.0,5,2,9
2015-08-04,A,2.0,6,2,9
2015-08-04,A,2.0,7,3,13
2015-08-04,A,2.0,8,2,25
2015-08-04,A,2.0,9,3,28
2015-08-04,A,2.0,10,2,42
2015-08-04,A,2.0,11,2,57
2015-08-04,A,2.0,12,2,93
2015-08-04,A,2.5,4,1,4
2015-08-04,A,2.5,5,1,4
2015-08-04,A,2.5,6,1,4
2015-08-04,A,2.5,7,1,8
2015-08-04,A,2.5,8,1,9
2015-08-04,A,2.5,9,2,9
2015-08-04,A,2.5,10,1,19
2015-08-04,A,2.5,11,2,19
2015-08-04,A,2.5,12,2,20
2015-08-04,A,3.0,4,1,1
2015-08-04,A,3.0,5,1,3
2015-08-04,A,3.0,6,1,3
2015-08-04,A,3.0,7,1,3
2015-08-04,A,3.0,8,1,3
2015-08-04,A,3.0,9,1,5
2015-08-04,A,3.0,10,1,9
2015-08-04,A,3.0,11,1,10
2015-08-04,A,3.0,12,1,13
2015-08-04,A,3.5,4,1,1
2015-08-04,A,3.5,5,1,2
2015-08-04,A,3.5,6,1,2
2015-08-04,A,3.5,7,1,2
2015-08-04,A,3.5,8,1,2
2015-08-04,A,3.5,9,1,2
2015-08-04,A,3.5,10,1,4
2015-08-04,A,3.5,11,1,5
2015-08-04,A,3.5,12,1,8
2015-08-04,A,4.0,4,1,1
2015-08-04,A,4.0,5,1,1
2015-08-04,A,4.0,6,1,1
2015-08-04,A,4.0,7,1,2
2015-08-04,A,4.0,8,1,2
2015-08-04,A,4.0,9,1,2
2015-08-04,A,4.0,10,1,2
2015-08-04,A,4.0,11,1,2
2015-08-04,A,4.0,12,1,2
2015-08-05,A,1.0,4,7,20
2015-08-05,A,1.0,5,10,76
2015-08-05,A,1.0,6,0,663
2015-08-05,A,1.0,7,0,663
2015-08-05,A,1.0,8,0,663
2015-08-05,A,1.0,9,0,663
2015-08-05,A,1.0,10,0,663
2015-08-05,A,1.0,11,0,663
2015-08-05,A,1.0,12,0,663
2015-08-05,A,1.5,4,2,7
2015-08-05,A,1.5,5,2,14
2015-08-05,A,1.5,6,2,23
2015-08-05,A,1.5,7,5,32
2015-08-05,A,1.5,8,5,75
2015-08-05,A,1.5,9,4,110
2015-08-05,A,1.5,10,0,663
2015-08-05,A,1.5,11,0,663
2015-08-05,A,1.5,12,0,663
2015-08-05,A,2.0,4,1,1
2015-08-05,A,2.0,5,1,7
2015-08-05,A,2.0,6,1,9
2015-08-05,A,2.0,7,1,16
2015-08-05,A,2.0,8,2,18
2015-08-05,A,2.0,9,4,26
2015-08-05,A,2.0,10,4,40
2015-08-05,A,2.0,11,4,67
2015-08-05,A,2.0,12,1,129
2015-08-05,A,2.5,4,1,1
2015-08-05,A,2.5,5,1,1
2015-08-05,A,2.5,6,1,3
2015-08-05,A,2.5,7,1,6
2015-08-05,A,2.5,8,1,11
2015-08-05,A,2.5,9,1,11
2015-08-05,A,2.5,10,1,13
2015-08-05,A,2.5,11,2,13
2015-08-05,A,2.5,12,2,14
2015-08-05,A,3.0,4,1,1
2015-08-05,A,3.0,5,1,1
2015-08-05,A,3.0,6,1,1
2015-08-05,A,3.0,7,1,3
2015-08-05,A,3.0,8,1,3
2015-08-05,A,3.0,9,1,6
2015-08-05,A,3.0,10,1,7
2015-08-05,A,3.0,11,1,8
2015-08-05,A,3.0,12,1,8
2015-08-05,A,3.5,4,1,1
2015-08-05,A,3.5,5,1,1
2015-08-05,A,3.5,6,1,1
2015-08-05,A,3.5,7,1,1
2015-08-05,A,3.5,8,1,2
2015-08-05,A,3.5,9,1,2
2015-08-05,A,3.5,10,1,4
2015-08-05,A,3.5,11,1,4
2015-08-05,A,3.5,12,1,4
2015-08-05,A,4.0,4,1,1
2015-08-05,A,4.0,5,1,1
2015-08-05,A,4.0,6,1,1
2015-08-05,A,4.0,7,1,1
2015-08-05,A,4.0,8,1,1
2015-08-05,A,4.0,9,1,1
2015-08-05,A,4.0,10,1,1
2015-08-05,A,4.0,11,1,2
2015-08-05,A,4.0,12,1,2
2015-08-06,A,1.0,4,10,25
2015-08-06,A,1.0,5,12,106
2015-08-06,A,1.0,6,0,561
2015-08-06,A,1.0,7,0,561
2015-08-06,A,1.0,8,0,561
2015-08-06,A,1.0,9,0,561
2015-08-06,A,1.0,10,0,561
2015-08-06,A,1.0,11,0,561
2015-08-06,A,1.0,12,0,561
2015-08-06,A,1.5,4,8,3
2015-08-06,A,1.5,5,7,17
2015-08-06,A,1.5,6,4,39
2015-08-06,A,1.5,7,6,55
2015-08-06,A,1.5,8,7,100
2015-08-06,A,1.5,9,7,158
2015-08-06,A,1.5,10,0,561
2015-08-06,A,1.5,11,0,561
2015-08-06,A,1.5,12,0,561
2015-08-06,A,2.0,4,3,2
2015-08-06,A,2.0,5,3,6
2015-08-06,A,2.0,6,2,17
2015-08-06,A,2.0,7,3,29
2015-08-06,A,2.0,8,4,34
2015-08-06,A,2.0,9,5,39
2015-08-06,A,2.0,10,5,74
2015-08-06,A,2.0,11,6,94
2015-08-06,A,2.0,12,4,162
2015-08-06,A,2.5,4,3,1
2015-08-06,A,2.5,5,3,1
2015-08-06,A,2.5,6,3,1
2015-08-06,A,2.5,7,2,10
2015-08-06,A,2.5,8,1,20
2015-08-06,A,2.5,9,2,24
2015-08-06,A,2.5,10,2,27
2015-08-06,A,2.5,11,3,27
2015-08-06,A,2.5,12,3,30
2015-08-06,A,3.0,4,3,1
2015-08-06,A,3.0,5,3,1
2015-08-06,A,3.0,6,3,1
2015-08-06,A,3.0,7,3,1
2015-08-06,A,3.0,8,1,17
2015-08-06,A,3.0,9,1,18
2015-08-06,A,3.0,10,1,18
2015-08-06,A,3.0,11,1,19
2015-08-06,A,3.0,12,1,22
2015-08-06,A,3.5,4,2,1
2015-08-06,A,3.5,5,2,1
2015-08-06,A,3.5,6,2,1
2015-08-06,A,3.5,7,3,1
2015-08-06,A,3.5,8,1,16
2015-08-06,A,3.5,9,1,16
2015-08-06,A,3.5,10,1,16
2015-08-06,A,3.5,11,1,16
2015-08-06,A,3.5,12,1,17
2015-08-06,A,4.0,4,2,1
2015-08-06,A,4.0,5,2,1
2015-08-06,A,4.0,6,2,1
2015-08-06,A,4.0,7,2,1
2015-08-06,A,4.0,8,2,2
2015-08-06,A,4.0,9,2,7
2015-08-06,A,4.0,10,1,16
2015-08-06,A,4.0,11,1,16
2015-08-06,A,4.0,12,1,16
2015-08-07,A,1.0,4,12,18
2015-08-07,A,1.0,5,10,94
2015-08-07,A,1.0,6,0,452
2015-08-07,A,1.0,7,0,452
2015-08-07,A,1.0,8,0,452
2015-08-07,A,1.0,9,0,452
2015-08-07,A,1.0,10,0,452
2015-08-07,A,1.0,11,0,452
2015-08-07,A,1.0,12,0,452
2015-08-07,A,1.5,4,7,4
2015-08-07,A,1.5,5,7,15
2015-08-07,A,1.5,6,7,28
2015-08-07,A,1.5,7,7,47
2015-08-07,A,1.5,8,6,86
2015-08-07,A,1.5,9,4,134
2015-08-07,A,1.5,10,0,452
2015-08-07,A,1.5,11,0,452
2015-08-07,A,1.5,12,0,452
2015-08-07,A,2.0,4,4,3
2015-08-07,A,2.0,5,4,7
2015-08-07,A,2.0,6,2,17
2015-08-07,A,2.0,7,5,23
2015-08-07,A,2.0,8,5,32
2015-08-07,A,2.0,9,5,34
2015-08-07,A,2.0,10,6,63
2015-08-07,A,2.0,11,5,94
2015-08-07,A,2.0,12,3,141
2015-08-07,A,2.5,4,4,3
2015-08-07,A,2.5,5,4,3
2015-08-07,A,2.5,6,3,8
2015-08-07,A,2.5,7,2,17
2015-08-07,A,2.5,8,2,20
2015-08-07,A,2.5,9,2,20
2015-08-07,A,2.5,10,2,28
2015-08-07,A,2.5,11,2,29
2015-08-07,A,2.5,12,4,31
2015-08-07,A,3.0,4,3,3
2015-08-07,A,3.0,5,3,3
2015-08-07,A,3.0,6,2,8
2015-08-07,A,3.0,7,2,8
2015-08-07,A,3.0,8,2,17
2015-08-07,A,3.0,9,2,18
2015-08-07,A,3.0,10,2,18
2015-08-07,A,3.0,11,2,20
2015-08-07,A,3.0,12,2,20
2015-08-07,A,3.5,4,3,3
2015-08-07,A,3.5,5,3,3
2015-08-07,A,3.5,6,2,8
2015-08-07,A,3.5,7,2,8
2015-08-07,A,3.5,8,1,17
2015-08-07,A,3.5,9,1,17
2015-08-07,A,3.5,10,1,17
2015-08-07,A,3.5,11,1,17
2015-08-07,A,3.5,12,1,17
2015-08-07,A,4.0,4,3,3
2015-08-07,A,4.0,5,3,3
2015-08-07,A,4.0,6,2,8
2015-08-07,A,4.0,7,2,8
2015-08-07,A,4.0,8,2,8
2015-08-07,A,4.0,9,2,8
2015-08-07,A,4.0,10,1,17
2015-08-07,A,4.0,11,1,17
2015-08-07,A,4.0,12,1,17
2015-08-08,A,1.0,4,5,31
2015-08-08,A,1.0,5,8,74
2015-08-08,A,1.0,6,0,440
2015-08-08,A,1.0,7,0,440
2015-08-08,A,1.0,8,0,440
2015-08-08,A,1.0,9,0,440
2015-08-08,A,1.0,10,0,440
2015-08-08,A,1.0,11,0,440
2015-08-08,A,1.0,12,0,440
2015-08-08,A,1.5,4,6,12
2015-08-08,A,1.5,5,7,14
2015-08-08,A,1.5,6,5,27
2015-08-08,A,1.5,7,4,40
2015-08-08,A,1.5,8,4,63
2015-08-08,A,1.5,9,5,92
2015-08-08,A,1.5,10,0,440
2015-08-08,A,1.5,11,0,440
2015-08-08,A,1.5,12,0,440
2015-08-08,A,2.0,4,7,5
2015-08-08,A,2.0,5,6,10
2015-08-08,A,2.0,6,4,21
2015-08-08,A,2.0,7,4,28
2015-08-08,A,2.0,8,4,29
2015-08-08,A,2.0,9,4,35
2015-08-08,A,2.0,10,4,47
2015-08-08,A,2.0,11,4,59
2015-08-08,A,2.0,12,5,88
2015-08-08,A,2.5,4,6,3
2015-08-08,A,2.5,5,7,3
2015-08-08,A,2.5,6,4,17
2015-08-08,A,2.5,7,3,23
2015-08-08,A,2.5,8,3,25
2015-08-08,A,2.5,9,3,28
2015-08-08,A,2.5,10,3,28
2015-08-08,A,2.5,11,4,28
2015-08-08,A,2.5,12,4,28
2015-08-08,A,3.0,4,3,3
2015-08-08,A,3.0,5,3,3
2015-08-08,A,3.0,6,4,4
2015-08-08,A,3.0,7,2,22
2015-08-08,A,3.0,8,2,22
2015-08-08,A,3.0,9,2,22
2015-08-08,A,3.0,10,3,22
2015-08-08,A,3.0,11,3,24
2015-08-08,A,3.0,12,3,25
2015-08-08,A,3.5,4,3,3
2015-08-08,A,3.5,5,3,3
2015-08-08,A,3.5,6,3,4
2015-08-08,A,3.5,7,2,13
2015-08-08,A,3.5,8,2,22
2015-08-08,A,3.5,9,2,22
2015-08-08,A,3.5,10,2,22
2015-08-08,A,3.5,11,2,22
2015-08-08,A,3.5,12,2,22
2015-08-08,A,4.0,4,2,3
2015-08-08,A,4.0,5,2,3
2015-08-08,A,4.0,6,2,3
2015-08-08,A,4.0,7,1,9
2015-08-08,A,4.0,8,1,11
2015-08-08,A,4.0,9,2,11
2015-08-08,A,4.0,10,2,13
2015-08-08,A,4.0,11,2,18
2015-08-08,A,4.0,12,2,18
2015-08-09,A,1.0,4,5,20
2015-08-09,A,1.0,5,8,54
2015-08-09,A,1.0,6,0,449
2015-08-09,A,1.0,7,0,449
2015-08-09,A,1.0,8,0,449
2015-08-09,A,1.0,9,0,449
2015-08-09,A,1.0,10,0,449
2015-08-09,A,1.0,11,0,449
2015-08-09,A,1.0,12,0,449
2015-08-09,A,1.5,4,5,10
2015-08-09,A,1.5,5,3,19
2015-08-09,A,1.5,6,3,20
2015-08-09,A,1.5,7,3,24
2015-08-09,A,1.5,8,3,48
2015-08-09,A,1.5,9,4,78
2015-08-09,A,1.5,10,0,449
2015-08-09,A,1.5,11,0,449
2015-08-09,A,1.5,12,0,449
2015-08-09,A,2.0,4,5,9
2015-08-09,A,2.0,5,3,17
2015-08-09,A,2.0,6,3,17
2015-08-09,A,2.0,7,3,18
2015-08-09,A,2.0,8,3,20
2015-08-09,A,2.0,9,4,24
2015-08-09,A,2.0,10,3,37
2015-08-09,A,2.0,11,3,50
2015-08-09,A,2.0,12,4,67
2015-08-09,A,2.5,4,6,4
2015-08-09,A,2.5,5,3,16
2015-08-09,A,2.5,6,3,16
2015-08-09,A,2.5,7,3,17
2015-08-09,A,2.5,8,3,17
2015-08-09,A,2.5,9,3,18
2015-08-09,A,2.5,10,3,18
2015-08-09,A,2.5,11,3,19
2015-08-09,A,2.5,12,3,21
2015-08-09,A,3.0,4,4,4
2015-08-09,A,3.0,5,2,12
2015-08-09,A,3.0,6,2,16
2015-08-09,A,3.0,7,2,16
2015-08-09,A,3.0,8,2,16
2015-08-09,A,3.0,9,3,16
2015-08-09,A,3.0,10,3,17
2015-08-09,A,3.0,11,3,17
2015-08-09,A,3.0,12,3,17
2015-08-09,A,3.5,4,4,4
2015-08-09,A,3.5,5,2,12
2015-08-09,A,3.5,6,2,14
2015-08-09,A,3.5,7,2,14
2015-08-09,A,3.5,8,2,16
2015-08-09,A,3.5,9,2,16
2015-08-09,A,3.5,10,3,16
2015-08-09,A,3.5,11,3,16
2015-08-09,A,3.5,12,3,16
2015-08-09,A,4.0,4,4,1
2015-08-09,A,4.0,5,2,11
2015-08-09,A,4.0,6,2,11
2015-08-09,A,4.0,7,2,12
2015-08-09,A,4.0,8,2,12
2015-08-09,A,4.0,9,2,12
2015-08-09,A,4.0,10,2,12
2015-08-09,A,4.0,11,2,14
2015-08-09,A,4.0,12,2,14
2015-08-10,A,1.0,4,9,21
2015-08-10,A,1.0,5,10,74
2015-08-10,A,1.0,6,0,493
2015-08-10,A,1.0,7,0,493
2015-08-10,A,1.0,8,0,493
2015-08-10,A,1.0,9,0,493
2015-08-10,A,1.0,10,0,493
2015-08-10,A,1.0,11,0,493
2015-08-10,A,1.0,12,0,493
2015-08-10,A,1.5,4,8,8
2015-08-10,A,1.5,5,6,19
2015-08-10,A,1.5,6,6,25
2015-08-10,A,1.5,7,5,39
2015-08-10,A,1.5,8,6,63
2015-08-10,A,1.5,9,7,111
2015-08-10,A,1.5,10,0,493
2015-08-10,A,1.5,11,0,493
2015-08-10,A,1.5,12,0,493
2015-08-10,A,2.0,4,6,5
2015-08-10,A,2.0,5,6,5
2015-08-10,A,2.0,6,6,16
2015-08-10,A,2.0,7,6,18
2015-08-10,A,2.0,8,5,29
2015-08-10,A,2.0,9,5,38
2015-08-10,A,2.0,10,6,48
2015-08-10,A,2.0,11,4,80
2015-08-10,A,2.0,12,4,110
2015-08-10,A,2.5,4,5,1
2015-08-10,A,2.5,5,5,1
2015-08-10,A,2.5,6,5,6
2015-08-10,A,2.5,7,5,7
2015-08-10,A,2.5,8,5,14
2015-08-10,A,2.5,9,5,16
2015-08-10,A,2.5,10,5,22
2015-08-10,A,2.5,11,5,22
2015-08-10,A,2.5,12,5,27
2015-08-10,A,3.0,4,4,1
2015-08-10,A,3.0,5,4,1
2015-08-10,A,3.0,6,4,2
2015-08-10,A,3.0,7,5,5
2015-08-10,A,3.0,8,5,6
2015-08-10,A,3.0,9,5,6
2015-08-10,A,3.0,10,5,11
2015-08-10,A,3.0,11,5,12
2015-08-10,A,3.0,12,5,15
2015-08-10,A,3.5,4,4,1
2015-08-10,A,3.5,5,4,1
2015-08-10,A,3.5,6,4,1
2015-08-10,A,3.5,7,4,1
2015-08-10,A,3.5,8,4,1
2015-08-10,A,3.5,9,4,1
2015-08-10,A,3.5,10,5,5
2015-08-10,A,3.5,11,5,8
2015-08-10,A,3.5,12,5,10
2015-08-10,A,4.0,4,4,0
2015-08-10,A,4.0,5,4,0
2015-08-10,A,4.0,6,4,0
2015-08-10,A,4.0,7,4,0
2015-08-10,A,4.0,8,4,0
2015-08-10,A,4.0,9,4,0
2015-08-10,A,4.0,10,4,0
2015-08-10,A,4.0,11,4,2
2015-08-10,A,4.0,12,4,5
2015-08-11,A,1.0,4,10,27
2015-08-11,A,1.0,5,12,78
2015-08-11,A,1.0,6,0,511
2015-08-11,A,1.0,7,0,511
2015-08-11,A,1.0,8,0,511
2015-08-11,A,1.0,9,0,511
2015-08-11,A,1.0,10,0,511
2015-08-11,A,1.0,11,0,511
2015-08-11,A,1.0,12,0,511
2015-08-11,A,1.5,4,6,9
2015-08-11,A,1.5,5,5,26
2015-08-11,A,1.5,6,7,30
2015-08-11,A,1.5,7,8,35
2015-08-11,A,1.5,8,8,67
2015-08-11,A,1.5,9,11,127
2015-08-11,A,1.5,10,0,511
2015-08-11,A,1.5,11,0,511
2015-08-11,A,1.5,12,0,511
2015-08-11,A,2.0,4,3,7
2015-08-11,A,2.0,5,4,10
2015-08-11,A,2.0,6,4,23
2015-08-11,A,2.0,7,5,26
2015-08-11,A,2.0,8,6,27
2015-08-11,A,2.0,9,8,36
2015-08-11,A,2.0,10,7,54
2015-08-11,A,2.0,11,6,80
2015-08-11,A,2.0,12,7,126
2015-08-11,A,2.5,4,2,3
2015-08-11,A,2.5,5,2,3
2015-08-11,A,2.5,6,3,6
2015-08-11,A,2.5,7,3,11
2015-08-11,A,2.5,8,3,13
2015-08-11,A,2.5,9,4,15
2015-08-11,A,2.5,10,5,19
2015-08-11,A,2.5,11,5,20
2015-08-11,A,2.5,12,5,35
2015-08-11,A,3.0,4,1,0
2015-08-11,A,3.0,5,2,0
2015-08-11,A,3.0,6,2,1
2015-08-11,A,3.0,7,2,1
2015-08-11,A,3.0,8,2,3
2015-08-11,A,3.0,9,3,5
2015-08-11,A,3.0,10,3,6
2015-08-11,A,3.0,11,3,6
2015-08-11,A,3.0,12,4,7
2015-08-11,A,3.5,4,1,0
2015-08-11,A,3.5,5,1,0
2015-08-11,A,3.5,6,1,0
2015-08-11,A,3.5,7,2,0
2015-08-11,A,3.5,8,2,0
2015-08-11,A,3.5,9,2,0
2015-08-11,A,3.5,10,2,0
2015-08-11,A,3.5,11,2,3
2015-08-11,A,3.5,12,3,5
2015-08-11,A,4.0,4,1,0
2015-08-11,A,4.0,5,1,0
2015-08-11,A,4.0,6,1,0
2015-08-11,A,4.0,7,1,0
2015-08-11,A,4.0,8,1,0
2015-08-11,A,4.0,9,1,0
2015-08-11,A,4.0,10,1,0
2015-08-11,A,4.0,11,1,0
2015-08-11,A,4.0,12,2,0
2015-08-12,A,1.0,4,11,28
2015-08-12,A,1.0,5,7,80
2015-08-12,A,1.0,6,0,503
2015-08-12,A,1.0,7,0,503
2015-08-12,A,1.0,8,0,503
2015-08-12,A,1.0,9,0,503
2015-08-12,A,1.0,10,0,503
2015-08-12,A,1.0,11,0,503
2015-08-12,A,1.0,12,0,503
2015-08-12,A,1.5,4,8,8
2015-08-12,A,1.5,5,8,17
2015-08-12,A,1.5,6,6,34
2015-08-12,A,1.5,7,5,55
2015-08-12,A,1.5,8,5,69
2015-08-12,A,1.5,9,6,119
2015-08-12,A,1.5,10,0,503
2015-08-12,A,1.5,11,0,503
2015-08-12,A,1.5,12,0,503
2015-08-12,A,2.0,4,5,4
2015-08-12,A,2.0,5,6,7
2015-08-12,A,2.0,6,7,14
2015-08-12,A,2.0,7,6,29
2015-08-12,A,2.0,8,5,37
2015-08-12,A,2.0,9,5,50
2015-08-12,A,2.0,10,4,62
2015-08-12,A,2.0,11,3,83
2015-08-12,A,2.0,12,4,104
2015-08-12,A,2.5,4,5,1
2015-08-12,A,2.5,5,5,2
2015-08-12,A,2.5,6,5,3
2015-08-12,A,2.5,7,5,7
2015-08-12,A,2.5,8,6,9
2015-08-12,A,2.5,9,4,28
2015-08-12,A,2.5,10,4,31
2015-08-12,A,2.5,11,4,42
2015-08-12,A,2.5,12,4,48
2015-08-12,A,3.0,4,1,0
2015-08-12,A,3.0,5,2,0
2015-08-12,A,3.0,6,2,0
2015-08-12,A,3.0,7,4,0
2015-08-12,A,3.0,8,4,2
2015-08-12,A,3.0,9,4,7
2015-08-12,A,3.0,10,3,19
2015-08-12,A,3.0,11,3,20
2015-08-12,A,3.0,12,2,32
2015-08-12,A,3.5,4,1,0
2015-08-12,A,3.5,5,1,0
2015-08-12,A,3.5,6,2,0
2015-08-12,A,3.5,7,2,0
2015-08-12,A,3.5,8,3,0
2015-08-12,A,3.5,9,4,0
2015-08-12,A,3.5,10,4,2
2015-08-12,A,3.5,11,4,3
2015-08-12,A,3.5,12,2,27
2015-08-12,A,4.0,4,1,0
2015-08-12,A,4.0,5,1,0
2015-08-12,A,4.0,6,1,0
2015-08-12,A,4.0,7,1,0
2015-08-12,A,4.0,8,1,0
2015-08-12,A,4.0,9,1,0
2015-08-12,A,4.0,10,1,0
2015-08-12,A,4.0,11,3,0
2015-08-12,A,4.0,12,3,0
2015-08-13,A,1.0,4,8,24
2015-08-13,A,1.0,5,8,71
2015-08-13,A,1.0,6,0,472
2015-08-13,A,1.0,7,0,472
2015-08-13,A,1.0,8,0,472
2015-08-13,A,1.0,9,0,472
2015-08-13,A,1.0,10,0,472
2015-08-13,A,1.0,11,0,472
2015-08-13,A,1.0,12,0,472
2015-08-13,A,1.5,4,5,8
2015-08-13,A,1.5,5,4,16
2015-08-13,A,1.5,6,6,22
2015-08-13,A,1.5,7,6,33
2015-08-13,A,1.5,8,5,62
2015-08-13,A,1.5,9,5,108
2015-08-13,A,1.5,10,0,472
2015-08-13,A,1.5,11,0,472
2015-08-13,A,1.5,12,0,472
2015-08-13,A,2.0,4,4,3
2015-08-13,A,2.0,5,4,7
2015-08-13,A,2.0,6,4,14
2015-08-13,A,2.0,7,4,14
2015-08-13,A,2.0,8,5,17
2015-08-13,A,2.0,9,5,33
2015-08-13,A,2.0,10,3,56
2015-08-13,A,2.0,11,4,70
2015-08-13,A,2.0,12,5,96
2015-08-13,A,2.5,4,4,3
2015-08-13,A,2.5,5,4,3
2015-08-13,A,2.5,6,4,6
2015-08-13,A,2.5,7,4,6
2015-08-13,A,2.5,8,3,13
2015-08-13,A,2.5,9,3,13
2015-08-13,A,2.5,10,3,14
2015-08-13,A,2.5,11,3,15
2015-08-13,A,2.5,12,4,22
2015-08-13,A,3.0,4,2,3
2015-08-13,A,3.0,5,3,3
2015-08-13,A,3.0,6,3,3
2015-08-13,A,3.0,7,3,3
2015-08-13,A,3.0,8,2,10
2015-08-13,A,3.0,9,2,10
2015-08-13,A,3.0,10,2,10
2015-08-13,A,3.0,11,3,10
2015-08-13,A,3.0,12,3,11
2015-08-13,A,3.5,4,2,2
2015-08-13,A,3.5,5,2,2
2015-08-13,A,3.5,6,3,2
2015-08-13,A,3.5,7,3,2
2015-08-13,A,3.5,8,2,9
2015-08-13,A,3.5,9,2,9
2015-08-13,A,3.5,10,2,9
2015-08-13,A,3.5,11,2,9
2015-08-13,A,3.5,12,2,9
2015-08-13,A,4.0,4,1,0
2015-08-13,A,4.0,5,1,0
2015-08-13,A,4.0,6,1,0
2015-08-13,A,4.0,7,1,0
2015-08-13,A,4.0,8,1,6
2015-08-13,A,4.0,9,1,7
2015-08-13,A,4.0,10,2,7
2015-08-13,A,4.0,11,2,7
2015-08-13,A,4.0,12,2,7
2015-08-14,A,1.0,4,11,38
2015-08-14,A,1.0,5,8,91
2015-08-14,A,1.0,6,0,440
2015-08-14,A,1.0,7,0,440
2015-08-14,A,1.0,8,0,440
2015-08-14,A,1.0,9,0,440
2015-08-14,A,1.0,10,0,440
2015-08-14,A,1.0,11,0,440
2015-08-14,A,1.0,12,0,440
2015-08-14,A,1.5,4,6,14
2015-08-14,A,1.5,5,6,25
2015-08-14,A,1.5,6,7,41
2015-08-14,A,1.5,7,6,60
2015-08-14,A,1.5,8,5,82
2015-08-14,A,1.5,9,4,117
2015-08-14,A,1.5,10,0,440
2015-08-14,A,1.5,11,0,440
2015-08-14,A,1.5,12,0,440
2015-08-14,A,2.0,4,3,9
2015-08-14,A,2.0,5,6,11
2015-08-14,A,2.0,6,6,12
2015-08-14,A,2.0,7,6,24
2015-08-14,A,2.0,8,5,41
2015-08-14,A,2.0,9,5,61
2015-08-14,A,2.0,10,4,73
2015-08-14,A,2.0,11,4,85
2015-08-14,A,2.0,12,4,113
2015-08-14,A,2.5,4,3,7
2015-08-14,A,2.5,5,3,7
2015-08-14,A,2.5,6,3,10
2015-08-14,A,2.5,7,4,10
2015-08-14,A,2.5,8,6,13
2015-08-14,A,2.5,9,6,14
2015-08-14,A,2.5,10,5,30
2015-08-14,A,2.5,11,5,38
2015-08-14,A,2.5,12,3,70
2015-08-14,A,3.0,4,1,5
2015-08-14,A,3.0,5,1,5
2015-08-14,A,3.0,6,1,5
2015-08-14,A,3.0,7,1,6
2015-08-14,A,3.0,8,4,6
2015-08-14,A,3.0,9,4,6
2015-08-14,A,3.0,10,4,6
2015-08-14,A,3.0,11,4,6
2015-08-14,A,3.0,12,4,18
2015-08-14,A,3.5,4,1,4
2015-08-14,A,3.5,5,1,4
2015-08-14,A,3.5,6,1,4
2015-08-14,A,3.5,7,1,4
2015-08-14,A,3.5,8,1,5
2015-08-14,A,3.5,9,1,5
2015-08-14,A,3.5,10,3,5
2015-08-14,A,3.5,11,4,5
2015-08-14,A,3.5,12,4,5
2015-08-14,A,4.0,4,1,0
2015-08-14,A,4.0,5,1,1
2015-08-14,A,4.0,6,1,1
2015-08-14,A,4.0,7,1,1
2015-08-14,A,4.0,8,1,1
2015-08-14,A,4.0,9,1,1
2015-08-14,A,4.0,10,1,2
2015-08-14,A,4.0,11,1,2
2015-08-14,A,4.0,12,1,2
2015-08-15,A,1.0,4,7,23
2015-08-15,A,1.0,5,9,85
2015-08-15,A,1.0,6,0,487
2015-08-15,A,1.0,7,0,487
2015-08-15,A,1.0,8,0,487
2015-08-15,A,1.0,9,0,487
2015-08-15,A,1.0,10,0,487
2015-08-15,A,1.0,11,0,487
2015-08-15,A,1.0,12,0,487
2015-08-15,A,1.5,4,5,7
2015-08-15,A,1.5,5,5,14
2015-08-15,A,1.5,6,6,23
2015-08-15,A,1.5,7,8,36
2015-08-15,A,1.5,8,7,66
2015-08-15,A,1.5,9,6,119
2015-08-15,A,1.5,10,0,487
2015-08-15,A,1.5,11,0,487
2015-08-15,A,1.5,12,0,487
2015-08-15,A,2.0,4,2,7
2015-08-15,A,2.0,5,3,7
2015-08-15,A,2.0,6,4,7
2015-08-15,A,2.0,7,5,9
2015-08-15,A,2.0,8,5,19
2015-08-15,A,2.0,9,6,33
2015-08-15,A,2.0,10,4,58
2015-08-15,A,2.0,11,5,82
2015-08-15,A,2.0,12,4,121
2015-08-15,A,2.5,4,2,5
2015-08-15,A,2.5,5,2,5
2015-08-15,A,2.5,6,2,5
2015-08-15,A,2.5,7,2,5
2015-08-15,A,2.5,8,3,7
2015-08-15,A,2.5,9,3,7
2015-08-15,A,2.5,10,4,10
2015-08-15,A,2.5,11,4,27
2015-08-15,A,2.5,12,3,51
2015-08-15,A,3.0,4,1,0
2015-08-15,A,3.0,5,2,1
2015-08-15,A,3.0,6,2,1
2015-08-15,A,3.0,7,2,1
2015-08-15,A,3.0,8,2,1
2015-08-15,A,3.0,9,2,1
2015-08-15,A,3.0,10,2,1
2015-08-15,A,3.0,11,2,4
2015-08-15,A,3.0,12,2,4
2015-08-15,A,3.5,4,1,0
2015-08-15,A,3.5,5,2,0
2015-08-15,A,3.5,6,2,0
2015-08-15,A,3.5,7,2,0
2015-08-15,A,3.5,8,2,0
2015-08-15,A,3.5,9,2,0
2015-08-15,A,3.5,10,2,0
2015-08-15,A,3.5,11,2,0
2015-08-15,A,3.5,12,2,0
2015-08-15,A,4.0,4,1,0
2015-08-15,A,4.0,5,1,0
2015-08-15,A,4.0,6,1,0
2015-08-15,A,4.0,7,1,0
2015-08-15,A,4.0,8,1,0
2015-08-15,A,4.0,9,1,0
2015-08-15,A,4.0,10,2,0
2015-08-15,A,4.0,11,2,0
2015-08-15,A,4.0,12,2,0
2015-08-16,A,1.0,4,5,21
2015-08-16,A,1.0,5,12,80
2015-08-16,A,1.0,6,0,491
2015-08-16,A,1.0,7,0,491
2015-08-16,A,1.0,8,0,491
2015-08-16,A,1.0,9,0,491
2015-08-16,A,1.0,10,0,491
2015-08-16,A,1.0,11,0,491
2015-08-16,A,1.0,12,0,491
2015-08-16,A,1.5,4,3,6
2015-08-16,A,1.5,5,3,8
2015-08-16,A,1.5,6,5,15
2015-08-16,A,1.5,7,5,33
2015-08-16,A,1.5,8,6,65
2015-08-16,A,1.5,9,8,126
2015-08-16,A,1.5,10,0,491
2015-08-16,A,1.5,11,0,491
2015-08-16,A,1.5,12,0,491
2015-08-16,A,2.0,4,2,3
2015-08-16,A,2.0,5,3,4
2015-08-16,A,2.0,6,3,4
2015-08-16,A,2.0,7,3,6
2015-08-16,A,2.0,8,4,10
2015-08-16,A,2.0,9,4,28
2015-08-16,A,2.0,10,4,45
2015-08-16,A,2.0,11,5,76
2015-08-16,A,2.0,12,5,128
2015-08-16,A,2.5,4,2,2
2015-08-16,A,2.5,5,2,2
2015-08-16,A,2.5,6,2,2
2015-08-16,A,2.5,7,2,2
2015-08-16,A,2.5,8,3,2
2015-08-16,A,2.5,9,3,2
2015-08-16,A,2.5,10,4,3
2015-08-16,A,2.5,11,3,14
2015-08-16,A,2.5,12,3,25
2015-08-16,A,3.0,4,1,0
2015-08-16,A,3.0,5,1,0
2015-08-16,A,3.0,6,1,0
2015-08-16,A,3.0,7,1,0
2015-08-16,A,3.0,8,2,0
2015-08-16,A,3.0,9,2,0
2015-08-16,A,3.0,10,2,0
2015-08-16,A,3.0,11,2,1
2015-08-16,A,3.0,12,3,1
2015-08-16,A,3.5,4,1,0
2015-08-16,A,3.5,5,1,0
2015-08-16,A,3.5,6,1,0
2015-08-16,A,3.5,7,1,0
2015-08-16,A,3.5,8,1,0
2015-08-16,A,3.5,9,2,0
2015-08-16,A,3.5,10,2,0
2015-08-16,A,3.5,11,2,0
2015-08-16,A,3.5,12,2,0
2015-08-16,A,4.0,4,1,0
2015-08-16,A,4.0,5,1,0
2015-08-16,A,4.0,6,1,0
2015-08-16,A,4.0,7,1,0
2015-08-16,A,4.0,8,1,0
2015-08-16,A,4.0,9,1,0
2015-08-16,A,4.0,10,1,0
2015-08-16,A,4.0,11,1,0
2015-08-16,A,4.0,12,1,0
2015-08-17,A,1.0,4,7,17
2015-08-17,A,1.0,5,18,62
2015-08-17,A,1.0,6,0,480
2015-08-17,A,1.0,7,0,480
2015-08-17,A,1.0,8,0,480
2015-08-17,A,1.0,9,0,480
2015-08-17,A,1.0,10,0,480
2015-08-17,A,1.0,11,0,480
2015-08-17,A,1.0,12,0,480
2015-08-17,A,1.5,4,1,7
2015-08-17,A,1.5,5,3,9
2015-08-17,A,1.5,6,3,13
2015-08-17,A,1.5,7,5,22
2015-08-17,A,1.5,8,9,49
2015-08-17,A,1.5,9,10,123
2015-08-17,A,1.5,10,0,480
2015-08-17,A,1.5,11,0,480
2015-08-17,A,1.5,12,0,480
2015-08-17,A,2.0,4,1,3
2015-08-17,A,2.0,5,1,4
2015-08-17,A,2.0,6,3,4
2015-08-17,A,2.0,7,3,6
2015-08-17,A,2.0,8,3,7
2015-08-17,A,2.0,9,4,15
2015-08-17,A,2.0,10,3,42
2015-08-17,A,2.0,11,6,59
2015-08-17,A,2.0,12,7,125
2015-08-17,A,2.5,4,1,2
2015-08-17,A,2.5,5,1,2
2015-08-17,A,2.5,6,1,2
2015-08-17,A,2.5,7,1,3
2015-08-17,A,2.5,8,1,3
2015-08-17,A,2.5,9,1,4
2015-08-17,A,2.5,10,2,5
2015-08-17,A,2.5,11,3,5
2015-08-17,A,2.5,12,2,16
2015-08-17,A,3.0,4,1,1
2015-08-17,A,3.0,5,1,1
2015-08-17,A,3.0,6,1,1
2015-08-17,A,3.0,7,1,1
2015-08-17,A,3.0,8,1,1
2015-08-17,A,3.0,9,1,1
2015-08-17,A,3.0,10,1,3
2015-08-17,A,3.0,11,1,3
2015-08-17,A,3.0,12,1,3
2015-08-17,A,3.5,4,1,0
2015-08-17,A,3.5,5,1,0
2015-08-17,A,3.5,6,1,0
2015-08-17,A,3.5,7,1,0
2015-08-17,A,3.5,8,1,0
2015-08-17,A,3.5,9,1,0
2015-08-17,A,3.5,10,1,0
2015-08-17,A,3.5,11,1,0
2015-08-17,A,3.5,12,1,0
2015-08-17,A,4.0,4,1,0
2015-08-17,A,4.0,5,1,0
2015-08-17,A,4.0,6,1,0
2015-08-17,A,4.0,7,1,0
2015-08-17,A,4.0,8,1,0
2015-08-17,A,4.0,9,1,0
2015-08-17,A,4.0,10,1,0
2015-08-17,A,4.0,11,1,0
2015-08-17,A,4.0,12,1,0
2015-08-18,A,1.0,4,10,26
2015-08-18,A,1.0,5,17,92
2015-08-18,A,1.0,6,0,487
2015-08-18,A,1.0,7,0,487
2015-08-18,A,1.0,8,0,487
2015-08-18,A,1.0,9,0,487
2015-08-18,A,1.0,10,0,487
2015-08-18,A,1.0,11,0,487
2015-08-18,A,1.0,12,0,487
2015-08-18,A,1.5,4,4,13
2015-08-18,A,1.5,5,4,20
2015-08-18,A,1.5,6,5,29
2015-08-18,A,1.5,7,6,43
2015-08-18,A,1.5,8,8,71
2015-08-18,A,1.5,9,8,156
2015-08-18,A,1.5,10,0,487
2015-08-18,A,1.5,11,0,487
2015-08-18,A,1.5,12,0,487
2015-08-18,A,2.0,4,2,5
2015-08-18,A,2.0,5,2,7
2015-08-18,A,2.0,6,3,9
2015-08-18,A,2.0,7,3,12
2015-08-18,A,2.0,8,4,27
2015-08-18,A,2.0,9,5,37
2015-08-18,A,2.0,10,6,68
2015-08-18,A,2.0,11,4,99
2015-08-18,A,2.0,12,6,155
2015-08-18,A,2.5,4,1,4
2015-08-18,A,2.5,5,1,4
2015-08-18,A,2.5,6,1,4
2015-08-18,A,2.5,7,2,4
2015-08-18,A,2.5,8,2,6
2015-08-18,A,2.5,9,2,13
2015-08-18,A,2.5,10,3,19
2015-08-18,A,2.5,11,3,21
2015-08-18,A,2.5,12,4,33
2015-08-18,A,3.0,4,1,1
2015-08-18,A,3.0,5,1,3
2015-08-18,A,3.0,6,1,3
2015-08-18,A,3.0,7,1,4
2015-08-18,A,3.0,8,1,4
2015-08-18,A,3.0,9,1,4
2015-08-18,A,3.0,10,2,4
2015-08-18,A,3.0,11,2,9
2015-08-18,A,3.0,12,2,11
2015-08-18,A,3.5,4,1,1
2015-08-18,A,3.5,5,1,2
2015-08-18,A,3.5,6,1,2
2015-08-18,A,3.5,7,1,2
2015-08-18,A,3.5,8,1,2
2015-08-18,A,3.5,9,1,2
2015-08-18,A,3.5,10,1,4
2015-08-18,A,3.5,11,1,4
2015-08-18,A,3.5,12,1,4
2015-08-18,A,4.0,4,1,0
2015-08-18,A,4.0,5,1,0
2015-08-18,A,4.0,6,1,0
2015-08-18,A,4.0,7,1,0
2015-08-18,A,4.0,8,1,1
2015-08-18,A,4.0,9,1,1
2015-08-18,A,4.0,10,1,1
2015-08-18,A,4.0,11,1,2
2015-08-18,A,4.0,12,1,3
2015-08-19,A,1.0,4,8,27
2015-08-19,A,1.0,5,14,86
2015-08-19,A,1.0,6,0,492
2015-08-19,A,1.0,7,0,492
2015-08-19,A,1.0,8,0,492
2015-08-19,A,1.0,9,0,492
2015-08-19,A,1.0,10,0,492
2015-08-19,A,1.0,11,0,492
2015-08-19,A,1.0,12,0,492
2015-08-19,A,1.5,4,3,8
2015-08-19,A,1.5,5,4,18
2015-08-19,A,1.5,6,5,28
2015-08-19,A,1.5,7,6,45
2015-08-19,A,1.5,8,7,70
2015-08-19,A,1.5,9,5,152
2015-08-19,A,1.5,10,0,492
2015-08-19,A,1.5,11,0,492
2015-08-19,A,1.5,12,0,492
2015-08-19,A,2.0,4,2,4
2015-08-19,A,2.0,5,2,4
2015-08-19,A,2.0,6,3,6
2015-08-19,A,2.0,7,4,12
2015-08-19,A,2.0,8,5,24
2015-08-19,A,2.0,9,5,35
2015-08-19,A,2.0,10,6,61
2015-08-19,A,2.0,11,4,98
2015-08-19,A,2.0,12,3,160
2015-08-19,A,2.5,4,1,4
2015-08-19,A,2.5,5,1,4
2015-08-19,A,2.5,6,1,4
2015-08-19,A,2.5,7,2,4
2015-08-19,A,2.5,8,2,4
2015-08-19,A,2.5,9,3,11
2015-08-19,A,2.5,10,3,17
2015-08-19,A,2.5,11,3,22
2015-08-19,A,2.5,12,3,35
2015-08-19,A,3.0,4,1,1
2015-08-19,A,3.0,5,1,3
2015-08-19,A,3.0,6,1,3
2015-08-19,A,3.0,7,1,4
2015-08-19,A,3.0,8,1,4
2015-08-19,A,3.0,9,1,4
2015-08-19,A,3.0,10,2,4
2015-08-19,A,3.0,11,2,9
2015-08-19,A,3.0,12,3,10
2015-08-19,A,3.5,4,1,1
2015-08-19,A,3.5,5,1,2
2015-08-19,A,3.5,6,1,2
2015-08-19,A,3.5,7,1,2
2015-08-19,A,3.5,8,1,2
2015-08-19,A,3.5,9,1,2
2015-08-19,A,3.5,10,1,4
2015-08-19,A,3.5,11,1,4
2015-08-19,A,3.5,12,1,4
2015-08-19,A,4.0,4,1,1
2015-08-19,A,4.0,5,1,1
2015-08-19,A,4.0,6,1,1
2015-08-19,A,4.0,7,1,1
2015-08-19,A,4.0,8,1,1
2015-08-19,A,4.0,9,1,1
2015-08-19,A,4.0,10,1,1
2015-08-19,A,4.0,11,1,2
2015-08-19,A,4.0,12,1,3
2015-08-20,A,1.0,4,7,31
2015-08-20,A,1.0,5,18,88
2015-08-20,A,1.0,6,0,482
2015-08-20,A,1.0,7,0,482
2015-08-20,A,1.0,8,0,482
2015-08-20,A,1.0,9,0,482
2015-08-20,A,1.0,10,0,482
2015-08-20,A,1.0,11,0,482
2015-08-20,A,1.0,12,0,482
2015-08-20,A,1.5,4,4,11
2015-08-20,A,1.5,5,4,22
2015-08-20,A,1.5,6,5,35
2015-08-20,A,1.5,7,6,46
2015-08-20,A,1.5,8,7,89
2015-08-20,A,1.5,9,6,165
2015-08-20,A,1.5,10,0,482
2015-08-20,A,1.5,11,0,482
2015-08-20,A,1.5,12,0,482
2015-08-20,A,2.0,4,3,5
2015-08-20,A,2.0,5,2,8
2015-08-20,A,2.0,6,3,11
2015-08-20,A,2.0,7,5,19
2015-08-20,A,2.0,8,5,29
2015-08-20,A,2.0,9,5,37
2015-08-20,A,2.0,10,6,65
2015-08-20,A,2.0,11,4,113
2015-08-20,A,2.0,12,5,156
2015-08-20,A,2.5,4,1,5
2015-08-20,A,2.5,5,1,6
2015-08-20,A,2.5,6,1,8
2015-08-20,A,2.5,7,2,8
2015-08-20,A,2.5,8,3,9
2015-08-20,A,2.5,9,3,19
2015-08-20,A,2.5,10,4,23
2015-08-20,A,2.5,11,4,24
2015-08-20,A,2.5,12,5,33
2015-08-20,A,3.0,4,1,2
2015-08-20,A,3.0,5,1,4
2015-08-20,A,3.0,6,1,4
2015-08-20,A,3.0,7,1,5
2015-08-20,A,3.0,8,1,7
2015-08-20,A,3.0,9,1,7
2015-08-20,A,3.0,10,2,7
2015-08-20,A,3.0,11,2,14
2015-08-20,A,3.0,12,2,16
2015-08-20,A,3.5,4,1,2
2015-08-20,A,3.5,5,1,3
2015-08-20,A,3.5,6,1,3
2015-08-20,A,3.5,7,1,3
2015-08-20,A,3.5,8,1,3
2015-08-20,A,3.5,9,1,5
2015-08-20,A,3.5,10,1,7
2015-08-20,A,3.5,11,1,7
2015-08-20,A,3.5,12,1,7
2015-08-20,A,4.0,4,1,1
2015-08-20,A,4.0,5,1,1
2015-08-20,A,4.0,6,1,1
2015-08-20,A,4.0,7,1,1
2015-08-20,A,4.0,8,1,1
2015-08-20,A,4.0,9,1,1
2015-08-20,A,4.0,10,1,1
2015-08-20,A,4.0,11,1,3
2015-08-20,A,4.0,12,1,4
2016-06-07,A,1.0,4,6,31
2016-06-07,A,1.0,5,9,73
2016-06-07,A,1.0,6,0,417
2016-06-07,A,1.0,7,0,417
2016-06-07,A,1.0,8,0,417
2016-06-07,A,1.0,9,0,417
2016-06-07,A,1.0,10,0,417
2016-06-07,A,1.0,11,0,417
2016-06-07,A,1.0,12,0,417
2016-06-07,A,1.5,4,7,14
2016-06-07,A,1.5,5,6,22
2016-06-07,A,1.5,6,6,27
2016-06-07,A,1.5,7,5,44
2016-06-07,A,1.5,8,6,60
2016-06-07,A,1.5,9,4,111
2016-06-07,A,1.5,10,0,417
2016-06-07,A,1.5,11,0,417
2016-06-07,A,1.5,12,0,417
2016-06-07,A,2.0,4,6,8
2016-06-07,A,2.0,5,7,9
2016-06-07,A,2.0,6,5,22
2016-06-07,A,2.0,7,5,27
2016-06-07,A,2.0,8,5,29
2016-06-07,A,2.0,9,5,35
2016-06-07,A,2.0,10,6,53
2016-06-07,A,2.0,11,4,79
2016-06-07,A,2.0,12,4,99
2016-06-07,A,2.5,4,3,3
2016-06-07,A,2.5,5,4,4
2016-06-07,A,2.5,6,4,7
2016-06-07,A,2.5,7,4,18
2016-06-07,A,2.5,8,4,18
2016-06-07,A,2.5,9,4,18
2016-06-07,A,2.5,10,4,21
2016-06-07,A,2.5,11,4,25
2016-06-07,A,2.5,12,5,28
2016-06-07,A,3.0,4,1,1
2016-06-07,A,3.0,5,2,2
2016-06-07,A,3.0,6,2,3
2016-06-07,A,3.0,7,3,6
2016-06-07,A,3.0,8,2,13
2016-06-07,A,3.0,9,4,14
2016-06-07,A,3.0,10,4,16
2016-06-07,A,3.0,11,4,17
2016-06-07,A,3.0,12,4,18
2016-06-07,A,3.5,4,1,0
2016-06-07,A,3.5,5,1,0
2016-06-07,A,3.5,6,1,1
2016-06-07,A,3.5,7,2,2
2016-06-07,A,3.5,8,2,4
2016-06-07,A,3.5,9,2,9
2016-06-07,A,3.5,10,3,12
2016-06-07,A,3.5,11,4,12
2016-06-07,A,3.5,12,4,13
2016-06-07,A,4.0,4,1,0
2016-06-07,A,4.0,5,1,0
2016-06-07,A,4.0,6,1,0
2016-06-07,A,4.0,7,1,0
2016-06-07,A,4.0,8,1,1
2016-06-07,A,4.0,9,2,3
2016-06-07,A,4.0,10,2,4
2016-06-07,A,4.0,11,2,8
2016-06-07,A,4.0,12,2,8
2016-06-08,A,1.0,4,7,22
2016-06-08,A,1.0,5,8,71
2016-06-08,A,1.0,6,0,387
2016-06-08,A,1.0,7,0,387
2016-06-08,A,1.0,8,0,387
2016-06-08,A,1.0,9,0,387
2016-06-08,A,1.0,10,0,387
2016-06-08,A,1.0,11,0,387
2016-06-08,A,1.0,12,0,387
2016-06-08,A,1.5,4,7,9
2016-06-08,A,1.5,5,6,17
2016-06-08,A,1.5,6,6,19
2016-06-08,A,1.5,7,5,41
2016-06-08,A,1.5,8,5,55
2016-06-08,A,1.5,9,5,99
2016-06-08,A,1.5,10,0,387
2016-06-08,A,1.5,11,0,387
2016-06-08,A,1.5,12,0,387
2016-06-08,A,2.0,4,5,5
2016-06-08,A,2.0,5,6,6
2016-06-08,A,2.0,6,4,16
2016-06-08,A,2.0,7,4,21
2016-06-08,A,2.0,8,5,23
2016-06-08,A,2.0,9,5,27
2016-06-08,A,2.0,10,5,43
2016-06-08,A,2.0,11,5,62
2016-06-08,A,2.0,12,5,82
2016-06-08,A,2.5,4,4,0
2016-06-08,A,2.5,5,4,0
2016-06-08,A,2.5,6,3,9
2016-06-08,A,2.5,7,3,14
2016-06-08,A,2.5,8,4,14
2016-06-08,A,2.5,9,4,14
2016-06-08,A,2.5,10,4,15
2016-06-08,A,2.5,11,4,19
2016-06-08,A,2.5,12,4,22
2016-06-08,A,3.0,4,3,0
2016-06-08,A,3.0,5,3,0
2016-06-08,A,3.0,6,2,8
2016-06-08,A,3.0,7,2,10
2016-06-08,A,3.0,8,2,10
2016-06-08,A,3.0,9,3,10
2016-06-08,A,3.0,10,3,12
2016-06-08,A,3.0,11,4,13
2016-06-08,A,3.0,12,4,13
2016-06-08,A,3.5,4,2,0
2016-06-08,A,3.5,5,2,0
2016-06-08,A,3.5,6,2,0
2016-06-08,A,3.5,7,2,7
2016-06-08,A,3.5,8,2,8
2016-06-08,A,3.5,9,2,9
2016-06-08,A,3.5,10,2,10
2016-06-08,A,3.5,11,3,10
2016-06-08,A,3.5,12,3,12
2016-06-08,A,4.0,4,2,0
2016-06-08,A,4.0,5,2,0
2016-06-08,A,4.0,6,2,0
2016-06-08,A,4.0,7,2,4
2016-06-08,A,4.0,8,2,4
2016-06-08,A,4.0,9,2,6
2016-06-08,A,4.0,10,2,6
2016-06-08,A,4.0,11,2,6
2016-06-08,A,4.0,12,2,7
2016-07-17,A,1.0,4,6,27
2016-07-17,A,1.0,5,8,65
2016-07-17,A,1.0,6,0,390
2016-07-17,A,1.0,7,0,390
2016-07-17,A,1.0,8,0,390
2016-07-17,A,1.0,9,0,390
2016-07-17,A,1.0,10,0,390
2016-07-17,A,1.0,11,0,390
2016-07-17,A,1.0,12,0,390
2016-07-17,A,1.5,4,1,9
2016-07-17,A,1.5,5,1,14
2016-07-17,A,1.5,6,2,23
2016-07-17,A,1.5,7,4,36
2016-07-17,A,1.5,8,5,52
2016-07-17,A,1.5,9,7,88
2016-07-17,A,1.5,10,0,390
2016-07-17,A,1.5,11,0,390
2016-07-17,A,1.5,12,0,390
2016-07-17,A,2.0,4,1,7
2016-07-17,A,2.0,5,1,9
2016-07-17,A,2.0,6,2,14
2016-07-17,A,2.0,7,1,25
2016-07-17,A,2.0,8,1,27
2016-07-17,A,2.0,9,2,33
2016-07-17,A,2.0,10,4,39
2016-07-17,A,2.0,11,5,55
2016-07-17,A,2.0,12,7,83
2016-07-17,A,2.5,4,1,6
2016-07-17,A,2.5,5,1,7
2016-07-17,A,2.5,6,1,7
2016-07-17,A,2.5,7,1,8
2016-07-17,A,2.5,8,2,10
2016-07-17,A,2.5,9,1,20
2016-07-17,A,2.5,10,1,21
2016-07-17,A,2.5,11,1,25
2016-07-17,A,2.5,12,1,26
2016-07-17,A,3.0,4,1,4
2016-07-17,A,3.0,5,1,4
2016-07-17,A,3.0,6,1,5
2016-07-17,A,3.0,7,1,6
2016-07-17,A,3.0,8,1,6
2016-07-17,A,3.0,9,1,7
2016-07-17,A,3.0,10,1,8
2016-07-17,A,3.0,11,1,16
2016-07-17,A,3.0,12,1,16
2016-07-17,A,3.5,4,1,3
2016-07-17,A,3.5,5,1,3
2016-07-17,A,3.5,6,1,3
2016-07-17,A,3.5,7,1,4
2016-07-17,A,3.5,8,1,4
2016-07-17,A,3.5,9,1,5
2016-07-17,A,3.5,10,1,6
2016-07-17,A,3.5,11,1,12
2016-07-17,A,3.5,12,1,13
2016-07-17,A,4.0,4,1,2
2016-07-17,A,4.0,5,1,2
2016-07-17,A,4.0,6,1,2
2016-07-17,A,4.0,7,1,2
2016-07-17,A,4.0,8,1,2
2016-07-17,A,4.0,9,1,3
2016-07-17,A,4.0,10,1,3
2016-07-17,A,4.0,11,1,4
2016-07-17,A,4.0,12,1,5
2016-08-03,A,1.0,4,12,19
2016-08-03,A,1.0,5,7,88
2016-08-03,A,1.0,6,0,371
2016-08-03,A,1.0,7,0,371
2016-08-03,A,1.0,8,0,371
2016-08-03,A,1.0,9,0,371
2016-08-03,A,1.0,10,0,371
2016-08-03,A,1.0,11,0,371
2016-08-03,A,1.0,12,0,371
2016-08-03,A,1.5,4,5,1
2016-08-03,A,1.5,5,4,12
2016-08-03,A,1.5,6,7,21
2016-08-03,A,1.5,7,5,56
2016-08-03,A,1.5,8,4,89
2016-08-03,A,1.5,9,4,111
2016-08-03,A,1.5,10,0,371
2016-08-03,A,1.5,11,0,371
2016-08-03,A,1.5,12,0,371
2016-08-03,A,2.0,4,4,0
2016-08-03,A,2.0,5,5,0
2016-08-03,A,2.0,6,4,9
2016-08-03,A,2.0,7,3,22
2016-08-03,A,2.0,8,2,41
2016-08-03,A,2.0,9,2,55
2016-08-03,A,2.0,10,2,75
2016-08-03,A,2.0,11,3,82
2016-08-03,A,2.0,12,4,98
2016-08-03,A,2.5,4,2,0
2016-08-03,A,2.5,5,2,0
2016-08-03,A,2.5,6,2,0
2016-08-03,A,2.5,7,2,2
2016-08-03,A,2.5,8,2,2
2016-08-03,A,2.5,9,2,13
2016-08-03,A,2.5,10,2,21
2016-08-03,A,2.5,11,2,37
2016-08-03,A,2.5,12,2,43
2016-08-03,A,3.0,4,2,0
2016-08-03,A,3.0,5,2,0
2016-08-03,A,3.0,6,2,0
2016-08-03,A,3.0,7,2,0
2016-08-03,A,3.0,8,2,0
2016-08-03,A,3.0,9,2,0
2016-08-03,A,3.0,10,2,3
2016-08-03,A,3.0,11,2,7
2016-08-03,A,3.0,12,2,14
2016-08-03,A,3.5,4,2,0
2016-08-03,A,3.5,5,2,0
2016-08-03,A,3.5,6,2,0
2016-08-03,A,3.5,7,2,0
2016-08-03,A,3.5,8,2,0
2016-08-03,A,3.5,9,2,0
2016-08-03,A,3.5,10,2,0
2016-08-03,A,3.5,11,2,1
2016-08-03,A,3.5,12,2,1
2016-08-03,A,4.0,4,1,0
2016-08-03,A,4.0,5,1,0
2016-08-03,A,4.0,6,1,0
2016-08-03,A,4.0,7,1,0
2016-08-03,A,4.0,8,1,0
2016-08-03,A,4.0,9,1,0
2016-08-03,A,4.0,10,2,0
2016-08-03,A,4.0,11,2,0
2016-08-03,A,4.0,12,2,0
2017-06-30,A,1.0,4,10,31
2017-06-30,A,1.0,5,10,79
2017-06-30,A,1.0,6,0,440
2017-06-30,A,1.0,7,0,440
2017-06-30,A,1.0,8,0,440
2017-06-30,A,1.0,9,0,440
2017-06-30,A,1.0,10,0,440
2017-06-30,A,1.0,11,0,440
2017-06-30,A,1.0,12,0,440
2017-06-30,A,1.5,4,7,12
2017-06-30,A,1.5,5,8,14
2017-06-30,A,1.5,6,6,40
2017-06-30,A,1.5,7,5,56
2017-06-30,A,1.5,8,6,72
2017-06-30,A,1.5,9,5,117
2017-06-30,A,1.5,10,0,440
2017-06-30,A,1.5,11,0,440
2017-06-30,A,1.5,12,0,440
2017-06-30,A,2.0,4,5,5
2017-06-30,A,2.0,5,7,8
2017-06-30,A,2.0,6,7,13
2017-06-30,A,2.0,7,5,31
2017-06-30,A,2.0,8,5,38
2017-06-30,A,2.0,9,5,53
2017-06-30,A,2.0,10,5,59
2017-06-30,A,2.0,11,5,77
2017-06-30,A,2.0,12,5,115
2017-06-30,A,2.5,4,4,4
2017-06-30,A,2.5,5,4,4
2017-06-30,A,2.5,6,4,6
2017-06-30,A,2.5,7,5,14
2017-06-30,A,2.5,8,6,14
2017-06-30,A,2.5,9,5,25
2017-06-30,A,2.5,10,5,31
2017-06-30,A,2.5,11,4,43
2017-06-30,A,2.5,12,4,44
2017-06-30,A,3.0,4,4,4
2017-06-30,A,3.0,5,4,4
2017-06-30,A,3.0,6,4,4
2017-06-30,A,3.0,7,3,10
2017-06-30,A,3.0,8,3,11
2017-06-30,A,3.0,9,4,18
2017-06-30,A,3.0,10,4,18
2017-06-30,A,3.0,11,5,21
2017-06-30,A,3.0,12,4,37
2017-06-30,A,3.5,4,4,3
2017-06-30,A,3.5,5,4,3
2017-06-30,A,3.5,6,4,3
2017-06-30,A,3.5,7,3,9
2017-06-30,A,3.5,8,3,9
2017-06-30,A,3.5,9,3,9
2017-06-30,A,3.5,10,3,11
2017-06-30,A,3.5,11,4,15
2017-06-30,A,3.5,12,4,16
2017-06-30,A,4.0,4,3,3
2017-06-30,A,4.0,5,3,3
2017-06-30,A,4.0,6,3,3
2017-06-30,A,4.0,7,2,9
2017-06-30,A,4.0,8,2,9
2017-06-30,A,4.0,9,2,9
2017-06-30,A,4.0,10,2,9
2017-06-30,A,4.0,11,2,9
2017-06-30,A,4.0,12,2,9
2017-07-01,A,1.0,4,8,23
2017-07-01,A,1.0,5,8,72
2017-07-01,A,1.0,6,0,533
2017-07-01,A,1.0,7,0,533
2017-07-01,A,1.0,8,0,533
2017-07-01,A,1.0,9,0,533
2017-07-01,A,1.0,10,0,533
2017-07-01,A,1.0,11,0,533
2017-07-01,A,1.0,12,0,533
2017-07-01,A,1.5,4,5,13
2017-07-01,A,1.5,5,5,13
2017-07-01,A,1.5,6,6,27
2017-07-01,A,1.5,7,6,40
2017-07-01,A,1.5,8,7,52
2017-07-01,A,1.5,9,5,108
2017-07-01,A,1.5,10,0,533
2017-07-01,A,1.5,11,0,533
2017-07-01,A,1.5,12,0,533
2017-07-01,A,2.0,4,5,13
2017-07-01,A,2.0,5,5,13
2017-07-01,A,2.0,6,5,14
2017-07-01,A,2.0,7,4,22
2017-07-01,A,2.0,8,4,26
2017-07-01,A,2.0,9,4,34
2017-07-01,A,2.0,10,5,50
2017-07-01,A,2.0,11,5,62
2017-07-01,A,2.0,12,6,85
2017-07-01,A,2.5,4,5,8
2017-07-01,A,2.5,5,5,11
2017-07-01,A,2.5,6,5,11
2017-07-01,A,2.5,7,4,17
2017-07-01,A,2.5,8,4,18
2017-07-01,A,2.5,9,4,18
2017-07-01,A,2.5,10,4,19
2017-07-01,A,2.5,11,4,23
2017-07-01,A,2.5,12,3,36
2017-07-01,A,3.0,4,5,8
2017-07-01,A,3.0,5,5,8
2017-07-01,A,3.0,6,5,9
2017-07-01,A,3.0,7,4,15
2017-07-01,A,3.0,8,4,15
2017-07-01,A,3.0,9,4,15
2017-07-01,A,3.0,10,4,16
2017-07-01,A,3.0,11,4,17
2017-07-01,A,3.0,12,4,17
2017-07-01,A,3.5,4,5,6
2017-07-01,A,3.5,5,5,6
2017-07-01,A,3.5,6,5,6
2017-07-01,A,3.5,7,4,12
2017-07-01,A,3.5,8,4,13
2017-07-01,A,3.5,9,4,13
2017-07-01,A,3.5,10,4,13
2017-07-01,A,3.5,11,4,14
2017-07-01,A,3.5,12,4,14
2017-07-01,A,4.0,4,4,2
2017-07-01,A,4.0,5,4,5
2017-07-01,A,4.0,6,4,5
2017-07-01,A,4.0,7,3,11
2017-07-01,A,4.0,8,3,11
2017-07-01,A,4.0,9,3,11
2017-07-01,A,4.0,10,3,11
2017-07-01,A,4.0,11,3,11
2017-07-01,A,4.0,12,3,11
2017-07-02,A,1.0,4,6,19
2017-07-02,A,1.0,5,5,66
2017-07-02,A,1.0,6,0,643
2017-07-02,A,1.0,7,0,643
2017-07-02,A,1.0,8,0,643
2017-07-02,A,1.0,9,0,643
2017-07-02,A,1.0,10,0,643
2017-07-02,A,1.0,11,0,643
2017-07-02,A,1.0,12,0,643
2017-07-02,A,1.5,4,5,2
2017-07-02,A,1.5,5,6,7
2017-07-02,A,1.5,6,3,27
2017-07-02,A,1.5,7,2,43
2017-07-02,A,1.5,8,3,53
2017-07-02,A,1.5,9,6,80
2017-07-02,A,1.5,10,0,643
2017-07-02,A,1.5,11,0,643
2017-07-02,A,1.5,12,0,643
2017-07-02,A,2.0,4,5,1
2017-07-02,A,2.0,5,4,5
2017-07-02,A,2.0,6,3,13
2017-07-02,A,2.0,7,2,28
2017-07-02,A,2.0,8,2,32
2017-07-02,A,2.0,9,2,37
2017-07-02,A,2.0,10,2,41
2017-07-02,A,2.0,11,4,50
2017-07-02,A,2.0,12,4,75
2017-07-02,A,2.5,4,4,1
2017-07-02,A,2.5,5,4,1
2017-07-02,A,2.5,6,3,9
2017-07-02,A,2.5,7,3,10
2017-07-02,A,2.5,8,3,12
2017-07-02,A,2.5,9,3,12
2017-07-02,A,2.5,10,2,22
2017-07-02,A,2.5,11,2,27
2017-07-02,A,2.5,12,2,29
2017-07-02,A,3.0,4,3,1
2017-07-02,A,3.0,5,3,1
2017-07-02,A,3.0,6,2,6
2017-07-02,A,3.0,7,2,7
2017-07-02,A,3.0,8,2,7
2017-07-02,A,3.0,9,3,8
2017-07-02,A,3.0,10,2,16
2017-07-02,A,3.0,11,2,17
2017-07-02,A,3.0,12,2,17
2017-07-02,A,3.5,4,3,0
2017-07-02,A,3.5,5,3,0
2017-07-02,A,3.5,6,2,5
2017-07-02,A,3.5,7,2,5
2017-07-02,A,3.5,8,2,5
2017-07-02,A,3.5,9,2,5
2017-07-02,A,3.5,10,2,6
2017-07-02,A,3.5,11,2,8
2017-07-02,A,3.5,12,2,14
2017-07-02,A,4.0,4,2,0
2017-07-02,A,4.0,5,2,0
2017-07-02,A,4.0,6,1,5
2017-07-02,A,4.0,7,1,5
2017-07-02,A,4.0,8,1,5
2017-07-02,A,4.0,9,1,5
2017-07-02,A,4.0,10,1,5
2017-07-02,A,4.0,11,1,5
2017-07-02,A,4.0,12,1,6
2017-07-03,A,1.0,4,6,16
2017-07-03,A,1.0,5,12,61
2017-07-03,A,1.0,6,0,665
2017-07-03,A,1.0,7,0,665
2017-07-03,A,1.0,8,0,665
2017-07-03,A,1.0,9,0,665
2017-07-03,A,1.0,10,0,665
2017-07-03,A,1.0,11,0,665
2017-07-03,A,1.0,12,0,665
2017-07-03,A,1.5,4,3,2
2017-07-03,A,1.5,5,4,4
2017-07-03,A,1.5,6,3,17
2017-07-03,A,1.5,7,3,28
2017-07-03,A,1.5,8,5,51
2017-07-03,A,1.5,9,9,94
2017-07-03,A,1.5,10,0,665
2017-07-03,A,1.5,11,0,665
2017-07-03,A,1.5,12,0,665
2017-07-03,A,2.0,4,3,1
2017-07-03,A,2.0,5,4,1
2017-07-03,A,2.0,6,3,8
2017-07-03,A,2.0,7,2,16
2017-07-03,A,2.0,8,2,18
2017-07-03,A,2.0,9,2,30
2017-07-03,A,2.0,10,2,36
2017-07-03,A,2.0,11,3,46
2017-07-03,A,2.0,12,4,104
2017-07-03,A,2.5,4,3,1
2017-07-03,A,2.5,5,3,1
2017-07-03,A,2.5,6,2,6
2017-07-03,A,2.5,7,2,7
2017-07-03,A,2.5,8,2,7
2017-07-03,A,2.5,9,2,10
2017-07-03,A,2.5,10,2,13
2017-07-03,A,2.5,11,2,18
2017-07-03,A,2.5,12,2,22
2017-07-03,A,3.0,4,2,1
2017-07-03,A,3.0,5,2,1
2017-07-03,A,3.0,6,1,6
2017-07-03,A,3.0,7,1,6
2017-07-03,A,3.0,8,1,6
2017-07-03,A,3.0,9,2,6
2017-07-03,A,3.0,10,2,7
2017-07-03,A,3.0,11,2,7
2017-07-03,A,3.0,12,2,8
2017-07-03,A,3.5,4,2,1
2017-07-03,A,3.5,5,2,1
2017-07-03,A,3.5,6,1,6
2017-07-03,A,3.5,7,1,6
2017-07-03,A,3.5,8,1,6
2017-07-03,A,3.5,9,1,6
2017-07-03,A,3.5,10,1,6
2017-07-03,A,3.5,11,2,6
2017-07-03,A,3.5,12,2,7
2017-07-03,A,4.0,4,2,0
2017-07-03,A,4.0,5,2,0
2017-07-03,A,4.0,6,1,5
2017-07-03,A,4.0,7,1,5
2017-07-03,A,4.0,8,1,5
2017-07-03,A,4.0,9,1,5
2017-07-03,A,4.0,10,1,5
2017-07-03,A,4.0,11,1,5
2017-07-03,A,4.0,12,1,5
2017-07-04,A,1.0,4,8,16
2017-07-04,A,1.0,5,14,68
2017-07-04,A,1.0,6,0,617
2017-07-04,A,1.0,7,0,617
2017-07-04,A,1.0,8,0,617
2017-07-04,A,1.0,9,0,617
2017-07-04,A,1.0,10,0,617
2017-07-04,A,1.0,11,0,617
2017-07-04,A,1.0,12,0,617
2017-07-04,A,1.5,4,2,7
2017-07-04,A,1.5,5,4,9
2017-07-04,A,1.5,6,5,16
2017-07-04,A,1.5,7,4,39
2017-07-04,A,1.5,8,6,58
2017-07-04,A,1.5,9,4,100
2017-07-04,A,1.5,10,0,617
2017-07-04,A,1.5,11,0,617
2017-07-04,A,1.5,12,0,617
2017-07-04,A,2.0,4,2,7
2017-07-04,A,2.0,5,3,7
2017-07-04,A,2.0,6,3,9
2017-07-04,A,2.0,7,2,17
2017-07-04,A,2.0,8,4,17
2017-07-04,A,2.0,9,3,38
2017-07-04,A,2.0,10,4,46
2017-07-04,A,2.0,11,4,69
2017-07-04,A,2.0,12,2,118
2017-07-04,A,2.5,4,2,6
2017-07-04,A,2.5,5,2,7
2017-07-04,A,2.5,6,2,7
2017-07-04,A,2.5,7,2,7
2017-07-04,A,2.5,8,2,7
2017-07-04,A,2.5,9,2,10
2017-07-04,A,2.5,10,2,14
2017-07-04,A,2.5,11,2,22
2017-07-04,A,2.5,12,3,29
2017-07-04,A,3.0,4,1,3
2017-07-04,A,3.0,5,1,3
2017-07-04,A,3.0,6,1,3
2017-07-04,A,3.0,7,1,3
2017-07-04,A,3.0,8,1,3
2017-07-04,A,3.0,9,2,4
2017-07-04,A,3.0,10,2,4
2017-07-04,A,3.0,11,2,4
2017-07-04,A,3.0,12,2,6
2017-07-04,A,3.5,4,1,3
2017-07-04,A,3.5,5,1,3
2017-07-04,A,3.5,6,1,3
2017-07-04,A,3.5,7,1,3
2017-07-04,A,3.5,8,1,3
2017-07-04,A,3.5,9,1,3
2017-07-04,A,3.5,10,1,3
2017-07-04,A,3.5,11,2,4
2017-07-04,A,3.5,12,2,4
2017-07-04,A,4.0,4,1,3
2017-07-04,A,4.0,5,1,3
2017-07-04,A,4.0,6,1,3
2017-07-04,A,4.0,7,1,3
2017-07-04,A,4.0,8,1,3
2017-07-04,A,4.0,9,1,3
2017-07-04,A,4.0,10,1,3
2017-07-04,A,4.0,11,1,3
2017-07-04,A,4.0,12,1,3
2017-07-05,A,1.0,4,9,19
2017-07-05,A,1.0,5,6,60
2017-07-05,A,1.0,6,0,520
2017-07-05,A,1.0,7,0,520
2017-07-05,A,1.0,8,0,520
2017-07-05,A,1.0,9,0,520
2017-07-05,A,1.0,10,0,520
2017-07-05,A,1.0,11,0,520
2017-07-05,A,1.0,12,0,520
2017-07-05,A,1.5,4,4,3
2017-07-05,A,1.5,5,5,6
2017-07-05,A,1.5,6,5,19
2017-07-05,A,1.5,7,4,33
2017-07-05,A,1.5,8,3,56
2017-07-05,A,1.5,9,3,64
2017-07-05,A,1.5,10,0,520
2017-07-05,A,1.5,11,0,520
2017-07-05,A,1.5,12,0,520
2017-07-05,A,2.0,4,3,1
2017-07-05,A,2.0,5,4,2
2017-07-05,A,2.0,6,3,8
2017-07-05,A,2.0,7,4,15
2017-07-05,A,2.0,8,4,25
2017-07-05,A,2.0,9,4,28
2017-07-05,A,2.0,10,3,43
2017-07-05,A,2.0,11,3,53
2017-07-05,A,2.0,12,2,78
2017-07-05,A,2.5,4,3,1
2017-07-05,A,2.5,5,3,1
2017-07-05,A,2.5,6,3,1
2017-07-05,A,2.5,7,4,1
2017-07-05,A,2.5,8,3,10
2017-07-05,A,2.5,9,3,10
2017-07-05,A,2.5,10,3,17
2017-07-05,A,2.5,11,3,21
2017-07-05,A,2.5,12,3,33
2017-07-05,A,3.0,4,1,0
2017-07-05,A,3.0,5,1,0
2017-07-05,A,3.0,6,1,0
2017-07-05,A,3.0,7,1,0
2017-07-05,A,3.0,8,2,0
2017-07-05,A,3.0,9,3,0
2017-07-05,A,3.0,10,3,4
2017-07-05,A,3.0,11,3,7
2017-07-05,A,3.0,12,3,8
2017-07-05,A,3.5,4,1,0
2017-07-05,A,3.5,5,1,0
2017-07-05,A,3.5,6,1,0
2017-07-05,A,3.5,7,1,0
2017-07-05,A,3.5,8,1,0
2017-07-05,A,3.5,9,2,0
2017-07-05,A,3.5,10,2,0
2017-07-05,A,3.5,11,3,1
2017-07-05,A,3.5,12,3,1
2017-07-05,A,4.0,4,1,0
2017-07-05,A,4.0,5,1,0
2017-07-05,A,4.0,6,1,0
2017-07-05,A,4.0,7,1,0
2017-07-05,A,4.0,8,1,0
2017-07-05,A,4.0,9,1,0
2017-07-05,A,4.0,10,1,0
2017-07-05,A,4.0,11,1,0
2017-07-05,A,4.0,12,1,0
2017-07-06,A,1.0,4,4,32
2017-07-06,A,1.0,5,3,62
2017-07-06,A,1.0,6,0,442
2017-07-06,A,1.0,7,0,442
2017-07-06,A,1.0,8,0,442
2017-07-06,A,1.0,9,0,442
2017-07-06,A,1.0,10,0,442
2017-07-06,A,1.0,11,0,442
2017-07-06,A,1.0,12,0,442
2017-07-06,A,1.5,4,5,6
2017-07-06,A,1.5,5,4,15
2017-07-06,A,1.5,6,3,30
2017-07-06,A,1.5,7,2,37
2017-07-06,A,1.5,8,2,52
2017-07-06,A,1.5,9,2,66
2017-07-06,A,1.5,10,0,442
2017-07-06,A,1.5,11,0,442
2017-07-06,A,1.5,12,0,442
2017-07-06,A,2.0,4,4,2
2017-07-06,A,2.0,5,4,8
2017-07-06,A,2.0,6,3,17
2017-07-06,A,2.0,7,3,26
2017-07-06,A,2.0,8,2,35
2017-07-06,A,2.0,9,2,36
2017-07-06,A,2.0,10,2,38
2017-07-06,A,2.0,11,2,48
2017-07-06,A,2.0,12,2,58
2017-07-06,A,2.5,4,3,2
2017-07-06,A,2.5,5,2,6
2017-07-06,A,2.5,6,3,7
2017-07-06,A,2.5,7,3,14
2017-07-06,A,2.5,8,3,14
2017-07-06,A,2.5,9,2,23
2017-07-06,A,2.5,10,2,27
2017-07-06,A,2.5,11,2,30
2017-07-06,A,2.5,12,2,32
2017-07-06,A,3.0,4,3,0
2017-07-06,A,3.0,5,2,4
2017-07-06,A,3.0,6,2,5
2017-07-06,A,3.0,7,2,5
2017-07-06,A,3.0,8,2,5
2017-07-06,A,3.0,9,2,5
2017-07-06,A,3.0,10,2,15
2017-07-06,A,3.0,11,2,15
2017-07-06,A,3.0,12,2,19
2017-07-06,A,3.5,4,3,0
2017-07-06,A,3.5,5,2,4
2017-07-06,A,3.5,6,2,4
2017-07-06,A,3.5,7,2,4
2017-07-06,A,3.5,8,2,5
2017-07-06,A,3.5,9,2,5
2017-07-06,A,3.5,10,2,5
2017-07-06,A,3.5,11,2,9
2017-07-06,A,3.5,12,2,14
2017-07-06,A,4.0,4,2,0
2017-07-06,A,4.0,5,1,4
2017-07-06,A,4.0,6,1,4
2017-07-06,A,4.0,7,2,4
2017-07-06,A,4.0,8,2,4
2017-07-06,A,4.0,9,2,4
2017-07-06,A,4.0,10,2,4
2017-07-06,A,4.0,11,2,4
2017-07-06,A,4.0,12,2,4
2017-07-17,A,1.0,4,9,30
2017-07-17,A,1.0,5,12,63
2017-07-17,A,1.0,6,0,436
2017-07-17,A,1.0,7,0,436
2017-07-17,A,1.0,8,0,436
2017-07-17,A,1.0,9,0,436
2017-07-17,A,1.0,10,0,436
2017-07-17,A,1.0,11,0,436
2017-07-17,A,1.0,12,0,436
2017-07-17,A,1.5,4,1,13
2017-07-17,A,1.5,5,2,17
2017-07-17,A,1.5,6,2,22
2017-07-17,A,1.5,7,5,38
2017-07-17,A,1.5,8,4,73
2017-07-17,A,1.5,9,5,103
2017-07-17,A,1.5,10,0,436
2017-07-17,A,1.5,11,0,436
2017-07-17,A,1.5,12,0,436
2017-07-17,A,2.0,4,1,8
2017-07-17,A,2.0,5,1,11
2017-07-17,A,2.0,6,1,14
2017-07-17,A,2.0,7,2,16
2017-07-17,A,2.0,8,3,16
2017-07-17,A,2.0,9,3,30
2017-07-17,A,2.0,10,3,51
2017-07-17,A,2.0,11,3,66
2017-07-17,A,2.0,12,3,100
2017-07-17,A,2.5,4,1,6
2017-07-17,A,2.5,5,1,8
2017-07-17,A,2.5,6,1,10
2017-07-17,A,2.5,7,1,10
2017-07-17,A,2.5,8,1,10
2017-07-17,A,2.5,9,1,12
2017-07-17,A,2.5,10,1,13
2017-07-17,A,2.5,11,1,15
2017-07-17,A,2.5,12,2,19
2017-07-17,A,3.0,4,1,6
2017-07-17,A,3.0,5,1,6
2017-07-17,A,3.0,6,1,7
2017-07-17,A,3.0,7,1,8
2017-07-17,A,3.0,8,1,8
2017-07-17,A,3.0,9,1,8
2017-07-17,A,3.0,10,1,9
2017-07-17,A,3.0,11,1,10
2017-07-17,A,3.0,12,1,11
2017-07-17,A,3.5,4,1,6
2017-07-17,A,3.5,5,1,6
2017-07-17,A,3.5,6,1,6
2017-07-17,A,3.5,7,1,6
2017-07-17,A,3.5,8,1,6
2017-07-17,A,3.5,9,1,6
2017-07-17,A,3.5,10,1,7
2017-07-17,A,3.5,11,1,7
2017-07-17,A,3.5,12,1,7
2017-07-17,A,4.0,4,1,3
2017-07-17,A,4.0,5,1,5
2017-07-17,A,4.0,6,1,5
2017-07-17,A,4.0,7,1,5
2017-07-17,A,4.0,8,1,5
2017-07-17,A,4.0,9,1,5
2017-07-17,A,4.0,10,1,6
2017-07-17,A,4.0,11,1,6
2017-07-17,A,4.0,12,1,6
2017-07-18,A,1.0,4,8,41
2017-07-18,A,1.0,5,9,86
2017-07-18,A,1.0,6,0,432
2017-07-18,A,1.0,7,0,432
2017-07-18,A,1.0,8,0,432
2017-07-18,A,1.0,9,0,432
2017-07-18,A,1.0,10,0,432
2017-07-18,A,1.0,11,0,432
2017-07-18,A,1.0,12,0,432
2017-07-18,A,1.5,4,3,16
2017-07-18,A,1.5,5,5,22
2017-07-18,A,1.5,6,3,38
2017-07-18,A,1.5,7,4,55
2017-07-18,A,1.5,8,2,86
2017-07-18,A,1.5,9,5,111
2017-07-18,A,1.5,10,0,432
2017-07-18,A,1.5,11,0,432
2017-07-18,A,1.5,12,0,432
2017-07-18,A,2.0,4,2,11
2017-07-18,A,2.0,5,2,15
2017-07-18,A,2.0,6,2,16
2017-07-18,A,2.0,7,4,22
2017-07-18,A,2.0,8,4,33
2017-07-18,A,2.0,9,2,59
2017-07-18,A,2.0,10,2,70
2017-07-18,A,2.0,11,3,80
2017-07-18,A,2.0,12,3,110
2017-07-18,A,2.5,4,3,3
2017-07-18,A,2.5,5,2,10
2017-07-18,A,2.5,6,2,13
2017-07-18,A,2.5,7,2,13
2017-07-18,A,2.5,8,1,21
2017-07-18,A,2.5,9,1,22
2017-07-18,A,2.5,10,2,23
2017-07-18,A,2.5,11,2,38
2017-07-18,A,2.5,12,2,40
2017-07-18,A,3.0,4,3,2
2017-07-18,A,3.0,5,2,8
2017-07-18,A,3.0,6,2,9
2017-07-18,A,3.0,7,2,10
2017-07-18,A,3.0,8,1,18
2017-07-18,A,3.0,9,1,18
2017-07-18,A,3.0,10,1,19
2017-07-18,A,3.0,11,1,19
2017-07-18,A,3.0,12,1,20
2017-07-18,A,3.5,4,2,2
2017-07-18,A,3.5,5,2,2
2017-07-18,A,3.5,6,2,5
2017-07-18,A,3.5,7,2,5
2017-07-18,A,3.5,8,1,13
2017-07-18,A,3.5,9,1,13
2017-07-18,A,3.5,10,1,14
2017-07-18,A,3.5,11,1,15
2017-07-18,A,3.5,12,1,15
2017-07-18,A,4.0,4,1,2
2017-07-18,A,4.0,5,1,2
2017-07-18,A,4.0,6,1,2
2017-07-18,A,4.0,7,1,2
2017-07-18,A,4.0,8,1,3
2017-07-18,A,4.0,9,1,3
2017-07-18,A,4.0,10,1,8
2017-07-18,A,4.0,11,1,9
2017-07-18,A,4.0,12,1,9
2017-07-22,A,1.0,4,9,20
2017-07-22,A,1.0,5,9,57
2017-07-22,A,1.0,6,0,407
2017-07-22,A,1.0,7,0,407
2017-07-22,A,1.0,8,0,407
2017-07-22,A,1.0,9,0,407
2017-07-22,A,1.0,10,0,407
2017-07-22,A,1.0,11,0,407
2017-07-22,A,1.0,12,0,407
2017-07-22,A,1.5,4,4,4
2017-07-22,A,1.5,5,6,6
2017-07-22,A,1.5,6,4,18
2017-07-22,A,1.5,7,4,41
2017-07-22,A,1.5,8,5,56
2017-07-22,A,1.5,9,4,97
2017-07-22,A,1.5,10,0,407
2017-07-22,A,1.5,11,0,407
2017-07-22,A,1.5,12,0,407
2017-07-22,A,2.0,4,4,3
2017-07-22,A,2.0,5,4,4
2017-07-22,A,2.0,6,3,9
2017-07-22,A,2.0,7,3,12
2017-07-22,A,2.0,8,4,18
2017-07-22,A,2.0,9,4,28
2017-07-22,A,2.0,10,4,41
2017-07-22,A,2.0,11,4,58
2017-07-22,A,2.0,12,4,88
2017-07-22,A,2.5,4,3,2
2017-07-22,A,2.5,5,3,2
2017-07-22,A,2.5,6,3,2
2017-07-22,A,2.5,7,3,8
2017-07-22,A,2.5,8,3,8
2017-07-22,A,2.5,9,3,8
2017-07-22,A,2.5,10,3,9
2017-07-22,A,2.5,11,2,22
2017-07-22,A,2.5,12,3,22
2017-07-22,A,3.0,4,3,2
2017-07-22,A,3.0,5,3,2
2017-07-22,A,3.0,6,3,2
2017-07-22,A,3.0,7,2,8
2017-07-22,A,3.0,8,2,8
2017-07-22,A,3.0,9,2,8
2017-07-22,A,3.0,10,3,8
2017-07-22,A,3.0,11,3,8
2017-07-22,A,3.0,12,3,8
2017-07-22,A,3.5,4,3,1
2017-07-22,A,3.5,5,3,1
2017-07-22,A,3.5,6,3,1
2017-07-22,A,3.5,7,2,7
2017-07-22,A,3.5,8,2,7
2017-07-22,A,3.5,9,2,7
2017-07-22,A,3.5,10,2,7
2017-07-22,A,3.5,11,2,7
2017-07-22,A,3.5,12,2,7
2017-07-22,A,4.0,4,3,0
2017-07-22,A,4.0,5,3,0
2017-07-22,A,4.0,6,3,0
2017-07-22,A,4.0,7,2,6
2017-07-22,A,4.0,8,2,6
2017-07-22,A,4.0,9,2,6
2017-07-22,A,4.0,10,2,6
2017-07-22,A,4.0,11,2,6
2017-07-22,A,4.0,12,2,6
2017-07-23,A,1.0,4,5,32
2017-07-23,A,1.0,5,8,68
2017-07-23,A,1.0,6,0,434
2017-07-23,A,1.0,7,0,434
2017-07-23,A,1.0,8,0,434
2017-07-23,A,1.0,9,0,434
2017-07-23,A,1.0,10,0,434
2017-07-23,A,1.0,11,0,434
2017-07-23,A,1.0,12,0,434
2017-07-23,A,1.5,4,4,16
2017-07-23,A,1.5,5,4,21
2017-07-23,A,1.5,6,4,28
2017-07-23,A,1.5,7,3,38
2017-07-23,A,1.5,8,5,56
2017-07-23,A,1.5,9,3,95
2017-07-23,A,1.5,10,0,434
2017-07-23,A,1.5,11,0,434
2017-07-23,A,1.5,12,0,434
2017-07-23,A,2.0,4,3,15
2017-07-23,A,2.0,5,3,15
2017-07-23,A,2.0,6,4,17
2017-07-23,A,2.0,7,4,17
2017-07-23,A,2.0,8,3,34
2017-07-23,A,2.0,9,2,44
2017-07-23,A,2.0,10,2,51
2017-07-23,A,2.0,11,3,65
2017-07-23,A,2.0,12,3,81
2017-07-23,A,2.5,4,4,7
2017-07-23,A,2.5,5,3,13
2017-07-23,A,2.5,6,3,13
2017-07-23,A,2.5,7,3,13
2017-07-23,A,2.5,8,3,13
2017-07-23,A,2.5,9,3,15
2017-07-23,A,2.5,10,3,28
2017-07-23,A,2.5,11,3,29
2017-07-23,A,2.5,12,2,43
2017-07-23,A,3.0,4,4,7
2017-07-23,A,3.0,5,3,11
2017-07-23,A,3.0,6,3,12
2017-07-23,A,3.0,7,3,12
2017-07-23,A,3.0,8,3,12
2017-07-23,A,3.0,9,3,12
2017-07-23,A,3.0,10,3,12
2017-07-23,A,3.0,11,2,23
2017-07-23,A,3.0,12,2,24
2017-07-23,A,3.5,4,3,7
2017-07-23,A,3.5,5,2,11
2017-07-23,A,3.5,6,2,11
2017-07-23,A,3.5,7,2,11
2017-07-23,A,3.5,8,3,11
2017-07-23,A,3.5,9,3,11
2017-07-23,A,3.5,10,3,11
2017-07-23,A,3.5,11,3,11
2017-07-23,A,3.5,12,2,21
2017-07-23,A,4.0,4,3,3
2017-07-23,A,4.0,5,2,10
2017-07-23,A,4.0,6,2,10
2017-07-23,A,4.0,7,2,10
2017-07-23,A,4.0,8,2,10
2017-07-23,A,4.0,9,2,10
2017-07-23,A,4.0,10,2,10
2017-07-23,A,4.0,11,2,10
2017-07-23,A,4.0,12,2,20
2017-07-24,A,1.0,4,8,37
2017-07-24,A,1.0,5,10,81
2017-07-24,A,1.0,6,0,379
2017-07-24,A,1.0,7,0,379
2017-07-24,A,1.0,8,0,379
2017-07-24,A,1.0,9,0,379
2017-07-24,A,1.0,10,0,379
2017-07-24,A,1.0,11,0,379
2017-07-24,A,1.0,12,0,379
2017-07-24,A,1.5,4,6,19
2017-07-24,A,1.5,5,4,29
2017-07-24,A,1.5,6,6,40
2017-07-24,A,1.5,7,6,48
2017-07-24,A,1.5,8,7,66
2017-07-24,A,1.5,9,3,125
2017-07-24,A,1.5,10,0,379
2017-07-24,A,1.5,11,0,379
2017-07-24,A,1.5,12,0,379
2017-07-24,A,2.0,4,5,17
2017-07-24,A,2.0,5,4,21
2017-07-24,A,2.0,6,5,28
2017-07-24,A,2.0,7,4,36
2017-07-24,A,2.0,8,5,38
2017-07-24,A,2.0,9,4,58
2017-07-24,A,2.0,10,4,71
2017-07-24,A,2.0,11,4,92
2017-07-24,A,2.0,12,3,117
2017-07-24,A,2.5,4,4,13
2017-07-24,A,2.5,5,4,19
2017-07-24,A,2.5,6,3,23
2017-07-24,A,2.5,7,3,24
2017-07-24,A,2.5,8,3,28
2017-07-24,A,2.5,9,3,30
2017-07-24,A,2.5,10,4,32
2017-07-24,A,2.5,11,4,34
2017-07-24,A,2.5,12,4,36
2017-07-24,A,3.0,4,5,7
2017-07-24,A,3.0,5,4,10
2017-07-24,A,3.0,6,3,16
2017-07-24,A,3.0,7,3,20
2017-07-24,A,3.0,8,3,20
2017-07-24,A,3.0,9,3,22
2017-07-24,A,3.0,10,3,24
2017-07-24,A,3.0,11,3,25
2017-07-24,A,3.0,12,3,27
2017-07-24,A,3.5,4,4,7
2017-07-24,A,3.5,5,4,10
2017-07-24,A,3.5,6,3,15
2017-07-24,A,3.5,7,3,15
2017-07-24,A,3.5,8,3,19
2017-07-24,A,3.5,9,3,19
2017-07-24,A,3.5,10,3,19
2017-07-24,A,3.5,11,3,20
2017-07-24,A,3.5,12,3,22
2017-07-24,A,4.0,4,2,5
2017-07-24,A,4.0,5,2,6
2017-07-24,A,4.0,6,2,12
2017-07-24,A,4.0,7,2,12
2017-07-24,A,4.0,8,2,12
2017-07-24,A,4.0,9,3,13
2017-07-24,A,4.0,10,3,13
2017-07-24,A,4.0,11,3,13
2017-07-24,A,4.0,12,3,13
2017-07-25,A,1.0,4,9,43
2017-07-25,A,1.0,5,6,92
2017-07-25,A,1.0,6,0,393
2017-07-25,A,1.0,7,0,393
2017-07-25,A,1.0,8,0,393
2017-07-25,A,1.0,9,0,393
2017-07-25,A,1.0,10,0,393
2017-07-25,A,1.0,11,0,393
2017-07-25,A,1.0,12,0,393
2017-07-25,A,1.5,4,4,30
2017-07-25,A,1.5,5,6,32
2017-07-25,A,1.5,6,7,43
2017-07-25,A,1.5,7,6,54
2017-07-25,A,1.5,8,4,79
2017-07-25,A,1.5,9,4,101
2017-07-25,A,1.5,10,0,393
2017-07-25,A,1.5,11,0,393
2017-07-25,A,1.5,12,0,393
2017-07-25,A,2.0,4,2,26
2017-07-25,A,2.0,5,3,27
2017-07-25,A,2.0,6,4,28
2017-07-25,A,2.0,7,5,33
2017-07-25,A,2.0,8,3,56
2017-07-25,A,2.0,9,3,60
2017-07-25,A,2.0,10,3,77
2017-07-25,A,2.0,11,3,87
2017-07-25,A,2.0,12,3,104
2017-07-25,A,2.5,4,4,8
2017-07-25,A,2.5,5,3,15
2017-07-25,A,2.5,6,2,24
2017-07-25,A,2.5,7,2,25
2017-07-25,A,2.5,8,2,25
2017-07-25,A,2.5,9,4,28
2017-07-25,A,2.5,10,4,28
2017-07-25,A,2.5,11,3,47
2017-07-25,A,2.5,12,3,54
2017-07-25,A,3.0,4,4,4
2017-07-25,A,3.0,5,3,9
2017-07-25,A,3.0,6,3,13
2017-07-25,A,3.0,7,2,19
2017-07-25,A,3.0,8,2,20
2017-07-25,A,3.0,9,2,21
2017-07-25,A,3.0,10,2,21
2017-07-25,A,3.0,11,2,23
2017-07-25,A,3.0,12,2,33
2017-07-25,A,3.5,4,4,3
2017-07-25,A,3.5,5,3,8
2017-07-25,A,3.5,6,3,10
2017-07-25,A,3.5,7,2,18
2017-07-25,A,3.5,8,2,18
2017-07-25,A,3.5,9,2,19
2017-07-25,A,3.5,10,2,19
2017-07-25,A,3.5,11,2,19
2017-07-25,A,3.5,12,2,22
2017-07-25,A,4.0,4,2,3
2017-07-25,A,4.0,5,2,6
2017-07-25,A,4.0,6,2,6
2017-07-25,A,4.0,7,2,7
2017-07-25,A,4.0,8,2,8
2017-07-25,A,4.0,9,2,8
2017-07-25,A,4.0,10,2,12
2017-07-25,A,4.0,11,2,12
2017-07-25,A,4.0,12,2,12
2017-07-26,A,1.0,4,8,40
2017-07-26,A,1.0,5,10,100
2017-07-26,A,1.0,6,0,436
2017-07-26,A,1.0,7,0,436
2017-07-26,A,1.0,8,0,436
2017-07-26,A,1.0,9,0,436
2017-07-26,A,1.0,10,0,436
2017-07-26,A,1.0,11,0,436
2017-07-26,A,1.0,12,0,436
2017-07-26,A,1.5,4,4,22
2017-07-26,A,1.5,5,7,24
2017-07-26,A,1.5,6,6,40
2017-07-26,A,1.5,7,6,53
2017-07-26,A,1.5,8,5,87
2017-07-26,A,1.5,9,6,122
2017-07-26,A,1.5,10,0,436
2017-07-26,A,1.5,11,0,436
2017-07-26,A,1.5,12,0,436
2017-07-26,A,2.0,4,3,16
2017-07-26,A,2.0,5,3,19
2017-07-26,A,2.0,6,4,26
2017-07-26,A,2.0,7,5,37
2017-07-26,A,2.0,8,4,47
2017-07-26,A,2.0,9,4,50
2017-07-26,A,2.0,10,4,76
2017-07-26,A,2.0,11,5,87
2017-07-26,A,2.0,12,4,132
2017-07-26,A,2.5,4,3,7
2017-07-26,A,2.5,5,2,15
2017-07-26,A,2.5,6,2,16
2017-07-26,A,2.5,7,3,16
2017-07-26,A,2.5,8,3,17
2017-07-26,A,2.5,9,4,20
2017-07-26,A,2.5,10,4,30
2017-07-26,A,2.5,11,4,41
2017-07-26,A,2.5,12,4,42
2017-07-26,A,3.0,4,3,3
2017-07-26,A,3.0,5,3,7
2017-07-26,A,3.0,6,2,12
2017-07-26,A,3.0,7,2,12
2017-07-26,A,3.0,8,2,12
2017-07-26,A,3.0,9,2,13
2017-07-26,A,3.0,10,2,13
2017-07-26,A,3.0,11,3,18
2017-07-26,A,3.0,12,2,34
2017-07-26,A,3.5,4,3,2
2017-07-26,A,3.5,5,3,7
2017-07-26,A,3.5,6,2,12
2017-07-26,A,3.5,7,2,12
2017-07-26,A,3.5,8,2,12
2017-07-26,A,3.5,9,2,12
2017-07-26,A,3.5,10,2,12
2017-07-26,A,3.5,11,2,13
2017-07-26,A,3.5,12,2,17
2017-07-26,A,4.0,4,2,0
2017-07-26,A,4.0,5,2,0
2017-07-26,A,4.0,6,2,1
2017-07-26,A,4.0,7,2,3
2017-07-26,A,4.0,8,2,3
2017-07-26,A,4.0,9,2,6
2017-07-26,A,4.0,10,2,6
2017-07-26,A,4.0,11,2,6
2017-07-26,A,4.0,12,2,6
2017-07-27,A,1.0,4,8,45
2017-07-27,A,1.0,5,17,113
2017-07-27,A,1.0,6,0,463
2017-07-27,A,1.0,7,0,463
2017-07-27,A,1.0,8,0,463
2017-07-27,A,1.0,9,0,463
2017-07-27,A,1.0,10,0,463
2017-07-27,A,1.0,11,0,463
2017-07-27,A,1.0,12,0,463
2017-07-27,A,1.5,4,6,13
2017-07-27,A,1.5,5,4,32
2017-07-27,A,1.5,6,5,43
2017-07-27,A,1.5,7,6,63
2017-07-27,A,1.5,8,7,106
2017-07-27,A,1.5,9,7,165
2017-07-27,A,1.5,10,0,463
2017-07-27,A,1.5,11,0,463
2017-07-27,A,1.5,12,0,463
2017-07-27,A,2.0,4,4,7
2017-07-27,A,2.0,5,4,9
2017-07-27,A,2.0,6,2,27
2017-07-27,A,2.0,7,3,29
2017-07-27,A,2.0,8,4,34
2017-07-27,A,2.0,9,4,49
2017-07-27,A,2.0,10,5,91
2017-07-27,A,2.0,11,5,117
2017-07-27,A,2.0,12,2,192
2017-07-27,A,2.5,4,3,2
2017-07-27,A,2.5,5,4,5
2017-07-27,A,2.5,6,4,6
2017-07-27,A,2.5,7,2,21
2017-07-27,A,2.5,8,2,22
2017-07-27,A,2.5,9,2,24
2017-07-27,A,2.5,10,2,25
2017-07-27,A,2.5,11,4,31
2017-07-27,A,2.5,12,3,43
2017-07-27,A,3.0,4,2,2
2017-07-27,A,3.0,5,3,2
2017-07-27,A,3.0,6,3,4
2017-07-27,A,3.0,7,3,6
2017-07-27,A,3.0,8,2,16
2017-07-27,A,3.0,9,2,16
2017-07-27,A,3.0,10,2,16
2017-07-27,A,3.0,11,2,17
2017-07-27,A,3.0,12,2,20
2017-07-27,A,3.5,4,2,1
2017-07-27,A,3.5,5,2,1
2017-07-27,A,3.5,6,2,1
2017-07-27,A,3.5,7,2,2
2017-07-27,A,3.5,8,2,9
2017-07-27,A,3.5,9,2,9
2017-07-27,A,3.5,10,2,9
2017-07-27,A,3.5,11,2,12
2017-07-27,A,3.5,12,2,12
2017-07-27,A,4.0,4,2,1
2017-07-27,A,4.0,5,2,1
2017-07-27,A,4.0,6,2,1
2017-07-27,A,4.0,7,2,1
2017-07-27,A,4.0,8,2,1
2017-07-27,A,4.0,9,2,1
2017-07-27,A,4.0,10,2,2
2017-07-27,A,4.0,11,2,2
2017-07-27,A,4.0,12,2,2
2017-07-28,A,1.0,4,6,36
2017-07-28,A,1.0,5,11,95
2017-07-28,A,1.0,6,0,412
2017-07-28,A,1.0,7,0,412
2017-07-28,A,1.0,8,0,412
2017-07-28,A,1.0,9,0,412
2017-07-28,A,1.0,10,0,412
2017-07-28,A,1.0,11,0,412
2017-07-28,A,1.0,12,0,412
2017-07-28,A,1.5,4,3,19
2017-07-28,A,1.5,5,3,26
2017-07-28,A,1.5,6,3,36
2017-07-28,A,1.5,7,3,57
2017-07-28,A,1.5,8,7,78
2017-07-28,A,1.5,9,4,160
2017-07-28,A,1.5,10,0,412
2017-07-28,A,1.5,11,0,412
2017-07-28,A,1.5,12,0,412
2017-07-28,A,2.0,4,3,11
2017-07-28,A,2.0,5,3,14
2017-07-28,A,2.0,6,3,19
2017-07-28,A,2.0,7,3,20
2017-07-28,A,2.0,8,2,31
2017-07-28,A,2.0,9,3,41
2017-07-28,A,2.0,10,4,68
2017-07-28,A,2.0,11,3,101
2017-07-28,A,2.0,12,4,149
2017-07-28,A,2.5,4,3,1
2017-07-28,A,2.5,5,3,4
2017-07-28,A,2.5,6,2,9
2017-07-28,A,2.5,7,3,10
2017-07-28,A,2.5,8,3,12
2017-07-28,A,2.5,9,3,12
2017-07-28,A,2.5,10,2,24
2017-07-28,A,2.5,11,2,25
2017-07-28,A,2.5,12,2,31
2017-07-28,A,3.0,4,3,0
2017-07-28,A,3.0,5,3,1
2017-07-28,A,3.0,6,2,8
2017-07-28,A,3.0,7,3,8
2017-07-28,A,3.0,8,3,8
2017-07-28,A,3.0,9,3,8
2017-07-28,A,3.0,10,2,18
2017-07-28,A,3.0,11,2,18
2017-07-28,A,3.0,12,2,19
2017-07-28,A,3.5,4,2,0
2017-07-28,A,3.5,5,2,0
2017-07-28,A,3.5,6,2,1
2017-07-28,A,3.5,7,2,7
2017-07-28,A,3.5,8,2,7
2017-07-28,A,3.5,9,2,7
2017-07-28,A,3.5,10,2,7
2017-07-28,A,3.5,11,3,7
2017-07-28,A,3.5,12,2,17
2017-07-28,A,4.0,4,2,0
2017-07-28,A,4.0,5,2,0
2017-07-28,A,4.0,6,2,0
2017-07-28,A,4.0,7,2,0
2017-07-28,A,4.0,8,2,1
2017-07-28,A,4.0,9,2,1
2017-07-28,A,4.0,10,2,1
2017-07-28,A,4.0,11,2,4
2017-07-28,A,4.0,12,2,4
2017-07-29,A,1.0,4,6,38
2017-07-29,A,1.0,5,8,105
2017-07-29,A,1.0,6,0,373
2017-07-29,A,1.0,7,0,373
2017-07-29,A,1.0,8,0,373
2017-07-29,A,1.0,9,0,373
2017-07-29,A,1.0,10,0,373
2017-07-29,A,1.0,11,0,373
2017-07-29,A,1.0,12,0,373
2017-07-29,A,1.5,4,5,16
2017-07-29,A,1.5,5,3,28
2017-07-29,A,1.5,6,3,35
2017-07-29,A,1.5,7,3,66
2017-07-29,A,1.5,8,4,82
2017-07-29,A,1.5,9,3,144
2017-07-29,A,1.5,10,0,373
2017-07-29,A,1.5,11,0,373
2017-07-29,A,1.5,12,0,373
2017-07-29,A,2.0,4,4,11
2017-07-29,A,2.0,5,3,18
2017-07-29,A,2.0,6,3,22
2017-07-29,A,2.0,7,3,26
2017-07-29,A,2.0,8,2,40
2017-07-29,A,2.0,9,2,48
2017-07-29,A,2.0,10,4,60
2017-07-29,A,2.0,11,3,90
2017-07-29,A,2.0,12,3,133
2017-07-29,A,2.5,4,4,4
2017-07-29,A,2.5,5,4,5
2017-07-29,A,2.5,6,3,11
2017-07-29,A,2.5,7,3,14
2017-07-29,A,2.5,8,3,18
2017-07-29,A,2.5,9,3,22
2017-07-29,A,2.5,10,2,31
2017-07-29,A,2.5,11,2,33
2017-07-29,A,2.5,12,2,36
2017-07-29,A,3.0,4,3,3
2017-07-29,A,3.0,5,3,3
2017-07-29,A,3.0,6,3,10
2017-07-29,A,3.0,7,3,13
2017-07-29,A,3.0,8,3,13
2017-07-29,A,3.0,9,3,13
2017-07-29,A,3.0,10,2,25
2017-07-29,A,3.0,11,2,27
2017-07-29,A,3.0,12,2,27
2017-07-29,A,3.5,4,3,3
2017-07-29,A,3.5,5,3,3
2017-07-29,A,3.5,6,3,3
2017-07-29,A,3.5,7,3,8
2017-07-29,A,3.5,8,3,9
2017-07-29,A,3.5,9,3,10
2017-07-29,A,3.5,10,3,10
2017-07-29,A,3.5,11,3,10
2017-07-29,A,3.5,12,2,23
2017-07-29,A,4.0,4,3,3
2017-07-29,A,4.0,5,3,3
2017-07-29,A,4.0,6,3,3
2017-07-29,A,4.0,7,3,3
2017-07-29,A,4.0,8,3,3
2017-07-29,A,4.0,9,3,3
2017-07-29,A,4.0,10,3,5
2017-07-29,A,4.0,11,3,5
2017-07-29,A,4.0,12,3,5
2017-07-30,A,1.0,4,9,38
2017-07-30,A,1.0,5,17,95
2017-07-30,A,1.0,6,0,376
2017-07-30,A,1.0,7,0,376
2017-07-30,A,1.0,8,0,376
2017-07-30,A,1.0,9,0,376
2017-07-30,A,1.0,10,0,376
2017-07-30,A,1.0,11,0,376
2017-07-30,A,1.0,12,0,376
2017-07-30,A,1.5,4,6,15
2017-07-30,A,1.5,5,5,25
2017-07-30,A,1.5,6,5,32
2017-07-30,A,1.5,7,7,47
2017-07-30,A,1.5,8,8,86
2017-07-30,A,1.5,9,5,149
2017-07-30,A,1.5,10,0,376
2017-07-30,A,1.5,11,0,376
2017-07-30,A,1.5,12,0,376
2017-07-30,A,2.0,4,5,11
2017-07-30,A,2.0,5,5,13
2017-07-30,A,2.0,6,5,20
2017-07-30,A,2.0,7,5,22
2017-07-30,A,2.0,8,5,24
2017-07-30,A,2.0,9,5,36
2017-07-30,A,2.0,10,6,78
2017-07-30,A,2.0,11,4,122
2017-07-30,A,2.0,12,3,173
2017-07-30,A,2.5,4,6,4
2017-07-30,A,2.5,5,6,5
2017-07-30,A,2.5,6,5,11
2017-07-30,A,2.5,7,5,11
2017-07-30,A,2.5,8,5,13
2017-07-30,A,2.5,9,5,17
2017-07-30,A,2.5,10,5,18
2017-07-30,A,2.5,11,5,20
2017-07-30,A,2.5,12,4,42
2017-07-30,A,3.0,4,4,2
2017-07-30,A,3.0,5,4,2
2017-07-30,A,3.0,6,4,9
2017-07-30,A,3.0,7,4,9
2017-07-30,A,3.0,8,4,10
2017-07-30,A,3.0,9,5,10
2017-07-30,A,3.0,10,5,10
2017-07-30,A,3.0,11,5,12
2017-07-30,A,3.0,12,5,13
2017-07-30,A,3.5,4,4,2
2017-07-30,A,3.5,5,4,2
2017-07-30,A,3.5,6,4,2
2017-07-30,A,3.5,7,4,7
2017-07-30,A,3.5,8,4,7
2017-07-30,A,3.5,9,4,7
2017-07-30,A,3.5,10,4,8
2017-07-30,A,3.5,11,5,8
2017-07-30,A,3.5,12,5,9
2017-07-30,A,4.0,4,4,2
2017-07-30,A,4.0,5,4,2
2017-07-30,A,4.0,6,4,2
2017-07-30,A,4.0,7,4,2
2017-07-30,A,4.0,8,4,2
2017-07-30,A,4.0,9,4,2
2017-07-30,A,4.0,10,4,4
2017-07-30,A,4.0,11,4,4
2017-07-30,A,4.0,12,4,4
2017-08-01,A,1.0,4,10,26
2017-08-01,A,1.0,5,9,83
2017-08-01,A,1.0,6,0,394
2017-08-01,A,1.0,7,0,394
2017-08-01,A,1.0,8,0,394
2017-08-01,A,1.0,9,0,394
2017-08-01,A,1.0,10,0,394
2017-08-01,A,1.0,11,0,394
2017-08-01,A,1.0,12,0,394
2017-08-01,A,1.5,4,8,6
2017-08-01,A,1.5,5,8,19
2017-08-01,A,1.5,6,8,28
2017-08-01,A,1.5,7,6,49
2017-08-01,A,1.5,8,6,70
2017-08-01,A,1.5,9,3,120
2017-08-01,A,1.5,10,0,394
2017-08-01,A,1.5,11,0,394
2017-08-01,A,1.5,12,0,394
2017-08-01,A,2.0,4,7,4
2017-08-01,A,2.0,5,7,6
2017-08-01,A,2.0,6,6,14
2017-08-01,A,2.0,7,5,25
2017-08-01,A,2.0,8,6,29
2017-08-01,A,2.0,9,6,38
2017-08-01,A,2.0,10,4,66
2017-08-01,A,2.0,11,3,97
2017-08-01,A,2.0,12,2,124
2017-08-01,A,2.5,4,6,3
2017-08-01,A,2.5,5,6,4
2017-08-01,A,2.5,6,5,9
2017-08-01,A,2.5,7,4,15
2017-08-01,A,2.5,8,5,18
2017-08-01,A,2.5,9,5,22
2017-08-01,A,2.5,10,5,27
2017-08-01,A,2.5,11,5,30
2017-08-01,A,2.5,12,3,53
2017-08-01,A,3.0,4,4,2
2017-08-01,A,3.0,5,4,2
2017-08-01,A,3.0,6,4,2
2017-08-01,A,3.0,7,3,8
2017-08-01,A,3.0,8,3,13
2017-08-01,A,3.0,9,3,13
2017-08-01,A,3.0,10,4,13
2017-08-01,A,3.0,11,4,16
2017-08-01,A,3.0,12,5,18
2017-08-01,A,3.5,4,4,2
2017-08-01,A,3.5,5,4,2
2017-08-01,A,3.5,6,4,2
2017-08-01,A,3.5,7,3,8
2017-08-01,A,3.5,8,3,8
2017-08-01,A,3.5,9,3,8
2017-08-01,A,3.5,10,3,11
2017-08-01,A,3.5,11,3,11
2017-08-01,A,3.5,12,4,13
2017-08-01,A,4.0,4,3,1
2017-08-01,A,4.0,5,3,1
2017-08-01,A,4.0,6,3,1
2017-08-01,A,4.0,7,4,1
2017-08-01,A,4.0,8,3,7
2017-08-01,A,4.0,9,3,8
2017-08-01,A,4.0,10,3,8
2017-08-01,A,4.0,11,3,8
2017-08-01,A,4.0,12,3,8
2017-08-02,A,1.0,4,7,11
2017-08-02,A,1.0,5,9,70
2017-08-02,A,1.0,6,0,423
2017-08-02,A,1.0,7,0,423
2017-08-02,A,1.0,8,0,423
2017-08-02,A,1.0,9,0,423
2017-08-02,A,1.0,10,0,423
2017-08-02,A,1.0,11,0,423
2017-08-02,A,1.0,12,0,423
2017-08-02,A,1.5,4,4,2
2017-08-02,A,1.5,5,5,6
2017-08-02,A,1.5,6,6,14
2017-08-02,A,1.5,7,6,25
2017-08-02,A,1.5,8,5,73
2017-08-02,A,1.5,9,3,115
2017-08-02,A,1.5,10,0,423
2017-08-02,A,1.5,11,0,423
2017-08-02,A,1.5,12,0,423
2017-08-02,A,2.0,4,3,2
2017-08-02,A,2.0,5,3,2
2017-08-02,A,2.0,6,2,8
2017-08-02,A,2.0,7,3,9
2017-08-02,A,2.0,8,5,11
2017-08-02,A,2.0,9,4,32
2017-08-02,A,2.0,10,6,47
2017-08-02,A,2.0,11,3,89
2017-08-02,A,2.0,12,1,161
2017-08-02,A,2.5,4,3,1
2017-08-02,A,2.5,5,3,1
2017-08-02,A,2.5,6,2,6
2017-08-02,A,2.5,7,2,6
2017-08-02,A,2.5,8,2,6
2017-08-02,A,2.5,9,2,8
2017-08-02,A,2.5,10,1,18
2017-08-02,A,2.5,11,1,23
2017-08-02,A,2.5,12,2,24
2017-08-02,A,3.0,4,3,1
2017-08-02,A,3.0,5,3,1
2017-08-02,A,3.0,6,2,6
2017-08-02,A,3.0,7,2,6
2017-08-02,A,3.0,8,2,6
2017-08-02,A,3.0,9,2,6
2017-08-02,A,3.0,10,1,15
2017-08-02,A,3.0,11,1,16
2017-08-02,A,3.0,12,1,16
2017-08-02,A,3.5,4,3,1
2017-08-02,A,3.5,5,3,1
2017-08-02,A,3.5,6,2,6
2017-08-02,A,3.5,7,2,6
2017-08-02,A,3.5,8,2,6
2017-08-02,A,3.5,9,2,6
2017-08-02,A,3.5,10,1,15
2017-08-02,A,3.5,11,1,15
2017-08-02,A,3.5,12,1,15
2017-08-02,A,4.0,4,3,1
2017-08-02,A,4.0,5,3,1
2017-08-02,A,4.0,6,2,6
2017-08-02,A,4.0,7,2,6
2017-08-02,A,4.0,8,2,6
2017-08-02,A,4.0,9,2,6
2017-08-02,A,4.0,10,1,15
2017-08-02,A,4.0,11,1,15
2017-08-02,A,4.0,12,1,15
2017-08-03,A,1.0,4,6,20
2017-08-03,A,1.0,5,8,60
2017-08-03,A,1.0,6,0,405
2017-08-03,A,1.0,7,0,405
2017-08-03,A,1.0,8,0,405
2017-08-03,A,1.0,9,0,405
2017-08-03,A,1.0,10,0,405
2017-08-03,A,1.0,11,0,405
2017-08-03,A,1.0,12,0,405
2017-08-03,A,1.5,4,3,7
2017-08-03,A,1.5,5,3,12
2017-08-03,A,1.5,6,3,13
2017-08-03,A,1.5,7,5,28
2017-08-03,A,1.5,8,3,64
2017-08-03,A,1.5,9,2,106
2017-08-03,A,1.5,10,0,405
2017-08-03,A,1.5,11,0,405
2017-08-03,A,1.5,12,0,405
2017-08-03,A,2.0,4,2,7
2017-08-03,A,2.0,5,3,7
2017-08-03,A,2.0,6,3,8
2017-08-03,A,2.0,7,3,8
2017-08-03,A,2.0,8,3,14
2017-08-03,A,2.0,9,2,32
2017-08-03,A,2.0,10,3,48
2017-08-03,A,2.0,11,3,74
2017-08-03,A,2.0,12,4,127
2017-08-03,A,2.5,4,2,4
2017-08-03,A,2.5,5,2,5
2017-08-03,A,2.5,6,2,5
2017-08-03,A,2.5,7,2,5
2017-08-03,A,2.5,8,2,6
2017-08-03,A,2.5,9,3,6
2017-08-03,A,2.5,10,3,7
2017-08-03,A,2.5,11,2,18
2017-08-03,A,2.5,12,2,22
2017-08-03,A,3.0,4,2,1
2017-08-03,A,3.0,5,2,3
2017-08-03,A,3.0,6,2,3
2017-08-03,A,3.0,7,2,3
2017-08-03,A,3.0,8,2,3
2017-08-03,A,3.0,9,2,4
2017-08-03,A,3.0,10,2,4
2017-08-03,A,3.0,11,1,14
2017-08-03,A,3.0,12,1,14
2017-08-03,A,3.5,4,2,1
2017-08-03,A,3.5,5,2,3
2017-08-03,A,3.5,6,2,3
2017-08-03,A,3.5,7,2,3
2017-08-03,A,3.5,8,2,3
2017-08-03,A,3.5,9,2,3
2017-08-03,A,3.5,10,2,3
2017-08-03,A,3.5,11,1,14
2017-08-03,A,3.5,12,1,14
2017-08-03,A,4.0,4,2,0
2017-08-03,A,4.0,5,2,0
2017-08-03,A,4.0,6,2,1
2017-08-03,A,4.0,7,2,1
2017-08-03,A,4.0,8,2,1
2017-08-03,A,4.0,9,2,1
2017-08-03,A,4.0,10,2,1
2017-08-03,A,4.0,11,1,11
2017-08-03,A,4.0,12,1,11
2017-08-04,A,1.0,4,5,20
2017-08-04,A,1.0,5,10,60
2017-08-04,A,1.0,6,0,458
2017-08-04,A,1.0,7,0,458
2017-08-04,A,1.0,8,0,458
2017-08-04,A,1.0,9,0,458
2017-08-04,A,1.0,10,0,458
2017-08-04,A,1.0,11,0,458
2017-08-04,A,1.0,12,0,458
2017-08-04,A,1.5,4,3,10
2017-08-04,A,1.5,5,3,12
2017-08-04,A,1.5,6,3,15
2017-08-04,A,1.5,7,4,25
2017-08-04,A,1.5,8,5,61
2017-08-04,A,1.5,9,2,120
2017-08-04,A,1.5,10,0,458
2017-08-04,A,1.5,11,0,458
2017-08-04,A,1.5,12,0,458
2017-08-04,A,2.0,4,3,3
2017-08-04,A,2.0,5,3,4
2017-08-04,A,2.0,6,2,10
2017-08-04,A,2.0,7,3,10
2017-08-04,A,2.0,8,3,14
2017-08-04,A,2.0,9,2,29
2017-08-04,A,2.0,10,3,44
2017-08-04,A,2.0,11,4,53
2017-08-04,A,2.0,12,4,88
2017-08-04,A,2.5,4,3,2
2017-08-04,A,2.5,5,3,2
2017-08-04,A,2.5,6,2,7
2017-08-04,A,2.5,7,2,8
2017-08-04,A,2.5,8,2,8
2017-08-04,A,2.5,9,2,9
2017-08-04,A,2.5,10,2,9
2017-08-04,A,2.5,11,2,20
2017-08-04,A,2.5,12,2,23
2017-08-04,A,3.0,4,2,1
2017-08-04,A,3.0,5,2,1
2017-08-04,A,3.0,6,2,1
2017-08-04,A,3.0,7,2,1
2017-08-04,A,3.0,8,2,6
2017-08-04,A,3.0,9,2,7
2017-08-04,A,3.0,10,2,7
2017-08-04,A,3.0,11,2,7
2017-08-04,A,3.0,12,1,18
2017-08-04,A,3.5,4,2,1
2017-08-04,A,3.5,5,2,1
2017-08-04,A,3.5,6,2,1
2017-08-04,A,3.5,7,2,1
2017-08-04,A,3.5,8,2,6
2017-08-04,A,3.5,9,2,6
2017-08-04,A,3.5,10,2,6
2017-08-04,A,3.5,11,2,7
2017-08-04,A,3.5,12,1,18
2017-08-04,A,4.0,4,2,0
2017-08-04,A,4.0,5,2,0
2017-08-04,A,4.0,6,2,0
2017-08-04,A,4.0,7,2,0
2017-08-04,A,4.0,8,2,0
2017-08-04,A,4.0,9,2,3
2017-08-04,A,4.0,10,2,3
2017-08-04,A,4.0,11,2,3
2017-08-04,A,4.0,12,1,14
2017-08-05,A,1.0,4,3,17
2017-08-05,A,1.0,5,6,57
2017-08-05,A,1.0,6,0,506
2017-08-05,A,1.0,7,0,506
2017-08-05,A,1.0,8,0,506
2017-08-05,A,1.0,9,0,506
2017-08-05,A,1.0,10,0,506
2017-08-05,A,1.0,11,0,506
2017-08-05,A,1.0,12,0,506
2017-08-05,A,1.5,4,1,10
2017-08-05,A,1.5,5,2,13
2017-08-05,A,1.5,6,2,20
2017-08-05,A,1.5,7,4,29
2017-08-05,A,1.5,8,3,47
2017-08-05,A,1.5,9,3,92
2017-08-05,A,1.5,10,0,506
2017-08-05,A,1.5,11,0,506
2017-08-05,A,1.5,12,0,506
2017-08-05,A,2.0,4,2,4
2017-08-05,A,2.0,5,2,5
2017-08-05,A,2.0,6,1,11
2017-08-05,A,2.0,7,1,13
2017-08-05,A,2.0,8,1,14
2017-08-05,A,2.0,9,4,18
2017-08-05,A,2.0,10,2,52
2017-08-05,A,2.0,11,2,59
2017-08-05,A,2.0,12,1,81
2017-08-05,A,2.5,4,2,4
2017-08-05,A,2.5,5,2,4
2017-08-05,A,2.5,6,1,9
2017-08-05,A,2.5,7,1,9
2017-08-05,A,2.5,8,1,9
2017-08-05,A,2.5,9,1,11
2017-08-05,A,2.5,10,1,12
2017-08-05,A,2.5,11,1,14
2017-08-05,A,2.5,12,1,14
2017-08-05,A,3.0,4,1,3
2017-08-05,A,3.0,5,1,3
2017-08-05,A,3.0,6,1,3
2017-08-05,A,3.0,7,1,3
2017-08-05,A,3.0,8,1,9
2017-08-05,A,3.0,9,1,9
2017-08-05,A,3.0,10,1,9
2017-08-05,A,3.0,11,1,10
2017-08-05,A,3.0,12,1,11
2017-08-05,A,3.5,4,1,3
2017-08-05,A,3.5,5,1,3
2017-08-05,A,3.5,6,1,3
2017-08-05,A,3.5,7,1,3
2017-08-05,A,3.5,8,1,8
2017-08-05,A,3.5,9,1,8
2017-08-05,A,3.5,10,1,9
2017-08-05,A,3.5,11,1,9
2017-08-05,A,3.5,12,1,9
2017-08-05,A,4.0,4,1,2
2017-08-05,A,4.0,5,1,2
2017-08-05,A,4.0,6,1,2
2017-08-05,A,4.0,7,1,2
2017-08-05,A,4.0,8,1,2
2017-08-05,A,4.0,9,1,5
2017-08-05,A,4.0,10,1,5
2017-08-05,A,4.0,11,1,5
2017-08-05,A,4.0,12,1,5
2017-08-06,A,1.0,4,2,22
2017-08-06,A,1.0,5,9,61
2017-08-06,A,1.0,6,0,567
2017-08-06,A,1.0,7,0,567
2017-08-06,A,1.0,8,0,567
2017-08-06,A,1.0,9,0,567
2017-08-06,A,1.0,10,0,567
2017-08-06,A,1.0,11,0,567
2017-08-06,A,1.0,12,0,567
2017-08-06,A,1.5,4,2,14
2017-08-06,A,1.5,5,1,23
2017-08-06,A,1.5,6,1,26
2017-08-06,A,1.5,7,3,36
2017-08-06,A,1.5,8,5,49
2017-08-06,A,1.5,9,4,95
2017-08-06,A,1.5,10,0,567
2017-08-06,A,1.5,11,0,567
2017-08-06,A,1.5,12,0,567
2017-08-06,A,2.0,4,3,9
2017-08-06,A,2.0,5,2,13
2017-08-06,A,2.0,6,1,18
2017-08-06,A,2.0,7,1,22
2017-08-06,A,2.0,8,1,23
2017-08-06,A,2.0,9,2,28
2017-08-06,A,2.0,10,3,39
2017-08-06,A,2.0,11,3,69
2017-08-06,A,2.0,12,2,101
2017-08-06,A,2.5,4,4,5
2017-08-06,A,2.5,5,2,13
2017-08-06,A,2.5,6,1,18
2017-08-06,A,2.5,7,1,18
2017-08-06,A,2.5,8,1,19
2017-08-06,A,2.5,9,1,21
2017-08-06,A,2.5,10,1,22
2017-08-06,A,2.5,11,1,22
2017-08-06,A,2.5,12,2,24
2017-08-06,A,3.0,4,3,3
2017-08-06,A,3.0,5,2,8
2017-08-06,A,3.0,6,1,13
2017-08-06,A,3.0,7,1,18
2017-08-06,A,3.0,8,1,18
2017-08-06,A,3.0,9,1,18
2017-08-06,A,3.0,10,1,18
2017-08-06,A,3.0,11,1,19
2017-08-06,A,3.0,12,1,21
2017-08-06,A,3.5,4,2,3
2017-08-06,A,3.5,5,2,3
2017-08-06,A,3.5,6,1,8
2017-08-06,A,3.5,7,1,16
2017-08-06,A,3.5,8,1,16
2017-08-06,A,3.5,9,1,17
2017-08-06,A,3.5,10,1,18
2017-08-06,A,3.5,11,1,18
2017-08-06,A,3.5,12,1,18
2017-08-06,A,4.0,4,2,2
2017-08-06,A,4.0,5,2,2
2017-08-06,A,4.0,6,1,7
2017-08-06,A,4.0,7,1,7
2017-08-06,A,4.0,8,1,13
2017-08-06,A,4.0,9,1,13
2017-08-06,A,4.0,10,1,13
2017-08-06,A,4.0,11,1,13
2017-08-06,A,4.0,12,1,13
2017-08-07,A,1.0,4,7,14
2017-08-07,A,1.0,5,5,53
2017-08-07,A,1.0,6,0,629
2017-08-07,A,1.0,7,0,629
2017-08-07,A,1.0,8,0,629
2017-08-07,A,1.0,9,0,629
2017-08-07,A,1.0,10,0,629
2017-08-07,A,1.0,11,0,629
2017-08-07,A,1.0,12,0,629
2017-08-07,A,1.5,4,4,5
2017-08-07,A,1.5,5,4,11
2017-08-07,A,1.5,6,4,18
2017-08-07,A,1.5,7,3,32
2017-08-07,A,1.5,8,3,46
2017-08-07,A,1.5,9,3,80
2017-08-07,A,1.5,10,0,629
2017-08-07,A,1.5,11,0,629
2017-08-07,A,1.5,12,0,629
2017-08-07,A,2.0,4,3,4
2017-08-07,A,2.0,5,3,5
2017-08-07,A,2.0,6,3,6
2017-08-07,A,2.0,7,3,12
2017-08-07,A,2.0,8,3,22
2017-08-07,A,2.0,9,3,23
2017-08-07,A,2.0,10,2,46
2017-08-07,A,2.0,11,2,48
2017-08-07,A,2.0,12,3,65
2017-08-07,A,2.5,4,3,3
2017-08-07,A,2.5,5,3,3
2017-08-07,A,2.5,6,3,3
2017-08-07,A,2.5,7,3,3
2017-08-07,A,2.5,8,3,3
2017-08-07,A,2.5,9,3,6
2017-08-07,A,2.5,10,2,17
2017-08-07,A,2.5,11,3,20
2017-08-07,A,2.5,12,2,31
2017-08-07,A,3.0,4,3,3
2017-08-07,A,3.0,5,3,3
2017-08-07,A,3.0,6,3,3
2017-08-07,A,3.0,7,3,3
2017-08-07,A,3.0,8,3,3
2017-08-07,A,3.0,9,3,3
2017-08-07,A,3.0,10,3,5
2017-08-07,A,3.0,11,2,16
2017-08-07,A,3.0,12,1,27
2017-08-07,A,3.5,4,1,3
2017-08-07,A,3.5,5,1,3
2017-08-07,A,3.5,6,1,3
2017-08-07,A,3.5,7,1,3
2017-08-07,A,3.5,8,2,3
2017-08-07,A,3.5,9,2,3
2017-08-07,A,3.5,10,3,3
2017-08-07,A,3.5,11,3,3
2017-08-07,A,3.5,12,3,4
2017-08-07,A,4.0,4,1,2
2017-08-07,A,4.0,5,1,2
2017-08-07,A,4.0,6,1,2
2017-08-07,A,4.0,7,1,2
2017-08-07,A,4.0,8,1,2
2017-08-07,A,4.0,9,1,2
2017-08-07,A,4.0,10,2,2
2017-08-07,A,4.0,11,2,2
2017-08-07,A,4.0,12,2,2
2017-08-08,A,1.0,4,7,15
2017-08-08,A,1.0,5,9,58
2017-08-08,A,1.0,6,0,631
2017-08-08,A,1.0,7,0,631
2017-08-08,A,1.0,8,0,631
2017-08-08,A,1.0,9,0,631
2017-08-08,A,1.0,10,0,631
2017-08-08,A,1.0,11,0,631
2017-08-08,A,1.0,12,0,631
2017-08-08,A,1.5,4,5,1
2017-08-08,A,1.5,5,5,8
2017-08-08,A,1.5,6,5,16
2017-08-08,A,1.5,7,4,33
2017-08-08,A,1.5,8,5,51
2017-08-08,A,1.5,9,6,90
2017-08-08,A,1.5,10,0,631
2017-08-08,A,1.5,11,0,631
2017-08-08,A,1.5,12,0,631
2017-08-08,A,2.0,4,4,0
2017-08-08,A,2.0,5,3,5
2017-08-08,A,2.0,6,3,6
2017-08-08,A,2.0,7,3,11
2017-08-08,A,2.0,8,4,21
2017-08-08,A,2.0,9,4,22
2017-08-08,A,2.0,10,4,45
2017-08-08,A,2.0,11,4,52
2017-08-08,A,2.0,12,4,86
2017-08-08,A,2.5,4,4,0
2017-08-08,A,2.5,5,3,4
2017-08-08,A,2.5,6,3,4
2017-08-08,A,2.5,7,3,4
2017-08-08,A,2.5,8,3,4
2017-08-08,A,2.5,9,3,7
2017-08-08,A,2.5,10,2,18
2017-08-08,A,2.5,11,3,20
2017-08-08,A,2.5,12,3,31
2017-08-08,A,3.0,4,4,0
2017-08-08,A,3.0,5,3,4
2017-08-08,A,3.0,6,3,4
2017-08-08,A,3.0,7,3,4
2017-08-08,A,3.0,8,3,4
2017-08-08,A,3.0,9,3,4
2017-08-08,A,3.0,10,3,6
2017-08-08,A,3.0,11,2,17
2017-08-08,A,3.0,12,1,28
2017-08-08,A,3.5,4,2,0
2017-08-08,A,3.5,5,1,4
2017-08-08,A,3.5,6,1,4
2017-08-08,A,3.5,7,1,4
2017-08-08,A,3.5,8,2,4
2017-08-08,A,3.5,9,2,4
2017-08-08,A,3.5,10,3,4
2017-08-08,A,3.5,11,3,4
2017-08-08,A,3.5,12,3,5
2017-08-08,A,4.0,4,1,0
2017-08-08,A,4.0,5,1,0
2017-08-08,A,4.0,6,1,3
2017-08-08,A,4.0,7,1,3
2017-08-08,A,4.0,8,1,3
2017-08-08,A,4.0,9,1,3
2017-08-08,A,4.0,10,2,3
2017-08-08,A,4.0,11,2,3
2017-08-08,A,4.0,12,2,3
2017-08-09,A,1.0,4,10,12
2017-08-09,A,1.0,5,9,64
2017-08-09,A,1.0,6,0,643
2017-08-09,A,1.0,7,0,643
2017-08-09,A,1.0,8,0,643
2017-08-09,A,1.0,9,0,643
2017-08-09,A,1.0,10,0,643
2017-08-09,A,1.0,11,0,643
2017-08-09,A,1.0,12,0,643
2017-08-09,A,1.5,4,6,1
2017-08-09,A,1.5,5,6,5
2017-08-09,A,1.5,6,5,23
2017-08-09,A,1.5,7,4,45
2017-08-09,A,1.5,8,4,69
2017-08-09,A,1.5,9,5,106
2017-08-09,A,1.5,10,0,643
2017-08-09,A,1.5,11,0,643
2017-08-09,A,1.5,12,0,643
2017-08-09,A,2.0,4,3,0
2017-08-09,A,2.0,5,3,1
2017-08-09,A,2.0,6,4,3
2017-08-09,A,2.0,7,4,13
2017-08-09,A,2.0,8,3,33
2017-08-09,A,2.0,9,4,37
2017-08-09,A,2.0,10,3,57
2017-08-09,A,2.0,11,3,65
2017-08-09,A,2.0,12,5,90
2017-08-09,A,2.5,4,3,0
2017-08-09,A,2.5,5,3,0
2017-08-09,A,2.5,6,3,0
2017-08-09,A,2.5,7,3,0
2017-08-09,A,2.5,8,2,13
2017-08-09,A,2.5,9,2,16
2017-08-09,A,2.5,10,1,28
2017-08-09,A,2.5,11,3,32
2017-08-09,A,2.5,12,2,42
2017-08-09,A,3.0,4,3,0
2017-08-09,A,3.0,5,3,0
2017-08-09,A,3.0,6,3,0
2017-08-09,A,3.0,7,3,0
2017-08-09,A,3.0,8,2,8
2017-08-09,A,3.0,9,2,9
2017-08-09,A,3.0,10,2,11
2017-08-09,A,3.0,11,1,25
2017-08-09,A,3.0,12,1,25
2017-08-09,A,3.5,4,2,0
2017-08-09,A,3.5,5,2,0
2017-08-09,A,3.5,6,2,0
2017-08-09,A,3.5,7,2,0
2017-08-09,A,3.5,8,3,0
2017-08-09,A,3.5,9,2,8
2017-08-09,A,3.5,10,2,8
2017-08-09,A,3.5,11,2,8
2017-08-09,A,3.5,12,2,9
2017-08-09,A,4.0,4,1,0
2017-08-09,A,4.0,5,1,0
2017-08-09,A,4.0,6,1,0
2017-08-09,A,4.0,7,1,0
2017-08-09,A,4.0,8,1,0
2017-08-09,A,4.0,9,1,0
2017-08-09,A,4.0,10,2,0
2017-08-09,A,4.0,11,2,6
2017-08-09,A,4.0,12,2,7
2017-08-10,A,1.0,4,7,20
2017-08-10,A,1.0,5,12,74
2017-08-10,A,1.0,6,0,559
2017-08-10,A,1.0,7,0,559
2017-08-10,A,1.0,8,0,559
2017-08-10,A,1.0,9,0,559
2017-08-10,A,1.0,10,0,559
2017-08-10,A,1.0,11,0,559
2017-08-10,A,1.0,12,0,559
2017-08-10,A,1.5,4,4,6
2017-08-10,A,1.5,5,5,7
2017-08-10,A,1.5,6,5,17
2017-08-10,A,1.5,7,7,38
2017-08-10,A,1.5,8,4,82
2017-08-10,A,1.5,9,6,135
2017-08-10,A,1.5,10,0,559
2017-08-10,A,1.5,11,0,559
2017-08-10,A,1.5,12,0,559
2017-08-10,A,2.0,4,3,3
2017-08-10,A,2.0,5,4,4
2017-08-10,A,2.0,6,4,8
2017-08-10,A,2.0,7,4,15
2017-08-10,A,2.0,8,4,24
2017-08-10,A,2.0,9,3,36
2017-08-10,A,2.0,10,3,60
2017-08-10,A,2.0,11,4,75
2017-08-10,A,2.0,12,6,100
2017-08-10,A,2.5,4,2,3
2017-08-10,A,2.5,5,3,3
2017-08-10,A,2.5,6,3,3
2017-08-10,A,2.5,7,3,4
2017-08-10,A,2.5,8,2,17
2017-08-10,A,2.5,9,2,18
2017-08-10,A,2.5,10,2,27
2017-08-10,A,2.5,11,3,28
2017-08-10,A,2.5,12,3,29
2017-08-10,A,3.0,4,2,3
2017-08-10,A,3.0,5,2,3
2017-08-10,A,3.0,6,2,3
2017-08-10,A,3.0,7,2,3
2017-08-10,A,3.0,8,2,5
2017-08-10,A,3.0,9,1,13
2017-08-10,A,3.0,10,1,14
2017-08-10,A,3.0,11,2,15
2017-08-10,A,3.0,12,2,19
2017-08-10,A,3.5,4,2,3
2017-08-10,A,3.5,5,2,3
2017-08-10,A,3.5,6,2,3
2017-08-10,A,3.5,7,2,3
2017-08-10,A,3.5,8,2,3
2017-08-10,A,3.5,9,1,12
2017-08-10,A,3.5,10,1,12
2017-08-10,A,3.5,11,1,13
2017-08-10,A,3.5,12,1,13
2017-08-10,A,4.0,4,2,3
2017-08-10,A,4.0,5,2,3
2017-08-10,A,4.0,6,2,3
2017-08-10,A,4.0,7,2,3
2017-08-10,A,4.0,8,2,3
2017-08-10,A,4.0,9,1,11
2017-08-10,A,4.0,10,1,11
2017-08-10,A,4.0,11,1,11
2017-08-10,A,4.0,12,1,11
2017-08-11,A,1.0,4,11,11
2017-08-11,A,1.0,5,11,76
2017-08-11,A,1.0,6,0,468
2017-08-11,A,1.0,7,0,468
2017-08-11,A,1.0,8,0,468
2017-08-11,A,1.0,9,0,468
2017-08-11,A,1.0,10,0,468
2017-08-11,A,1.0,11,0,468
2017-08-11,A,1.0,12,0,468
2017-08-11,A,1.5,4,5,3
2017-08-11,A,1.5,5,6,3
2017-08-11,A,1.5,6,8,7
2017-08-11,A,1.5,7,7,38
2017-08-11,A,1.5,8,4,80
2017-08-11,A,1.5,9,4,135
2017-08-11,A,1.5,10,0,468
2017-08-11,A,1.5,11,0,468
2017-08-11,A,1.5,12,0,468
2017-08-11,A,2.0,4,4,2
2017-08-11,A,2.0,5,4,2
2017-08-11,A,2.0,6,5,3
2017-08-11,A,2.0,7,6,5
2017-08-11,A,2.0,8,6,21
2017-08-11,A,2.0,9,4,44
2017-08-11,A,2.0,10,3,72
2017-08-11,A,2.0,11,2,97
2017-08-11,A,2.0,12,4,113
2017-08-11,A,2.5,4,4,2
2017-08-11,A,2.5,5,4,2
2017-08-11,A,2.5,6,4,2
2017-08-11,A,2.5,7,4,2
2017-08-11,A,2.5,8,3,13
2017-08-11,A,2.5,9,3,15
2017-08-11,A,2.5,10,3,24
2017-08-11,A,2.5,11,3,27
2017-08-11,A,2.5,12,3,31
2017-08-11,A,3.0,4,3,2
2017-08-11,A,3.0,5,3,2
2017-08-11,A,3.0,6,3,2
2017-08-11,A,3.0,7,3,2
2017-08-11,A,3.0,8,2,9
2017-08-11,A,3.0,9,2,11
2017-08-11,A,3.0,10,3,12
2017-08-11,A,3.0,11,3,13
2017-08-11,A,3.0,12,3,13
2017-08-11,A,3.5,4,3,2
2017-08-11,A,3.5,5,3,2
2017-08-11,A,3.5,6,3,2
2017-08-11,A,3.5,7,3,2
2017-08-11,A,3.5,8,2,9
2017-08-11,A,3.5,9,2,9
2017-08-11,A,3.5,10,2,10
2017-08-11,A,3.5,11,3,11
2017-08-11,A,3.5,12,3,11
2017-08-11,A,4.0,4,2,1
2017-08-11,A,4.0,5,2,1
2017-08-11,A,4.0,6,2,1
2017-08-11,A,4.0,7,2,1
2017-08-11,A,4.0,8,1,8
2017-08-11,A,4.0,9,1,8
2017-08-11,A,4.0,10,1,8
2017-08-11,A,4.0,11,1,9
2017-08-11,A,4.0,12,1,9
2017-08-12,A,1.0,4,12,15
2017-08-12,A,1.0,5,13,84
2017-08-12,A,1.0,6,0,455
2017-08-12,A,1.0,7,0,455
2017-08-12,A,1.0,8,0,455
2017-08-12,A,1.0,9,0,455
2017-08-12,A,1.0,10,0,455
2017-08-12,A,1.0,11,0,455
2017-08-12,A,1.0,12,0,455
2017-08-12,A,1.5,4,6,4
2017-08-12,A,1.5,5,6,6
2017-08-12,A,1.5,6,8,17
2017-08-12,A,1.5,7,7,42
2017-08-12,A,1.5,8,4,87
2017-08-12,A,1.5,9,4,148
2017-08-12,A,1.5,10,0,455
2017-08-12,A,1.5,11,0,455
2017-08-12,A,1.5,12,0,455
2017-08-12,A,2.0,4,5,3
2017-08-12,A,2.0,5,6,3
2017-08-12,A,2.0,6,5,9
2017-08-12,A,2.0,7,5,13
2017-08-12,A,2.0,8,7,24
2017-08-12,A,2.0,9,4,49
2017-08-12,A,2.0,10,4,67
2017-08-12,A,2.0,11,3,95
2017-08-12,A,2.0,12,4,129
2017-08-12,A,2.5,4,4,2
2017-08-12,A,2.5,5,4,2
2017-08-12,A,2.5,6,3,7
2017-08-12,A,2.5,7,5,7
2017-08-12,A,2.5,8,4,13
2017-08-12,A,2.5,9,4,13
2017-08-12,A,2.5,10,3,25
2017-08-12,A,2.5,11,3,27
2017-08-12,A,2.5,12,3,34
2017-08-12,A,3.0,4,3,0
2017-08-12,A,3.0,5,3,0
2017-08-12,A,3.0,6,3,0
2017-08-12,A,3.0,7,2,7
2017-08-12,A,3.0,8,2,7
2017-08-12,A,3.0,9,2,9
2017-08-12,A,3.0,10,4,9
2017-08-12,A,3.0,11,3,24
2017-08-12,A,3.0,12,3,24
2017-08-12,A,3.5,4,2,0
2017-08-12,A,3.5,5,2,0
2017-08-12,A,3.5,6,2,0
2017-08-12,A,3.5,7,2,5
2017-08-12,A,3.5,8,2,6
2017-08-12,A,3.5,9,2,7
2017-08-12,A,3.5,10,2,8
2017-08-12,A,3.5,11,3,8
2017-08-12,A,3.5,12,2,19
2017-08-12,A,4.0,4,1,0
2017-08-12,A,4.0,5,2,0
2017-08-12,A,4.0,6,2,0
2017-08-12,A,4.0,7,2,1
2017-08-12,A,4.0,8,2,1
2017-08-12,A,4.0,9,2,4
2017-08-12,A,4.0,10,2,5
2017-08-12,A,4.0,11,2,5
2017-08-12,A,4.0,12,1,16
2017-08-13,A,1.0,4,10,22
2017-08-13,A,1.0,5,12,69
2017-08-13,A,1.0,6,0,374
2017-08-13,A,1.0,7,0,374
2017-08-13,A,1.0,8,0,374
2017-08-13,A,1.0,9,0,374
2017-08-13,A,1.0,10,0,374
2017-08-13,A,1.0,11,0,374
2017-08-13,A,1.0,12,0,374
2017-08-13,A,1.5,4,7,8
2017-08-13,A,1.5,5,8,11
2017-08-13,A,1.5,6,7,21
2017-08-13,A,1.5,7,6,51
2017-08-13,A,1.5,8,5,76
2017-08-13,A,1.5,9,4,126
2017-08-13,A,1.5,10,0,374
2017-08-13,A,1.5,11,0,374
2017-08-13,A,1.5,12,0,374
2017-08-13,A,2.0,4,6,7
2017-08-13,A,2.0,5,7,7
2017-08-13,A,2.0,6,6,13
2017-08-13,A,2.0,7,5,23
2017-08-13,A,2.0,8,5,33
2017-08-13,A,2.0,9,5,46
2017-08-13,A,2.0,10,5,57
2017-08-13,A,2.0,11,4,98
2017-08-13,A,2.0,12,4,112
2017-08-13,A,2.5,4,5,5
2017-08-13,A,2.5,5,5,5
2017-08-13,A,2.5,6,4,10
2017-08-13,A,2.5,7,4,16
2017-08-13,A,2.5,8,4,16
2017-08-13,A,2.5,9,5,16
2017-08-13,A,2.5,10,4,28
2017-08-13,A,2.5,11,4,31
2017-08-13,A,2.5,12,3,45
2017-08-13,A,3.0,4,3,3
2017-08-13,A,3.0,5,3,3
2017-08-13,A,3.0,6,3,3
2017-08-13,A,3.0,7,2,10
2017-08-13,A,3.0,8,2,16
2017-08-13,A,3.0,9,2,16
2017-08-13,A,3.0,10,3,16
2017-08-13,A,3.0,11,2,27
2017-08-13,A,3.0,12,3,27
2017-08-13,A,3.5,4,2,3
2017-08-13,A,3.5,5,2,3
2017-08-13,A,3.5,6,2,3
2017-08-13,A,3.5,7,2,8
2017-08-13,A,3.5,8,2,12
2017-08-13,A,3.5,9,2,13
2017-08-13,A,3.5,10,2,13
2017-08-13,A,3.5,11,3,13
2017-08-13,A,3.5,12,2,27
2017-08-13,A,4.0,4,2,0
2017-08-13,A,4.0,5,2,0
2017-08-13,A,4.0,6,2,0
2017-08-13,A,4.0,7,2,1
2017-08-13,A,4.0,8,2,4
2017-08-13,A,4.0,9,2,6
2017-08-13,A,4.0,10,2,7
2017-08-13,A,4.0,11,2,7
2017-08-13,A,4.0,12,1,18
2018-07-09,A,1.0,4,5,19
2018-07-09,A,1.0,5,15,71
2018-07-09,A,1.0,6,0,474
2018-07-09,A,1.0,7,0,474
2018-07-09,A,1.0,8,0,474
2018-07-09,A,1.0,9,0,474
2018-07-09,A,1.0,10,0,474
2018-07-09,A,1.0,11,0,474
2018-07-09,A,1.0,12,0,474
2018-07-09,A,1.5,4,4,4
2018-07-09,A,1.5,5,4,9
2018-07-09,A,1.5,6,4,20
2018-07-09,A,1.5,7,3,33
2018-07-09,A,1.5,8,4,61
2018-07-09,A,1.5,9,12,132
2018-07-09,A,1.5,10,0,474
2018-07-09,A,1.5,11,0,474
2018-07-09,A,1.5,12,0,474
2018-07-09,A,2.0,4,2,2
2018-07-09,A,2.0,5,2,2
2018-07-09,A,2.0,6,3,3
2018-07-09,A,2.0,7,3,14
2018-07-09,A,2.0,8,2,24
2018-07-09,A,2.0,9,3,27
2018-07-09,A,2.0,10,4,41
2018-07-09,A,2.0,11,8,52
2018-07-09,A,2.0,12,8,139
2018-07-09,A,2.5,4,1,2
2018-07-09,A,2.5,5,1,2
2018-07-09,A,2.5,6,1,2
2018-07-09,A,2.5,7,2,2
2018-07-09,A,2.5,8,3,4
2018-07-09,A,2.5,9,2,15
2018-07-09,A,2.5,10,2,17
2018-07-09,A,2.5,11,2,20
2018-07-09,A,2.5,12,2,20
2018-07-09,A,3.0,4,1,2
2018-07-09,A,3.0,5,1,2
2018-07-09,A,3.0,6,1,2
2018-07-09,A,3.0,7,1,2
2018-07-09,A,3.0,8,1,2
2018-07-09,A,3.0,9,1,2
2018-07-09,A,3.0,10,1,7
2018-07-09,A,3.0,11,2,10
2018-07-09,A,3.0,12,2,12
2018-07-09,A,3.5,4,1,2
2018-07-09,A,3.5,5,1,2
2018-07-09,A,3.5,6,1,2
2018-07-09,A,3.5,7,1,2
2018-07-09,A,3.5,8,1,2
2018-07-09,A,3.5,9,1,2
2018-07-09,A,3.5,10,1,2
2018-07-09,A,3.5,11,1,2
2018-07-09,A,3.5,12,1,6
2018-07-09,A,4.0,4,1,1
2018-07-09,A,4.0,5,1,1
2018-07-09,A,4.0,6,1,1
2018-07-09,A,4.0,7,1,1
2018-07-09,A,4.0,8,1,1
2018-07-09,A,4.0,9,1,1
2018-07-09,A,4.0,10,1,1
2018-07-09,A,4.0,11,1,1
2018-07-09,A,4.0,12,1,1
2018-07-10,A,1.0,4,4,10
2018-07-10,A,1.0,5,6,62
2018-07-10,A,1.0,6,0,567
2018-07-10,A,1.0,7,0,567
2018-07-10,A,1.0,8,0,567
2018-07-10,A,1.0,9,0,567
2018-07-10,A,1.0,10,0,567
2018-07-10,A,1.0,11,0,567
2018-07-10,A,1.0,12,0,567
2018-07-10,A,1.5,4,2,5
2018-07-10,A,1.5,5,2,6
2018-07-10,A,1.5,6,3,8
2018-07-10,A,1.5,7,5,16
2018-07-10,A,1.5,8,3,50
2018-07-10,A,1.5,9,5,74
2018-07-10,A,1.5,10,0,567
2018-07-10,A,1.5,11,0,567
2018-07-10,A,1.5,12,0,567
2018-07-10,A,2.0,4,1,4
2018-07-10,A,2.0,5,1,4
2018-07-10,A,2.0,6,2,5
2018-07-10,A,2.0,7,2,5
2018-07-10,A,2.0,8,2,9
2018-07-10,A,2.0,9,3,20
2018-07-10,A,2.0,10,3,30
2018-07-10,A,2.0,11,4,35
2018-07-10,A,2.0,12,5,71
2018-07-10,A,2.5,4,1,4
2018-07-10,A,2.5,5,1,4
2018-07-10,A,2.5,6,1,4
2018-07-10,A,2.5,7,1,4
2018-07-10,A,2.5,8,2,4
2018-07-10,A,2.5,9,2,5
2018-07-10,A,2.5,10,2,5
2018-07-10,A,2.5,11,2,6
2018-07-10,A,2.5,12,2,11
2018-07-10,A,3.0,4,1,4
2018-07-10,A,3.0,5,1,4
2018-07-10,A,3.0,6,1,4
2018-07-10,A,3.0,7,1,4
2018-07-10,A,3.0,8,1,4
2018-07-10,A,3.0,9,1,4
2018-07-10,A,3.0,10,1,4
2018-07-10,A,3.0,11,2,4
2018-07-10,A,3.0,12,2,5
2018-07-10,A,3.5,4,1,1
2018-07-10,A,3.5,5,1,3
2018-07-10,A,3.5,6,1,3
2018-07-10,A,3.5,7,1,3
2018-07-10,A,3.5,8,1,3
2018-07-10,A,3.5,9,1,3
2018-07-10,A,3.5,10,1,3
2018-07-10,A,3.5,11,1,3
2018-07-10,A,3.5,12,1,3
2018-07-10,A,4.0,4,1,1
2018-07-10,A,4.0,5,1,1
2018-07-10,A,4.0,6,1,1
2018-07-10,A,4.0,7,1,2
2018-07-10,A,4.0,8,1,2
2018-07-10,A,4.0,9,1,2
2018-07-10,A,4.0,10,1,2
2018-07-10,A,4.0,11,1,2
2018-07-10,A,4.0,12,1,2
2018-07-11,A,1.0,4,5,14
2018-07-11,A,1.0,5,5,69
2018-07-11,A,1.0,6,0,522
2018-07-11,A,1.0,7,0,522
2018-07-11,A,1.0,8,0,522
2018-07-11,A,1.0,9,0,522
2018-07-11,A,1.0,10,0,522
2018-07-11,A,1.0,11,0,522
2018-07-11,A,1.0,12,0,522
2018-07-11,A,1.5,4,3,8
2018-07-11,A,1.5,5,3,9
2018-07-11,A,1.5,6,3,12
2018-07-11,A,1.5,7,5,23
2018-07-11,A,1.5,8,3,53
2018-07-11,A,1.5,9,6,88
2018-07-11,A,1.5,10,0,522
2018-07-11,A,1.5,11,0,522
2018-07-11,A,1.5,12,0,522
2018-07-11,A,2.0,4,1,7
2018-07-11,A,2.0,5,2,7
2018-07-11,A,2.0,6,3,8
2018-07-11,A,2.0,7,3,8
2018-07-11,A,2.0,8,4,14
2018-07-11,A,2.0,9,3,30
2018-07-11,A,2.0,10,3,40
2018-07-11,A,2.0,11,4,55
2018-07-11,A,2.0,12,5,94
2018-07-11,A,2.5,4,2,3
2018-07-11,A,2.5,5,1,7
2018-07-11,A,2.5,6,1,7
2018-07-11,A,2.5,7,2,7
2018-07-11,A,2.5,8,3,7
2018-07-11,A,2.5,9,3,8
2018-07-11,A,2.5,10,3,8
2018-07-11,A,2.5,11,3,16
2018-07-11,A,2.5,12,3,19
2018-07-11,A,3.0,4,2,3
2018-07-11,A,3.0,5,1,7
2018-07-11,A,3.0,6,1,7
2018-07-11,A,3.0,7,1,7
2018-07-11,A,3.0,8,1,7
2018-07-11,A,3.0,9,1,7
2018-07-11,A,3.0,10,1,7
2018-07-11,A,3.0,11,3,7
2018-07-11,A,3.0,12,3,8
2018-07-11,A,3.5,4,1,3
2018-07-11,A,3.5,5,1,3
2018-07-11,A,3.5,6,1,6
2018-07-11,A,3.5,7,1,6
2018-07-11,A,3.5,8,1,6
2018-07-11,A,3.5,9,1,6
2018-07-11,A,3.5,10,1,6
2018-07-11,A,3.5,11,1,6
2018-07-11,A,3.5,12,1,6
2018-07-11,A,4.0,4,1,3
2018-07-11,A,4.0,5,1,3
2018-07-11,A,4.0,6,1,3
2018-07-11,A,4.0,7,1,3
2018-07-11,A,4.0,8,1,5
2018-07-11,A,4.0,9,1,5
2018-07-11,A,4.0,10,1,5
2018-07-11,A,4.0,11,1,5
2018-07-11,A,4.0,12,1,5
2018-07-12,A,1.0,4,6,26
2018-07-12,A,1.0,5,7,66
2018-07-12,A,1.0,6,0,529
2018-07-12,A,1.0,7,0,529
2018-07-12,A,1.0,8,0,529
2018-07-12,A,1.0,9,0,529
2018-07-12,A,1.0,10,0,529
2018-07-12,A,1.0,11,0,529
2018-07-12,A,1.0,12,0,529
2018-07-12,A,1.5,4,3,10
2018-07-12,A,1.5,5,2,18
2018-07-12,A,1.5,6,2,25
2018-07-12,A,1.5,7,4,36
2018-07-12,A,1.5,8,4,58
2018-07-12,A,1.5,9,5,93
2018-07-12,A,1.5,10,0,529
2018-07-12,A,1.5,11,0,529
2018-07-12,A,1.5,12,0,529
2018-07-12,A,2.0,4,2,6
2018-07-12,A,2.0,5,3,9
2018-07-12,A,2.0,6,2,15
2018-07-12,A,2.0,7,2,23
2018-07-12,A,2.0,8,2,30
2018-07-12,A,2.0,9,2,38
2018-07-12,A,2.0,10,1,57
2018-07-12,A,2.0,11,3,67
2018-07-12,A,2.0,12,4,87
2018-07-12,A,2.5,4,2,6
2018-07-12,A,2.5,5,2,6
2018-07-12,A,2.5,6,2,7
2018-07-12,A,2.5,7,2,13
2018-07-12,A,2.5,8,2,15
2018-07-12,A,2.5,9,2,17
2018-07-12,A,2.5,10,2,22
2018-07-12,A,2.5,11,2,26
2018-07-12,A,2.5,12,2,31
2018-07-12,A,3.0,4,2,3
2018-07-12,A,3.0,5,2,5
2018-07-12,A,3.0,6,2,5
2018-07-12,A,3.0,7,1,11
2018-07-12,A,3.0,8,1,11
2018-07-12,A,3.0,9,1,13
2018-07-12,A,3.0,10,1,13
2018-07-12,A,3.0,11,2,15
2018-07-12,A,3.0,12,2,16
2018-07-12,A,3.5,4,1,3
2018-07-12,A,3.5,5,1,3
2018-07-12,A,3.5,6,1,5
2018-07-12,A,3.5,7,1,5
2018-07-12,A,3.5,8,1,10
2018-07-12,A,3.5,9,1,10
2018-07-12,A,3.5,10,1,10
2018-07-12,A,3.5,11,1,10
2018-07-12,A,3.5,12,1,10
2018-07-12,A,4.0,4,1,3
2018-07-12,A,4.0,5,1,3
2018-07-12,A,4.0,6,1,3
2018-07-12,A,4.0,7,1,3
2018-07-12,A,4.0,8,1,3
2018-07-12,A,4.0,9,1,6
2018-07-12,A,4.0,10,1,6
2018-07-12,A,4.0,11,1,6
2018-07-12,A,4.0,12,1,6
2018-07-13,A,1.0,4,4,40
2018-07-13,A,1.0,5,12,71
2018-07-13,A,1.0,6,0,462
2018-07-13,A,1.0,7,0,462
2018-07-13,A,1.0,8,0,462
2018-07-13,A,1.0,9,0,462
2018-07-13,A,1.0,10,0,462
2018-07-13,A,1.0,11,0,462
2018-07-13,A,1.0,12,0,462
2018-07-13,A,1.5,4,5,15
2018-07-13,A,1.5,5,3,27
2018-07-13,A,1.5,6,3,38
2018-07-13,A,1.5,7,4,50
2018-07-13,A,1.5,8,6,71
2018-07-13,A,1.5,9,6,116
2018-07-13,A,1.5,10,0,462
2018-07-13,A,1.5,11,0,462
2018-07-13,A,1.5,12,0,462
2018-07-13,A,2.0,4,6,1
2018-07-13,A,2.0,5,5,10
2018-07-13,A,2.0,6,3,26
2018-07-13,A,2.0,7,2,36
2018-07-13,A,2.0,8,3,37
2018-07-13,A,2.0,9,3,45
2018-07-13,A,2.0,10,4,53
2018-07-13,A,2.0,11,5,74
2018-07-13,A,2.0,12,4,110
2018-07-13,A,2.5,4,3,1
2018-07-13,A,2.5,5,4,4
2018-07-13,A,2.5,6,3,9
2018-07-13,A,2.5,7,2,21
2018-07-13,A,2.5,8,2,23
2018-07-13,A,2.5,9,1,32
2018-07-13,A,2.5,10,2,35
2018-07-13,A,2.5,11,2,37
2018-07-13,A,2.5,12,3,39
2018-07-13,A,3.0,4,3,0
2018-07-13,A,3.0,5,3,0
2018-07-13,A,3.0,6,3,0
2018-07-13,A,3.0,7,3,6
2018-07-13,A,3.0,8,2,16
2018-07-13,A,3.0,9,2,17
2018-07-13,A,3.0,10,1,27
2018-07-13,A,3.0,11,1,29
2018-07-13,A,3.0,12,1,29
2018-07-13,A,3.5,4,2,0
2018-07-13,A,3.5,5,2,0
2018-07-13,A,3.5,6,2,0
2018-07-13,A,3.5,7,2,5
2018-07-13,A,3.5,8,2,6
2018-07-13,A,3.5,9,2,12
2018-07-13,A,3.5,10,2,14
2018-07-13,A,3.5,11,1,25
2018-07-13,A,3.5,12,1,25
2018-07-13,A,4.0,4,2,0
2018-07-13,A,4.0,5,2,0
2018-07-13,A,4.0,6,2,0
2018-07-13,A,4.0,7,2,0
2018-07-13,A,4.0,8,2,0
2018-07-13,A,4.0,9,2,0
2018-07-13,A,4.0,10,2,6
2018-07-13,A,4.0,11,2,6
2018-07-13,A,4.0,12,2,8
2018-07-14,A,1.0,4,9,39
2018-07-14,A,1.0,5,9,74
2018-07-14,A,1.0,6,0,395
2018-07-14,A,1.0,7,0,395
2018-07-14,A,1.0,8,0,395
2018-07-14,A,1.0,9,0,395
2018-07-14,A,1.0,10,0,395
2018-07-14,A,1.0,11,0,395
2018-07-14,A,1.0,12,0,395
2018-07-14,A,1.5,4,8,17
2018-07-14,A,1.5,5,8,28
2018-07-14,A,1.5,6,8,36
2018-07-14,A,1.5,7,7,49
2018-07-14,A,1.5,8,5,84
2018-07-14,A,1.5,9,5,116
2018-07-14,A,1.5,10,0,395
2018-07-14,A,1.5,11,0,395
2018-07-14,A,1.5,12,0,395
2018-07-14,A,2.0,4,8,5
2018-07-14,A,2.0,5,7,11
2018-07-14,A,2.0,6,7,20
2018-07-14,A,2.0,7,5,34
2018-07-14,A,2.0,8,7,38
2018-07-14,A,2.0,9,5,62
2018-07-14,A,2.0,10,5,70
2018-07-14,A,2.0,11,4,83
2018-07-14,A,2.0,12,3,111
2018-07-14,A,2.5,4,6,0
2018-07-14,A,2.5,5,6,3
2018-07-14,A,2.5,6,7,5
2018-07-14,A,2.5,7,5,19
2018-07-14,A,2.5,8,5,22
2018-07-14,A,2.5,9,5,27
2018-07-14,A,2.5,10,5,27
2018-07-14,A,2.5,11,5,42
2018-07-14,A,2.5,12,4,56
2018-07-14,A,3.0,4,5,0
2018-07-14,A,3.0,5,5,0
2018-07-14,A,3.0,6,6,0
2018-07-14,A,3.0,7,6,4
2018-07-14,A,3.0,8,4,17
2018-07-14,A,3.0,9,4,18
2018-07-14,A,3.0,10,5,18
2018-07-14,A,3.0,11,5,23
2018-07-14,A,3.0,12,5,25
2018-07-14,A,3.5,4,4,0
2018-07-14,A,3.5,5,4,0
2018-07-14,A,3.5,6,4,0
2018-07-14,A,3.5,7,4,2
2018-07-14,A,3.5,8,4,6
2018-07-14,A,3.5,9,4,12
2018-07-14,A,3.5,10,4,15
2018-07-14,A,3.5,11,4,16
2018-07-14,A,3.5,12,4,17
2018-07-14,A,4.0,4,4,0
2018-07-14,A,4.0,5,4,0
2018-07-14,A,4.0,6,4,0
2018-07-14,A,4.0,7,4,0
2018-07-14,A,4.0,8,4,0
2018-07-14,A,4.0,9,4,2
2018-07-14,A,4.0,10,4,6
2018-07-14,A,4.0,11,4,6
2018-07-14,A,4.0,12,4,7
2018-07-15,A,1.0,4,7,30
2018-07-15,A,1.0,5,8,58
2018-07-15,A,1.0,6,0,375
2018-07-15,A,1.0,7,0,375
2018-07-15,A,1.0,8,0,375
2018-07-15,A,1.0,9,0,375
2018-07-15,A,1.0,10,0,375
2018-07-15,A,1.0,11,0,375
2018-07-15,A,1.0,12,0,375
2018-07-15,A,1.5,4,5,16
2018-07-15,A,1.5,5,6,19
2018-07-15,A,1.5,6,5,31
2018-07-15,A,1.5,7,4,42
2018-07-15,A,1.5,8,3,64
2018-07-15,A,1.5,9,4,107
2018-07-15,A,1.5,10,0,375
2018-07-15,A,1.5,11,0,375
2018-07-15,A,1.5,12,0,375
2018-07-15,A,2.0,4,3,14
2018-07-15,A,2.0,5,3,14
2018-07-15,A,2.0,6,5,16
2018-07-15,A,2.0,7,3,29
2018-07-15,A,2.0,8,3,34
2018-07-15,A,2.0,9,4,36
2018-07-15,A,2.0,10,4,43
2018-07-15,A,2.0,11,3,59
2018-07-15,A,2.0,12,3,99
2018-07-15,A,2.5,4,4,10
2018-07-15,A,2.5,5,3,14
2018-07-15,A,2.5,6,3,14
2018-07-15,A,2.5,7,3,15
2018-07-15,A,2.5,8,3,23
2018-07-15,A,2.5,9,3,28
2018-07-15,A,2.5,10,3,28
2018-07-15,A,2.5,11,3,30
2018-07-15,A,2.5,12,3,30
2018-07-15,A,3.0,4,3,8
2018-07-15,A,3.0,5,3,11
2018-07-15,A,3.0,6,3,11
2018-07-15,A,3.0,7,3,13
2018-07-15,A,3.0,8,3,13
2018-07-15,A,3.0,9,2,22
2018-07-15,A,3.0,10,2,22
2018-07-15,A,3.0,11,3,26
2018-07-15,A,3.0,12,3,27
2018-07-15,A,3.5,4,2,7
2018-07-15,A,3.5,5,2,7
2018-07-15,A,3.5,6,2,9
2018-07-15,A,3.5,7,3,10
2018-07-15,A,3.5,8,3,10
2018-07-15,A,3.5,9,2,17
2018-07-15,A,3.5,10,2,20
2018-07-15,A,3.5,11,2,22
2018-07-15,A,3.5,12,2,22
2018-07-15,A,4.0,4,2,7
2018-07-15,A,4.0,5,2,7
2018-07-15,A,4.0,6,2,7
2018-07-15,A,4.0,7,2,8
2018-07-15,A,4.0,8,2,8
2018-07-15,A,4.0,9,2,9
2018-07-15,A,4.0,10,2,11
2018-07-15,A,4.0,11,2,11
2018-07-15,A,4.0,12,2,17
2019-06-26,A,1.0,4,12,33
2019-06-26,A,1.0,5,12,102
2019-06-26,A,1.0,6,0,420
2019-06-26,A,1.0,7,0,420
2019-06-26,A,1.0,8,0,420
2019-06-26,A,1.0,9,0,420
2019-06-26,A,1.0,10,0,420
2019-06-26,A,1.0,11,0,420
2019-06-26,A,1.0,12,0,420
2019-06-26,A,1.5,4,11,15
2019-06-26,A,1.5,5,12,22
2019-06-26,A,1.5,6,10,35
2019-06-26,A,1.5,7,10,49
2019-06-26,A,1.5,8,8,87
2019-06-26,A,1.5,9,6,134
2019-06-26,A,1.5,10,0,420
2019-06-26,A,1.5,11,0,420
2019-06-26,A,1.5,12,0,420
2019-06-26,A,2.0,4,10,10
2019-06-26,A,2.0,5,10,11
2019-06-26,A,2.0,6,10,14
2019-06-26,A,2.0,7,9,33
2019-06-26,A,2.0,8,7,50
2019-06-26,A,2.0,9,7,56
2019-06-26,A,2.0,10,5,98
2019-06-26,A,2.0,11,5,111
2019-06-26,A,2.0,12,3,147
2019-06-26,A,2.5,4,6,5
2019-06-26,A,2.5,5,6,5
2019-06-26,A,2.5,6,6,6
2019-06-26,A,2.5,7,9,7
2019-06-26,A,2.5,8,6,29
2019-06-26,A,2.5,9,7,31
2019-06-26,A,2.5,10,6,45
2019-06-26,A,2.5,11,6,59
2019-06-26,A,2.5,12,4,81
2019-06-26,A,3.0,4,3,5
2019-06-26,A,3.0,5,3,5
2019-06-26,A,3.0,6,3,5
2019-06-26,A,3.0,7,3,6
2019-06-26,A,3.0,8,3,21
2019-06-26,A,3.0,9,2,29
2019-06-26,A,3.0,10,3,30
2019-06-26,A,3.0,11,4,36
2019-06-26,A,3.0,12,5,48
2019-06-26,A,3.5,4,2,4
2019-06-26,A,3.5,5,2,4
2019-06-26,A,3.5,6,2,4
2019-06-26,A,3.5,7,2,4
2019-06-26,A,3.5,8,2,11
2019-06-26,A,3.5,9,2,17
2019-06-26,A,3.5,10,1,26
2019-06-26,A,3.5,11,2,27
2019-06-26,A,3.5,12,4,27
2019-06-26,A,4.0,4,2,1
2019-06-26,A,4.0,5,2,3
2019-06-26,A,4.0,6,2,3
2019-06-26,A,4.0,7,2,3
2019-06-26,A,4.0,8,1,10
2019-06-26,A,4.0,9,2,10
2019-06-26,A,4.0,10,1,17
2019-06-26,A,4.0,11,1,17
2019-06-26,A,4.0,12,1,19
2019-06-27,A,1.0,4,9,33
2019-06-27,A,1.0,5,16,74
2019-06-27,A,1.0,6,0,397
2019-06-27,A,1.0,7,0,397
2019-06-27,A,1.0,8,0,397
2019-06-27,A,1.0,9,0,397
2019-06-27,A,1.0,10,0,397
2019-06-27,A,1.0,11,0,397
2019-06-27,A,1.0,12,0,397
2019-06-27,A,1.5,4,7,16
2019-06-27,A,1.5,5,7,23
2019-06-27,A,1.5,6,7,36
2019-06-27,A,1.5,7,9,41
2019-06-27,A,1.5,8,7,83
2019-06-27,A,1.5,9,9,109
2019-06-27,A,1.5,10,0,397
2019-06-27,A,1.5,11,0,397
2019-06-27,A,1.5,12,0,397
2019-06-27,A,2.0,4,7,13
2019-06-27,A,2.0,5,7,13
2019-06-27,A,2.0,6,7,16
2019-06-27,A,2.0,7,6,27
2019-06-27,A,2.0,8,5,39
2019-06-27,A,2.0,9,5,54
2019-06-27,A,2.0,10,6,76
2019-06-27,A,2.0,11,7,80
2019-06-27,A,2.0,12,3,141
2019-06-27,A,2.5,4,7,8
2019-06-27,A,2.5,5,6,12
2019-06-27,A,2.5,6,6,12
2019-06-27,A,2.5,7,6,13
2019-06-27,A,2.5,8,4,28
2019-06-27,A,2.5,9,5,30
2019-06-27,A,2.5,10,5,31
2019-06-27,A,2.5,11,5,34
2019-06-27,A,2.5,12,3,58
2019-06-27,A,3.0,4,5,6
2019-06-27,A,3.0,5,4,10
2019-06-27,A,3.0,6,5,10
2019-06-27,A,3.0,7,5,10
2019-06-27,A,3.0,8,6,11
2019-06-27,A,3.0,9,4,27
2019-06-27,A,3.0,10,4,27
2019-06-27,A,3.0,11,4,27
2019-06-27,A,3.0,12,3,47
2019-06-27,A,3.5,4,4,6
2019-06-27,A,3.5,5,3,10
2019-06-27,A,3.5,6,3,10
2019-06-27,A,3.5,7,3,10
2019-06-27,A,3.5,8,3,10
2019-06-27,A,3.5,9,4,10
2019-06-27,A,3.5,10,4,24
2019-06-27,A,3.5,11,4,24
2019-06-27,A,3.5,12,3,35
2019-06-27,A,4.0,4,4,3
2019-06-27,A,4.0,5,3,9
2019-06-27,A,4.0,6,3,9
2019-06-27,A,4.0,7,3,9
2019-06-27,A,4.0,8,3,9
2019-06-27,A,4.0,9,3,9
2019-06-27,A,4.0,10,2,18
2019-06-27,A,4.0,11,2,18
2019-06-27,A,4.0,12,1,29
2019-07-18,A,1.0,4,5,21
2019-07-18,A,1.0,5,4,46
2019-07-18,A,1.0,6,0,387
2019-07-18,A,1.0,7,0,387
2019-07-18,A,1.0,8,0,387
2019-07-18,A,1.0,9,0,387
2019-07-18,A,1.0,10,0,387
2019-07-18,A,1.0,11,0,387
2019-07-18,A,1.0,12,0,387
2019-07-18,A,1.5,4,4,8
2019-07-18,A,1.5,5,2,17
2019-07-18,A,1.5,6,3,19
2019-07-18,A,1.5,7,2,32
2019-07-18,A,1.5,8,2,40
2019-07-18,A,1.5,9,2,51
2019-07-18,A,1.5,10,0,387
2019-07-18,A,1.5,11,0,387
2019-07-18,A,1.5,12,0,387
2019-07-18,A,2.0,4,2,8
2019-07-18,A,2.0,5,2,9
2019-07-18,A,2.0,6,3,11
2019-07-18,A,2.0,7,2,16
2019-07-18,A,2.0,8,2,19
2019-07-18,A,2.0,9,2,24
2019-07-18,A,2.0,10,2,30
2019-07-18,A,2.0,11,2,33
2019-07-18,A,2.0,12,2,45
2019-07-18,A,2.5,4,2,7
2019-07-18,A,2.5,5,2,7
2019-07-18,A,2.5,6,2,7
2019-07-18,A,2.5,7,2,7
2019-07-18,A,2.5,8,2,8
2019-07-18,A,2.5,9,2,12
2019-07-18,A,2.5,10,2,13
2019-07-18,A,2.5,11,2,15
2019-07-18,A,2.5,12,2,17
2019-07-18,A,3.0,4,3,3
2019-07-18,A,3.0,5,2,7
2019-07-18,A,3.0,6,2,7
2019-07-18,A,3.0,7,2,7
2019-07-18,A,3.0,8,2,7
2019-07-18,A,3.0,9,2,7
2019-07-18,A,3.0,10,2,9
2019-07-18,A,3.0,11,2,10
2019-07-18,A,3.0,12,2,12
2019-07-18,A,3.5,4,3,3
2019-07-18,A,3.5,5,2,7
2019-07-18,A,3.5,6,2,7
2019-07-18,A,3.5,7,2,7
2019-07-18,A,3.5,8,2,7
2019-07-18,A,3.5,9,2,7
2019-07-18,A,3.5,10,2,7
2019-07-18,A,3.5,11,2,9
2019-07-18,A,3.5,12,2,9
2019-07-18,A,4.0,4,3,2
2019-07-18,A,4.0,5,3,2
2019-07-18,A,4.0,6,2,7
2019-07-18,A,4.0,7,2,7
2019-07-18,A,4.0,8,2,7
2019-07-18,A,4.0,9,2,7
2019-07-18,A,4.0,10,2,7
2019-07-18,A,4.0,11,2,7
2019-07-18,A,4.0,12,2,8
2019-07-19,A,1.0,4,6,20
2019-07-19,A,1.0,5,5,47
2019-07-19,A,1.0,6,0,401
2019-07-19,A,1.0,7,0,401
2019-07-19,A,1.0,8,0,401
2019-07-19,A,1.0,9,0,401
2019-07-19,A,1.0,10,0,401
2019-07-19,A,1.0,11,0,401
2019-07-19,A,1.0,12,0,401
2019-07-19,A,1.5,4,2,10
2019-07-19,A,1.5,5,2,15
2019-07-19,A,1.5,6,3,17
2019-07-19,A,1.5,7,2,34
2019-07-19,A,1.5,8,2,42
2019-07-19,A,1.5,9,2,61
2019-07-19,A,1.5,10,0,401
2019-07-19,A,1.5,11,0,401
2019-07-19,A,1.5,12,0,401
2019-07-19,A,2.0,4,2,8
2019-07-19,A,2.0,5,2,9
2019-07-19,A,2.0,6,2,10
2019-07-19,A,2.0,7,2,14
2019-07-19,A,2.0,8,3,15
2019-07-19,A,2.0,9,2,27
2019-07-19,A,2.0,10,3,32
2019-07-19,A,2.0,11,2,43
2019-07-19,A,2.0,12,2,59
2019-07-19,A,2.5,4,2,7
2019-07-19,A,2.5,5,2,7
2019-07-19,A,2.5,6,2,8
2019-07-19,A,2.5,7,2,8
2019-07-19,A,2.5,8,2,8
2019-07-19,A,2.5,9,2,10
2019-07-19,A,2.5,10,2,11
2019-07-19,A,2.5,11,2,14
2019-07-19,A,2.5,12,2,18
2019-07-19,A,3.0,4,3,3
2019-07-19,A,3.0,5,2,7
2019-07-19,A,3.0,6,2,7
2019-07-19,A,3.0,7,2,8
2019-07-19,A,3.0,8,2,8
2019-07-19,A,3.0,9,2,8
2019-07-19,A,3.0,10,2,9
2019-07-19,A,3.0,11,2,10
2019-07-19,A,3.0,12,2,10
2019-07-19,A,3.5,4,3,3
2019-07-19,A,3.5,5,2,7
2019-07-19,A,3.5,6,2,7
2019-07-19,A,3.5,7,2,7
2019-07-19,A,3.5,8,2,8
2019-07-19,A,3.5,9,2,8
2019-07-19,A,3.5,10,2,8
2019-07-19,A,3.5,11,2,8
2019-07-19,A,3.5,12,2,8
2019-07-19,A,4.0,4,3,2
2019-07-19,A,4.0,5,3,2
2019-07-19,A,4.0,6,2,7
2019-07-19,A,4.0,7,2,7
2019-07-19,A,4.0,8,2,7
2019-07-19,A,4.0,9,2,7
2019-07-19,A,4.0,10,2,7
2019-07-19,A,4.0,11,2,8
2019-07-19,A,4.0,12,2,8
2019-07-20,A,1.0,4,6,22
2019-07-20,A,1.0,5,2,50
2019-07-20,A,1.0,6,0,400
2019-07-20,A,1.0,7,0,400
2019-07-20,A,1.0,8,0,400
2019-07-20,A,1.0,9,0,400
2019-07-20,A,1.0,10,0,400
2019-07-20,A,1.0,11,0,400
2019-07-20,A,1.0,12,0,400
2019-07-20,A,1.5,4,3,12
2019-07-20,A,1.5,5,3,13
2019-07-20,A,1.5,6,3,20
2019-07-20,A,1.5,7,2,39
2019-07-20,A,1.5,8,2,42
2019-07-20,A,1.5,9,3,56
2019-07-20,A,1.5,10,0,400
2019-07-20,A,1.5,11,0,400
2019-07-20,A,1.5,12,0,400
2019-07-20,A,2.0,4,3,8
2019-07-20,A,2.0,5,3,9
2019-07-20,A,2.0,6,2,15
2019-07-20,A,2.0,7,2,17
2019-07-20,A,2.0,8,3,18
2019-07-20,A,2.0,9,3,21
2019-07-20,A,2.0,10,2,36
2019-07-20,A,2.0,11,2,38
2019-07-20,A,2.0,12,2,55
2019-07-20,A,2.5,4,2,5
2019-07-20,A,2.5,5,2,7
2019-07-20,A,2.5,6,2,8
2019-07-20,A,2.5,7,2,9
2019-07-20,A,2.5,8,2,13
2019-07-20,A,2.5,9,2,13
2019-07-20,A,2.5,10,2,16
2019-07-20,A,2.5,11,2,16
2019-07-20,A,2.5,12,3,16
2019-07-20,A,3.0,4,2,5
2019-07-20,A,3.0,5,2,5
2019-07-20,A,3.0,6,2,7
2019-07-20,A,3.0,7,2,7
2019-07-20,A,3.0,8,2,7
2019-07-20,A,3.0,9,2,8
2019-07-20,A,3.0,10,2,11
2019-07-20,A,3.0,11,2,11
2019-07-20,A,3.0,12,2,14
2019-07-20,A,3.5,4,2,5
2019-07-20,A,3.5,5,2,5
2019-07-20,A,3.5,6,2,5
2019-07-20,A,3.5,7,2,7
2019-07-20,A,3.5,8,2,7
2019-07-20,A,3.5,9,2,7
2019-07-20,A,3.5,10,2,7
2019-07-20,A,3.5,11,2,9
2019-07-20,A,3.5,12,2,9
2019-07-20,A,4.0,4,2,5
2019-07-20,A,4.0,5,2,5
2019-07-20,A,4.0,6,2,5
2019-07-20,A,4.0,7,2,5
2019-07-20,A,4.0,8,2,6
2019-07-20,A,4.0,9,2,6
2019-07-20,A,4.0,10,2,6
2019-07-20,A,4.0,11,2,6
2019-07-20,A,4.0,12,2,6
2020-07-19,A,1.0,4,4,10
2020-07-19,A,1.0,5,4,42
2020-07-19,A,1.0,6,0,381
2020-07-19,A,1.0,7,0,381
2020-07-19,A,1.0,8,0,381
2020-07-19,A,1.0,9,0,381
2020-07-19,A,1.0,10,0,381
2020-07-19,A,1.0,11,0,381
2020-07-19,A,1.0,12,0,381
2020-07-19,A,1.5,4,2,7
2020-07-19,A,1.5,5,3,8
2020-07-19,A,1.5,6,2,19
2020-07-19,A,1.5,7,2,21
2020-07-19,A,1.5,8,3,32
2020-07-19,A,1.5,9,3,60
2020-07-19,A,1.5,10,0,381
2020-07-19,A,1.5,11,0,381
2020-07-19,A,1.5,12,0,381
2020-07-19,A,2.0,4,2,6
2020-07-19,A,2.0,5,2,6
2020-07-19,A,2.0,6,2,6
2020-07-19,A,2.0,7,2,7
2020-07-19,A,2.0,8,2,17
2020-07-19,A,2.0,9,2,19
2020-07-19,A,2.0,10,3,26
2020-07-19,A,2.0,11,3,34
2020-07-19,A,2.0,12,3,63
2020-07-19,A,2.5,4,2,6
2020-07-19,A,2.5,5,2,6
2020-07-19,A,2.5,6,2,6
2020-07-19,A,2.5,7,2,6
2020-07-19,A,2.5,8,2,6
2020-07-19,A,2.5,9,2,7
2020-07-19,A,2.5,10,2,12
2020-07-19,A,2.5,11,2,16
2020-07-19,A,2.5,12,2,16
2020-07-19,A,3.0,4,2,6
2020-07-19,A,3.0,5,2,6
2020-07-19,A,3.0,6,2,6
2020-07-19,A,3.0,7,2,6
2020-07-19,A,3.0,8,2,6
2020-07-19,A,3.0,9,2,6
2020-07-19,A,3.0,10,2,6
2020-07-19,A,3.0,11,2,9
2020-07-19,A,3.0,12,2,10
2020-07-19,A,3.5,4,2,6
2020-07-19,A,3.5,5,2,6
2020-07-19,A,3.5,6,2,6
2020-07-19,A,3.5,7,2,6
2020-07-19,A,3.5,8,2,6
2020-07-19,A,3.5,9,2,6
2020-07-19,A,3.5,10,2,6
2020-07-19,A,3.5,11,2,6
2020-07-19,A,3.5,12,2,6
2020-07-19,A,4.0,4,2,6
2020-07-19,A,4.0,5,2,6
2020-07-19,A,4.0,6,2,6
2020-07-19,A,4.0,7,2,6
2020-07-19,A,4.0,8,2,6
2020-07-19,A,4.0,9,2,6
2020-07-19,A,4.0,10,2,6
2020-07-19,A,4.0,11,2,6
2020-07-19,A,4.0,12,2,6
2020-07-20,A,1.0,4,4,13
2020-07-20,A,1.0,5,2,39
2020-07-20,A,1.0,6,0,431
2020-07-20,A,1.0,7,0,431
2020-07-20,A,1.0,8,0,431
2020-07-20,A,1.0,9,0,431
2020-07-20,A,1.0,10,0,431
2020-07-20,A,1.0,11,0,431
2020-07-20,A,1.0,12,0,431
2020-07-20,A,1.5,4,3,9
2020-07-20,A,1.5,5,3,12
2020-07-20,A,1.5,6,2,21
2020-07-20,A,1.5,7,2,23
2020-07-20,A,1.5,8,2,30
2020-07-20,A,1.5,9,2,55
2020-07-20,A,1.5,10,0,431
2020-07-20,A,1.5,11,0,431
2020-07-20,A,1.5,12,0,431
2020-07-20,A,2.0,4,2,8
2020-07-20,A,2.0,5,3,8
2020-07-20,A,2.0,6,3,8
2020-07-20,A,2.0,7,2,15
2020-07-20,A,2.0,8,2,18
2020-07-20,A,2.0,9,2,20
2020-07-20,A,2.0,10,2,25
2020-07-20,A,2.0,11,1,37
2020-07-20,A,2.0,12,2,45
2020-07-20,A,2.5,4,2,8
2020-07-20,A,2.5,5,2,8
2020-07-20,A,2.5,6,2,8
2020-07-20,A,2.5,7,2,8
2020-07-20,A,2.5,8,3,8
2020-07-20,A,2.5,9,2,14
2020-07-20,A,2.5,10,2,16
2020-07-20,A,2.5,11,2,17
2020-07-20,A,2.5,12,2,19
2020-07-20,A,3.0,4,2,8
2020-07-20,A,3.0,5,2,8
2020-07-20,A,3.0,6,2,8
2020-07-20,A,3.0,7,2,8
2020-07-20,A,3.0,8,2,8
2020-07-20,A,3.0,9,2,8
2020-07-20,A,3.0,10,2,11
2020-07-20,A,3.0,11,2,12
2020-07-20,A,3.0,12,2,12
2020-07-20,A,3.5,4,2,8
2020-07-20,A,3.5,5,2,8
2020-07-20,A,3.5,6,2,8
2020-07-20,A,3.5,7,2,8
2020-07-20,A,3.5,8,2,8
2020-07-20,A,3.5,9,2,8
2020-07-20,A,3.5,10,2,9
2020-07-20,A,3.5,11,2,10
2020-07-20,A,3.5,12,2,10
2020-07-20,A,4.0,4,2,6
2020-07-20,A,4.0,5,2,6
2020-07-20,A,4.0,6,2,6
2020-07-20,A,4.0,7,2,6
2020-07-20,A,4.0,8,2,6
2020-07-20,A,4.0,9,2,6
2020-07-20,A,4.0,10,2,6
2020-07-20,A,4.0,11,2,6
2020-07-20,A,4.0,12,2,6
2020-07-21,A,1.0,4,8,16
2020-07-21,A,1.0,5,7,52
2020-07-21,A,1.0,6,0,398
2020-07-21,A,1.0,7,0,398
2020-07-21,A,1.0,8,0,398
2020-07-21,A,1.0,9,0,398
2020-07-21,A,1.0,10,0,398
2020-07-21,A,1.0,11,0,398
2020-07-21,A,1.0,12,0,398
2020-07-21,A,1.5,4,5,5
2020-07-21,A,1.5,5,4,12
2020-07-21,A,1.5,6,3,21
2020-07-21,A,1.5,7,2,31
2020-07-21,A,1.5,8,3,40
2020-07-21,A,1.5,9,4,67
2020-07-21,A,1.5,10,0,398
2020-07-21,A,1.5,11,0,398
2020-07-21,A,1.5,12,0,398
2020-07-21,A,2.0,4,3,5
2020-07-21,A,2.0,5,3,9
2020-07-21,A,2.0,6,3,9
2020-07-21,A,2.0,7,2,20
2020-07-21,A,2.0,8,2,24
2020-07-21,A,2.0,9,2,27
2020-07-21,A,2.0,10,3,34
2020-07-21,A,2.0,11,2,46
2020-07-21,A,2.0,12,3,64
2020-07-21,A,2.5,4,3,5
2020-07-21,A,2.5,5,2,9
2020-07-21,A,2.5,6,2,9
2020-07-21,A,2.5,7,2,9
2020-07-21,A,2.5,8,3,9
2020-07-21,A,2.5,9,2,18
2020-07-21,A,2.5,10,2,20
2020-07-21,A,2.5,11,2,22
2020-07-21,A,2.5,12,1,34
2020-07-21,A,3.0,4,3,5
2020-07-21,A,3.0,5,2,9
2020-07-21,A,3.0,6,2,9
2020-07-21,A,3.0,7,2,9
2020-07-21,A,3.0,8,2,9
2020-07-21,A,3.0,9,2,9
2020-07-21,A,3.0,10,2,12
2020-07-21,A,3.0,11,2,13
2020-07-21,A,3.0,12,2,16
2020-07-21,A,3.5,4,3,5
2020-07-21,A,3.5,5,2,9
2020-07-21,A,3.5,6,2,9
2020-07-21,A,3.5,7,2,9
2020-07-21,A,3.5,8,2,9
2020-07-21,A,3.5,9,2,9
2020-07-21,A,3.5,10,2,10
2020-07-21,A,3.5,11,2,11
2020-07-21,A,3.5,12,2,11
2020-07-21,A,4.0,4,3,4
2020-07-21,A,4.0,5,2,8
2020-07-21,A,4.0,6,2,8
2020-07-21,A,4.0,7,2,8
2020-07-21,A,4.0,8,2,8
2020-07-21,A,4.0,9,2,8
2020-07-21,A,4.0,10,2,8
2020-07-21,A,4.0,11,2,8
2020-07-21,A,4.0,12,2,8
2020-07-29,A,1.0,4,6,34
2020-07-29,A,1.0,5,9,86
2020-07-29,A,1.0,6,0,385
2020-07-29,A,1.0,7,0,385
2020-07-29,A,1.0,8,0,385
2020-07-29,A,1.0,9,0,385
2020-07-29,A,1.0,10,0,385
2020-07-29,A,1.0,11,0,385
2020-07-29,A,1.0,12,0,385
2020-07-29,A,1.5,4,5,17
2020-07-29,A,1.5,5,4,23
2020-07-29,A,1.5,6,4,29
2020-07-29,A,1.5,7,8,33
2020-07-29,A,1.5,8,5,84
2020-07-29,A,1.5,9,5,113
2020-07-29,A,1.5,10,0,385
2020-07-29,A,1.5,11,0,385
2020-07-29,A,1.5,12,0,385
2020-07-29,A,2.0,4,4,12
2020-07-29,A,2.0,5,4,14
2020-07-29,A,2.0,6,4,18
2020-07-29,A,2.0,7,4,20
2020-07-29,A,2.0,8,4,27
2020-07-29,A,2.0,9,4,38
2020-07-29,A,2.0,10,5,61
2020-07-29,A,2.0,11,4,88
2020-07-29,A,2.0,12,3,121
2020-07-29,A,2.5,4,4,10
2020-07-29,A,2.5,5,4,11
2020-07-29,A,2.5,6,4,11
2020-07-29,A,2.5,7,4,11
2020-07-29,A,2.5,8,4,13
2020-07-29,A,2.5,9,4,15
2020-07-29,A,2.5,10,4,17
2020-07-29,A,2.5,11,4,20
2020-07-29,A,2.5,12,4,28
2020-07-29,A,3.0,4,4,8
2020-07-29,A,3.0,5,4,8
2020-07-29,A,3.0,6,4,8
2020-07-29,A,3.0,7,4,9
2020-07-29,A,3.0,8,4,10
2020-07-29,A,3.0,9,4,11
2020-07-29,A,3.0,10,4,11
2020-07-29,A,3.0,11,4,11
2020-07-29,A,3.0,12,4,12
2020-07-29,A,3.5,4,3,7
2020-07-29,A,3.5,5,3,7
2020-07-29,A,3.5,6,3,8
2020-07-29,A,3.5,7,3,8
2020-07-29,A,3.5,8,3,9
2020-07-29,A,3.5,9,3,9
2020-07-29,A,3.5,10,3,9
2020-07-29,A,3.5,11,3,9
2020-07-29,A,3.5,12,3,10
2020-07-29,A,4.0,4,3,7
2020-07-29,A,4.0,5,3,7
2020-07-29,A,4.0,6,3,7
2020-07-29,A,4.0,7,3,7
2020-07-29,A,4.0,8,3,7
2020-07-29,A,4.0,9,3,7
2020-07-29,A,4.0,10,3,7
2020-07-29,A,4.0,11,3,7
2020-07-29,A,4.0,12,3,7
2020-07-30,A,1.0,4,5,30
2020-07-30,A,1.0,5,10,76
2020-07-30,A,1.0,6,0,387
2020-07-30,A,1.0,7,0,387
2020-07-30,A,1.0,8,0,387
2020-07-30,A,1.0,9,0,387
2020-07-30,A,1.0,10,0,387
2020-07-30,A,1.0,11,0,387
2020-07-30,A,1.0,12,0,387
2020-07-30,A,1.5,4,4,17
2020-07-30,A,1.5,5,4,17
2020-07-30,A,1.5,6,4,24
2020-07-30,A,1.5,7,6,35
2020-07-30,A,1.5,8,6,63
2020-07-30,A,1.5,9,6,104
2020-07-30,A,1.5,10,0,387
2020-07-30,A,1.5,11,0,387
2020-07-30,A,1.5,12,0,387
2020-07-30,A,2.0,4,3,16
2020-07-30,A,2.0,5,4,16
2020-07-30,A,2.0,6,4,16
2020-07-30,A,2.0,7,4,20
2020-07-30,A,2.0,8,4,27
2020-07-30,A,2.0,9,4,27
2020-07-30,A,2.0,10,5,46
2020-07-30,A,2.0,11,4,77
2020-07-30,A,2.0,12,4,113
2020-07-30,A,2.5,4,3,10
2020-07-30,A,2.5,5,3,13
2020-07-30,A,2.5,6,3,14
2020-07-30,A,2.5,7,3,14
2020-07-30,A,2.5,8,4,14
2020-07-30,A,2.5,9,4,16
2020-07-30,A,2.5,10,4,17
2020-07-30,A,2.5,11,4,19
2020-07-30,A,2.5,12,4,23
2020-07-30,A,3.0,4,3,9
2020-07-30,A,3.0,5,3,9
2020-07-30,A,3.0,6,3,9
2020-07-30,A,3.0,7,3,14
2020-07-30,A,3.0,8,3,14
2020-07-30,A,3.0,9,3,14
2020-07-30,A,3.0,10,3,14
2020-07-30,A,3.0,11,3,14
2020-07-30,A,3.0,12,4,14
2020-07-30,A,3.5,4,3,8
2020-07-30,A,3.5,5,3,8
2020-07-30,A,3.5,6,3,8
2020-07-30,A,3.5,7,3,8
2020-07-30,A,3.5,8,3,9
2020-07-30,A,3.5,9,3,11
2020-07-30,A,3.5,10,3,11
2020-07-30,A,3.5,11,3,11
2020-07-30,A,3.5,12,3,12
2020-07-30,A,4.0,4,3,6
2020-07-30,A,4.0,5,3,6
2020-07-30,A,4.0,6,3,6
2020-07-30,A,4.0,7,3,6
2020-07-30,A,4.0,8,3,6
2020-07-30,A,4.0,9,3,6
2020-07-30,A,4.0,10,3,7
2020-07-30,A,4.0,11,3,8
2020-07-30,A,4.0,12,3,8
2020-07-31,A,1.0,4,5,28
2020-07-31,A,1.0,5,9,77
2020-07-31,A,1.0,6,0,375
2020-07-31,A,1.0,7,0,375
2020-07-31,A,1.0,8,0,375
2020-07-31,A,1.0,9,0,375
2020-07-31,A,1.0,10,0,375
2020-07-31,A,1.0,11,0,375
2020-07-31,A,1.0,12,0,375
2020-07-31,A,1.5,4,5,11
2020-07-31,A,1.5,5,4,16
2020-07-31,A,1.5,6,5,21
2020-07-31,A,1.5,7,5,42
2020-07-31,A,1.5,8,5,68
2020-07-31,A,1.5,9,7,104
2020-07-31,A,1.5,10,0,375
2020-07-31,A,1.5,11,0,375
2020-07-31,A,1.5,12,0,375
2020-07-31,A,2.0,4,4,9
2020-07-31,A,2.0,5,4,14
2020-07-31,A,2.0,6,4,14
2020-07-31,A,2.0,7,3,26
2020-07-31,A,2.0,8,4,29
2020-07-31,A,2.0,9,3,45
2020-07-31,A,2.0,10,4,58
2020-07-31,A,2.0,11,5,68
2020-07-31,A,2.0,12,4,125
2020-07-31,A,2.5,4,3,9
2020-07-31,A,2.5,5,3,9
2020-07-31,A,2.5,6,3,13
2020-07-31,A,2.5,7,3,13
2020-07-31,A,2.5,8,3,21
2020-07-31,A,2.5,9,3,23
2020-07-31,A,2.5,10,4,24
2020-07-31,A,2.5,11,4,27
2020-07-31,A,2.5,12,3,41
2020-07-31,A,3.0,4,3,9
2020-07-31,A,3.0,5,3,9
2020-07-31,A,3.0,6,3,9
2020-07-31,A,3.0,7,3,9
2020-07-31,A,3.0,8,2,19
2020-07-31,A,3.0,9,2,19
2020-07-31,A,3.0,10,2,19
2020-07-31,A,3.0,11,2,19
2020-07-31,A,3.0,12,4,21
2020-07-31,A,3.5,4,3,8
2020-07-31,A,3.5,5,3,8
2020-07-31,A,3.5,6,3,8
2020-07-31,A,3.5,7,3,8
2020-07-31,A,3.5,8,2,15
2020-07-31,A,3.5,9,2,15
2020-07-31,A,3.5,10,2,17
2020-07-31,A,3.5,11,2,17
2020-07-31,A,3.5,12,2,17
2020-07-31,A,4.0,4,3,6
2020-07-31,A,4.0,5,3,6
2020-07-31,A,4.0,6,3,6
2020-07-31,A,4.0,7,3,6
2020-07-31,A,4.0,8,2,13
2020-07-31,A,4.0,9,2,13
2020-07-31,A,4.0,10,2,14
2020-07-31,A,4.0,11,2,14
2020-07-31,A,4.0,12,2,15
2021-06-28,A,1.0,4,7,24
2021-06-28,A,1.0,5,8,84
2021-06-28,A,1.0,6,0,376
2021-06-28,A,1.0,7,0,376
2021-06-28,A,1.0,8,0,376
2021-06-28,A,1.0,9,0,376
2021-06-28,A,1.0,10,0,376
2021-06-28,A,1.0,11,0,376
2021-06-28,A,1.0,12,0,376
2021-06-28,A,1.5,4,6,8
2021-06-28,A,1.5,5,6,16
2021-06-28,A,1.5,6,6,21
2021-06-28,A,1.5,7,6,39
2021-06-28,A,1.5,8,6,61
2021-06-28,A,1.5,9,5,110
2021-06-28,A,1.5,10,0,376
2021-06-28,A,1.5,11,0,376
2021-06-28,A,1.5,12,0,376
2021-06-28,A,2.0,4,4,8
2021-06-28,A,2.0,5,5,8
2021-06-28,A,2.0,6,5,13
2021-06-28,A,2.0,7,4,21
2021-06-28,A,2.0,8,5,21
2021-06-28,A,2.0,9,5,30
2021-06-28,A,2.0,10,5,50
2021-06-28,A,2.0,11,3,83
2021-06-28,A,2.0,12,2,118
2021-06-28,A,2.5,4,3,8
2021-06-28,A,2.5,5,3,8
2021-06-28,A,2.5,6,3,8
2021-06-28,A,2.5,7,3,11
2021-06-28,A,2.5,8,3,16
2021-06-28,A,2.5,9,3,18
2021-06-28,A,2.5,10,4,18
2021-06-28,A,2.5,11,4,19
2021-06-28,A,2.5,12,3,33
2021-06-28,A,3.0,4,4,3
2021-06-28,A,3.0,5,3,7
2021-06-28,A,3.0,6,3,8
2021-06-28,A,3.0,7,3,8
2021-06-28,A,3.0,8,3,8
2021-06-28,A,3.0,9,3,13
2021-06-28,A,3.0,10,3,14
2021-06-28,A,3.0,11,3,14
2021-06-28,A,3.0,12,2,25
2021-06-28,A,3.5,4,4,3
2021-06-28,A,3.5,5,3,7
2021-06-28,A,3.5,6,3,7
2021-06-28,A,3.5,7,3,7
2021-06-28,A,3.5,8,3,8
2021-06-28,A,3.5,9,3,8
2021-06-28,A,3.5,10,3,10
2021-06-28,A,3.5,11,3,11
2021-06-28,A,3.5,12,2,22
2021-06-28,A,4.0,4,2,2
2021-06-28,A,4.0,5,2,2
2021-06-28,A,4.0,6,2,2
2021-06-28,A,4.0,7,2,4
2021-06-28,A,4.0,8,2,4
2021-06-28,A,4.0,9,2,4
2021-06-28,A,4.0,10,2,4
2021-06-28,A,4.0,11,2,4
2021-06-28,A,4.0,12,2,14
2021-06-29,A,1.0,4,12,31
2021-06-29,A,1.0,5,11,104
2021-06-29,A,1.0,6,0,420
2021-06-29,A,1.0,7,0,420
2021-06-29,A,1.0,8,0,420
2021-06-29,A,1.0,9,0,420
2021-06-29,A,1.0,10,0,420
2021-06-29,A,1.0,11,0,420
2021-06-29,A,1.0,12,0,420
2021-06-29,A,1.5,4,4,10
2021-06-29,A,1.5,5,5,18
2021-06-29,A,1.5,6,8,32
2021-06-29,A,1.5,7,8,48
2021-06-29,A,1.5,8,6,87
2021-06-29,A,1.5,9,7,122
2021-06-29,A,1.5,10,0,420
2021-06-29,A,1.5,11,0,420
2021-06-29,A,1.5,12,0,420
2021-06-29,A,2.0,4,3,5
2021-06-29,A,2.0,5,3,7
2021-06-29,A,2.0,6,4,8
2021-06-29,A,2.0,7,3,20
2021-06-29,A,2.0,8,6,26
2021-06-29,A,2.0,9,7,41
2021-06-29,A,2.0,10,6,65
2021-06-29,A,2.0,11,6,90
2021-06-29,A,2.0,12,3,144
2021-06-29,A,2.5,4,3,4
2021-06-29,A,2.5,5,3,5
2021-06-29,A,2.5,6,3,6
2021-06-29,A,2.5,7,3,7
2021-06-29,A,2.5,8,3,8
2021-06-29,A,2.5,9,3,14
2021-06-29,A,2.5,10,3,15
2021-06-29,A,2.5,11,3,16
2021-06-29,A,2.5,12,5,21
2021-06-29,A,3.0,4,3,0
2021-06-29,A,3.0,5,3,1
2021-06-29,A,3.0,6,3,3
2021-06-29,A,3.0,7,3,4
2021-06-29,A,3.0,8,3,4
2021-06-29,A,3.0,9,3,5
2021-06-29,A,3.0,10,3,8
2021-06-29,A,3.0,11,3,14
2021-06-29,A,3.0,12,3,14
2021-06-29,A,3.5,4,3,0
2021-06-29,A,3.5,5,3,0
2021-06-29,A,3.5,6,3,0
2021-06-29,A,3.5,7,3,2
2021-06-29,A,3.5,8,3,3
2021-06-29,A,3.5,9,3,3
2021-06-29,A,3.5,10,3,4
2021-06-29,A,3.5,11,3,6
2021-06-29,A,3.5,12,3,9
2021-06-29,A,4.0,4,1,0
2021-06-29,A,4.0,5,1,0
2021-06-29,A,4.0,6,2,0
2021-06-29,A,4.0,7,2,1
2021-06-29,A,4.0,8,2,2
2021-06-29,A,4.0,9,2,2
2021-06-29,A,4.0,10,2,2
2021-06-29,A,4.0,11,2,2
2021-06-29,A,4.0,12,2,3
2021-06-30,A,1.0,4,13,28
2021-06-30,A,1.0,5,9,97
2021-06-30,A,1.0,6,0,416
2021-06-30,A,1.0,7,0,416
2021-06-30,A,1.0,8,0,416
2021-06-30,A,1.0,9,0,416
2021-06-30,A,1.0,10,0,416
2021-06-30,A,1.0,11,0,416
2021-06-30,A,1.0,12,0,416
2021-06-30,A,1.5,4,8,8
2021-06-30,A,1.5,5,7,16
2021-06-30,A,1.5,6,7,34
2021-06-30,A,1.5,7,7,60
2021-06-30,A,1.5,8,6,82
2021-06-30,A,1.5,9,6,115
2021-06-30,A,1.5,10,0,416
2021-06-30,A,1.5,11,0,416
2021-06-30,A,1.5,12,0,416
2021-06-30,A,2.0,4,6,7
2021-06-30,A,2.0,5,6,8
2021-06-30,A,2.0,6,7,9
2021-06-30,A,2.0,7,4,34
2021-06-30,A,2.0,8,5,44
2021-06-30,A,2.0,9,5,56
2021-06-30,A,2.0,10,5,65
2021-06-30,A,2.0,11,6,78
2021-06-30,A,2.0,12,4,120
2021-06-30,A,2.5,4,6,1
2021-06-30,A,2.5,5,6,3
2021-06-30,A,2.5,6,6,3
2021-06-30,A,2.5,7,5,15
2021-06-30,A,2.5,8,4,24
2021-06-30,A,2.5,9,4,27
2021-06-30,A,2.5,10,4,31
2021-06-30,A,2.5,11,4,35
2021-06-30,A,2.5,12,5,39
2021-06-30,A,3.0,4,4,0
2021-06-30,A,3.0,5,5,0
2021-06-30,A,3.0,6,5,0
2021-06-30,A,3.0,7,5,7
2021-06-30,A,3.0,8,4,16
2021-06-30,A,3.0,9,4,18
2021-06-30,A,3.0,10,4,21
2021-06-30,A,3.0,11,4,22
2021-06-30,A,3.0,12,4,22
2021-06-30,A,3.5,4,4,0
2021-06-30,A,3.5,5,4,0
2021-06-30,A,3.5,6,5,0
2021-06-30,A,3.5,7,5,0
2021-06-30,A,3.5,8,4,7
2021-06-30,A,3.5,9,4,14
2021-06-30,A,3.5,10,4,16
2021-06-30,A,3.5,11,4,19
2021-06-30,A,3.5,12,4,19
2021-06-30,A,4.0,4,3,0
2021-06-30,A,4.0,5,3,0
2021-06-30,A,4.0,6,3,0
2021-06-30,A,4.0,7,4,0
2021-06-30,A,4.0,8,3,7
2021-06-30,A,4.0,9,3,8
2021-06-30,A,4.0,10,3,9
2021-06-30,A,4.0,11,3,12
2021-06-30,A,4.0,12,3,12
2021-07-01,A,1.0,4,11,40
2021-07-01,A,1.0,5,11,95
2021-07-01,A,1.0,6,0,433
2021-07-01,A,1.0,7,0,433
2021-07-01,A,1.0,8,0,433
2021-07-01,A,1.0,9,0,433
2021-07-01,A,1.0,10,0,433
2021-07-01,A,1.0,11,0,433
2021-07-01,A,1.0,12,0,433
2021-07-01,A,1.5,4,8,18
2021-07-01,A,1.5,5,8,30
2021-07-01,A,1.5,6,8,43
2021-07-01,A,1.5,7,8,56
2021-07-01,A,1.5,8,7,83
2021-07-01,A,1.5,9,6,139
2021-07-01,A,1.5,10,0,433
2021-07-01,A,1.5,11,0,433
2021-07-01,A,1.5,12,0,433
2021-07-01,A,2.0,4,5,10
2021-07-01,A,2.0,5,5,14
2021-07-01,A,2.0,6,8,21
2021-07-01,A,2.0,7,5,41
2021-07-01,A,2.0,8,6,46
2021-07-01,A,2.0,9,7,52
2021-07-01,A,2.0,10,8,65
2021-07-01,A,2.0,11,6,99
2021-07-01,A,2.0,12,5,140
2021-07-01,A,2.5,4,5,6
2021-07-01,A,2.5,5,5,6
2021-07-01,A,2.5,6,5,9
2021-07-01,A,2.5,7,4,19
2021-07-01,A,2.5,8,5,24
2021-07-01,A,2.5,9,5,32
2021-07-01,A,2.5,10,5,35
2021-07-01,A,2.5,11,5,38
2021-07-01,A,2.5,12,5,43
2021-07-01,A,3.0,4,3,5
2021-07-01,A,3.0,5,5,6
2021-07-01,A,3.0,6,5,6
2021-07-01,A,3.0,7,4,12
2021-07-01,A,3.0,8,4,16
2021-07-01,A,3.0,9,4,17
2021-07-01,A,3.0,10,5,22
2021-07-01,A,3.0,11,5,24
2021-07-01,A,3.0,12,5,26
2021-07-01,A,3.5,4,3,4
2021-07-01,A,3.5,5,3,4
2021-07-01,A,3.5,6,4,5
2021-07-01,A,3.5,7,3,11
2021-07-01,A,3.5,8,3,11
2021-07-01,A,3.5,9,3,13
2021-07-01,A,3.5,10,3,14
2021-07-01,A,3.5,11,4,17
2021-07-01,A,3.5,12,5,18
2021-07-01,A,4.0,4,2,3
2021-07-01,A,4.0,5,2,3
2021-07-01,A,4.0,6,2,3
2021-07-01,A,4.0,7,3,4
2021-07-01,A,4.0,8,3,9
2021-07-01,A,4.0,9,3,9
2021-07-01,A,4.0,10,3,9
2021-07-01,A,4.0,11,3,11
2021-07-01,A,4.0,12,3,12
2021-07-02,A,1.0,4,14,43
2021-07-02,A,1.0,5,14,111
2021-07-02,A,1.0,6,0,450
2021-07-02,A,1.0,7,0,450
2021-07-02,A,1.0,8,0,450
2021-07-02,A,1.0,9,0,450
2021-07-02,A,1.0,10,0,450
2021-07-02,A,1.0,11,0,450
2021-07-02,A,1.0,12,0,450
2021-07-02,A,1.5,4,8,18
2021-07-02,A,1.5,5,10,26
2021-07-02,A,1.5,6,10,40
2021-07-02,A,1.5,7,9,72
2021-07-02,A,1.5,8,9,101
2021-07-02,A,1.5,9,7,160
2021-07-02,A,1.5,10,0,450
2021-07-02,A,1.5,11,0,450
2021-07-02,A,1.5,12,0,450
2021-07-02,A,2.0,4,6,14
2021-07-02,A,2.0,5,6,15
2021-07-02,A,2.0,6,7,20
2021-07-02,A,2.0,7,9,28
2021-07-02,A,2.0,8,9,47
2021-07-02,A,2.0,9,8,73
2021-07-02,A,2.0,10,7,92
2021-07-02,A,2.0,11,6,130
2021-07-02,A,2.0,12,4,181
2021-07-02,A,2.5,4,6,7
2021-07-02,A,2.5,5,5,11
2021-07-02,A,2.5,6,5,12
2021-07-02,A,2.5,7,5,12
2021-07-02,A,2.5,8,6,13
2021-07-02,A,2.5,9,7,13
2021-07-02,A,2.5,10,7,37
2021-07-02,A,2.5,11,8,47
2021-07-02,A,2.5,12,7,64
2021-07-02,A,3.0,4,3,6
2021-07-02,A,3.0,5,3,6
2021-07-02,A,3.0,6,3,6
2021-07-02,A,3.0,7,3,6
2021-07-02,A,3.0,8,3,10
2021-07-02,A,3.0,9,4,10
2021-07-02,A,3.0,10,4,11
2021-07-02,A,3.0,11,4,11
2021-07-02,A,3.0,12,4,22
2021-07-02,A,3.5,4,3,4
2021-07-02,A,3.5,5,3,4
2021-07-02,A,3.5,6,3,4
2021-07-02,A,3.5,7,3,5
2021-07-02,A,3.5,8,3,5
2021-07-02,A,3.5,9,3,6
2021-07-02,A,3.5,10,3,8
2021-07-02,A,3.5,11,3,9
2021-07-02,A,3.5,12,3,9
2021-07-02,A,4.0,4,2,3
2021-07-02,A,4.0,5,2,3
2021-07-02,A,4.0,6,2,3
2021-07-02,A,4.0,7,2,3
2021-07-02,A,4.0,8,2,3
2021-07-02,A,4.0,9,2,4
2021-07-02,A,4.0,10,2,4
2021-07-02,A,4.0,11,2,5
2021-07-02,A,4.0,12,2,6
2021-07-03,A,1.0,4,15,37
2021-07-03,A,1.0,5,16,116
2021-07-03,A,1.0,6,0,461
2021-07-03,A,1.0,7,0,461
2021-07-03,A,1.0,8,0,461
2021-07-03,A,1.0,9,0,461
2021-07-03,A,1.0,10,0,461
2021-07-03,A,1.0,11,0,461
2021-07-03,A,1.0,12,0,461
2021-07-03,A,1.5,4,8,11
2021-07-03,A,1.5,5,9,21
2021-07-03,A,1.5,6,9,40
2021-07-03,A,1.5,7,11,64
2021-07-03,A,1.5,8,10,105
2021-07-03,A,1.5,9,6,182
2021-07-03,A,1.5,10,0,461
2021-07-03,A,1.5,11,0,461
2021-07-03,A,1.5,12,0,461
2021-07-03,A,2.0,4,6,7
2021-07-03,A,2.0,5,6,7
2021-07-03,A,2.0,6,7,14
2021-07-03,A,2.0,7,9,25
2021-07-03,A,2.0,8,9,39
2021-07-03,A,2.0,9,7,73
2021-07-03,A,2.0,10,7,97
2021-07-03,A,2.0,11,6,140
2021-07-03,A,2.0,12,4,182
2021-07-03,A,2.5,4,3,5
2021-07-03,A,2.5,5,4,5
2021-07-03,A,2.5,6,5,5
2021-07-03,A,2.5,7,5,7
2021-07-03,A,2.5,8,5,14
2021-07-03,A,2.5,9,6,15
2021-07-03,A,2.5,10,7,25
2021-07-03,A,2.5,11,7,32
2021-07-03,A,2.5,12,6,59
2021-07-03,A,3.0,4,3,5
2021-07-03,A,3.0,5,3,5
2021-07-03,A,3.0,6,4,5
2021-07-03,A,3.0,7,4,5
2021-07-03,A,3.0,8,4,5
2021-07-03,A,3.0,9,4,5
2021-07-03,A,3.0,10,4,9
2021-07-03,A,3.0,11,4,10
2021-07-03,A,3.0,12,4,19
2021-07-03,A,3.5,4,3,4
2021-07-03,A,3.5,5,3,4
2021-07-03,A,3.5,6,3,4
2021-07-03,A,3.5,7,3,4
2021-07-03,A,3.5,8,4,4
2021-07-03,A,3.5,9,4,4
2021-07-03,A,3.5,10,4,4
2021-07-03,A,3.5,11,4,6
2021-07-03,A,3.5,12,4,6
2021-07-03,A,4.0,4,2,3
2021-07-03,A,4.0,5,2,3
2021-07-03,A,4.0,6,2,3
2021-07-03,A,4.0,7,2,3
2021-07-03,A,4.0,8,2,3
2021-07-03,A,4.0,9,2,3
2021-07-03,A,4.0,10,2,3
2021-07-03,A,4.0,11,2,3
2021-07-03,A,4.0,12,2,4
2021-07-04,A,1.0,4,13,17
2021-07-04,A,1.0,5,15,84
2021-07-04,A,1.0,6,0,436
2021-07-04,A,1.0,7,0,436
2021-07-04,A,1.0,8,0,436
2021-07-04,A,1.0,9,0,436
2021-07-04,A,1.0,10,0,436
2021-07-04,A,1.0,11,0,436
2021-07-04,A,1.0,12,0,436
2021-07-04,A,1.5,4,4,6
2021-07-04,A,1.5,5,5,9
2021-07-04,A,1.5,6,7,22
2021-07-04,A,1.5,7,8,42
2021-07-04,A,1.5,8,7,71
2021-07-04,A,1.5,9,5,135
2021-07-04,A,1.5,10,0,436
2021-07-04,A,1.5,11,0,436
2021-07-04,A,1.5,12,0,436
2021-07-04,A,2.0,4,3,5
2021-07-04,A,2.0,5,3,5
2021-07-04,A,2.0,6,4,6
2021-07-04,A,2.0,7,6,9
2021-07-04,A,2.0,8,6,17
2021-07-04,A,2.0,9,5,40
2021-07-04,A,2.0,10,5,64
2021-07-04,A,2.0,11,5,82
2021-07-04,A,2.0,12,6,115
2021-07-04,A,2.5,4,2,3
2021-07-04,A,2.5,5,3,3
2021-07-04,A,2.5,6,3,3
2021-07-04,A,2.5,7,3,3
2021-07-04,A,2.5,8,3,4
2021-07-04,A,2.5,9,4,4
2021-07-04,A,2.5,10,3,18
2021-07-04,A,2.5,11,4,24
2021-07-04,A,2.5,12,4,30
2021-07-04,A,3.0,4,1,3
2021-07-04,A,3.0,5,1,3
2021-07-04,A,3.0,6,1,3
2021-07-04,A,3.0,7,2,3
2021-07-04,A,3.0,8,2,3
2021-07-04,A,3.0,9,2,3
2021-07-04,A,3.0,10,2,4
2021-07-04,A,3.0,11,2,4
2021-07-04,A,3.0,12,2,13
2021-07-04,A,3.5,4,1,3
2021-07-04,A,3.5,5,1,3
2021-07-04,A,3.5,6,1,3
2021-07-04,A,3.5,7,1,3
2021-07-04,A,3.5,8,1,3
2021-07-04,A,3.5,9,1,3
2021-07-04,A,3.5,10,2,3
2021-07-04,A,3.5,11,2,4
2021-07-04,A,3.5,12,2,4
2021-07-04,A,4.0,4,1,3
2021-07-04,A,4.0,5,1,3
2021-07-04,A,4.0,6,1,3
2021-07-04,A,4.0,7,1,3
2021-07-04,A,4.0,8,1,3
2021-07-04,A,4.0,9,1,3
2021-07-04,A,4.0,10,1,3
2021-07-04,A,4.0,11,1,3
2021-07-04,A,4.0,12,1,4
2021-07-05,A,1.0,4,7,11
2021-07-05,A,1.0,5,7,48
2021-07-05,A,1.0,6,0,404
2021-07-05,A,1.0,7,0,404
2021-07-05,A,1.0,8,0,404
2021-07-05,A,1.0,9,0,404
2021-07-05,A,1.0,10,0,404
2021-07-05,A,1.0,11,0,404
2021-07-05,A,1.0,12,0,404
2021-07-05,A,1.5,4,4,6
2021-07-05,A,1.5,5,4,9
2021-07-05,A,1.5,6,4,9
2021-07-05,A,1.5,7,4,27
2021-07-05,A,1.5,8,3,39
2021-07-05,A,1.5,9,3,72
2021-07-05,A,1.5,10,0,404
2021-07-05,A,1.5,11,0,404
2021-07-05,A,1.5,12,0,404
2021-07-05,A,2.0,4,4,6
2021-07-05,A,2.0,5,4,9
2021-07-05,A,2.0,6,4,9
2021-07-05,A,2.0,7,4,9
2021-07-05,A,2.0,8,4,12
2021-07-05,A,2.0,9,3,30
2021-07-05,A,2.0,10,2,44
2021-07-05,A,2.0,11,2,47
2021-07-05,A,2.0,12,3,58
2021-07-05,A,2.5,4,2,5
2021-07-05,A,2.5,5,3,5
2021-07-05,A,2.5,6,3,6
2021-07-05,A,2.5,7,3,6
2021-07-05,A,2.5,8,3,8
2021-07-05,A,2.5,9,3,8
2021-07-05,A,2.5,10,2,25
2021-07-05,A,2.5,11,2,25
2021-07-05,A,2.5,12,2,29
2021-07-05,A,3.0,4,2,5
2021-07-05,A,3.0,5,2,5
2021-07-05,A,3.0,6,2,5
2021-07-05,A,3.0,7,3,5
2021-07-05,A,3.0,8,3,5
2021-07-05,A,3.0,9,3,5
2021-07-05,A,3.0,10,3,5
2021-07-05,A,3.0,11,2,16
2021-07-05,A,3.0,12,2,16
2021-07-05,A,3.5,4,2,5
2021-07-05,A,3.5,5,2,5
2021-07-05,A,3.5,6,2,5
2021-07-05,A,3.5,7,2,5
2021-07-05,A,3.5,8,2,5
2021-07-05,A,3.5,9,2,5
2021-07-05,A,3.5,10,3,5
2021-07-05,A,3.5,11,3,5
2021-07-05,A,3.5,12,2,15
2021-07-05,A,4.0,4,2,5
2021-07-05,A,4.0,5,2,5
2021-07-05,A,4.0,6,2,5
2021-07-05,A,4.0,7,2,5
2021-07-05,A,4.0,8,2,5
2021-07-05,A,4.0,9,2,5
2021-07-05,A,4.0,10,2,5
2021-07-05,A,4.0,11,2,5
2021-07-05,A,4.0,12,2,5
2021-07-06,A,1.0,4,5,17
2021-07-06,A,1.0,5,8,47
2021-07-06,A,1.0,6,0,391
2021-07-06,A,1.0,7,0,391
2021-07-06,A,1.0,8,0,391
2021-07-06,A,1.0,9,0,391
2021-07-06,A,1.0,10,0,391
2021-07-06,A,1.0,11,0,391
2021-07-06,A,1.0,12,0,391
2021-07-06,A,1.5,4,4,4
2021-07-06,A,1.5,5,4,14
2021-07-06,A,1.5,6,5,15
2021-07-06,A,1.5,7,4,25
2021-07-06,A,1.5,8,2,45
2021-07-06,A,1.5,9,3,81
2021-07-06,A,1.5,10,0,391
2021-07-06,A,1.5,11,0,391
2021-07-06,A,1.5,12,0,391
2021-07-06,A,2.0,4,3,3
2021-07-06,A,2.0,5,4,6
2021-07-06,A,2.0,6,3,13
2021-07-06,A,2.0,7,3,13
2021-07-06,A,2.0,8,3,16
2021-07-06,A,2.0,9,2,35
2021-07-06,A,2.0,10,2,36
2021-07-06,A,2.0,11,2,41
2021-07-06,A,2.0,12,3,59
2021-07-06,A,2.5,4,3,3
2021-07-06,A,2.5,5,3,3
2021-07-06,A,2.5,6,4,3
2021-07-06,A,2.5,7,4,4
2021-07-06,A,2.5,8,3,12
2021-07-06,A,2.5,9,3,12
2021-07-06,A,2.5,10,2,21
2021-07-06,A,2.5,11,2,25
2021-07-06,A,2.5,12,2,29
2021-07-06,A,3.0,4,3,2
2021-07-06,A,3.0,5,3,2
2021-07-06,A,3.0,6,3,2
2021-07-06,A,3.0,7,3,3
2021-07-06,A,3.0,8,2,10
2021-07-06,A,3.0,9,3,10
2021-07-06,A,3.0,10,3,10
2021-07-06,A,3.0,11,2,19
2021-07-06,A,3.0,12,2,19
2021-07-06,A,3.5,4,3,2
2021-07-06,A,3.5,5,3,2
2021-07-06,A,3.5,6,3,2
2021-07-06,A,3.5,7,3,2
2021-07-06,A,3.5,8,3,2
2021-07-06,A,3.5,9,2,10
2021-07-06,A,3.5,10,2,10
2021-07-06,A,3.5,11,2,10
2021-07-06,A,3.5,12,2,19
2021-07-06,A,4.0,4,3,2
2021-07-06,A,4.0,5,3,2
2021-07-06,A,4.0,6,3,2
2021-07-06,A,4.0,7,3,2
2021-07-06,A,4.0,8,3,2
2021-07-06,A,4.0,9,2,10
2021-07-06,A,4.0,10,2,10
2021-07-06,A,4.0,11,2,10
2021-07-06,A,4.0,12,2,10
2021-07-07,A,1.0,4,7,26
2021-07-07,A,1.0,5,5,60
2021-07-07,A,1.0,6,0,388
2021-07-07,A,1.0,7,0,388
2021-07-07,A,1.0,8,0,388
2021-07-07,A,1.0,9,0,388
2021-07-07,A,1.0,10,0,388
2021-07-07,A,1.0,11,0,388
2021-07-07,A,1.0,12,0,388
2021-07-07,A,1.5,4,6,12
2021-07-07,A,1.5,5,6,17
2021-07-07,A,1.5,6,5,26
2021-07-07,A,1.5,7,5,44
2021-07-07,A,1.5,8,2,68
2021-07-07,A,1.5,9,2,76
2021-07-07,A,1.5,10,0,388
2021-07-07,A,1.5,11,0,388
2021-07-07,A,1.5,12,0,388
2021-07-07,A,2.0,4,4,3
2021-07-07,A,2.0,5,4,7
2021-07-07,A,2.0,6,5,20
2021-07-07,A,2.0,7,5,21
2021-07-07,A,2.0,8,5,24
2021-07-07,A,2.0,9,5,37
2021-07-07,A,2.0,10,2,65
2021-07-07,A,2.0,11,2,65
2021-07-07,A,2.0,12,2,75
2021-07-07,A,2.5,4,2,2
2021-07-07,A,2.5,5,2,4
2021-07-07,A,2.5,6,3,4
2021-07-07,A,2.5,7,2,14
2021-07-07,A,2.5,8,2,15
2021-07-07,A,2.5,9,4,16
2021-07-07,A,2.5,10,5,17
2021-07-07,A,2.5,11,4,33
2021-07-07,A,2.5,12,3,46
2021-07-07,A,3.0,4,2,1
2021-07-07,A,3.0,5,2,1
2021-07-07,A,3.0,6,2,1
2021-07-07,A,3.0,7,3,2
2021-07-07,A,3.0,8,3,4
2021-07-07,A,3.0,9,2,10
2021-07-07,A,3.0,10,2,12
2021-07-07,A,3.0,11,2,12
2021-07-07,A,3.0,12,3,14
2021-07-07,A,3.5,4,2,1
2021-07-07,A,3.5,5,2,1
2021-07-07,A,3.5,6,2,1
2021-07-07,A,3.5,7,2,1
2021-07-07,A,3.5,8,2,1
2021-07-07,A,3.5,9,2,7
2021-07-07,A,3.5,10,2,9
2021-07-07,A,3.5,11,2,9
2021-07-07,A,3.5,12,2,10
2021-07-07,A,4.0,4,2,1
2021-07-07,A,4.0,5,2,1
2021-07-07,A,4.0,6,2,1
2021-07-07,A,4.0,7,2,1
2021-07-07,A,4.0,8,2,1
2021-07-07,A,4.0,9,2,1
2021-07-07,A,4.0,10,2,1
2021-07-07,A,4.0,11,2,1
2021-07-07,A,4.0,12,2,6
2021-07-08,A,1.0,4,5,18
2021-07-08,A,1.0,5,4,48
2021-07-08,A,1.0,6,0,384
2021-07-08,A,1.0,7,0,384
2021-07-08,A,1.0,8,0,384
2021-07-08,A,1.0,9,0,384
2021-07-08,A,1.0,10,0,384
2021-07-08,A,1.0,11,0,384
2021-07-08,A,1.0,12,0,384
2021-07-08,A,1.5,4,6,4
2021-07-08,A,1.5,5,5,10
2021-07-08,A,1.5,6,4,19
2021-07-08,A,1.5,7,4,32
2021-07-08,A,1.5,8,1,58
2021-07-08,A,1.5,9,1,63
2021-07-08,A,1.5,10,0,384
2021-07-08,A,1.5,11,0,384
2021-07-08,A,1.5,12,0,384
2021-07-08,A,2.0,4,4,1
2021-07-08,A,2.0,5,4,1
2021-07-08,A,2.0,6,4,12
2021-07-08,A,2.0,7,4,15
2021-07-08,A,2.0,8,4,16
2021-07-08,A,2.0,9,4,25
2021-07-08,A,2.0,10,1,54
2021-07-08,A,2.0,11,1,54
2021-07-08,A,2.0,12,1,62
2021-07-08,A,2.5,4,2,1
2021-07-08,A,2.5,5,2,1
2021-07-08,A,2.5,6,3,1
2021-07-08,A,2.5,7,2,9
2021-07-08,A,2.5,8,2,9
2021-07-08,A,2.5,9,4,10
2021-07-08,A,2.5,10,4,11
2021-07-08,A,2.5,11,3,26
2021-07-08,A,2.5,12,2,41
2021-07-08,A,3.0,4,2,1
2021-07-08,A,3.0,5,2,1
2021-07-08,A,3.0,6,2,1
2021-07-08,A,3.0,7,3,1
2021-07-08,A,3.0,8,2,6
2021-07-08,A,3.0,9,2,6
2021-07-08,A,3.0,10,2,7
2021-07-08,A,3.0,11,2,7
2021-07-08,A,3.0,12,3,8
2021-07-08,A,3.5,4,2,1
2021-07-08,A,3.5,5,2,1
2021-07-08,A,3.5,6,2,1
2021-07-08,A,3.5,7,2,1
2021-07-08,A,3.5,8,2,2
2021-07-08,A,3.5,9,2,6
2021-07-08,A,3.5,10,2,6
2021-07-08,A,3.5,11,2,6
2021-07-08,A,3.5,12,2,6
2021-07-08,A,4.0,4,2,1
2021-07-08,A,4.0,5,2,1
2021-07-08,A,4.0,6,2,1
2021-07-08,A,4.0,7,2,1
2021-07-08,A,4.0,8,2,1
2021-07-08,A,4.0,9,2,1
2021-07-08,A,4.0,10,2,1
2021-07-08,A,4.0,11,2,4
2021-07-08,A,4.0,12,2,4
2021-07-18,A,1.0,4,4,17
2021-07-18,A,1.0,5,10,46
2021-07-18,A,1.0,6,0,374
2021-07-18,A,1.0,7,0,374
2021-07-18,A,1.0,8,0,374
2021-07-18,A,1.0,9,0,374
2021-07-18,A,1.0,10,0,374
2021-07-18,A,1.0,11,0,374
2021-07-18,A,1.0,12,0,374
2021-07-18,A,1.5,4,3,9
2021-07-18,A,1.5,5,2,16
2021-07-18,A,1.5,6,3,16
2021-07-18,A,1.5,7,4,20
2021-07-18,A,1.5,8,3,46
2021-07-18,A,1.5,9,2,91
2021-07-18,A,1.5,10,0,374
2021-07-18,A,1.5,11,0,374
2021-07-18,A,1.5,12,0,374
2021-07-18,A,2.0,4,2,6
2021-07-18,A,2.0,5,1,10
2021-07-18,A,2.0,6,1,13
2021-07-18,A,2.0,7,2,14
2021-07-18,A,2.0,8,2,15
2021-07-18,A,2.0,9,2,18
2021-07-18,A,2.0,10,3,34
2021-07-18,A,2.0,11,3,54
2021-07-18,A,2.0,12,2,77
2021-07-18,A,2.5,4,2,2
2021-07-18,A,2.5,5,1,6
2021-07-18,A,2.5,6,1,7
2021-07-18,A,2.5,7,1,7
2021-07-18,A,2.5,8,1,9
2021-07-18,A,2.5,9,1,9
2021-07-18,A,2.5,10,1,9
2021-07-18,A,2.5,11,1,10
2021-07-18,A,2.5,12,2,11
2021-07-18,A,3.0,4,2,2
2021-07-18,A,3.0,5,1,6
2021-07-18,A,3.0,6,1,7
2021-07-18,A,3.0,7,1,7
2021-07-18,A,3.0,8,1,7
2021-07-18,A,3.0,9,1,7
2021-07-18,A,3.0,10,1,9
2021-07-18,A,3.0,11,1,9
2021-07-18,A,3.0,12,1,9
2021-07-18,A,3.5,4,2,2
2021-07-18,A,3.5,5,1,6
2021-07-18,A,3.5,6,1,6
2021-07-18,A,3.5,7,1,7
2021-07-18,A,3.5,8,1,7
2021-07-18,A,3.5,9,1,7
2021-07-18,A,3.5,10,1,7
2021-07-18,A,3.5,11,1,7
2021-07-18,A,3.5,12,1,7
2021-07-18,A,4.0,4,1,2
2021-07-18,A,4.0,5,2,2
2021-07-18,A,4.0,6,1,6
2021-07-18,A,4.0,7,1,6
2021-07-18,A,4.0,8,1,6
2021-07-18,A,4.0,9,1,7
2021-07-18,A,4.0,10,1,7
2021-07-18,A,4.0,11,1,7
2021-07-18,A,4.0,12,1,7
2021-07-19,A,1.0,4,4,14
2021-07-19,A,1.0,5,7,35
2021-07-19,A,1.0,6,0,417
2021-07-19,A,1.0,7,0,417
2021-07-19,A,1.0,8,0,417
2021-07-19,A,1.0,9,0,417
2021-07-19,A,1.0,10,0,417
2021-07-19,A,1.0,11,0,417
2021-07-19,A,1.0,12,0,417
2021-07-19,A,1.5,4,1,10
2021-07-19,A,1.5,5,1,11
2021-07-19,A,1.5,6,3,14
2021-07-19,A,1.5,7,3,19
2021-07-19,A,1.5,8,3,35
2021-07-19,A,1.5,9,2,67
2021-07-19,A,1.5,10,0,417
2021-07-19,A,1.5,11,0,417
2021-07-19,A,1.5,12,0,417
2021-07-19,A,2.0,4,2,6
2021-07-19,A,2.0,5,1,8
2021-07-19,A,2.0,6,1,10
2021-07-19,A,2.0,7,1,10
2021-07-19,A,2.0,8,2,11
2021-07-19,A,2.0,9,2,15
2021-07-19,A,2.0,10,3,18
2021-07-19,A,2.0,11,2,41
2021-07-19,A,2.0,12,3,54
2021-07-19,A,2.5,4,1,5
2021-07-19,A,2.5,5,1,5
2021-07-19,A,2.5,6,1,5
2021-07-19,A,2.5,7,1,7
2021-07-19,A,2.5,8,1,9
2021-07-19,A,2.5,9,1,9
2021-07-19,A,2.5,10,1,9
2021-07-19,A,2.5,11,1,9
2021-07-19,A,2.5,12,1,12
2021-07-19,A,3.0,4,1,5
2021-07-19,A,3.0,5,1,5
2021-07-19,A,3.0,6,1,5
2021-07-19,A,3.0,7,1,7
2021-07-19,A,3.0,8,1,7
2021-07-19,A,3.0,9,1,7
2021-07-19,A,3.0,10,1,7
2021-07-19,A,3.0,11,1,9
2021-07-19,A,3.0,12,1,9
2021-07-19,A,3.5,4,1,5
2021-07-19,A,3.5,5,1,5
2021-07-19,A,3.5,6,1,5
2021-07-19,A,3.5,7,1,5
2021-07-19,A,3.5,8,1,6
2021-07-19,A,3.5,9,1,6
2021-07-19,A,3.5,10,1,6
2021-07-19,A,3.5,11,1,6
2021-07-19,A,3.5,12,1,6
2021-07-19,A,4.0,4,1,2
2021-07-19,A,4.0,5,1,4
2021-07-19,A,4.0,6,1,5
2021-07-19,A,4.0,7,1,5
2021-07-19,A,4.0,8,1,5
2021-07-19,A,4.0,9,1,5
2021-07-19,A,4.0,10,1,6
2021-07-19,A,4.0,11,1,6
2021-07-19,A,4.0,12,1,6
2021-07-20,A,1.0,4,3,21
2021-07-20,A,1.0,5,8,37
2021-07-20,A,1.0,6,0,450
2021-07-20,A,1.0,7,0,450
2021-07-20,A,1.0,8,0,450
2021-07-20,A,1.0,9,0,450
2021-07-20,A,1.0,10,0,450
2021-07-20,A,1.0,11,0,450
2021-07-20,A,1.0,12,0,450
2021-07-20,A,1.5,4,2,13
2021-07-20,A,1.5,5,2,13
2021-07-20,A,1.5,6,3,16
2021-07-20,A,1.5,7,2,23
2021-07-20,A,1.5,8,3,41
2021-07-20,A,1.5,9,3,65
2021-07-20,A,1.5,10,0,450
2021-07-20,A,1.5,11,0,450
2021-07-20,A,1.5,12,0,450
2021-07-20,A,2.0,4,3,9
2021-07-20,A,2.0,5,2,11
2021-07-20,A,2.0,6,2,13
2021-07-20,A,2.0,7,1,21
2021-07-20,A,2.0,8,2,21
2021-07-20,A,2.0,9,2,21
2021-07-20,A,2.0,10,3,28
2021-07-20,A,2.0,11,2,52
2021-07-20,A,2.0,12,2,61
2021-07-20,A,2.5,4,1,8
2021-07-20,A,2.5,5,1,8
2021-07-20,A,2.5,6,1,8
2021-07-20,A,2.5,7,2,10
2021-07-20,A,2.5,8,1,19
2021-07-20,A,2.5,9,1,19
2021-07-20,A,2.5,10,1,19
2021-07-20,A,2.5,11,1,19
2021-07-20,A,2.5,12,1,19
2021-07-20,A,3.0,4,1,6
2021-07-20,A,3.0,5,1,7
2021-07-20,A,3.0,6,1,7
2021-07-20,A,3.0,7,1,9
2021-07-20,A,3.0,8,1,9
2021-07-20,A,3.0,9,1,9
2021-07-20,A,3.0,10,1,14
2021-07-20,A,3.0,11,1,17
2021-07-20,A,3.0,12,1,17
2021-07-20,A,3.5,4,1,6
2021-07-20,A,3.5,5,1,6
2021-07-20,A,3.5,6,1,6
2021-07-20,A,3.5,7,1,6
2021-07-20,A,3.5,8,1,6
2021-07-20,A,3.5,9,1,7
2021-07-20,A,3.5,10,1,12
2021-07-20,A,3.5,11,1,12
2021-07-20,A,3.5,12,1,12
2021-07-20,A,4.0,4,1,6
2021-07-20,A,4.0,5,1,6
2021-07-20,A,4.0,6,1,6
2021-07-20,A,4.0,7,1,6
2021-07-20,A,4.0,8,1,6
2021-07-20,A,4.0,9,1,6
2021-07-20,A,4.0,10,1,6
2021-07-20,A,4.0,11,1,7
2021-07-20,A,4.0,12,1,11
2021-07-21,A,1.0,4,8,25
2021-07-21,A,1.0,5,10,59
2021-07-21,A,1.0,6,0,426
2021-07-21,A,1.0,7,0,426
2021-07-21,A,1.0,8,0,426
2021-07-21,A,1.0,9,0,426
2021-07-21,A,1.0,10,0,426
2021-07-21,A,1.0,11,0,426
2021-07-21,A,1.0,12,0,426
2021-07-21,A,1.5,4,5,15
2021-07-21,A,1.5,5,3,25
2021-07-21,A,1.5,6,4,29
2021-07-21,A,1.5,7,2,46
2021-07-21,A,1.5,8,4,64
2021-07-21,A,1.5,9,3,92
2021-07-21,A,1.5,10,0,426
2021-07-21,A,1.5,11,0,426
2021-07-21,A,1.5,12,0,426
2021-07-21,A,2.0,4,4,11
2021-07-21,A,2.0,5,4,16
2021-07-21,A,2.0,6,3,23
2021-07-21,A,2.0,7,2,31
2021-07-21,A,2.0,8,3,32
2021-07-21,A,2.0,9,2,41
2021-07-21,A,2.0,10,3,51
2021-07-21,A,2.0,11,3,71
2021-07-21,A,2.0,12,2,97
2021-07-21,A,2.5,4,2,6
2021-07-21,A,2.5,5,2,6
2021-07-21,A,2.5,6,1,17
2021-07-21,A,2.5,7,2,19
2021-07-21,A,2.5,8,2,29
2021-07-21,A,2.5,9,2,30
2021-07-21,A,2.5,10,1,39
2021-07-21,A,2.5,11,2,39
2021-07-21,A,2.5,12,2,40
2021-07-21,A,3.0,4,1,4
2021-07-21,A,3.0,5,2,5
2021-07-21,A,3.0,6,2,7
2021-07-21,A,3.0,7,1,12
2021-07-21,A,3.0,8,1,14
2021-07-21,A,3.0,9,1,14
2021-07-21,A,3.0,10,1,27
2021-07-21,A,3.0,11,1,31
2021-07-21,A,3.0,12,1,31
2021-07-21,A,3.5,4,1,4
2021-07-21,A,3.5,5,1,5
2021-07-21,A,3.5,6,2,5
2021-07-21,A,3.5,7,1,10
2021-07-21,A,3.5,8,1,12
2021-07-21,A,3.5,9,1,12
2021-07-21,A,3.5,10,1,19
2021-07-21,A,3.5,11,1,20
2021-07-21,A,3.5,12,1,23
2021-07-21,A,4.0,4,1,4
2021-07-21,A,4.0,5,1,4
2021-07-21,A,4.0,6,1,4
2021-07-21,A,4.0,7,1,7
2021-07-21,A,4.0,8,1,7
2021-07-21,A,4.0,9,1,9
2021-07-21,A,4.0,10,1,10
2021-07-21,A,4.0,11,1,10
2021-07-21,A,4.0,12,1,15
2021-07-26,A,1.0,4,12,20
2021-07-26,A,1.0,5,8,91
2021-07-26,A,1.0,6,0,440
2021-07-26,A,1.0,7,0,440
2021-07-26,A,1.0,8,0,440
2021-07-26,A,1.0,9,0,440
2021-07-26,A,1.0,10,0,440
2021-07-26,A,1.0,11,0,440
2021-07-26,A,1.0,12,0,440
2021-07-26,A,1.5,4,4,4
2021-07-26,A,1.5,5,5,14
2021-07-26,A,1.5,6,7,22
2021-07-26,A,1.5,7,6,51
2021-07-26,A,1.5,8,4,79
2021-07-26,A,1.5,9,4,128
2021-07-26,A,1.5,10,0,440
2021-07-26,A,1.5,11,0,440
2021-07-26,A,1.5,12,0,440
2021-07-26,A,2.0,4,4,1
2021-07-26,A,2.0,5,4,3
2021-07-26,A,2.0,6,4,6
2021-07-26,A,2.0,7,6,12
2021-07-26,A,2.0,8,3,39
2021-07-26,A,2.0,9,4,48
2021-07-26,A,2.0,10,4,63
2021-07-26,A,2.0,11,4,78
2021-07-26,A,2.0,12,3,126
2021-07-26,A,2.5,4,4,0
2021-07-26,A,2.5,5,4,0
2021-07-26,A,2.5,6,4,0
2021-07-26,A,2.5,7,4,1
2021-07-26,A,2.5,8,4,3
2021-07-26,A,2.5,9,4,14
2021-07-26,A,2.5,10,3,33
2021-07-26,A,2.5,11,3,33
2021-07-26,A,2.5,12,4,41
2021-07-26,A,3.0,4,4,0
2021-07-26,A,3.0,5,4,0
2021-07-26,A,3.0,6,4,0
2021-07-26,A,3.0,7,4,0
2021-07-26,A,3.0,8,4,0
2021-07-26,A,3.0,9,4,0
2021-07-26,A,3.0,10,4,3
2021-07-26,A,3.0,11,5,7
2021-07-26,A,3.0,12,4,15
2021-07-26,A,3.5,4,3,0
2021-07-26,A,3.5,5,3,0
2021-07-26,A,3.5,6,3,0
2021-07-26,A,3.5,7,3,0
2021-07-26,A,3.5,8,3,0
2021-07-26,A,3.5,9,3,0
2021-07-26,A,3.5,10,4,0
2021-07-26,A,3.5,11,4,2
2021-07-26,A,3.5,12,4,3
2021-07-26,A,4.0,4,3,0
2021-07-26,A,4.0,5,3,0
2021-07-26,A,4.0,6,3,0
2021-07-26,A,4.0,7,3,0
2021-07-26,A,4.0,8,3,0
2021-07-26,A,4.0,9,3,0
2021-07-26,A,4.0,10,3,0
2021-07-26,A,4.0,11,4,0
2021-07-26,A,4.0,12,4,0
2021-07-27,A,1.0,4,10,24
2021-07-27,A,1.0,5,12,87
2021-07-27,A,1.0,6,0,433
2021-07-27,A,1.0,7,0,433
2021-07-27,A,1.0,8,0,433
2021-07-27,A,1.0,9,0,433
2021-07-27,A,1.0,10,0,433
2021-07-27,A,1.0,11,0,433
2021-07-27,A,1.0,12,0,433
2021-07-27,A,1.5,4,6,4
2021-07-27,A,1.5,5,4,19
2021-07-27,A,1.5,6,6,25
2021-07-27,A,1.5,7,6,43
2021-07-27,A,1.5,8,7,76
2021-07-27,A,1.5,9,5,130
2021-07-27,A,1.5,10,0,433
2021-07-27,A,1.5,11,0,433
2021-07-27,A,1.5,12,0,433
2021-07-27,A,2.0,4,4,2
2021-07-27,A,2.0,5,4,2
2021-07-27,A,2.0,6,4,7
2021-07-27,A,2.0,7,4,20
2021-07-27,A,2.0,8,5,31
2021-07-27,A,2.0,9,5,41
2021-07-27,A,2.0,10,5,64
2021-07-27,A,2.0,11,5,92
2021-07-27,A,2.0,12,4,120
2021-07-27,A,2.5,4,2,1
2021-07-27,A,2.5,5,3,1
2021-07-27,A,2.5,6,4,1
2021-07-27,A,2.5,7,4,3
2021-07-27,A,2.5,8,4,4
2021-07-27,A,2.5,9,4,11
2021-07-27,A,2.5,10,3,23
2021-07-27,A,2.5,11,3,28
2021-07-27,A,2.5,12,3,28
2021-07-27,A,3.0,4,2,1
2021-07-27,A,3.0,5,2,1
2021-07-27,A,3.0,6,2,1
2021-07-27,A,3.0,7,2,1
2021-07-27,A,3.0,8,2,1
2021-07-27,A,3.0,9,4,1
2021-07-27,A,3.0,10,4,3
2021-07-27,A,3.0,11,4,9
2021-07-27,A,3.0,12,3,21
2021-07-27,A,3.5,4,2,1
2021-07-27,A,3.5,5,2,1
2021-07-27,A,3.5,6,2,1
2021-07-27,A,3.5,7,2,1
2021-07-27,A,3.5,8,2,1
2021-07-27,A,3.5,9,2,1
2021-07-27,A,3.5,10,3,1
2021-07-27,A,3.5,11,3,3
2021-07-27,A,3.5,12,3,3
2021-07-27,A,4.0,4,2,1
2021-07-27,A,4.0,5,2,1
2021-07-27,A,4.0,6,2,1
2021-07-27,A,4.0,7,2,1
2021-07-27,A,4.0,8,2,1
2021-07-27,A,4.0,9,2,1
2021-07-27,A,4.0,10,2,1
2021-07-27,A,4.0,11,2,1
2021-07-27,A,4.0,12,2,1
2021-07-28,A,1.0,4,4,23
2021-07-28,A,1.0,5,8,56
2021-07-28,A,1.0,6,0,389
2021-07-28,A,1.0,7,0,389
2021-07-28,A,1.0,8,0,389
2021-07-28,A,1.0,9,0,389
2021-07-28,A,1.0,10,0,389
2021-07-28,A,1.0,11,0,389
2021-07-28,A,1.0,12,0,389
2021-07-28,A,1.5,4,3,15
2021-07-28,A,1.5,5,3,16
2021-07-28,A,1.5,6,4,18
2021-07-28,A,1.5,7,4,25
2021-07-28,A,1.5,8,5,46
2021-07-28,A,1.5,9,3,80
2021-07-28,A,1.5,10,0,389
2021-07-28,A,1.5,11,0,389
2021-07-28,A,1.5,12,0,389
2021-07-28,A,2.0,4,3,10
2021-07-28,A,2.0,5,3,13
2021-07-28,A,2.0,6,3,13
2021-07-28,A,2.0,7,3,14
2021-07-28,A,2.0,8,4,16
2021-07-28,A,2.0,9,4,22
2021-07-28,A,2.0,10,4,38
2021-07-28,A,2.0,11,3,63
2021-07-28,A,2.0,12,3,82
2021-07-28,A,2.5,4,3,8
2021-07-28,A,2.5,5,3,8
2021-07-28,A,2.5,6,3,9
2021-07-28,A,2.5,7,3,10
2021-07-28,A,2.5,8,3,11
2021-07-28,A,2.5,9,3,11
2021-07-28,A,2.5,10,3,12
2021-07-28,A,2.5,11,3,14
2021-07-28,A,2.5,12,3,16
2021-07-28,A,3.0,4,3,6
2021-07-28,A,3.0,5,3,7
2021-07-28,A,3.0,6,3,8
2021-07-28,A,3.0,7,3,8
2021-07-28,A,3.0,8,3,9
2021-07-28,A,3.0,9,3,10
2021-07-28,A,3.0,10,3,10
2021-07-28,A,3.0,11,3,10
2021-07-28,A,3.0,12,3,10
2021-07-28,A,3.5,4,3,6
2021-07-28,A,3.5,5,3,6
2021-07-28,A,3.5,6,3,6
2021-07-28,A,3.5,7,3,6
2021-07-28,A,3.5,8,3,6
2021-07-28,A,3.5,9,3,6
2021-07-28,A,3.5,10,3,7
2021-07-28,A,3.5,11,3,8
2021-07-28,A,3.5,12,3,9
2021-07-28,A,4.0,4,3,5
2021-07-28,A,4.0,5,3,5
2021-07-28,A,4.0,6,3,5
2021-07-28,A,4.0,7,3,5
2021-07-28,A,4.0,8,3,5
2021-07-28,A,4.0,9,3,5
2021-07-28,A,4.0,10,3,5
2021-07-28,A,4.0,11,3,6
2021-07-28,A,4.0,12,3,6
2021-07-31,A,1.0,4,6,21
2021-07-31,A,1.0,5,8,50
2021-07-31,A,1.0,6,0,373
2021-07-31,A,1.0,7,0,373
2021-07-31,A,1.0,8,0,373
2021-07-31,A,1.0,9,0,373
2021-07-31,A,1.0,10,0,373
2021-07-31,A,1.0,11,0,373
2021-07-31,A,1.0,12,0,373
2021-07-31,A,1.5,4,5,11
2021-07-31,A,1.5,5,4,18
2021-07-31,A,1.5,6,4,29
2021-07-31,A,1.5,7,4,34
2021-07-31,A,1.5,8,6,40
2021-07-31,A,1.5,9,5,58
2021-07-31,A,1.5,10,0,373
2021-07-31,A,1.5,11,0,373
2021-07-31,A,1.5,12,0,373
2021-07-31,A,2.0,4,4,8
2021-07-31,A,2.0,5,3,13
2021-07-31,A,2.0,6,3,15
2021-07-31,A,2.0,7,3,21
2021-07-31,A,2.0,8,3,21
2021-07-31,A,2.0,9,4,26
2021-07-31,A,2.0,10,4,34
2021-07-31,A,2.0,11,4,56
2021-07-31,A,2.0,12,2,91
2021-07-31,A,2.5,4,4,6
2021-07-31,A,2.5,5,3,11
2021-07-31,A,2.5,6,3,12
2021-07-31,A,2.5,7,3,12
2021-07-31,A,2.5,8,3,14
2021-07-31,A,2.5,9,3,16
2021-07-31,A,2.5,10,3,16
2021-07-31,A,2.5,11,3,16
2021-07-31,A,2.5,12,3,21
2021-07-31,A,3.0,4,4,4
2021-07-31,A,3.0,5,3,8
2021-07-31,A,3.0,6,3,8
2021-07-31,A,3.0,7,3,8
2021-07-31,A,3.0,8,3,8
2021-07-31,A,3.0,9,3,10
2021-07-31,A,3.0,10,3,10
2021-07-31,A,3.0,11,3,13
2021-07-31,A,3.0,12,3,13
2021-07-31,A,3.5,4,4,4
2021-07-31,A,3.5,5,3,8
2021-07-31,A,3.5,6,3,8
2021-07-31,A,3.5,7,3,8
2021-07-31,A,3.5,8,3,8
2021-07-31,A,3.5,9,3,8
2021-07-31,A,3.5,10,3,10
2021-07-31,A,3.5,11,3,10
2021-07-31,A,3.5,12,3,10
2021-07-31,A,4.0,4,4,3
2021-07-31,A,4.0,5,3,7
2021-07-31,A,4.0,6,3,7
2021-07-31,A,4.0,7,3,7
2021-07-31,A,4.0,8,3,7
2021-07-31,A,4.0,9,3,7
2021-07-31,A,4.0,10,3,7
2021-07-31,A,4.0,11,3,7
2021-07-31,A,4.0,12,3,7
2021-08-01,A,1.0,4,6,19
2021-08-01,A,1.0,5,8,53
2021-08-01,A,1.0,6,0,434
2021-08-01,A,1.0,7,0,434
2021-08-01,A,1.0,8,0,434
2021-08-01,A,1.0,9,0,434
2021-08-01,A,1.0,10,0,434
2021-08-01,A,1.0,11,0,434
2021-08-01,A,1.0,12,0,434
2021-08-01,A,1.5,4,4,11
2021-08-01,A,1.5,5,4,19
2021-08-01,A,1.5,6,3,28
2021-08-01,A,1.5,7,4,33
2021-08-01,A,1.5,8,5,44
2021-08-01,A,1.5,9,4,77
2021-08-01,A,1.5,10,0,434
2021-08-01,A,1.5,11,0,434
2021-08-01,A,1.5,12,0,434
2021-08-01,A,2.0,4,4,3
2021-08-01,A,2.0,5,4,6
2021-08-01,A,2.0,6,3,18
2021-08-01,A,2.0,7,3,25
2021-08-01,A,2.0,8,3,25
2021-08-01,A,2.0,9,3,30
2021-08-01,A,2.0,10,3,40
2021-08-01,A,2.0,11,4,53
2021-08-01,A,2.0,12,2,87
2021-08-01,A,2.5,4,3,3
2021-08-01,A,2.5,5,3,4
2021-08-01,A,2.5,6,3,8
2021-08-01,A,2.5,7,2,17
2021-08-01,A,2.5,8,3,18
2021-08-01,A,2.5,9,3,21
2021-08-01,A,2.5,10,3,24
2021-08-01,A,2.5,11,3,26
2021-08-01,A,2.5,12,3,27
2021-08-01,A,3.0,4,3,3
2021-08-01,A,3.0,5,3,3
2021-08-01,A,3.0,6,3,3
2021-08-01,A,3.0,7,2,9
2021-08-01,A,3.0,8,2,13
2021-08-01,A,3.0,9,2,16
2021-08-01,A,3.0,10,2,17
2021-08-01,A,3.0,11,2,18
2021-08-01,A,3.0,12,3,20
2021-08-01,A,3.5,4,3,2
2021-08-01,A,3.5,5,3,2
2021-08-01,A,3.5,6,3,2
2021-08-01,A,3.5,7,2,9
2021-08-01,A,3.5,8,2,12
2021-08-01,A,3.5,9,2,15
2021-08-01,A,3.5,10,2,15
2021-08-01,A,3.5,11,2,16
2021-08-01,A,3.5,12,2,18
2021-08-01,A,4.0,4,3,2
2021-08-01,A,4.0,5,3,2
2021-08-01,A,4.0,6,3,2
2021-08-01,A,4.0,7,3,2
2021-08-01,A,4.0,8,2,9
2021-08-01,A,4.0,9,2,9
2021-08-01,A,4.0,10,2,12
2021-08-01,A,4.0,11,2,14
2021-08-01,A,4.0,12,2,14
2021-08-02,A,1.0,4,3,10
2021-08-02,A,1.0,5,6,47
2021-08-02,A,1.0,6,0,507
2021-08-02,A,1.0,7,0,507
2021-08-02,A,1.0,8,0,507
2021-08-02,A,1.0,9,0,507
2021-08-02,A,1.0,10,0,507
2021-08-02,A,1.0,11,0,507
2021-08-02,A,1.0,12,0,507
2021-08-02,A,1.5,4,3,3
2021-08-02,A,1.5,5,3,5
2021-08-02,A,1.5,6,3,7
2021-08-02,A,1.5,7,4,18
2021-08-02,A,1.5,8,3,32
2021-08-02,A,1.5,9,5,67
2021-08-02,A,1.5,10,0,507
2021-08-02,A,1.5,11,0,507
2021-08-02,A,1.5,12,0,507
2021-08-02,A,2.0,4,3,1
2021-08-02,A,2.0,5,3,2
2021-08-02,A,2.0,6,3,3
2021-08-02,A,2.0,7,3,4
2021-08-02,A,2.0,8,2,13
2021-08-02,A,2.0,9,2,18
2021-08-02,A,2.0,10,3,25
2021-08-02,A,2.0,11,4,34
2021-08-02,A,2.0,12,4,61
2021-08-02,A,2.5,4,3,1
2021-08-02,A,2.5,5,3,1
2021-08-02,A,2.5,6,3,1
2021-08-02,A,2.5,7,3,2
2021-08-02,A,2.5,8,3,2
2021-08-02,A,2.5,9,2,10
2021-08-02,A,2.5,10,2,12
2021-08-02,A,2.5,11,2,13
2021-08-02,A,2.5,12,2,16
2021-08-02,A,3.0,4,3,1
2021-08-02,A,3.0,5,3,1
2021-08-02,A,3.0,6,3,1
2021-08-02,A,3.0,7,3,1
2021-08-02,A,3.0,8,3,1
2021-08-02,A,3.0,9,3,1
2021-08-02,A,3.0,10,2,10
2021-08-02,A,3.0,11,2,10
2021-08-02,A,3.0,12,2,11
2021-08-02,A,3.5,4,3,0
2021-08-02,A,3.5,5,3,0
2021-08-02,A,3.5,6,3,0
2021-08-02,A,3.5,7,3,0
2021-08-02,A,3.5,8,3,0
2021-08-02,A,3.5,9,3,1
2021-08-02,A,3.5,10,2,10
2021-08-02,A,3.5,11,2,10
2021-08-02,A,3.5,12,2,10
2021-08-02,A,4.0,4,3,0
2021-08-02,A,4.0,5,3,0
2021-08-02,A,4.0,6,3,0
2021-08-02,A,4.0,7,3,0
2021-08-02,A,4.0,8,3,0
2021-08-02,A,4.0,9,3,0
2021-08-02,A,4.0,10,2,10
2021-08-02,A,4.0,11,2,10
2021-08-02,A,4.0,12,2,10
2021-08-03,A,1.0,4,4,8
2021-08-03,A,1.0,5,8,41
2021-08-03,A,1.0,6,0,556
2021-08-03,A,1.0,7,0,556
2021-08-03,A,1.0,8,0,556
2021-08-03,A,1.0,9,0,556
2021-08-03,A,1.0,10,0,556
2021-08-03,A,1.0,11,0,556
2021-08-03,A,1.0,12,0,556
2021-08-03,A,1.5,4,3,3
2021-08-03,A,1.5,5,3,7
2021-08-03,A,1.5,6,3,8
2021-08-03,A,1.5,7,4,13
2021-08-03,A,1.5,8,4,30
2021-08-03,A,1.5,9,4,70
2021-08-03,A,1.5,10,0,556
2021-08-03,A,1.5,11,0,556
2021-08-03,A,1.5,12,0,556
2021-08-03,A,2.0,4,3,2
2021-08-03,A,2.0,5,3,2
2021-08-03,A,2.0,6,3,3
2021-08-03,A,2.0,7,3,4
2021-08-03,A,2.0,8,3,5
2021-08-03,A,2.0,9,3,9
2021-08-03,A,2.0,10,3,23
2021-08-03,A,2.0,11,4,39
2021-08-03,A,2.0,12,4,70
2021-08-03,A,2.5,4,3,2
2021-08-03,A,2.5,5,3,2
2021-08-03,A,2.5,6,3,2
2021-08-03,A,2.5,7,3,2
2021-08-03,A,2.5,8,3,2
2021-08-03,A,2.5,9,3,2
2021-08-03,A,2.5,10,3,2
2021-08-03,A,2.5,11,3,3
2021-08-03,A,2.5,12,3,5
2021-08-03,A,3.0,4,3,2
2021-08-03,A,3.0,5,3,2
2021-08-03,A,3.0,6,3,2
2021-08-03,A,3.0,7,3,2
2021-08-03,A,3.0,8,3,2
2021-08-03,A,3.0,9,3,2
2021-08-03,A,3.0,10,3,2
2021-08-03,A,3.0,11,3,2
2021-08-03,A,3.0,12,3,2
2021-08-03,A,3.5,4,3,0
2021-08-03,A,3.5,5,3,0
2021-08-03,A,3.5,6,3,0
2021-08-03,A,3.5,7,3,0
2021-08-03,A,3.5,8,3,0
2021-08-03,A,3.5,9,3,1
2021-08-03,A,3.5,10,3,1
2021-08-03,A,3.5,11,3,1
2021-08-03,A,3.5,12,3,1
2021-08-03,A,4.0,4,3,0
2021-08-03,A,4.0,5,3,0
2021-08-03,A,4.0,6,3,0
2021-08-03,A,4.0,7,3,0
2021-08-03,A,4.0,8,3,0
2021-08-03,A,4.0,9,3,0
2021-08-03,A,4.0,10,3,0
2021-08-03,A,4.0,11,3,0
2021-08-03,A,4.0,12,3,0
2021-08-04,A,1.0,4,5,11
2021-08-04,A,1.0,5,9,52
2021-08-04,A,1.0,6,0,605
2021-08-04,A,1.0,7,0,605
2021-08-04,A,1.0,8,0,605
2021-08-04,A,1.0,9,0,605
2021-08-04,A,1.0,10,0,605
2021-08-04,A,1.0,11,0,605
2021-08-04,A,1.0,12,0,605
2021-08-04,A,1.5,4,4,3
2021-08-04,A,1.5,5,4,7
2021-08-04,A,1.5,6,4,9
2021-08-04,A,1.5,7,4,16
2021-08-04,A,1.5,8,4,38
2021-08-04,A,1.5,9,4,85
2021-08-04,A,1.5,10,0,605
2021-08-04,A,1.5,11,0,605
2021-08-04,A,1.5,12,0,605
2021-08-04,A,2.0,4,3,3
2021-08-04,A,2.0,5,3,3
2021-08-04,A,2.0,6,3,4
2021-08-04,A,2.0,7,3,5
2021-08-04,A,2.0,8,3,8
2021-08-04,A,2.0,9,3,12
2021-08-04,A,2.0,10,3,33
2021-08-04,A,2.0,11,3,55
2021-08-04,A,2.0,12,5,80
2021-08-04,A,2.5,4,3,2
2021-08-04,A,2.5,5,3,2
2021-08-04,A,2.5,6,3,2
2021-08-04,A,2.5,7,3,2
2021-08-04,A,2.5,8,3,3
2021-08-04,A,2.5,9,3,3
2021-08-04,A,2.5,10,3,3
2021-08-04,A,2.5,11,3,3
2021-08-04,A,2.5,12,3,6
2021-08-04,A,3.0,4,2,2
2021-08-04,A,3.0,5,2,2
2021-08-04,A,3.0,6,2,2
2021-08-04,A,3.0,7,2,2
2021-08-04,A,3.0,8,2,2
2021-08-04,A,3.0,9,2,2
2021-08-04,A,3.0,10,3,3
2021-08-04,A,3.0,11,3,3
2021-08-04,A,3.0,12,3,3
2021-08-04,A,3.5,4,2,1
2021-08-04,A,3.5,5,2,1
2021-08-04,A,3.5,6,2,1
2021-08-04,A,3.5,7,2,1
2021-08-04,A,3.5,8,2,1
2021-08-04,A,3.5,9,2,1
2021-08-04,A,3.5,10,2,1
2021-08-04,A,3.5,11,2,1
2021-08-04,A,3.5,12,2,1
2021-08-04,A,4.0,4,2,1
2021-08-04,A,4.0,5,2,1
2021-08-04,A,4.0,6,2,1
2021-08-04,A,4.0,7,2,1
2021-08-04,A,4.0,8,2,1
2021-08-04,A,4.0,9,2,1
2021-08-04,A,4.0,10,2,1
2021-08-04,A,4.0,11,2,1
2021-08-04,A,4.0,12,2,1
2021-08-05,A,1.0,4,4,15
2021-08-05,A,1.0,5,9,51
2021-08-05,A,1.0,6,0,618
2021-08-05,A,1.0,7,0,618
2021-08-05,A,1.0,8,0,618
2021-08-05,A,1.0,9,0,618
2021-08-05,A,1.0,10,0,618
2021-08-05,A,1.0,11,0,618
2021-08-05,A,1.0,12,0,618
2021-08-05,A,1.5,4,3,5
2021-08-05,A,1.5,5,3,10
2021-08-05,A,1.5,6,3,10
2021-08-05,A,1.5,7,4,17
2021-08-05,A,1.5,8,4,32
2021-08-05,A,1.5,9,5,91
2021-08-05,A,1.5,10,0,618
2021-08-05,A,1.5,11,0,618
2021-08-05,A,1.5,12,0,618
2021-08-05,A,2.0,4,3,4
2021-08-05,A,2.0,5,3,5
2021-08-05,A,2.0,6,3,6
2021-08-05,A,2.0,7,3,6
2021-08-05,A,2.0,8,3,10
2021-08-05,A,2.0,9,3,15
2021-08-05,A,2.0,10,4,26
2021-08-05,A,2.0,11,3,47
2021-08-05,A,2.0,12,4,90
2021-08-05,A,2.5,4,3,3
2021-08-05,A,2.5,5,3,3
2021-08-05,A,2.5,6,3,3
2021-08-05,A,2.5,7,3,3
2021-08-05,A,2.5,8,3,3
2021-08-05,A,2.5,9,3,3
2021-08-05,A,2.5,10,3,3
2021-08-05,A,2.5,11,3,3
2021-08-05,A,2.5,12,3,6
2021-08-05,A,3.0,4,2,3
2021-08-05,A,3.0,5,2,3
2021-08-05,A,3.0,6,2,3
2021-08-05,A,3.0,7,2,3
2021-08-05,A,3.0,8,2,3
2021-08-05,A,3.0,9,2,3
2021-08-05,A,3.0,10,2,3
2021-08-05,A,3.0,11,3,3
2021-08-05,A,3.0,12,3,3
2021-08-05,A,3.5,4,2,2
2021-08-05,A,3.5,5,2,2
2021-08-05,A,3.5,6,2,2
2021-08-05,A,3.5,7,2,2
2021-08-05,A,3.5,8,2,2
2021-08-05,A,3.5,9,2,2
2021-08-05,A,3.5,10,2,2
2021-08-05,A,3.5,11,2,2
2021-08-05,A,3.5,12,2,2
2021-08-05,A,4.0,4,2,1
2021-08-05,A,4.0,5,2,1
2021-08-05,A,4.0,6,2,1
2021-08-05,A,4.0,7,2,1
2021-08-05,A,4.0,8,2,1
2021-08-05,A,4.0,9,2,1
2021-08-05,A,4.0,10,2,1
2021-08-05,A,4.0,11,2,1
2021-08-05,A,4.0,12,2,1
2021-08-06,A,1.0,4,4,13
2021-08-06,A,1.0,5,8,52
2021-08-06,A,1.0,6,0,615
2021-08-06,A,1.0,7,0,615
2021-08-06,A,1.0,8,0,615
2021-08-06,A,1.0,9,0,615
2021-08-06,A,1.0,10,0,615
2021-08-06,A,1.0,11,0,615
2021-08-06,A,1.0,12,0,615
2021-08-06,A,1.5,4,3,2
2021-08-06,A,1.5,5,3,6
2021-08-06,A,1.5,6,3,10
2021-08-06,A,1.5,7,4,17
2021-08-06,A,1.5,8,5,32
2021-08-06,A,1.5,9,5,90
2021-08-06,A,1.5,10,0,615
2021-08-06,A,1.5,11,0,615
2021-08-06,A,1.5,12,0,615
2021-08-06,A,2.0,4,2,1
2021-08-06,A,2.0,5,2,1
2021-08-06,A,2.0,6,2,2
2021-08-06,A,2.0,7,2,4
2021-08-06,A,2.0,8,3,7
2021-08-06,A,2.0,9,3,11
2021-08-06,A,2.0,10,4,24
2021-08-06,A,2.0,11,3,47
2021-08-06,A,2.0,12,5,84
2021-08-06,A,2.5,4,2,1
2021-08-06,A,2.5,5,2,1
2021-08-06,A,2.5,6,2,1
2021-08-06,A,2.5,7,2,1
2021-08-06,A,2.5,8,2,2
2021-08-06,A,2.5,9,2,2
2021-08-06,A,2.5,10,2,3
2021-08-06,A,2.5,11,3,3
2021-08-06,A,2.5,12,3,3
2021-08-06,A,3.0,4,2,1
2021-08-06,A,3.0,5,2,1
2021-08-06,A,3.0,6,2,1
2021-08-06,A,3.0,7,2,1
2021-08-06,A,3.0,8,2,1
2021-08-06,A,3.0,9,2,1
2021-08-06,A,3.0,10,2,1
2021-08-06,A,3.0,11,2,1
2021-08-06,A,3.0,12,2,2
2021-08-06,A,3.5,4,2,1
2021-08-06,A,3.5,5,2,1
2021-08-06,A,3.5,6,2,1
2021-08-06,A,3.5,7,2,1
2021-08-06,A,3.5,8,2,1
2021-08-06,A,3.5,9,2,1
2021-08-06,A,3.5,10,2,1
2021-08-06,A,3.5,11,2,1
2021-08-06,A,3.5,12,2,1
2021-08-06,A,4.0,4,2,1
2021-08-06,A,4.0,5,2,1
2021-08-06,A,4.0,6,2,1
2021-08-06,A,4.0,7,2,1
2021-08-06,A,4.0,8,2,1
2021-08-06,A,4.0,9,2,1
2021-08-06,A,4.0,10,2,1
2021-08-06,A,4.0,11,2,1
2021-08-06,A,4.0,12,2,1
2021-08-07,A,1.0,4,6,13
2021-08-07,A,1.0,5,18,45
2021-08-07,A,1.0,6,0,547
2021-08-07,A,1.0,7,0,547
2021-08-07,A,1.0,8,0,547
2021-08-07,A,1.0,9,0,547
2021-08-07,A,1.0,10,0,547
2021-08-07,A,1.0,11,0,547
2021-08-07,A,1.0,12,0,547
2021-08-07,A,1.5,4,3,4
2021-08-07,A,1.5,5,3,5
2021-08-07,A,1.5,6,4,10
2021-08-07,A,1.5,7,6,11
2021-08-07,A,1.5,8,7,44
2021-08-07,A,1.5,9,6,109
2021-08-07,A,1.5,10,0,547
2021-08-07,A,1.5,11,0,547
2021-08-07,A,1.5,12,0,547
2021-08-07,A,2.0,4,3,3
2021-08-07,A,2.0,5,3,3
2021-08-07,A,2.0,6,3,3
2021-08-07,A,2.0,7,3,5
2021-08-07,A,2.0,8,4,7
2021-08-07,A,2.0,9,4,11
2021-08-07,A,2.0,10,5,26
2021-08-07,A,2.0,11,4,64
2021-08-07,A,2.0,12,4,96
2021-08-07,A,2.5,4,3,3
2021-08-07,A,2.5,5,3,3
2021-08-07,A,2.5,6,3,3
2021-08-07,A,2.5,7,3,3
2021-08-07,A,2.5,8,3,4
2021-08-07,A,2.5,9,3,4
2021-08-07,A,2.5,10,3,6
2021-08-07,A,2.5,11,3,6
2021-08-07,A,2.5,12,4,7
2021-08-07,A,3.0,4,2,3
2021-08-07,A,3.0,5,2,3
2021-08-07,A,3.0,6,2,3
2021-08-07,A,3.0,7,2,3
2021-08-07,A,3.0,8,2,3
2021-08-07,A,3.0,9,2,3
2021-08-07,A,3.0,10,3,3
2021-08-07,A,3.0,11,3,3
2021-08-07,A,3.0,12,3,4
2021-08-07,A,3.5,4,2,3
2021-08-07,A,3.5,5,2,3
2021-08-07,A,3.5,6,2,3
2021-08-07,A,3.5,7,2,3
2021-08-07,A,3.5,8,2,3
2021-08-07,A,3.5,9,2,3
2021-08-07,A,3.5,10,2,3
2021-08-07,A,3.5,11,3,3
2021-08-07,A,3.5,12,3,3
2021-08-07,A,4.0,4,2,1
2021-08-07,A,4.0,5,2,1
2021-08-07,A,4.0,6,2,1
2021-08-07,A,4.0,7,2,1
2021-08-07,A,4.0,8,2,1
2021-08-07,A,4.0,9,2,1
2021-08-07,A,4.0,10,2,1
2021-08-07,A,4.0,11,2,1
2021-08-07,A,4.0,12,2,2
2021-08-08,A,1.0,4,11,15
2021-08-08,A,1.0,5,20,67
2021-08-08,A,1.0,6,0,477
2021-08-08,A,1.0,7,0,477
2021-08-08,A,1.0,8,0,477
2021-08-08,A,1.0,9,0,477
2021-08-08,A,1.0,10,0,477
2021-08-08,A,1.0,11,0,477
2021-08-08,A,1.0,12,0,477
2021-08-08,A,1.5,4,5,8
2021-08-08,A,1.5,5,5,10
2021-08-08,A,1.5,6,7,11
2021-08-08,A,1.5,7,11,15
2021-08-08,A,1.5,8,13,50
2021-08-08,A,1.5,9,12,134
2021-08-08,A,1.5,10,0,477
2021-08-08,A,1.5,11,0,477
2021-08-08,A,1.5,12,0,477
2021-08-08,A,2.0,4,3,3
2021-08-08,A,2.0,5,4,5
2021-08-08,A,2.0,6,4,5
2021-08-08,A,2.0,7,5,8
2021-08-08,A,2.0,8,6,10
2021-08-08,A,2.0,9,8,15
2021-08-08,A,2.0,10,12,39
2021-08-08,A,2.0,11,9,101
2021-08-08,A,2.0,12,5,181
2021-08-08,A,2.5,4,2,1
2021-08-08,A,2.5,5,2,2
2021-08-08,A,2.5,6,2,2
2021-08-08,A,2.5,7,3,4
2021-08-08,A,2.5,8,4,4
2021-08-08,A,2.5,9,5,4
2021-08-08,A,2.5,10,5,5
2021-08-08,A,2.5,11,5,7
2021-08-08,A,2.5,12,6,9
2021-08-08,A,3.0,4,2,1
2021-08-08,A,3.0,5,2,1
2021-08-08,A,3.0,6,2,1
2021-08-08,A,3.0,7,2,1
2021-08-08,A,3.0,8,3,2
2021-08-08,A,3.0,9,3,2
2021-08-08,A,3.0,10,3,2
2021-08-08,A,3.0,11,3,2
2021-08-08,A,3.0,12,3,3
2021-08-08,A,3.5,4,2,1
2021-08-08,A,3.5,5,2,1
2021-08-08,A,3.5,6,2,1
2021-08-08,A,3.5,7,2,1
2021-08-08,A,3.5,8,2,1
2021-08-08,A,3.5,9,2,1
2021-08-08,A,3.5,10,2,2
2021-08-08,A,3.5,11,2,2
2021-08-08,A,3.5,12,3,2
2021-08-08,A,4.0,4,2,1
2021-08-08,A,4.0,5,2,1
2021-08-08,A,4.0,6,2,1
2021-08-08,A,4.0,7,2,1
2021-08-08,A,4.0,8,2,1
2021-08-08,A,4.0,9,2,1
2021-08-08,A,4.0,10,2,1
2021-08-08,A,4.0,11,2,1
2021-08-08,A,4.0,12,2,1
2021-08-09,A,1.0,4,10,19
2021-08-09,A,1.0,5,11,54
2021-08-09,A,1.0,6,0,405
2021-08-09,A,1.0,7,0,405
2021-08-09,A,1.0,8,0,405
2021-08-09,A,1.0,9,0,405
2021-08-09,A,1.0,10,0,405
2021-08-09,A,1.0,11,0,405
2021-08-09,A,1.0,12,0,405
2021-08-09,A,1.5,4,6,10
2021-08-09,A,1.5,5,5,16
2021-08-09,A,1.5,6,6,22
2021-08-09,A,1.5,7,7,31
2021-08-09,A,1.5,8,8,42
2021-08-09,A,1.5,9,7,115
2021-08-09,A,1.5,10,0,405
2021-08-09,A,1.5,11,0,405
2021-08-09,A,1.5,12,0,405
2021-08-09,A,2.0,4,6,3
2021-08-09,A,2.0,5,5,11
2021-08-09,A,2.0,6,5,14
2021-08-09,A,2.0,7,5,18
2021-08-09,A,2.0,8,6,22
2021-08-09,A,2.0,9,6,31
2021-08-09,A,2.0,10,6,50
2021-08-09,A,2.0,11,6,79
2021-08-09,A,2.0,12,4,118
2021-08-09,A,2.5,4,6,1
2021-08-09,A,2.5,5,5,6
2021-08-09,A,2.5,6,5,8
2021-08-09,A,2.5,7,5,10
2021-08-09,A,2.5,8,5,10
2021-08-09,A,2.5,9,5,11
2021-08-09,A,2.5,10,5,14
2021-08-09,A,2.5,11,5,17
2021-08-09,A,2.5,12,5,35
2021-08-09,A,3.0,4,5,1
2021-08-09,A,3.0,5,5,1
2021-08-09,A,3.0,6,5,4
2021-08-09,A,3.0,7,5,6
2021-08-09,A,3.0,8,5,7
2021-08-09,A,3.0,9,5,7
2021-08-09,A,3.0,10,5,7
2021-08-09,A,3.0,11,5,7
2021-08-09,A,3.0,12,4,21
2021-08-09,A,3.5,4,5,1
2021-08-09,A,3.5,5,5,1
2021-08-09,A,3.5,6,5,1
2021-08-09,A,3.5,7,5,4
2021-08-09,A,3.5,8,5,4
2021-08-09,A,3.5,9,5,5
2021-08-09,A,3.5,10,5,6
2021-08-09,A,3.5,11,5,6
2021-08-09,A,3.5,12,5,6
2021-08-09,A,4.0,4,3,1
2021-08-09,A,4.0,5,3,1
2021-08-09,A,4.0,6,3,1
2021-08-09,A,4.0,7,3,1
2021-08-09,A,4.0,8,3,1
2021-08-09,A,4.0,9,4,2
2021-08-09,A,4.0,10,4,2
2021-08-09,A,4.0,11,4,2
2021-08-09,A,4.0,12,4,2
2021-08-28,A,1.0,4,7,22
2021-08-28,A,1.0,5,10,55
2021-08-28,A,1.0,6,0,388
2021-08-28,A,1.0,7,0,388
2021-08-28,A,1.0,8,0,388
2021-08-28,A,1.0,9,0,388
2021-08-28,A,1.0,10,0,388
2021-08-28,A,1.0,11,0,388
2021-08-28,A,1.0,12,0,388
2021-08-28,A,1.5,4,3,9
2021-08-28,A,1.5,5,5,11
2021-08-28,A,1.5,6,5,21
2021-08-28,A,1.5,7,4,37
2021-08-28,A,1.5,8,6,48
2021-08-28,A,1.5,9,6,101
2021-08-28,A,1.5,10,0,388
2021-08-28,A,1.5,11,0,388
2021-08-28,A,1.5,12,0,388
2021-08-28,A,2.0,4,4,2
2021-08-28,A,2.0,5,3,6
2021-08-28,A,2.0,6,4,13
2021-08-28,A,2.0,7,4,19
2021-08-28,A,2.0,8,3,29
2021-08-28,A,2.0,9,4,32
2021-08-28,A,2.0,10,5,40
2021-08-28,A,2.0,11,4,66
2021-08-28,A,2.0,12,5,91
2021-08-28,A,2.5,4,3,1
2021-08-28,A,2.5,5,2,5
2021-08-28,A,2.5,6,2,5
2021-08-28,A,2.5,7,3,5
2021-08-28,A,2.5,8,3,7
2021-08-28,A,2.5,9,3,16
2021-08-28,A,2.5,10,3,19
2021-08-28,A,2.5,11,3,23
2021-08-28,A,2.5,12,3,36
2021-08-28,A,3.0,4,3,1
2021-08-28,A,3.0,5,2,5
2021-08-28,A,3.0,6,2,5
2021-08-28,A,3.0,7,2,5
2021-08-28,A,3.0,8,2,5
2021-08-28,A,3.0,9,2,5
2021-08-28,A,3.0,10,3,14
2021-08-28,A,3.0,11,3,16
2021-08-28,A,3.0,12,3,17
2021-08-28,A,3.5,4,2,1
2021-08-28,A,3.5,5,1,5
2021-08-28,A,3.5,6,1,5
2021-08-28,A,3.5,7,1,5
2021-08-28,A,3.5,8,1,5
2021-08-28,A,3.5,9,1,5
2021-08-28,A,3.5,10,1,5
2021-08-28,A,3.5,11,1,6
2021-08-28,A,3.5,12,2,13
2021-08-28,A,4.0,4,2,0
2021-08-28,A,4.0,5,1,4
2021-08-28,A,4.0,6,1,4
2021-08-28,A,4.0,7,1,4
2021-08-28,A,4.0,8,1,4
2021-08-28,A,4.0,9,1,4
2021-08-28,A,4.0,10,1,4
2021-08-28,A,4.0,11,1,4
2021-08-28,A,4.0,12,1,4
2022-07-19,A,1.0,4,5,22
2022-07-19,A,1.0,5,4,53
2022-07-19,A,1.0,6,0,423
2022-07-19,A,1.0,7,0,423
2022-07-19,A,1.0,8,0,423
2022-07-19,A,1.0,9,0,423
2022-07-19,A,1.0,10,0,423
2022-07-19,A,1.0,11,0,423
2022-07-19,A,1.0,12,0,423
2022-07-19,A,1.5,4,3,10
2022-07-19,A,1.5,5,3,13
2022-07-19,A,1.5,6,4,16
2022-07-19,A,1.5,7,3,31
2022-07-19,A,1.5,8,3,39
2022-07-19,A,1.5,9,2,71
2022-07-19,A,1.5,10,0,423
2022-07-19,A,1.5,11,0,423
2022-07-19,A,1.5,12,0,423
2022-07-19,A,2.0,4,2,9
2022-07-19,A,2.0,5,2,9
2022-07-19,A,2.0,6,4,10
2022-07-19,A,2.0,7,3,16
2022-07-19,A,2.0,8,3,19
2022-07-19,A,2.0,9,3,26
2022-07-19,A,2.0,10,2,38
2022-07-19,A,2.0,11,2,42
2022-07-19,A,2.0,12,2,54
2022-07-19,A,2.5,4,2,6
2022-07-19,A,2.5,5,2,6
2022-07-19,A,2.5,6,2,7
2022-07-19,A,2.5,7,2,8
2022-07-19,A,2.5,8,2,8
2022-07-19,A,2.5,9,2,13
2022-07-19,A,2.5,10,2,14
2022-07-19,A,2.5,11,2,15
2022-07-19,A,2.5,12,3,16
2022-07-19,A,3.0,4,2,5
2022-07-19,A,3.0,5,2,5
2022-07-19,A,3.0,6,2,5
2022-07-19,A,3.0,7,2,6
2022-07-19,A,3.0,8,2,6
2022-07-19,A,3.0,9,2,6
2022-07-19,A,3.0,10,2,7
2022-07-19,A,3.0,11,2,9
2022-07-19,A,3.0,12,2,11
2022-07-19,A,3.5,4,2,5
2022-07-19,A,3.5,5,2,5
2022-07-19,A,3.5,6,2,5
2022-07-19,A,3.5,7,2,5
2022-07-19,A,3.5,8,2,5
2022-07-19,A,3.5,9,2,5
2022-07-19,A,3.5,10,2,5
2022-07-19,A,3.5,11,2,5
2022-07-19,A,3.5,12,2,6
2022-07-19,A,4.0,4,3,1
2022-07-19,A,4.0,5,2,4
2022-07-19,A,4.0,6,2,4
2022-07-19,A,4.0,7,2,4
2022-07-19,A,4.0,8,2,4
2022-07-19,A,4.0,9,2,4
2022-07-19,A,4.0,10,2,4
2022-07-19,A,4.0,11,2,4
2022-07-19,A,4.0,12,2,4
2022-07-20,A,1.0,4,6,22
2022-07-20,A,1.0,5,6,54
2022-07-20,A,1.0,6,0,437
2022-07-20,A,1.0,7,0,437
2022-07-20,A,1.0,8,0,437
2022-07-20,A,1.0,9,0,437
2022-07-20,A,1.0,10,0,437
2022-07-20,A,1.0,11,0,437
2022-07-20,A,1.0,12,0,437
2022-07-20,A,1.5,4,4,9
2022-07-20,A,1.5,5,5,13
2022-07-20,A,1.5,6,4,25
2022-07-20,A,1.5,7,3,38
2022-07-20,A,1.5,8,3,47
2022-07-20,A,1.5,9,3,75
2022-07-20,A,1.5,10,0,437
2022-07-20,A,1.5,11,0,437
2022-07-20,A,1.5,12,0,437
2022-07-20,A,2.0,4,4,8
2022-07-20,A,2.0,5,5,9
2022-07-20,A,2.0,6,5,10
2022-07-20,A,2.0,7,5,15
2022-07-20,A,2.0,8,3,30
2022-07-20,A,2.0,9,3,35
2022-07-20,A,2.0,10,2,44
2022-07-20,A,2.0,11,2,52
2022-07-20,A,2.0,12,2,59
2022-07-20,A,2.5,4,3,6
2022-07-20,A,2.5,5,3,6
2022-07-20,A,2.5,6,4,6
2022-07-20,A,2.5,7,4,8
2022-07-20,A,2.5,8,5,10
2022-07-20,A,2.5,9,3,26
2022-07-20,A,2.5,10,3,26
2022-07-20,A,2.5,11,3,27
2022-07-20,A,2.5,12,3,27
2022-07-20,A,3.0,4,3,5
2022-07-20,A,3.0,5,3,5
2022-07-20,A,3.0,6,3,5
2022-07-20,A,3.0,7,3,5
2022-07-20,A,3.0,8,4,6
2022-07-20,A,3.0,9,4,6
2022-07-20,A,3.0,10,3,20
2022-07-20,A,3.0,11,3,24
2022-07-20,A,3.0,12,3,24
2022-07-20,A,3.5,4,3,5
2022-07-20,A,3.5,5,3,5
2022-07-20,A,3.5,6,3,5
2022-07-20,A,3.5,7,3,5
2022-07-20,A,3.5,8,3,5
2022-07-20,A,3.5,9,3,5
2022-07-20,A,3.5,10,3,6
2022-07-20,A,3.5,11,2,16
2022-07-20,A,3.5,12,3,19
2022-07-20,A,4.0,4,4,1
2022-07-20,A,4.0,5,3,4
2022-07-20,A,4.0,6,3,4
2022-07-20,A,4.0,7,3,4
2022-07-20,A,4.0,8,3,4
2022-07-20,A,4.0,9,3,4
2022-07-20,A,4.0,10,3,4
2022-07-20,A,4.0,11,3,4
2022-07-20,A,4.0,12,2,15
2022-07-21,A,1.0,4,4,15
2022-07-21,A,1.0,5,8,43
2022-07-21,A,1.0,6,0,424
2022-07-21,A,1.0,7,0,424
2022-07-21,A,1.0,8,0,424
2022-07-21,A,1.0,9,0,424
2022-07-21,A,1.0,10,0,424
2022-07-21,A,1.0,11,0,424
2022-07-21,A,1.0,12,0,424
2022-07-21,A,1.5,4,4,7
2022-07-21,A,1.5,5,4,12
2022-07-21,A,1.5,6,4,15
2022-07-21,A,1.5,7,3,23
2022-07-21,A,1.5,8,4,33
2022-07-21,A,1.5,9,5,69
2022-07-21,A,1.5,10,0,424
2022-07-21,A,1.5,11,0,424
2022-07-21,A,1.5,12,0,424
2022-07-21,A,2.0,4,4,7
2022-07-21,A,2.0,5,4,7
2022-07-21,A,2.0,6,4,8
2022-07-21,A,2.0,7,3,16
2022-07-21,A,2.0,8,3,17
2022-07-21,A,2.0,9,3,23
2022-07-21,A,2.0,10,3,32
2022-07-21,A,2.0,11,3,37
2022-07-21,A,2.0,12,3,70
2022-07-21,A,2.5,4,3,4
2022-07-21,A,2.5,5,3,6
2022-07-21,A,2.5,6,4,6
2022-07-21,A,2.5,7,4,7
2022-07-21,A,2.5,8,3,14
2022-07-21,A,2.5,9,3,15
2022-07-21,A,2.5,10,3,15
2022-07-21,A,2.5,11,3,16
2022-07-21,A,2.5,12,3,18
2022-07-21,A,3.0,4,3,4
2022-07-21,A,3.0,5,3,5
2022-07-21,A,3.0,6,3,5
2022-07-21,A,3.0,7,3,5
2022-07-21,A,3.0,8,2,12
2022-07-21,A,3.0,9,3,12
2022-07-21,A,3.0,10,3,12
2022-07-21,A,3.0,11,3,14
2022-07-21,A,3.0,12,3,14
2022-07-21,A,3.5,4,3,3
2022-07-21,A,3.5,5,3,3
2022-07-21,A,3.5,6,3,3
2022-07-21,A,3.5,7,3,3
2022-07-21,A,3.5,8,2,10
2022-07-21,A,3.5,9,2,10
2022-07-21,A,3.5,10,2,10
2022-07-21,A,3.5,11,2,10
2022-07-21,A,3.5,12,2,11
2022-07-21,A,4.0,4,3,2
2022-07-21,A,4.0,5,3,2
2022-07-21,A,4.0,6,3,3
2022-07-21,A,4.0,7,3,3
2022-07-21,A,4.0,8,2,10
2022-07-21,A,4.0,9,2,10
2022-07-21,A,4.0,10,2,10
2022-07-21,A,4.0,11,2,10
2022-07-21,A,4.0,12,2,10
2022-07-22,A,1.0,4,4,15
2022-07-22,A,1.0,5,5,41
2022-07-22,A,1.0,6,0,433
2022-07-22,A,1.0,7,0,433
2022-07-22,A,1.0,8,0,433
2022-07-22,A,1.0,9,0,433
2022-07-22,A,1.0,10,0,433
2022-07-22,A,1.0,11,0,433
2022-07-22,A,1.0,12,0,433
2022-07-22,A,1.5,4,3,8
2022-07-22,A,1.5,5,4,9
2022-07-22,A,1.5,6,4,15
2022-07-22,A,1.5,7,4,18
2022-07-22,A,1.5,8,3,31
2022-07-22,A,1.5,9,3,57
2022-07-22,A,1.5,10,0,433
2022-07-22,A,1.5,11,0,433
2022-07-22,A,1.5,12,0,433
2022-07-22,A,2.0,4,3,7
2022-07-22,A,2.0,5,3,7
2022-07-22,A,2.0,6,4,8
2022-07-22,A,2.0,7,3,13
2022-07-22,A,2.0,8,4,14
2022-07-22,A,2.0,9,3,23
2022-07-22,A,2.0,10,3,24
2022-07-22,A,2.0,11,3,31
2022-07-22,A,2.0,12,3,46
2022-07-22,A,2.5,4,3,7
2022-07-22,A,2.5,5,3,7
2022-07-22,A,2.5,6,3,7
2022-07-22,A,2.5,7,3,9
2022-07-22,A,2.5,8,3,10
2022-07-22,A,2.5,9,3,12
2022-07-22,A,2.5,10,2,21
2022-07-22,A,2.5,11,2,21
2022-07-22,A,2.5,12,3,22
2022-07-22,A,3.0,4,3,7
2022-07-22,A,3.0,5,3,7
2022-07-22,A,3.0,6,3,7
2022-07-22,A,3.0,7,3,7
2022-07-22,A,3.0,8,3,8
2022-07-22,A,3.0,9,3,8
2022-07-22,A,3.0,10,2,18
2022-07-22,A,3.0,11,2,20
2022-07-22,A,3.0,12,2,20
2022-07-22,A,3.5,4,3,4
2022-07-22,A,3.5,5,3,6
2022-07-22,A,3.5,6,3,6
2022-07-22,A,3.5,7,3,6
2022-07-22,A,3.5,8,3,6
2022-07-22,A,3.5,9,3,6
2022-07-22,A,3.5,10,2,16
2022-07-22,A,3.5,11,2,16
2022-07-22,A,3.5,12,2,16
2022-07-22,A,4.0,4,3,3
2022-07-22,A,4.0,5,3,3
2022-07-22,A,4.0,6,3,4
2022-07-22,A,4.0,7,3,4
2022-07-22,A,4.0,8,3,4
2022-07-22,A,4.0,9,3,4
2022-07-22,A,4.0,10,2,14
2022-07-22,A,4.0,11,2,14
2022-07-22,A,4.0,12,2,15
2022-07-23,A,1.0,4,6,4
2022-07-23,A,1.0,5,4,31
2022-07-23,A,1.0,6,0,373
2022-07-23,A,1.0,7,0,373
2022-07-23,A,1.0,8,0,373
2022-07-23,A,1.0,9,0,373
2022-07-23,A,1.0,10,0,373
2022-07-23,A,1.0,11,0,373
2022-07-23,A,1.0,12,0,373
2022-07-23,A,1.5,4,5,3
2022-07-23,A,1.5,5,5,3
2022-07-23,A,1.5,6,5,3
2022-07-23,A,1.5,7,4,11
2022-07-23,A,1.5,8,4,21
2022-07-23,A,1.5,9,3,43
2022-07-23,A,1.5,10,0,373
2022-07-23,A,1.5,11,0,373
2022-07-23,A,1.5,12,0,373
2022-07-23,A,2.0,4,5,3
2022-07-23,A,2.0,5,5,3
2022-07-23,A,2.0,6,5,3
2022-07-23,A,2.0,7,4,9
2022-07-23,A,2.0,8,4,9
2022-07-23,A,2.0,9,4,11
2022-07-23,A,2.0,10,3,23
2022-07-23,A,2.0,11,3,25
2022-07-23,A,2.0,12,3,41
2022-07-23,A,2.5,4,4,2
2022-07-23,A,2.5,5,4,2
2022-07-23,A,2.5,6,4,2
2022-07-23,A,2.5,7,4,7
2022-07-23,A,2.5,8,4,8
2022-07-23,A,2.5,9,4,8
2022-07-23,A,2.5,10,4,8
2022-07-23,A,2.5,11,4,8
2022-07-23,A,2.5,12,4,8
2022-07-23,A,3.0,4,4,2
2022-07-23,A,3.0,5,4,2
2022-07-23,A,3.0,6,4,2
2022-07-23,A,3.0,7,4,2
2022-07-23,A,3.0,8,4,2
2022-07-23,A,3.0,9,4,7
2022-07-23,A,3.0,10,4,8
2022-07-23,A,3.0,11,4,8
2022-07-23,A,3.0,12,4,8
2022-07-23,A,3.5,4,2,1
2022-07-23,A,3.5,5,2,1
2022-07-23,A,3.5,6,2,1
2022-07-23,A,3.5,7,2,1
2022-07-23,A,3.5,8,3,1
2022-07-23,A,3.5,9,4,1
2022-07-23,A,3.5,10,4,4
2022-07-23,A,3.5,11,4,4
2022-07-23,A,3.5,12,4,5
2022-07-23,A,4.0,4,2,0
2022-07-23,A,4.0,5,2,1
2022-07-23,A,4.0,6,2,1
2022-07-23,A,4.0,7,2,1
2022-07-23,A,4.0,8,2,1
2022-07-23,A,4.0,9,2,1
2022-07-23,A,4.0,10,3,1
2022-07-23,A,4.0,11,3,2
2022-07-23,A,4.0,12,3,2
2023-07-12,A,1.0,4,9,31
2023-07-12,A,1.0,5,16,80
2023-07-12,A,1.0,6,0,378
2023-07-12,A,1.0,7,0,378
2023-07-12,A,1.0,8,0,378
2023-07-12,A,1.0,9,0,378
2023-07-12,A,1.0,10,0,378
2023-07-12,A,1.0,11,0,378
2023-07-12,A,1.0,12,0,378
2023-07-12,A,1.5,4,5,15
2023-07-12,A,1.5,5,7,21
2023-07-12,A,1.5,6,8,23
2023-07-12,A,1.5,7,8,40
2023-07-12,A,1.5,8,9,64
2023-07-12,A,1.5,9,5,123
2023-07-12,A,1.5,10,0,378
2023-07-12,A,1.5,11,0,378
2023-07-12,A,1.5,12,0,378
2023-07-12,A,2.0,4,4,6
2023-07-12,A,2.0,5,4,10
2023-07-12,A,2.0,6,5,12
2023-07-12,A,2.0,7,5,15
2023-07-12,A,2.0,8,6,25
2023-07-12,A,2.0,9,5,39
2023-07-12,A,2.0,10,5,69
2023-07-12,A,2.0,11,5,99
2023-07-12,A,2.0,12,4,133
2023-07-12,A,2.5,4,4,5
2023-07-12,A,2.5,5,4,5
2023-07-12,A,2.5,6,4,6
2023-07-12,A,2.5,7,4,6
2023-07-12,A,2.5,8,4,9
2023-07-12,A,2.5,9,4,10
2023-07-12,A,2.5,10,5,16
2023-07-12,A,2.5,11,4,28
2023-07-12,A,2.5,12,4,29
2023-07-12,A,3.0,4,3,3
2023-07-12,A,3.0,5,4,3
2023-07-12,A,3.0,6,4,3
2023-07-12,A,3.0,7,4,4
2023-07-12,A,3.0,8,4,4
2023-07-12,A,3.0,9,4,4
2023-07-12,A,3.0,10,4,5
2023-07-12,A,3.0,11,4,6
2023-07-12,A,3.0,12,4,7
2023-07-12,A,3.5,4,3,3
2023-07-12,A,3.5,5,3,3
2023-07-12,A,3.5,6,3,3
2023-07-12,A,3.5,7,4,3
2023-07-12,A,3.5,8,4,3
2023-07-12,A,3.5,9,4,3
2023-07-12,A,3.5,10,4,3
2023-07-12,A,3.5,11,4,3
2023-07-12,A,3.5,12,4,3
2023-07-12,A,4.0,4,2,3
2023-07-12,A,4.0,5,2,3
2023-07-12,A,4.0,6,2,3
2023-07-12,A,4.0,7,3,3
2023-07-12,A,4.0,8,3,3
2023-07-12,A,4.0,9,3,3
2023-07-12,A,4.0,10,3,3
2023-07-12,A,4.0,11,3,3
2023-07-12,A,4.0,12,3,3
2023-07-15,A,1.0,4,8,35
2023-07-15,A,1.0,5,6,69
2023-07-15,A,1.0,6,0,451
2023-07-15,A,1.0,7,0,451
2023-07-15,A,1.0,8,0,451
2023-07-15,A,1.0,9,0,451
2023-07-15,A,1.0,10,0,451
2023-07-15,A,1.0,11,0,451
2023-07-15,A,1.0,12,0,451
2023-07-15,A,1.5,4,4,21
2023-07-15,A,1.5,5,3,28
2023-07-15,A,1.5,6,4,36
2023-07-15,A,1.5,7,4,51
2023-07-15,A,1.5,8,3,68
2023-07-15,A,1.5,9,2,108
2023-07-15,A,1.5,10,0,451
2023-07-15,A,1.5,11,0,451
2023-07-15,A,1.5,12,0,451
2023-07-15,A,2.0,4,3,14
2023-07-15,A,2.0,5,2,24
2023-07-15,A,2.0,6,2,26
2023-07-15,A,2.0,7,2,28
2023-07-15,A,2.0,8,2,40
2023-07-15,A,2.0,9,3,58
2023-07-15,A,2.0,10,2,72
2023-07-15,A,2.0,11,2,79
2023-07-15,A,2.0,12,2,97
2023-07-15,A,2.5,4,2,8
2023-07-15,A,2.5,5,2,9
2023-07-15,A,2.5,6,3,15
2023-07-15,A,2.5,7,2,24
2023-07-15,A,2.5,8,2,24
2023-07-15,A,2.5,9,2,25
2023-07-15,A,2.5,10,2,27
2023-07-15,A,2.5,11,2,33
2023-07-15,A,2.5,12,2,44
2023-07-15,A,3.0,4,2,7
2023-07-15,A,3.0,5,2,7
2023-07-15,A,3.0,6,2,7
2023-07-15,A,3.0,7,2,8
2023-07-15,A,3.0,8,1,16
2023-07-15,A,3.0,9,1,17
2023-07-15,A,3.0,10,1,19
2023-07-15,A,3.0,11,1,20
2023-07-15,A,3.0,12,1,21
2023-07-15,A,3.5,4,2,7
2023-07-15,A,3.5,5,2,7
2023-07-15,A,3.5,6,2,7
2023-07-15,A,3.5,7,2,7
2023-07-15,A,3.5,8,1,14
2023-07-15,A,3.5,9,1,15
2023-07-15,A,3.5,10,1,16
2023-07-15,A,3.5,11,1,17
2023-07-15,A,3.5,12,1,17
2023-07-15,A,4.0,4,3,3
2023-07-15,A,4.0,5,2,7
2023-07-15,A,4.0,6,2,7
2023-07-15,A,4.0,7,2,7
2023-07-15,A,4.0,8,1,14
2023-07-15,A,4.0,9,1,14
2023-07-15,A,4.0,10,1,14
2023-07-15,A,4.0,11,1,14
2023-07-15,A,4.0,12,1,14
2023-07-16,A,1.0,4,6,31
2023-07-16,A,1.0,5,8,63
2023-07-16,A,1.0,6,0,491
2023-07-16,A,1.0,7,0,491
2023-07-16,A,1.0,8,0,491
2023-07-16,A,1.0,9,0,491
2023-07-16,A,1.0,10,0,491
2023-07-16,A,1.0,11,0,491
2023-07-16,A,1.0,12,0,491
2023-07-16,A,1.5,4,4,21
2023-07-16,A,1.5,5,2,31
2023-07-16,A,1.5,6,4,32
2023-07-16,A,1.5,7,3,41
2023-07-16,A,1.5,8,3,59
2023-07-16,A,1.5,9,2,106
2023-07-16,A,1.5,10,0,491
2023-07-16,A,1.5,11,0,491
2023-07-16,A,1.5,12,0,491
2023-07-16,A,2.0,4,3,13
2023-07-16,A,2.0,5,1,25
2023-07-16,A,2.0,6,1,28
2023-07-16,A,2.0,7,1,35
2023-07-16,A,2.0,8,3,36
2023-07-16,A,2.0,9,3,39
2023-07-16,A,2.0,10,3,49
2023-07-16,A,2.0,11,2,69
2023-07-16,A,2.0,12,2,97
2023-07-16,A,2.5,4,3,6
2023-07-16,A,2.5,5,2,11
2023-07-16,A,2.5,6,2,14
2023-07-16,A,2.5,7,1,24
2023-07-16,A,2.5,8,1,25
2023-07-16,A,2.5,9,1,30
2023-07-16,A,2.5,10,1,30
2023-07-16,A,2.5,11,1,32
2023-07-16,A,2.5,12,1,33
2023-07-16,A,3.0,4,3,3
2023-07-16,A,3.0,5,2,7
2023-07-16,A,3.0,6,2,8
2023-07-16,A,3.0,7,2,8
2023-07-16,A,3.0,8,1,15
2023-07-16,A,3.0,9,1,16
2023-07-16,A,3.0,10,1,20
2023-07-16,A,3.0,11,1,22
2023-07-16,A,3.0,12,1,23
2023-07-16,A,3.5,4,3,2
2023-07-16,A,3.5,5,2,6
2023-07-16,A,3.5,6,2,7
2023-07-16,A,3.5,7,2,7
2023-07-16,A,3.5,8,1,15
2023-07-16,A,3.5,9,1,15
2023-07-16,A,3.5,10,1,15
2023-07-16,A,3.5,11,1,15
2023-07-16,A,3.5,12,1,16
2023-07-16,A,4.0,4,2,2
2023-07-16,A,4.0,5,2,2
2023-07-16,A,4.0,6,2,5
2023-07-16,A,4.0,7,2,5
2023-07-16,A,4.0,8,2,6
2023-07-16,A,4.0,9,1,14
2023-07-16,A,4.0,10,1,14
2023-07-16,A,4.0,11,1,14
2023-07-16,A,4.0,12,1,14
2023-07-17,A,1.0,4,7,23
2023-07-17,A,1.0,5,14,70
2023-07-17,A,1.0,6,0,547
2023-07-17,A,1.0,7,0,547
2023-07-17,A,1.0,8,0,547
2023-07-17,A,1.0,9,0,547
2023-07-17,A,1.0,10,0,547
2023-07-17,A,1.0,11,0,547
2023-07-17,A,1.0,12,0,547
2023-07-17,A,1.5,4,5,14
2023-07-17,A,1.5,5,4,19
2023-07-17,A,1.5,6,6,21
2023-07-17,A,1.5,7,4,40
2023-07-17,A,1.5,8,6,66
2023-07-17,A,1.5,9,5,126
2023-07-17,A,1.5,10,0,547
2023-07-17,A,1.5,11,0,547
2023-07-17,A,1.5,12,0,547
2023-07-17,A,2.0,4,4,6
2023-07-17,A,2.0,5,3,11
2023-07-17,A,2.0,6,3,11
2023-07-17,A,2.0,7,3,23
2023-07-17,A,2.0,8,3,26
2023-07-17,A,2.0,9,3,38
2023-07-17,A,2.0,10,4,63
2023-07-17,A,2.0,11,4,82
2023-07-17,A,2.0,12,3,115
2023-07-17,A,2.5,4,3,0
2023-07-17,A,2.5,5,2,5
2023-07-17,A,2.5,6,2,10
2023-07-17,A,2.5,7,2,10
2023-07-17,A,2.5,8,2,17
2023-07-17,A,2.5,9,2,20
2023-07-17,A,2.5,10,2,22
2023-07-17,A,2.5,11,2,27
2023-07-17,A,2.5,12,2,30
2023-07-17,A,3.0,4,3,0
2023-07-17,A,3.0,5,2,4
2023-07-17,A,3.0,6,2,4
2023-07-17,A,3.0,7,2,4
2023-07-17,A,3.0,8,2,4
2023-07-17,A,3.0,9,2,5
2023-07-17,A,3.0,10,2,9
2023-07-17,A,3.0,11,2,10
2023-07-17,A,3.0,12,2,11
2023-07-17,A,3.5,4,3,0
2023-07-17,A,3.5,5,2,4
2023-07-17,A,3.5,6,2,4
2023-07-17,A,3.5,7,2,4
2023-07-17,A,3.5,8,2,4
2023-07-17,A,3.5,9,2,4
2023-07-17,A,3.5,10,2,4
2023-07-17,A,3.5,11,2,7
2023-07-17,A,3.5,12,2,7
2023-07-17,A,4.0,4,3,0
2023-07-17,A,4.0,5,2,4
2023-07-17,A,4.0,6,2,4
2023-07-17,A,4.0,7,2,4
2023-07-17,A,4.0,8,2,4
2023-07-17,A,4.0,9,2,4
2023-07-17,A,4.0,10,2,4
2023-07-17,A,4.0,11,2,4
2023-07-17,A,4.0,12,2,4
2023-07-18,A,1.0,4,7,16
2023-07-18,A,1.0,5,9,73
2023-07-18,A,1.0,6,0,563
2023-07-18,A,1.0,7,0,563
2023-07-18,A,1.0,8,0,563
2023-07-18,A,1.0,9,0,563
2023-07-18,A,1.0,10,0,563
2023-07-18,A,1.0,11,0,563
2023-07-18,A,1.0,12,0,563
2023-07-18,A,1.5,4,5,8
2023-07-18,A,1.5,5,6,12
2023-07-18,A,1.5,6,5,19
2023-07-18,A,1.5,7,4,35
2023-07-18,A,1.5,8,5,53
2023-07-18,A,1.5,9,8,104
2023-07-18,A,1.5,10,0,563
2023-07-18,A,1.5,11,0,563
2023-07-18,A,1.5,12,0,563
2023-07-18,A,2.0,4,3,6
2023-07-18,A,2.0,5,3,6
2023-07-18,A,2.0,6,3,7
2023-07-18,A,2.0,7,6,9
2023-07-18,A,2.0,8,4,23
2023-07-18,A,2.0,9,4,29
2023-07-18,A,2.0,10,4,39
2023-07-18,A,2.0,11,4,51
2023-07-18,A,2.0,12,5,94
2023-07-18,A,2.5,4,3,1
2023-07-18,A,2.5,5,2,6
2023-07-18,A,2.5,6,2,6
2023-07-18,A,2.5,7,2,6
2023-07-18,A,2.5,8,2,11
2023-07-18,A,2.5,9,3,13
2023-07-18,A,2.5,10,4,13
2023-07-18,A,2.5,11,4,18
2023-07-18,A,2.5,12,4,18
2023-07-18,A,3.0,4,2,0
2023-07-18,A,3.0,5,1,4
2023-07-18,A,3.0,6,1,4
2023-07-18,A,3.0,7,1,4
2023-07-18,A,3.0,8,2,4
2023-07-18,A,3.0,9,2,5
2023-07-18,A,3.0,10,2,5
2023-07-18,A,3.0,11,2,5
2023-07-18,A,3.0,12,3,8
2023-07-18,A,3.5,4,2,0
2023-07-18,A,3.5,5,1,4
2023-07-18,A,3.5,6,1,4
2023-07-18,A,3.5,7,1,4
2023-07-18,A,3.5,8,1,4
2023-07-18,A,3.5,9,1,4
2023-07-18,A,3.5,10,2,4
2023-07-18,A,3.5,11,2,4
2023-07-18,A,3.5,12,2,4
2023-07-18,A,4.0,4,2,0
2023-07-18,A,4.0,5,1,4
2023-07-18,A,4.0,6,1,4
2023-07-18,A,4.0,7,1,4
2023-07-18,A,4.0,8,1,4
2023-07-18,A,4.0,9,1,4
2023-07-18,A,4.0,10,1,4
2023-07-18,A,4.0,11,1,4
2023-07-18,A,4.0,12,1,4
2023-07-19,A,1.0,4,5,24
2023-07-19,A,1.0,5,11,76
2023-07-19,A,1.0,6,0,586
2023-07-19,A,1.0,7,0,586
2023-07-19,A,1.0,8,0,586
2023-07-19,A,1.0,9,0,586
2023-07-19,A,1.0,10,0,586
2023-07-19,A,1.0,11,0,586
2023-07-19,A,1.0,12,0,586
2023-07-19,A,1.5,4,3,6
2023-07-19,A,1.5,5,4,14
2023-07-19,A,1.5,6,4,19
2023-07-19,A,1.5,7,4,34
2023-07-19,A,1.5,8,7,45
2023-07-19,A,1.5,9,9,107
2023-07-19,A,1.5,10,0,586
2023-07-19,A,1.5,11,0,586
2023-07-19,A,1.5,12,0,586
2023-07-19,A,2.0,4,3,2
2023-07-19,A,2.0,5,3,3
2023-07-19,A,2.0,6,3,4
2023-07-19,A,2.0,7,4,9
2023-07-19,A,2.0,8,4,15
2023-07-19,A,2.0,9,4,23
2023-07-19,A,2.0,10,4,35
2023-07-19,A,2.0,11,5,47
2023-07-19,A,2.0,12,4,116
2023-07-19,A,2.5,4,1,2
2023-07-19,A,2.5,5,1,2
2023-07-19,A,2.5,6,2,2
2023-07-19,A,2.5,7,2,3
2023-07-19,A,2.5,8,2,4
2023-07-19,A,2.5,9,3,5
2023-07-19,A,2.5,10,4,7
2023-07-19,A,2.5,11,4,9
2023-07-19,A,2.5,12,4,12
2023-07-19,A,3.0,4,1,2
2023-07-19,A,3.0,5,1,2
2023-07-19,A,3.0,6,1,2
2023-07-19,A,3.0,7,1,2
2023-07-19,A,3.0,8,1,2
2023-07-19,A,3.0,9,1,2
2023-07-19,A,3.0,10,2,3
2023-07-19,A,3.0,11,2,3
2023-07-19,A,3.0,12,3,3
2023-07-19,A,3.5,4,1,2
2023-07-19,A,3.5,5,1,2
2023-07-19,A,3.5,6,1,2
2023-07-19,A,3.5,7,1,2
2023-07-19,A,3.5,8,1,2
2023-07-19,A,3.5,9,1,2
2023-07-19,A,3.5,10,1,2
2023-07-19,A,3.5,11,1,2
2023-07-19,A,3.5,12,1,2
2023-07-19,A,4.0,4,1,2
2023-07-19,A,4.0,5,1,2
2023-07-19,A,4.0,6,1,2
2023-07-19,A,4.0,7,1,2
2023-07-19,A,4.0,8,1,2
2023-07-19,A,4.0,9,1,2
2023-07-19,A,4.0,10,1,2
2023-07-19,A,4.0,11,1,2
2023-07-19,A,4.0,12,1,2
2023-07-20,A,1.0,4,13,16
2023-07-20,A,1.0,5,14,74
2023-07-20,A,1.0,6,0,629
2023-07-20,A,1.0,7,0,629
2023-07-20,A,1.0,8,0,629
2023-07-20,A,1.0,9,0,629
2023-07-20,A,1.0,10,0,629
2023-07-20,A,1.0,11,0,629
2023-07-20,A,1.0,12,0,629
2023-07-20,A,1.5,4,3,1
2023-07-20,A,1.5,5,4,3
2023-07-20,A,1.5,6,5,14
2023-07-20,A,1.5,7,7,27
2023-07-20,A,1.5,8,6,69
2023-07-20,A,1.5,9,6,139
2023-07-20,A,1.5,10,0,629
2023-07-20,A,1.5,11,0,629
2023-07-20,A,1.5,12,0,629
2023-07-20,A,2.0,4,3,0
2023-07-20,A,2.0,5,3,0
2023-07-20,A,2.0,6,3,1
2023-07-20,A,2.0,7,3,6
2023-07-20,A,2.0,8,4,8
2023-07-20,A,2.0,9,5,26
2023-07-20,A,2.0,10,5,39
2023-07-20,A,2.0,11,6,69
2023-07-20,A,2.0,12,4,122
2023-07-20,A,2.5,4,1,0
2023-07-20,A,2.5,5,1,0
2023-07-20,A,2.5,6,1,0
2023-07-20,A,2.5,7,2,0
2023-07-20,A,2.5,8,2,0
2023-07-20,A,2.5,9,2,1
2023-07-20,A,2.5,10,3,5
2023-07-20,A,2.5,11,3,6
2023-07-20,A,2.5,12,3,14
2023-07-20,A,3.0,4,1,0
2023-07-20,A,3.0,5,1,0
2023-07-20,A,3.0,6,1,0
2023-07-20,A,3.0,7,1,0
2023-07-20,A,3.0,8,1,0
2023-07-20,A,3.0,9,1,0
2023-07-20,A,3.0,10,1,0
2023-07-20,A,3.0,11,2,0
2023-07-20,A,3.0,12,2,0
2023-07-20,A,3.5,4,1,0
2023-07-20,A,3.5,5,1,0
2023-07-20,A,3.5,6,1,0
2023-07-20,A,3.5,7,1,0
2023-07-20,A,3.5,8,1,0
2023-07-20,A,3.5,9,1,0
2023-07-20,A,3.5,10,1,0
2023-07-20,A,3.5,11,1,0
2023-07-20,A,3.5,12,1,0
2023-07-20,A,4.0,4,1,0
2023-07-20,A,4.0,5,1,0
2023-07-20,A,4.0,6,1,0
2023-07-20,A,4.0,7,1,0
2023-07-20,A,4.0,8,1,0
2023-07-20,A,4.0,9,1,0
2023-07-20,A,4.0,10,1,0
2023-07-20,A,4.0,11,1,0
2023-07-20,A,4.0,12,1,0
2023-07-21,A,1.0,4,9,24
2023-07-21,A,1.0,5,14,83
2023-07-21,A,1.0,6,0,662
2023-07-21,A,1.0,7,0,662
2023-07-21,A,1.0,8,0,662
2023-07-21,A,1.0,9,0,662
2023-07-21,A,1.0,10,0,662
2023-07-21,A,1.0,11,0,662
2023-07-21,A,1.0,12,0,662
2023-07-21,A,1.5,4,4,4
2023-07-21,A,1.5,5,4,6
2023-07-21,A,1.5,6,5,12
2023-07-21,A,1.5,7,7,30
2023-07-21,A,1.5,8,6,91
2023-07-21,A,1.5,9,7,146
2023-07-21,A,1.5,10,0,662
2023-07-21,A,1.5,11,0,662
2023-07-21,A,1.5,12,0,662
2023-07-21,A,2.0,4,3,3
2023-07-21,A,2.0,5,3,4
2023-07-21,A,2.0,6,3,5
2023-07-21,A,2.0,7,4,7
2023-07-21,A,2.0,8,4,11
2023-07-21,A,2.0,9,4,26
2023-07-21,A,2.0,10,5,47
2023-07-21,A,2.0,11,6,86
2023-07-21,A,2.0,12,5,127
2023-07-21,A,2.5,4,3,2
2023-07-21,A,2.5,5,3,2
2023-07-21,A,2.5,6,3,2
2023-07-21,A,2.5,7,3,2
2023-07-21,A,2.5,8,3,3
2023-07-21,A,2.5,9,3,3
2023-07-21,A,2.5,10,3,3
2023-07-21,A,2.5,11,3,12
2023-07-21,A,2.5,12,3,18
2023-07-21,A,3.0,4,2,2
2023-07-21,A,3.0,5,2,2
2023-07-21,A,3.0,6,2,2
2023-07-21,A,3.0,7,2,2
2023-07-21,A,3.0,8,2,2
2023-07-21,A,3.0,9,3,2
2023-07-21,A,3.0,10,3,2
2023-07-21,A,3.0,11,3,2
2023-07-21,A,3.0,12,3,6
2023-07-21,A,3.5,4,1,2
2023-07-21,A,3.5,5,1,2
2023-07-21,A,3.5,6,1,2
2023-07-21,A,3.5,7,1,2
2023-07-21,A,3.5,8,1,2
2023-07-21,A,3.5,9,1,2
2023-07-21,A,3.5,10,1,2
2023-07-21,A,3.5,11,1,2
2023-07-21,A,3.5,12,2,2
2023-07-21,A,4.0,4,1,2
2023-07-21,A,4.0,5,1,2
2023-07-21,A,4.0,6,1,2
2023-07-21,A,4.0,7,1,2
2023-07-21,A,4.0,8,1,2
2023-07-21,A,4.0,9,1,2
2023-07-21,A,4.0,10,1,2
2023-07-21,A,4.0,11,1,2
2023-07-21,A,4.0,12,1,2
2023-07-22,A,1.0,4,11,31
2023-07-22,A,1.0,5,11,103
2023-07-22,A,1.0,6,0,719
2023-07-22,A,1.0,7,0,719
2023-07-22,A,1.0,8,0,719
2023-07-22,A,1.0,9,0,719
2023-07-22,A,1.0,10,0,719
2023-07-22,A,1.0,11,0,719
2023-07-22,A,1.0,12,0,719
2023-07-22,A,1.5,4,6,6
2023-07-22,A,1.5,5,7,13
2023-07-22,A,1.5,6,7,19
2023-07-22,A,1.5,7,9,35
2023-07-22,A,1.5,8,7,92
2023-07-22,A,1.5,9,6,154
2023-07-22,A,1.5,10,0,719
2023-07-22,A,1.5,11,0,719
2023-07-22,A,1.5,12,0,719
2023-07-22,A,2.0,4,4,3
2023-07-22,A,2.0,5,4,3
2023-07-22,A,2.0,6,5,8
2023-07-22,A,2.0,7,6,14
2023-07-22,A,2.0,8,5,34
2023-07-22,A,2.0,9,4,52
2023-07-22,A,2.0,10,4,58
2023-07-22,A,2.0,11,6,98
2023-07-22,A,2.0,12,6,118
2023-07-22,A,2.5,4,4,3
2023-07-22,A,2.5,5,4,3
2023-07-22,A,2.5,6,4,3
2023-07-22,A,2.5,7,4,3
2023-07-22,A,2.5,8,4,5
2023-07-22,A,2.5,9,5,5
2023-07-22,A,2.5,10,5,19
2023-07-22,A,2.5,11,4,29
2023-07-22,A,2.5,12,4,35
2023-07-22,A,3.0,4,3,3
2023-07-22,A,3.0,5,3,3
2023-07-22,A,3.0,6,3,3
2023-07-22,A,3.0,7,4,3
2023-07-22,A,3.0,8,4,3
2023-07-22,A,3.0,9,4,4
2023-07-22,A,3.0,10,3,13
2023-07-22,A,3.0,11,3,13
2023-07-22,A,3.0,12,3,15
2023-07-22,A,3.5,4,3,3
2023-07-22,A,3.5,5,3,3
2023-07-22,A,3.5,6,3,3
2023-07-22,A,3.5,7,3,3
2023-07-22,A,3.5,8,3,3
2023-07-22,A,3.5,9,3,3
2023-07-22,A,3.5,10,3,12
2023-07-22,A,3.5,11,3,12
2023-07-22,A,3.5,12,3,12
2023-07-22,A,4.0,4,3,1
2023-07-22,A,4.0,5,3,1
2023-07-22,A,4.0,6,3,1
2023-07-22,A,4.0,7,3,1
2023-07-22,A,4.0,8,3,1
2023-07-22,A,4.0,9,3,1
2023-07-22,A,4.0,10,2,10
2023-07-22,A,4.0,11,2,10
2023-07-22,A,4.0,12,2,10
2023-07-23,A,1.0,4,4,30
2023-07-23,A,1.0,5,10,75
2023-07-23,A,1.0,6,0,708
2023-07-23,A,1.0,7,0,708
2023-07-23,A,1.0,8,0,708
2023-07-23,A,1.0,9,0,708
2023-07-23,A,1.0,10,0,708
2023-07-23,A,1.0,11,0,708
2023-07-23,A,1.0,12,0,708
2023-07-23,A,1.5,4,5,10
2023-07-23,A,1.5,5,3,20
2023-07-23,A,1.5,6,3,25
2023-07-23,A,1.5,7,3,32
2023-07-23,A,1.5,8,6,60
2023-07-23,A,1.5,9,4,122
2023-07-23,A,1.5,10,0,708
2023-07-23,A,1.5,11,0,708
2023-07-23,A,1.5,12,0,708
2023-07-23,A,2.0,4,4,8
2023-07-23,A,2.0,5,3,12
2023-07-23,A,2.0,6,3,17
2023-07-23,A,2.0,7,3,18
2023-07-23,A,2.0,8,2,28
2023-07-23,A,2.0,9,2,34
2023-07-23,A,2.0,10,3,43
2023-07-23,A,2.0,11,3,59
2023-07-23,A,2.0,12,5,89
2023-07-23,A,2.5,4,2,8
2023-07-23,A,2.5,5,1,12
2023-07-23,A,2.5,6,2,12
2023-07-23,A,2.5,7,2,12
2023-07-23,A,2.5,8,3,14
2023-07-23,A,2.5,9,2,22
2023-07-23,A,2.5,10,2,26
2023-07-23,A,2.5,11,2,27
2023-07-23,A,2.5,12,2,28
2023-07-23,A,3.0,4,2,4
2023-07-23,A,3.0,5,2,6
2023-07-23,A,3.0,6,1,11
2023-07-23,A,3.0,7,1,11
2023-07-23,A,3.0,8,1,11
2023-07-23,A,3.0,9,2,11
2023-07-23,A,3.0,10,3,12
2023-07-23,A,3.0,11,2,18
2023-07-23,A,3.0,12,2,18
2023-07-23,A,3.5,4,2,4
2023-07-23,A,3.5,5,2,4
2023-07-23,A,3.5,6,2,5
2023-07-23,A,3.5,7,1,11
2023-07-23,A,3.5,8,1,11
2023-07-23,A,3.5,9,1,11
2023-07-23,A,3.5,10,1,11
2023-07-23,A,3.5,11,1,11
2023-07-23,A,3.5,12,1,12
2023-07-23,A,4.0,4,2,2
2023-07-23,A,4.0,5,2,3
2023-07-23,A,4.0,6,2,3
2023-07-23,A,4.0,7,2,4
2023-07-23,A,4.0,8,1,11
2023-07-23,A,4.0,9,1,11
2023-07-23,A,4.0,10,1,11
2023-07-23,A,4.0,11,1,11
2023-07-23,A,4.0,12,1,11
2023-07-24,A,1.0,4,3,20
2023-07-24,A,1.0,5,6,51
2023-07-24,A,1.0,6,0,691
2023-07-24,A,1.0,7,0,691
2023-07-24,A,1.0,8,0,691
2023-07-24,A,1.0,9,0,691
2023-07-24,A,1.0,10,0,691
2023-07-24,A,1.0,11,0,691
2023-07-24,A,1.0,12,0,691
2023-07-24,A,1.5,4,3,12
2023-07-24,A,1.5,5,2,17
2023-07-24,A,1.5,6,2,20
2023-07-24,A,1.5,7,3,24
2023-07-24,A,1.5,8,3,44
2023-07-24,A,1.5,9,4,92
2023-07-24,A,1.5,10,0,691
2023-07-24,A,1.5,11,0,691
2023-07-24,A,1.5,12,0,691
2023-07-24,A,2.0,4,3,9
2023-07-24,A,2.0,5,2,13
2023-07-24,A,2.0,6,2,13
2023-07-24,A,2.0,7,2,15
2023-07-24,A,2.0,8,2,17
2023-07-24,A,2.0,9,2,20
2023-07-24,A,2.0,10,2,32
2023-07-24,A,2.0,11,3,47
2023-07-24,A,2.0,12,3,78
2023-07-24,A,2.5,4,1,9
2023-07-24,A,2.5,5,1,9
2023-07-24,A,2.5,6,2,9
2023-07-24,A,2.5,7,2,12
2023-07-24,A,2.5,8,2,12
2023-07-24,A,2.5,9,2,13
2023-07-24,A,2.5,10,2,15
2023-07-24,A,2.5,11,2,16
2023-07-24,A,2.5,12,2,17
2023-07-24,A,3.0,4,1,7
2023-07-24,A,3.0,5,1,7
2023-07-24,A,3.0,6,1,7
2023-07-24,A,3.0,7,1,7
2023-07-24,A,3.0,8,1,8
2023-07-24,A,3.0,9,2,8
2023-07-24,A,3.0,10,2,8
2023-07-24,A,3.0,11,2,8
2023-07-24,A,3.0,12,2,8
2023-07-24,A,3.5,4,2,3
2023-07-24,A,3.5,5,1,7
2023-07-24,A,3.5,6,1,7
2023-07-24,A,3.5,7,1,7
2023-07-24,A,3.5,8,1,7
2023-07-24,A,3.5,9,1,8
2023-07-24,A,3.5,10,1,8
2023-07-24,A,3.5,11,1,8
2023-07-24,A,3.5,12,1,8
2023-07-24,A,4.0,4,2,3
2023-07-24,A,4.0,5,1,7
2023-07-24,A,4.0,6,1,7
2023-07-24,A,4.0,7,1,7
2023-07-24,A,4.0,8,1,7
2023-07-24,A,4.0,9,1,7
2023-07-24,A,4.0,10,1,7
2023-07-24,A,4.0,11,1,7
2023-07-24,A,4.0,12,1,7
2023-07-25,A,1.0,4,5,21
2023-07-25,A,1.0,5,8,65
2023-07-25,A,1.0,6,0,650
2023-07-25,A,1.0,7,0,650
2023-07-25,A,1.0,8,0,650
2023-07-25,A,1.0,9,0,650
2023-07-25,A,1.0,10,0,650
2023-07-25,A,1.0,11,0,650
2023-07-25,A,1.0,12,0,650
2023-07-25,A,1.5,4,2,11
2023-07-25,A,1.5,5,2,18
2023-07-25,A,1.5,6,4,23
2023-07-25,A,1.5,7,4,28
2023-07-25,A,1.5,8,5,50
2023-07-25,A,1.5,9,5,98
2023-07-25,A,1.5,10,0,650
2023-07-25,A,1.5,11,0,650
2023-07-25,A,1.5,12,0,650
2023-07-25,A,2.0,4,1,10
2023-07-25,A,2.0,5,1,10
2023-07-25,A,2.0,6,1,13
2023-07-25,A,2.0,7,2,16
2023-07-25,A,2.0,8,3,19
2023-07-25,A,2.0,9,2,31
2023-07-25,A,2.0,10,4,41
2023-07-25,A,2.0,11,4,61
2023-07-25,A,2.0,12,4,82
2023-07-25,A,2.5,4,1,9
2023-07-25,A,2.5,5,1,9
2023-07-25,A,2.5,6,1,10
2023-07-25,A,2.5,7,1,10
2023-07-25,A,2.5,8,1,11
2023-07-25,A,2.5,9,1,12
2023-07-25,A,2.5,10,1,14
2023-07-25,A,2.5,11,1,18
2023-07-25,A,2.5,12,2,20
2023-07-25,A,3.0,4,1,8
2023-07-25,A,3.0,5,1,8
2023-07-25,A,3.0,6,1,8
2023-07-25,A,3.0,7,1,8
2023-07-25,A,3.0,8,1,8
2023-07-25,A,3.0,9,1,8
2023-07-25,A,3.0,10,1,8
2023-07-25,A,3.0,11,1,8
2023-07-25,A,3.0,12,1,8
2023-07-25,A,3.5,4,2,4
2023-07-25,A,3.5,5,1,8
2023-07-25,A,3.5,6,1,8
2023-07-25,A,3.5,7,1,8
2023-07-25,A,3.5,8,1,8
2023-07-25,A,3.5,9,1,8
2023-07-25,A,3.5,10,1,8
2023-07-25,A,3.5,11,1,8
2023-07-25,A,3.5,12,1,8
2023-07-25,A,4.0,4,2,3
2023-07-25,A,4.0,5,1,7
2023-07-25,A,4.0,6,1,7
2023-07-25,A,4.0,7,1,7
2023-07-25,A,4.0,8,1,7
2023-07-25,A,4.0,9,1,7
2023-07-25,A,4.0,10,1,7
2023-07-25,A,4.0,11,1,7
2023-07-25,A,4.0,12,1,7
2023-07-26,A,1.0,4,5,14
2023-07-26,A,1.0,5,9,43
2023-07-26,A,1.0,6,0,629
2023-07-26,A,1.0,7,0,629
2023-07-26,A,1.0,8,0,629
2023-07-26,A,1.0,9,0,629
2023-07-26,A,1.0,10,0,629
2023-07-26,A,1.0,11,0,629
2023-07-26,A,1.0,12,0,629
2023-07-26,A,1.5,4,3,7
2023-07-26,A,1.5,5,2,12
2023-07-26,A,1.5,6,3,14
2023-07-26,A,1.5,7,3,18
2023-07-26,A,1.5,8,5,36
2023-07-26,A,1.5,9,5,70
2023-07-26,A,1.5,10,0,629
2023-07-26,A,1.5,11,0,629
2023-07-26,A,1.5,12,0,629
2023-07-26,A,2.0,4,2,4
2023-07-26,A,2.0,5,2,5
2023-07-26,A,2.0,6,2,7
2023-07-26,A,2.0,7,2,10
2023-07-26,A,2.0,8,3,11
2023-07-26,A,2.0,9,3,16
2023-07-26,A,2.0,10,3,19
2023-07-26,A,2.0,11,5,28
2023-07-26,A,2.0,12,4,70
2023-07-26,A,2.5,4,1,4
2023-07-26,A,2.5,5,1,4
2023-07-26,A,2.5,6,1,4
2023-07-26,A,2.5,7,1,4
2023-07-26,A,2.5,8,1,6
2023-07-26,A,2.5,9,1,7
2023-07-26,A,2.5,10,1,7
2023-07-26,A,2.5,11,1,9
2023-07-26,A,2.5,12,2,9
2023-07-26,A,3.0,4,1,4
2023-07-26,A,3.0,5,1,4
2023-07-26,A,3.0,6,1,4
2023-07-26,A,3.0,7,1,4
2023-07-26,A,3.0,8,1,4
2023-07-26,A,3.0,9,1,4
2023-07-26,A,3.0,10,1,4
2023-07-26,A,3.0,11,1,4
2023-07-26,A,3.0,12,1,4
2023-07-26,A,3.5,4,1,4
2023-07-26,A,3.5,5,1,4
2023-07-26,A,3.5,6,1,4
2023-07-26,A,3.5,7,1,4
2023-07-26,A,3.5,8,1,4
2023-07-26,A,3.5,9,1,4
2023-07-26,A,3.5,10,1,4
2023-07-26,A,3.5,11,1,4
2023-07-26,A,3.5,12,1,4
2023-07-26,A,4.0,4,1,3
2023-07-26,A,4.0,5,1,3
2023-07-26,A,4.0,6,1,3
2023-07-26,A,4.0,7,1,3
2023-07-26,A,4.0,8,1,3
2023-07-26,A,4.0,9,1,3
2023-07-26,A,4.0,10,1,3
2023-07-26,A,4.0,11,1,3
2023-07-26,A,4.0,12,1,3
2023-07-27,A,1.0,4,6,20
2023-07-27,A,1.0,5,9,67
2023-07-27,A,1.0,6,0,551
2023-07-27,A,1.0,7,0,551
2023-07-27,A,1.0,8,0,551
2023-07-27,A,1.0,9,0,551
2023-07-27,A,1.0,10,0,551
2023-07-27,A,1.0,11,0,551
2023-07-27,A,1.0,12,0,551
2023-07-27,A,1.5,4,4,11
2023-07-27,A,1.5,5,5,18
2023-07-27,A,1.5,6,4,25
2023-07-27,A,1.5,7,3,35
2023-07-27,A,1.5,8,4,53
2023-07-27,A,1.5,9,4,92
2023-07-27,A,1.5,10,0,551
2023-07-27,A,1.5,11,0,551
2023-07-27,A,1.5,12,0,551
2023-07-27,A,2.0,4,4,8
2023-07-27,A,2.0,5,3,13
2023-07-27,A,2.0,6,3,13
2023-07-27,A,2.0,7,3,21
2023-07-27,A,2.0,8,3,25
2023-07-27,A,2.0,9,3,27
2023-07-27,A,2.0,10,3,34
2023-07-27,A,2.0,11,4,48
2023-07-27,A,2.0,12,4,75
2023-07-27,A,2.5,4,2,6
2023-07-27,A,2.5,5,1,11
2023-07-27,A,2.5,6,1,11
2023-07-27,A,2.5,7,1,11
2023-07-27,A,2.5,8,1,18
2023-07-27,A,2.5,9,1,19
2023-07-27,A,2.5,10,1,19
2023-07-27,A,2.5,11,2,19
2023-07-27,A,2.5,12,3,22
2023-07-27,A,3.0,4,2,5
2023-07-27,A,3.0,5,1,10
2023-07-27,A,3.0,6,1,10
2023-07-27,A,3.0,7,1,10
2023-07-27,A,3.0,8,1,10
2023-07-27,A,3.0,9,1,14
2023-07-27,A,3.0,10,1,14
2023-07-27,A,3.0,11,1,15
2023-07-27,A,3.0,12,1,15
2023-07-27,A,3.5,4,2,5
2023-07-27,A,3.5,5,1,9
2023-07-27,A,3.5,6,1,9
2023-07-27,A,3.5,7,1,9
2023-07-27,A,3.5,8,1,9
2023-07-27,A,3.5,9,1,9
2023-07-27,A,3.5,10,1,12
2023-07-27,A,3.5,11,1,12
2023-07-27,A,3.5,12,1,13
2023-07-27,A,4.0,4,1,3
2023-07-27,A,4.0,5,1,3
2023-07-27,A,4.0,6,1,8
2023-07-27,A,4.0,7,1,8
2023-07-27,A,4.0,8,1,8
2023-07-27,A,4.0,9,1,8
2023-07-27,A,4.0,10,1,8
2023-07-27,A,4.0,11,1,8
2023-07-27,A,4.0,12,1,9
2023-07-28,A,1.0,4,8,31
2023-07-28,A,1.0,5,9,74
2023-07-28,A,1.0,6,0,468
2023-07-28,A,1.0,7,0,468
2023-07-28,A,1.0,8,0,468
2023-07-28,A,1.0,9,0,468
2023-07-28,A,1.0,10,0,468
2023-07-28,A,1.0,11,0,468
2023-07-28,A,1.0,12,0,468
2023-07-28,A,1.5,4,5,14
2023-07-28,A,1.5,5,3,23
2023-07-28,A,1.5,6,4,26
2023-07-28,A,1.5,7,4,47
2023-07-28,A,1.5,8,4,60
2023-07-28,A,1.5,9,5,91
2023-07-28,A,1.5,10,0,468
2023-07-28,A,1.5,11,0,468
2023-07-28,A,1.5,12,0,468
2023-07-28,A,2.0,4,5,6
2023-07-28,A,2.0,5,4,15
2023-07-28,A,2.0,6,3,20
2023-07-28,A,2.0,7,4,22
2023-07-28,A,2.0,8,3,35
2023-07-28,A,2.0,9,4,41
2023-07-28,A,2.0,10,4,46
2023-07-28,A,2.0,11,5,61
2023-07-28,A,2.0,12,4,93
2023-07-28,A,2.5,4,4,3
2023-07-28,A,2.5,5,3,8
2023-07-28,A,2.5,6,3,12
2023-07-28,A,2.5,7,3,13
2023-07-28,A,2.5,8,3,16
2023-07-28,A,2.5,9,3,17
2023-07-28,A,2.5,10,3,18
2023-07-28,A,2.5,11,2,29
2023-07-28,A,2.5,12,3,31
2023-07-28,A,3.0,4,4,2
2023-07-28,A,3.0,5,3,6
2023-07-28,A,3.0,6,3,6
2023-07-28,A,3.0,7,3,6
2023-07-28,A,3.0,8,3,6
2023-07-28,A,3.0,9,3,9
2023-07-28,A,3.0,10,3,11
2023-07-28,A,3.0,11,3,14
2023-07-28,A,3.0,12,2,25
2023-07-28,A,3.5,4,3,2
2023-07-28,A,3.5,5,2,6
2023-07-28,A,3.5,6,2,6
2023-07-28,A,3.5,7,3,6
2023-07-28,A,3.5,8,3,6
2023-07-28,A,3.5,9,3,6
2023-07-28,A,3.5,10,3,6
2023-07-28,A,3.5,11,3,6
2023-07-28,A,3.5,12,2,20
2023-07-28,A,4.0,4,3,0
2023-07-28,A,4.0,5,2,4
2023-07-28,A,4.0,6,2,4
2023-07-28,A,4.0,7,2,4
2023-07-28,A,4.0,8,2,4
2023-07-28,A,4.0,9,2,4
2023-07-28,A,4.0,10,3,4
2023-07-28,A,4.0,11,3,4
2023-07-28,A,4.0,12,3,4
2023-07-29,A,1.0,4,13,26
2023-07-29,A,1.0,5,21,86
2023-07-29,A,1.0,6,0,422
2023-07-29,A,1.0,7,0,422
2023-07-29,A,1.0,8,0,422
2023-07-29,A,1.0,9,0,422
2023-07-29,A,1.0,10,0,422
2023-07-29,A,1.0,11,0,422
2023-07-29,A,1.0,12,0,422
2023-07-29,A,1.5,4,5,8
2023-07-29,A,1.5,5,7,13
2023-07-29,A,1.5,6,7,26
2023-07-29,A,1.5,7,6,47
2023-07-29,A,1.5,8,8,82
2023-07-29,A,1.5,9,8,133
2023-07-29,A,1.5,10,0,422
2023-07-29,A,1.5,11,0,422
2023-07-29,A,1.5,12,0,422
2023-07-29,A,2.0,4,5,7
2023-07-29,A,2.0,5,5,9
2023-07-29,A,2.0,6,5,15
2023-07-29,A,2.0,7,5,29
2023-07-29,A,2.0,8,5,34
2023-07-29,A,2.0,9,6,49
2023-07-29,A,2.0,10,6,65
2023-07-29,A,2.0,11,5,98
2023-07-29,A,2.0,12,7,134
2023-07-29,A,2.5,4,4,3
2023-07-29,A,2.5,5,4,4
2023-07-29,A,2.5,6,4,4
2023-07-29,A,2.5,7,3,12
2023-07-29,A,2.5,8,3,19
2023-07-29,A,2.5,9,3,26
2023-07-29,A,2.5,10,4,26
2023-07-29,A,2.5,11,4,28
2023-07-29,A,2.5,12,5,34
2023-07-29,A,3.0,4,4,0
2023-07-29,A,3.0,5,4,0
2023-07-29,A,3.0,6,4,1
2023-07-29,A,3.0,7,4,1
2023-07-29,A,3.0,8,3,9
2023-07-29,A,3.0,9,3,11
2023-07-29,A,3.0,10,3,16
2023-07-29,A,3.0,11,3,18
2023-07-29,A,3.0,12,3,22
2023-07-29,A,3.5,4,3,0
2023-07-29,A,3.5,5,3,0
2023-07-29,A,3.5,6,3,0
2023-07-29,A,3.5,7,4,0
2023-07-29,A,3.5,8,3,9
2023-07-29,A,3.5,9,3,9
2023-07-29,A,3.5,10,3,10
2023-07-29,A,3.5,11,3,11
2023-07-29,A,3.5,12,3,17
2023-07-29,A,4.0,4,3,0
2023-07-29,A,4.0,5,3,0
2023-07-29,A,4.0,6,3,0
2023-07-29,A,4.0,7,3,0
2023-07-29,A,4.0,8,3,0
2023-07-29,A,4.0,9,2,8
2023-07-29,A,4.0,10,3,8
2023-07-29,A,4.0,11,3,9
2023-07-29,A,4.0,12,3,10
2023-07-30,A,1.0,4,16,24
2023-07-30,A,1.0,5,27,94
2023-07-30,A,1.0,6,0,398
2023-07-30,A,1.0,7,0,398
2023-07-30,A,1.0,8,0,398
2023-07-30,A,1.0,9,0,398
2023-07-30,A,1.0,10,0,398
2023-07-30,A,1.0,11,0,398
2023-07-30,A,1.0,12,0,398
2023-07-30,A,1.5,4,7,2
2023-07-30,A,1.5,5,9,6
2023-07-30,A,1.5,6,9,14
2023-07-30,A,1.5,7,10,36
2023-07-30,A,1.5,8,10,100
2023-07-30,A,1.5,9,7,174
2023-07-30,A,1.5,10,0,398
2023-07-30,A,1.5,11,0,398
2023-07-30,A,1.5,12,0,398
2023-07-30,A,2.0,4,6,1
2023-07-30,A,2.0,5,7,1
2023-07-30,A,2.0,6,7,3
2023-07-30,A,2.0,7,7,9
2023-07-30,A,2.0,8,7,26
2023-07-30,A,2.0,9,8,50
2023-07-30,A,2.0,10,7,98
2023-07-30,A,2.0,11,7,141
2023-07-30,A,2.0,12,5,201
2023-07-30,A,2.5,4,5,0
2023-07-30,A,2.5,5,5,0
2023-07-30,A,2.5,6,5,0
2023-07-30,A,2.5,7,6,0
2023-07-30,A,2.5,8,6,0
2023-07-30,A,2.5,9,6,2
2023-07-30,A,2.5,10,6,5
2023-07-30,A,2.5,11,5,29
2023-07-30,A,2.5,12,4,54
2023-07-30,A,3.0,4,4,0
2023-07-30,A,3.0,5,4,0
2023-07-30,A,3.0,6,4,0
2023-07-30,A,3.0,7,4,0
2023-07-30,A,3.0,8,4,0
2023-07-30,A,3.0,9,4,0
2023-07-30,A,3.0,10,6,0
2023-07-30,A,3.0,11,5,10
2023-07-30,A,3.0,12,5,12
2023-07-30,A,3.5,4,4,0
2023-07-30,A,3.5,5,4,0
2023-07-30,A,3.5,6,4,0
2023-07-30,A,3.5,7,4,0
2023-07-30,A,3.5,8,4,0
2023-07-30,A,3.5,9,4,0
2023-07-30,A,3.5,10,5,0
2023-07-30,A,3.5,11,5,0
2023-07-30,A,3.5,12,5,8
2023-07-30,A,4.0,4,4,0
2023-07-30,A,4.0,5,4,0
2023-07-30,A,4.0,6,4,0
2023-07-30,A,4.0,7,4,0
2023-07-30,A,4.0,8,4,0
2023-07-30,A,4.0,9,4,0
2023-07-30,A,4.0,10,4,0
2023-07-30,A,4.0,11,4,0
2023-07-30,A,4.0,12,4,0
2023-07-31,A,1.0,4,16,20
2023-07-31,A,1.0,5,21,95
2023-07-31,A,1.0,6,0,419
2023-07-31,A,1.0,7,0,419
2023-07-31,A,1.0,8,0,419
2023-07-31,A,1.0,9,0,419
2023-07-31,A,1.0,10,0,419
2023-07-31,A,1.0,11,0,419
2023-07-31,A,1.0,12,0,419
2023-07-31,A,1.5,4,7,6
2023-07-31,A,1.5,5,8,7
2023-07-31,A,1.5,6,9,22
2023-07-31,A,1.5,7,7,56
2023-07-31,A,1.5,8,7,85
2023-07-31,A,1.5,9,8,148
2023-07-31,A,1.5,10,0,419
2023-07-31,A,1.5,11,0,419
2023-07-31,A,1.5,12,0,419
2023-07-31,A,2.0,4,4,3
2023-07-31,A,2.0,5,4,4
2023-07-31,A,2.0,6,6,4
2023-07-31,A,2.0,7,6,16
2023-07-31,A,2.0,8,6,40
2023-07-31,A,2.0,9,5,59
2023-07-31,A,2.0,10,6,68
2023-07-31,A,2.0,11,8,100
2023-07-31,A,2.0,12,6,163
2023-07-31,A,2.5,4,4,1
2023-07-31,A,2.5,5,4,2
2023-07-31,A,2.5,6,4,2
2023-07-31,A,2.5,7,4,2
2023-07-31,A,2.5,8,4,2
2023-07-31,A,2.5,9,5,11
2023-07-31,A,2.5,10,5,13
2023-07-31,A,2.5,11,4,37
2023-07-31,A,2.5,12,5,45
2023-07-31,A,3.0,4,4,1
2023-07-31,A,3.0,5,4,2
2023-07-31,A,3.0,6,4,2
2023-07-31,A,3.0,7,4,2
2023-07-31,A,3.0,8,4,2
2023-07-31,A,3.0,9,4,3
2023-07-31,A,3.0,10,4,5
2023-07-31,A,3.0,11,5,8
2023-07-31,A,3.0,12,4,20
2023-07-31,A,3.5,4,4,1
2023-07-31,A,3.5,5,4,1
2023-07-31,A,3.5,6,4,2
2023-07-31,A,3.5,7,4,2
2023-07-31,A,3.5,8,4,2
2023-07-31,A,3.5,9,4,2
2023-07-31,A,3.5,10,4,2
2023-07-31,A,3.5,11,4,2
2023-07-31,A,3.5,12,4,7
2023-07-31,A,4.0,4,4,1
2023-07-31,A,4.0,5,4,1
2023-07-31,A,4.0,6,4,1
2023-07-31,A,4.0,7,4,1
2023-07-31,A,4.0,8,4,2
2023-07-31,A,4.0,9,4,2
2023-07-31,A,4.0,10,4,2
2023-07-31,A,4.0,11,4,2
2023-07-31,A,4.0,12,4,2
2023-08-01,A,1.0,4,14,31
2023-08-01,A,1.0,5,18,112
2023-08-01,A,1.0,6,0,488
2023-08-01,A,1.0,7,0,488
2023-08-01,A,1.0,8,0,488
2023-08-01,A,1.0,9,0,488
2023-08-01,A,1.0,10,0,488
2023-08-01,A,1.0,11,0,488
2023-08-01,A,1.0,12,0,488
2023-08-01,A,1.5,4,8,15
2023-08-01,A,1.5,5,7,26
2023-08-01,A,1.5,6,7,39
2023-08-01,A,1.5,7,10,53
2023-08-01,A,1.5,8,10,84
2023-08-01,A,1.5,9,10,159
2023-08-01,A,1.5,10,0,488
2023-08-01,A,1.5,11,0,488
2023-08-01,A,1.5,12,0,488
2023-08-01,A,2.0,4,6,9
2023-08-01,A,2.0,5,5,19
2023-08-01,A,2.0,6,5,22
2023-08-01,A,2.0,7,6,23
2023-08-01,A,2.0,8,5,37
2023-08-01,A,2.0,9,7,47
2023-08-01,A,2.0,10,7,77
2023-08-01,A,2.0,11,9,108
2023-08-01,A,2.0,12,6,175
2023-08-01,A,2.5,4,5,7
2023-08-01,A,2.5,5,5,7
2023-08-01,A,2.5,6,5,12
2023-08-01,A,2.5,7,5,17
2023-08-01,A,2.5,8,4,27
2023-08-01,A,2.5,9,4,30
2023-08-01,A,2.5,10,4,33
2023-08-01,A,2.5,11,4,33
2023-08-01,A,2.5,12,5,38
2023-08-01,A,3.0,4,4,6
2023-08-01,A,3.0,5,4,7
2023-08-01,A,3.0,6,4,8
2023-08-01,A,3.0,7,5,10
2023-08-01,A,3.0,8,5,11
2023-08-01,A,3.0,9,4,22
2023-08-01,A,3.0,10,4,22
2023-08-01,A,3.0,11,4,24
2023-08-01,A,3.0,12,4,25
2023-08-01,A,3.5,4,5,1
2023-08-01,A,3.5,5,4,6
2023-08-01,A,3.5,6,4,7
2023-08-01,A,3.5,7,4,8
2023-08-01,A,3.5,8,5,8
2023-08-01,A,3.5,9,5,8
2023-08-01,A,3.5,10,4,21
2023-08-01,A,3.5,11,4,21
2023-08-01,A,3.5,12,4,21
2023-08-01,A,4.0,4,5,0
2023-08-01,A,4.0,5,5,0
2023-08-01,A,4.0,6,4,5
2023-08-01,A,4.0,7,4,5
2023-08-01,A,4.0,8,4,5
2023-08-01,A,4.0,9,4,5
2023-08-01,A,4.0,10,5,5
2023-08-01,A,4.0,11,5,6
2023-08-01,A,4.0,12,5,6
2023-08-02,A,1.0,4,14,44
2023-08-02,A,1.0,5,18,131
2023-08-02,A,1.0,6,0,544
2023-08-02,A,1.0,7,0,544
2023-08-02,A,1.0,8,0,544
2023-08-02,A,1.0,9,0,544
2023-08-02,A,1.0,10,0,544
2023-08-02,A,1.0,11,0,544
2023-08-02,A,1.0,12,0,544
2023-08-02,A,1.5,4,6,20
2023-08-02,A,1.5,5,7,36
2023-08-02,A,1.5,6,9,49
2023-08-02,A,1.5,7,6,85
2023-08-02,A,1.5,8,9,111
2023-08-02,A,1.5,9,8,185
2023-08-02,A,1.5,10,0,544
2023-08-02,A,1.5,11,0,544
2023-08-02,A,1.5,12,0,544
2023-08-02,A,2.0,4,6,16
2023-08-02,A,2.0,5,6,17
2023-08-02,A,2.0,6,5,30
2023-08-02,A,2.0,7,7,32
2023-08-02,A,2.0,8,7,53
2023-08-02,A,2.0,9,7,65
2023-08-02,A,2.0,10,6,90
2023-08-02,A,2.0,11,6,129
2023-08-02,A,2.0,12,5,184
2023-08-02,A,2.5,4,5,10
2023-08-02,A,2.5,5,6,13
2023-08-02,A,2.5,6,6,14
2023-08-02,A,2.5,7,5,21
2023-08-02,A,2.5,8,5,23
2023-08-02,A,2.5,9,5,29
2023-08-02,A,2.5,10,4,44
2023-08-02,A,2.5,11,4,46
2023-08-02,A,2.5,12,5,49
2023-08-02,A,3.0,4,6,3
2023-08-02,A,3.0,5,5,7
2023-08-02,A,3.0,6,5,7
2023-08-02,A,3.0,7,5,9
2023-08-02,A,3.0,8,4,16
2023-08-02,A,3.0,9,5,18
2023-08-02,A,3.0,10,5,18
2023-08-02,A,3.0,11,4,31
2023-08-02,A,3.0,12,4,32
2023-08-02,A,3.5,4,6,2
2023-08-02,A,3.5,5,5,6
2023-08-02,A,3.5,6,5,6
2023-08-02,A,3.5,7,5,7
2023-08-02,A,3.5,8,4,16
2023-08-02,A,3.5,9,4,16
2023-08-02,A,3.5,10,4,16
2023-08-02,A,3.5,11,5,18
2023-08-02,A,3.5,12,5,18
2023-08-02,A,4.0,4,3,0
2023-08-02,A,4.0,5,3,0
2023-08-02,A,4.0,6,4,3
2023-08-02,A,4.0,7,4,3
2023-08-02,A,4.0,8,3,10
2023-08-02,A,4.0,9,3,10
2023-08-02,A,4.0,10,3,10
2023-08-02,A,4.0,11,3,11
2023-08-02,A,4.0,12,3,11
2023-08-03,A,1.0,4,11,33
2023-08-03,A,1.0,5,16,115
2023-08-03,A,1.0,6,0,631
2023-08-03,A,1.0,7,0,631
2023-08-03,A,1.0,8,0,631
2023-08-03,A,1.0,9,0,631
2023-08-03,A,1.0,10,0,631
2023-08-03,A,1.0,11,0,631
2023-08-03,A,1.0,12,0,631
2023-08-03,A,1.5,4,6,16
2023-08-03,A,1.5,5,4,30
2023-08-03,A,1.5,6,7,34
2023-08-03,A,1.5,7,7,53
2023-08-03,A,1.5,8,9,81
2023-08-03,A,1.5,9,10,157
2023-08-03,A,1.5,10,0,631
2023-08-03,A,1.5,11,0,631
2023-08-03,A,1.5,12,0,631
2023-08-03,A,2.0,4,5,12
2023-08-03,A,2.0,5,6,13
2023-08-03,A,2.0,6,4,26
2023-08-03,A,2.0,7,4,29
2023-08-03,A,2.0,8,6,36
2023-08-03,A,2.0,9,6,50
2023-08-03,A,2.0,10,6,63
2023-08-03,A,2.0,11,6,104
2023-08-03,A,2.0,12,5,175
2023-08-03,A,2.5,4,4,6
2023-08-03,A,2.5,5,4,8
2023-08-03,A,2.5,6,4,10
2023-08-03,A,2.5,7,3,20
2023-08-03,A,2.5,8,3,23
2023-08-03,A,2.5,9,3,25
2023-08-03,A,2.5,10,3,26
2023-08-03,A,2.5,11,3,27
2023-08-03,A,2.5,12,3,40
2023-08-03,A,3.0,4,3,3
2023-08-03,A,3.0,5,4,4
2023-08-03,A,3.0,6,4,6
2023-08-03,A,3.0,7,4,6
2023-08-03,A,3.0,8,3,13
2023-08-03,A,3.0,9,3,14
2023-08-03,A,3.0,10,3,18
2023-08-03,A,3.0,11,3,20
2023-08-03,A,3.0,12,2,32
2023-08-03,A,3.5,4,3,2
2023-08-03,A,3.5,5,3,2
2023-08-03,A,3.5,6,3,3
2023-08-03,A,3.5,7,4,4
2023-08-03,A,3.5,8,3,11
2023-08-03,A,3.5,9,3,11
2023-08-03,A,3.5,10,3,12
2023-08-03,A,3.5,11,3,14
2023-08-03,A,3.5,12,2,26
2023-08-03,A,4.0,4,1,0
2023-08-03,A,4.0,5,1,0
2023-08-03,A,4.0,6,2,0
2023-08-03,A,4.0,7,2,0
2023-08-03,A,4.0,8,1,7
2023-08-03,A,4.0,9,1,7
2023-08-03,A,4.0,10,1,7
2023-08-03,A,4.0,11,2,8
2023-08-03,A,4.0,12,3,9
2023-08-04,A,1.0,4,17,28
2023-08-04,A,1.0,5,23,122
2023-08-04,A,1.0,6,0,590
2023-08-04,A,1.0,7,0,590
2023-08-04,A,1.0,8,0,590
2023-08-04,A,1.0,9,0,590
2023-08-04,A,1.0,10,0,590
2023-08-04,A,1.0,11,0,590
2023-08-04,A,1.0,12,0,590
2023-08-04,A,1.5,4,7,13
2023-08-04,A,1.5,5,5,25
2023-08-04,A,1.5,6,10,32
2023-08-04,A,1.5,7,9,57
2023-08-04,A,1.5,8,11,97
2023-08-04,A,1.5,9,12,183
2023-08-04,A,1.5,10,0,590
2023-08-04,A,1.5,11,0,590
2023-08-04,A,1.5,12,0,590
2023-08-04,A,2.0,4,6,8
2023-08-04,A,2.0,5,6,15
2023-08-04,A,2.0,6,5,23
2023-08-04,A,2.0,7,4,39
2023-08-04,A,2.0,8,8,44
2023-08-04,A,2.0,9,8,59
2023-08-04,A,2.0,10,7,90
2023-08-04,A,2.0,11,7,131
2023-08-04,A,2.0,12,9,173
2023-08-04,A,2.5,4,4,3
2023-08-04,A,2.5,5,4,3
2023-08-04,A,2.5,6,3,10
2023-08-04,A,2.5,7,2,17
2023-08-04,A,2.5,8,4,19
2023-08-04,A,2.5,9,3,31
2023-08-04,A,2.5,10,2,44
2023-08-04,A,2.5,11,3,45
2023-08-04,A,2.5,12,3,59
2023-08-04,A,3.0,4,3,1
2023-08-04,A,3.0,5,3,1
2023-08-04,A,3.0,6,3,1
2023-08-04,A,3.0,7,2,7
2023-08-04,A,3.0,8,2,14
2023-08-04,A,3.0,9,2,15
2023-08-04,A,3.0,10,2,18
2023-08-04,A,3.0,11,2,22
2023-08-04,A,3.0,12,2,34
2023-08-04,A,3.5,4,3,1
2023-08-04,A,3.5,5,3,1
2023-08-04,A,3.5,6,3,1
2023-08-04,A,3.5,7,2,7
2023-08-04,A,3.5,8,1,14
2023-08-04,A,3.5,9,1,14
2023-08-04,A,3.5,10,2,15
2023-08-04,A,3.5,11,2,15
2023-08-04,A,3.5,12,2,16
2023-08-04,A,4.0,4,3,0
2023-08-04,A,4.0,5,3,0
2023-08-04,A,4.0,6,3,0
2023-08-04,A,4.0,7,3,0
2023-08-04,A,4.0,8,1,14
2023-08-04,A,4.0,9,1,14
2023-08-04,A,4.0,10,1,14
2023-08-04,A,4.0,11,1,14
2023-08-04,A,4.0,12,1,14
2023-08-05,A,1.0,4,13,31
2023-08-05,A,1.0,5,17,119
2023-08-05,A,1.0,6,0,559
2023-08-05,A,1.0,7,0,559
2023-08-05,A,1.0,8,0,559
2023-08-05,A,1.0,9,0,559
2023-08-05,A,1.0,10,0,559
2023-08-05,A,1.0,11,0,559
2023-08-05,A,1.0,12,0,559
2023-08-05,A,1.5,4,7,12
2023-08-05,A,1.5,5,6,21
2023-08-05,A,1.5,6,8,32
2023-08-05,A,1.5,7,7,62
2023-08-05,A,1.5,8,6,105
2023-08-05,A,1.5,9,10,158
2023-08-05,A,1.5,10,0,559
2023-08-05,A,1.5,11,0,559
2023-08-05,A,1.5,12,0,559
2023-08-05,A,2.0,4,5,9
2023-08-05,A,2.0,5,5,11
2023-08-05,A,2.0,6,5,22
2023-08-05,A,2.0,7,4,39
2023-08-05,A,2.0,8,5,52
2023-08-05,A,2.0,9,5,56
2023-08-05,A,2.0,10,7,81
2023-08-05,A,2.0,11,7,115
2023-08-05,A,2.0,12,8,172
2023-08-05,A,2.5,4,4,4
2023-08-05,A,2.5,5,3,8
2023-08-05,A,2.5,6,3,8
2023-08-05,A,2.5,7,2,15
2023-08-05,A,2.5,8,2,30
2023-08-05,A,2.5,9,3,33
2023-08-05,A,2.5,10,3,39
2023-08-05,A,2.5,11,3,39
2023-08-05,A,2.5,12,3,48
2023-08-05,A,3.0,4,3,2
2023-08-05,A,3.0,5,3,2
2023-08-05,A,3.0,6,2,7
2023-08-05,A,3.0,7,2,7
2023-08-05,A,3.0,8,1,15
2023-08-05,A,3.0,9,1,22
2023-08-05,A,3.0,10,3,22
2023-08-05,A,3.0,11,3,29
2023-08-05,A,3.0,12,3,33
2023-08-05,A,3.5,4,3,2
2023-08-05,A,3.5,5,3,2
2023-08-05,A,3.5,6,2,7
2023-08-05,A,3.5,7,2,7
2023-08-05,A,3.5,8,1,14
2023-08-05,A,3.5,9,1,15
2023-08-05,A,3.5,10,1,15
2023-08-05,A,3.5,11,1,17
2023-08-05,A,3.5,12,2,22
2023-08-05,A,4.0,4,3,0
2023-08-05,A,4.0,5,3,0
2023-08-05,A,4.0,6,3,0
2023-08-05,A,4.0,7,2,6
2023-08-05,A,4.0,8,1,13
2023-08-05,A,4.0,9,1,13
2023-08-05,A,4.0,10,1,14
2023-08-05,A,4.0,11,1,15
2023-08-05,A,4.0,12,1,15
2023-08-06,A,1.0,4,15,18
2023-08-06,A,1.0,5,16,105
2023-08-06,A,1.0,6,0,513
2023-08-06,A,1.0,7,0,513
2023-08-06,A,1.0,8,0,513
2023-08-06,A,1.0,9,0,513
2023-08-06,A,1.0,10,0,513
2023-08-06,A,1.0,11,0,513
2023-08-06,A,1.0,12,0,513
2023-08-06,A,1.5,4,4,9
2023-08-06,A,1.5,5,5,11
2023-08-06,A,1.5,6,8,12
2023-08-06,A,1.5,7,9,48
2023-08-06,A,1.5,8,9,96
2023-08-06,A,1.5,9,5,178
2023-08-06,A,1.5,10,0,513
2023-08-06,A,1.5,11,0,513
2023-08-06,A,1.5,12,0,513
2023-08-06,A,2.0,4,3,2
2023-08-06,A,2.0,5,3,7
2023-08-06,A,2.0,6,3,8
2023-08-06,A,2.0,7,6,18
2023-08-06,A,2.0,8,7,33
2023-08-06,A,2.0,9,8,49
2023-08-06,A,2.0,10,7,74
2023-08-06,A,2.0,11,5,140
2023-08-06,A,2.0,12,4,168
2023-08-06,A,2.5,4,2,1
2023-08-06,A,2.5,5,1,5
2023-08-06,A,2.5,6,1,5
2023-08-06,A,2.5,7,1,6
2023-08-06,A,2.5,8,2,11
2023-08-06,A,2.5,9,3,12
2023-08-06,A,2.5,10,3,23
2023-08-06,A,2.5,11,4,26
2023-08-06,A,2.5,12,6,31
2023-08-06,A,3.0,4,2,1
2023-08-06,A,3.0,5,1,5
2023-08-06,A,3.0,6,1,5
2023-08-06,A,3.0,7,1,5
2023-08-06,A,3.0,8,1,5
2023-08-06,A,3.0,9,1,5
2023-08-06,A,3.0,10,1,5
2023-08-06,A,3.0,11,2,9
2023-08-06,A,3.0,12,2,14
2023-08-06,A,3.5,4,2,1
2023-08-06,A,3.5,5,1,5
2023-08-06,A,3.5,6,1,5
2023-08-06,A,3.5,7,1,5
2023-08-06,A,3.5,8,1,5
2023-08-06,A,3.5,9,1,5
2023-08-06,A,3.5,10,1,5
2023-08-06,A,3.5,11,1,5
2023-08-06,A,3.5,12,1,7
2023-08-06,A,4.0,4,2,0
2023-08-06,A,4.0,5,1,4
2023-08-06,A,4.0,6,1,4
2023-08-06,A,4.0,7,1,4
2023-08-06,A,4.0,8,1,4
2023-08-06,A,4.0,9,1,4
2023-08-06,A,4.0,10,1,5
2023-08-06,A,4.0,11,1,5
2023-08-06,A,4.0,12,1,5
2023-08-07,A,1.0,4,13,23
2023-08-07,A,1.0,5,16,108
2023-08-07,A,1.0,6,0,471
2023-08-07,A,1.0,7,0,471
2023-08-07,A,1.0,8,0,471
2023-08-07,A,1.0,9,0,471
2023-08-07,A,1.0,10,0,471
2023-08-07,A,1.0,11,0,471
2023-08-07,A,1.0,12,0,471
2023-08-07,A,1.5,4,6,9
2023-08-07,A,1.5,5,6,15
2023-08-07,A,1.5,6,8,23
2023-08-07,A,1.5,7,7,51
2023-08-07,A,1.5,8,7,103
2023-08-07,A,1.5,9,6,170
2023-08-07,A,1.5,10,0,471
2023-08-07,A,1.5,11,0,471
2023-08-07,A,1.5,12,0,471
2023-08-07,A,2.0,4,4,8
2023-08-07,A,2.0,5,6,8
2023-08-07,A,2.0,6,4,16
2023-08-07,A,2.0,7,5,20
2023-08-07,A,2.0,8,6,29
2023-08-07,A,2.0,9,6,49
2023-08-07,A,2.0,10,6,78
2023-08-07,A,2.0,11,5,124
2023-08-07,A,2.0,12,4,160
2023-08-07,A,2.5,4,3,5
2023-08-07,A,2.5,5,3,5
2023-08-07,A,2.5,6,2,10
2023-08-07,A,2.5,7,2,10
2023-08-07,A,2.5,8,3,12
2023-08-07,A,2.5,9,4,14
2023-08-07,A,2.5,10,4,21
2023-08-07,A,2.5,11,5,28
2023-08-07,A,2.5,12,5,36
2023-08-07,A,3.0,4,1,0
2023-08-07,A,3.0,5,1,0
2023-08-07,A,3.0,6,1,0
2023-08-07,A,3.0,7,1,5
2023-08-07,A,3.0,8,2,5
2023-08-07,A,3.0,9,2,5
2023-08-07,A,3.0,10,2,6
2023-08-07,A,3.0,11,2,6
2023-08-07,A,3.0,12,2,9
2023-08-07,A,3.5,4,1,0
2023-08-07,A,3.5,5,1,0
2023-08-07,A,3.5,6,1,0
2023-08-07,A,3.5,7,1,0
2023-08-07,A,3.5,8,1,1
2023-08-07,A,3.5,9,1,4
2023-08-07,A,3.5,10,2,4
2023-08-07,A,3.5,11,2,4
2023-08-07,A,3.5,12,2,4
2023-08-07,A,4.0,4,1,0
2023-08-07,A,4.0,5,1,0
2023-08-07,A,4.0,6,1,0
2023-08-07,A,4.0,7,1,0
2023-08-07,A,4.0,8,1,0
2023-08-07,A,4.0,9,1,0
2023-08-07,A,4.0,10,1,0
2023-08-07,A,4.0,11,1,0
2023-08-07,A,4.0,12,1,0
2023-08-08,A,1.0,4,13,22
2023-08-08,A,1.0,5,12,80
2023-08-08,A,1.0,6,0,411
2023-08-08,A,1.0,7,0,411
2023-08-08,A,1.0,8,0,411
2023-08-08,A,1.0,9,0,411
2023-08-08,A,1.0,10,0,411
2023-08-08,A,1.0,11,0,411
2023-08-08,A,1.0,12,0,411
2023-08-08,A,1.5,4,5,3
2023-08-08,A,1.5,5,5,8
2023-08-08,A,1.5,6,7,24
2023-08-08,A,1.5,7,6,54
2023-08-08,A,1.5,8,6,78
2023-08-08,A,1.5,9,6,118
2023-08-08,A,1.5,10,0,411
2023-08-08,A,1.5,11,0,411
2023-08-08,A,1.5,12,0,411
2023-08-08,A,2.0,4,3,2
2023-08-08,A,2.0,5,4,4
2023-08-08,A,2.0,6,5,7
2023-08-08,A,2.0,7,6,11
2023-08-08,A,2.0,8,5,39
2023-08-08,A,2.0,9,5,45
2023-08-08,A,2.0,10,6,62
2023-08-08,A,2.0,11,6,84
2023-08-08,A,2.0,12,6,111
2023-08-08,A,2.5,4,2,2
2023-08-08,A,2.5,5,2,2
2023-08-08,A,2.5,6,2,2
2023-08-08,A,2.5,7,2,2
2023-08-08,A,2.5,8,4,4
2023-08-08,A,2.5,9,4,7
2023-08-08,A,2.5,10,4,15
2023-08-08,A,2.5,11,5,29
2023-08-08,A,2.5,12,5,38
2023-08-08,A,3.0,4,2,2
2023-08-08,A,3.0,5,2,2
2023-08-08,A,3.0,6,2,2
2023-08-08,A,3.0,7,2,2
2023-08-08,A,3.0,8,2,2
2023-08-08,A,3.0,9,2,3
2023-08-08,A,3.0,10,2,3
2023-08-08,A,3.0,11,3,4
2023-08-08,A,3.0,12,3,6
2023-08-08,A,3.5,4,2,1
2023-08-08,A,3.5,5,2,1
2023-08-08,A,3.5,6,2,1
2023-08-08,A,3.5,7,2,1
2023-08-08,A,3.5,8,2,1
2023-08-08,A,3.5,9,2,1
2023-08-08,A,3.5,10,2,3
2023-08-08,A,3.5,11,2,3
2023-08-08,A,3.5,12,2,3
2023-08-08,A,4.0,4,2,0
2023-08-08,A,4.0,5,2,0
2023-08-08,A,4.0,6,2,0
2023-08-08,A,4.0,7,2,0
2023-08-08,A,4.0,8,2,0
2023-08-08,A,4.0,9,2,0
2023-08-08,A,4.0,10,2,0
2023-08-08,A,4.0,11,2,0
2023-08-08,A,4.0,12,2,1
2023-08-09,A,1.0,4,10,18
2023-08-09,A,1.0,5,12,73
2023-08-09,A,1.0,6,0,404
2023-08-09,A,1.0,7,0,404
2023-08-09,A,1.0,8,0,404
2023-08-09,A,1.0,9,0,404
2023-08-09,A,1.0,10,0,404
2023-08-09,A,1.0,11,0,404
2023-08-09,A,1.0,12,0,404
2023-08-09,A,1.5,4,5,3
2023-08-09,A,1.5,5,5,11
2023-08-09,A,1.5,6,6,13
2023-08-09,A,1.5,7,5,39
2023-08-09,A,1.5,8,7,62
2023-08-09,A,1.5,9,6,123
2023-08-09,A,1.5,10,0,404
2023-08-09,A,1.5,11,0,404
2023-08-09,A,1.5,12,0,404
2023-08-09,A,2.0,4,5,1
2023-08-09,A,2.0,5,5,2
2023-08-09,A,2.0,6,5,6
2023-08-09,A,2.0,7,5,8
2023-08-09,A,2.0,8,5,25
2023-08-09,A,2.0,9,5,36
2023-08-09,A,2.0,10,6,45
2023-08-09,A,2.0,11,6,77
2023-08-09,A,2.0,12,6,96
2023-08-09,A,2.5,4,3,1
2023-08-09,A,2.5,5,4,1
2023-08-09,A,2.5,6,4,1
2023-08-09,A,2.5,7,5,2
2023-08-09,A,2.5,8,5,2
2023-08-09,A,2.5,9,5,5
2023-08-09,A,2.5,10,5,10
2023-08-09,A,2.5,11,5,19
2023-08-09,A,2.5,12,5,28
2023-08-09,A,3.0,4,2,1
2023-08-09,A,3.0,5,2,1
2023-08-09,A,3.0,6,2,1
2023-08-09,A,3.0,7,2,1
2023-08-09,A,3.0,8,2,2
2023-08-09,A,3.0,9,4,2
2023-08-09,A,3.0,10,4,2
2023-08-09,A,3.0,11,4,3
2023-08-09,A,3.0,12,5,5
2023-08-09,A,3.5,4,2,1
2023-08-09,A,3.5,5,2,1
2023-08-09,A,3.5,6,2,1
2023-08-09,A,3.5,7,2,1
2023-08-09,A,3.5,8,2,1
2023-08-09,A,3.5,9,2,1
2023-08-09,A,3.5,10,2,1
2023-08-09,A,3.5,11,3,1
2023-08-09,A,3.5,12,4,1
2023-08-09,A,4.0,4,1,0
2023-08-09,A,4.0,5,1,0
2023-08-09,A,4.0,6,1,0
2023-08-09,A,4.0,7,1,0
2023-08-09,A,4.0,8,1,0
2023-08-09,A,4.0,9,1,0
2023-08-09,A,4.0,10,2,0
2023-08-09,A,4.0,11,2,0
2023-08-09,A,4.0,12,2,0
2023-08-10,A,1.0,4,11,18
2023-08-10,A,1.0,5,11,74
2023-08-10,A,1.0,6,0,428
2023-08-10,A,1.0,7,0,428
2023-08-10,A,1.0,8,0,428
2023-08-10,A,1.0,9,0,428
2023-08-10,A,1.0,10,0,428
2023-08-10,A,1.0,11,0,428
2023-08-10,A,1.0,12,0,428
2023-08-10,A,1.5,4,5,4
2023-08-10,A,1.5,5,6,6
2023-08-10,A,1.5,6,5,26
2023-08-10,A,1.5,7,4,49
2023-08-10,A,1.5,8,6,66
2023-08-10,A,1.5,9,6,121
2023-08-10,A,1.5,10,0,428
2023-08-10,A,1.5,11,0,428
2023-08-10,A,1.5,12,0,428
2023-08-10,A,2.0,4,5,1
2023-08-10,A,2.0,5,5,2
2023-08-10,A,2.0,6,6,2
2023-08-10,A,2.0,7,5,14
2023-08-10,A,2.0,8,5,21
2023-08-10,A,2.0,9,3,49
2023-08-10,A,2.0,10,4,51
2023-08-10,A,2.0,11,5,68
2023-08-10,A,2.0,12,4,94
2023-08-10,A,2.5,4,2,0
2023-08-10,A,2.5,5,2,0
2023-08-10,A,2.5,6,5,0
2023-08-10,A,2.5,7,5,0
2023-08-10,A,2.5,8,5,0
2023-08-10,A,2.5,9,5,11
2023-08-10,A,2.5,10,4,22
2023-08-10,A,2.5,11,3,40
2023-08-10,A,2.5,12,3,43
2023-08-10,A,3.0,4,2,0
2023-08-10,A,3.0,5,2,0
2023-08-10,A,3.0,6,2,0
2023-08-10,A,3.0,7,2,0
2023-08-10,A,3.0,8,4,0
2023-08-10,A,3.0,9,4,0
2023-08-10,A,3.0,10,4,4
2023-08-10,A,3.0,11,4,17
2023-08-10,A,3.0,12,4,20
2023-08-10,A,3.5,4,2,0
2023-08-10,A,3.5,5,2,0
2023-08-10,A,3.5,6,2,0
2023-08-10,A,3.5,7,2,0
2023-08-10,A,3.5,8,2,0
2023-08-10,A,3.5,9,2,0
2023-08-10,A,3.5,10,3,0
2023-08-10,A,3.5,11,3,1
2023-08-10,A,3.5,12,3,14
2023-08-10,A,4.0,4,2,0
2023-08-10,A,4.0,5,2,0
2023-08-10,A,4.0,6,2,0
2023-08-10,A,4.0,7,2,0
2023-08-10,A,4.0,8,2,0
2023-08-10,A,4.0,9,2,0
2023-08-10,A,4.0,10,2,0
2023-08-10,A,4.0,11,2,0
2023-08-10,A,4.0,12,2,0
2023-08-11,A,1.0,4,8,21
2023-08-11,A,1.0,5,10,65
2023-08-11,A,1.0,6,0,402
2023-08-11,A,1.0,7,0,402
2023-08-11,A,1.0,8,0,402
2023-08-11,A,1.0,9,0,402
2023-08-11,A,1.0,10,0,402
2023-08-11,A,1.0,11,0,402
2023-08-11,A,1.0,12,0,402
2023-08-11,A,1.5,4,5,7
2023-08-11,A,1.5,5,4,14
2023-08-11,A,1.5,6,4,18
2023-08-11,A,1.5,7,6,32
2023-08-11,A,1.5,8,4,69
2023-08-11,A,1.5,9,2,99
2023-08-11,A,1.5,10,0,402
2023-08-11,A,1.5,11,0,402
2023-08-11,A,1.5,12,0,402
2023-08-11,A,2.0,4,4,1
2023-08-11,A,2.0,5,4,3
2023-08-11,A,2.0,6,3,12
2023-08-11,A,2.0,7,3,14
2023-08-11,A,2.0,8,4,18
2023-08-11,A,2.0,9,4,34
2023-08-11,A,2.0,10,3,63
2023-08-11,A,2.0,11,2,79
2023-08-11,A,2.0,12,2,94
2023-08-11,A,2.5,4,4,0
2023-08-11,A,2.5,5,4,0
2023-08-11,A,2.5,6,3,5
2023-08-11,A,2.5,7,3,7
2023-08-11,A,2.5,8,3,8
2023-08-11,A,2.5,9,3,9
2023-08-11,A,2.5,10,3,10
2023-08-11,A,2.5,11,4,16
2023-08-11,A,2.5,12,3,29
2023-08-11,A,3.0,4,3,0
2023-08-11,A,3.0,5,3,0
2023-08-11,A,3.0,6,3,0
2023-08-11,A,3.0,7,3,5
2023-08-11,A,3.0,8,3,5
2023-08-11,A,3.0,9,3,6
2023-08-11,A,3.0,10,3,7
2023-08-11,A,3.0,11,3,7
2023-08-11,A,3.0,12,3,7
2023-08-11,A,3.5,4,2,0
2023-08-11,A,3.5,5,2,0
2023-08-11,A,3.5,6,2,0
2023-08-11,A,3.5,7,2,3
2023-08-11,A,3.5,8,2,3
2023-08-11,A,3.5,9,2,5
2023-08-11,A,3.5,10,2,5
2023-08-11,A,3.5,11,2,6
2023-08-11,A,3.5,12,2,6
2023-08-11,A,4.0,4,2,0
2023-08-11,A,4.0,5,2,0
2023-08-11,A,4.0,6,2,0
2023-08-11,A,4.0,7,2,0
2023-08-11,A,4.0,8,2,0
2023-08-11,A,4.0,9,2,1
2023-08-11,A,4.0,10,2,1
2023-08-11,A,4.0,11,2,1
2023-08-11,A,4.0,12,2,1
2023-08-13,A,1.0,4,4,21
2023-08-13,A,1.0,5,6,37
2023-08-13,A,1.0,6,0,394
2023-08-13,A,1.0,7,0,394
2023-08-13,A,1.0,8,0,394
2023-08-13,A,1.0,9,0,394
2023-08-13,A,1.0,10,0,394
2023-08-13,A,1.0,11,0,394
2023-08-13,A,1.0,12,0,394
2023-08-13,A,1.5,4,6,5
2023-08-13,A,1.5,5,5,12
2023-08-13,A,1.5,6,4,20
2023-08-13,A,1.5,7,4,23
2023-08-13,A,1.5,8,4,35
2023-08-13,A,1.5,9,2,73
2023-08-13,A,1.5,10,0,394
2023-08-13,A,1.5,11,0,394
2023-08-13,A,1.5,12,0,394
2023-08-13,A,2.0,4,5,3
2023-08-13,A,2.0,5,6,4
2023-08-13,A,2.0,6,5,10
2023-08-13,A,2.0,7,4,17
2023-08-13,A,2.0,8,4,18
2023-08-13,A,2.0,9,4,22
2023-08-13,A,2.0,10,3,35
2023-08-13,A,2.0,11,2,51
2023-08-13,A,2.0,12,1,68
2023-08-13,A,2.5,4,3,3
2023-08-13,A,2.5,5,3,3
2023-08-13,A,2.5,6,4,3
2023-08-13,A,2.5,7,4,8
2023-08-13,A,2.5,8,3,15
2023-08-13,A,2.5,9,4,15
2023-08-13,A,2.5,10,4,15
2023-08-13,A,2.5,11,4,16
2023-08-13,A,2.5,12,3,27
2023-08-13,A,3.0,4,1,1
2023-08-13,A,3.0,5,1,1
2023-08-13,A,3.0,6,1,1
2023-08-13,A,3.0,7,1,1
2023-08-13,A,3.0,8,3,2
2023-08-13,A,3.0,9,2,12
2023-08-13,A,3.0,10,3,13
2023-08-13,A,3.0,11,3,14
2023-08-13,A,3.0,12,2,25
2023-08-13,A,3.5,4,1,0
2023-08-13,A,3.5,5,1,1
2023-08-13,A,3.5,6,1,1
2023-08-13,A,3.5,7,1,1
2023-08-13,A,3.5,8,2,1
2023-08-13,A,3.5,9,2,1
2023-08-13,A,3.5,10,2,7
2023-08-13,A,3.5,11,2,10
2023-08-13,A,3.5,12,1,22
2023-08-13,A,4.0,4,1,0
2023-08-13,A,4.0,5,1,0
2023-08-13,A,4.0,6,1,0
2023-08-13,A,4.0,7,1,0
2023-08-13,A,4.0,8,1,0
2023-08-13,A,4.0,9,1,0
2023-08-13,A,4.0,10,1,0
2023-08-13,A,4.0,11,1,0
2023-08-13,A,4.0,12,2,0
2023-08-14,A,1.0,4,5,20
2023-08-14,A,1.0,5,5,42
2023-08-14,A,1.0,6,0,449
2023-08-14,A,1.0,7,0,449
2023-08-14,A,1.0,8,0,449
2023-08-14,A,1.0,9,0,449
2023-08-14,A,1.0,10,0,449
2023-08-14,A,1.0,11,0,449
2023-08-14,A,1.0,12,0,449
2023-08-14,A,1.5,4,3,9
2023-08-14,A,1.5,5,4,11
2023-08-14,A,1.5,6,3,22
2023-08-14,A,1.5,7,3,25
2023-08-14,A,1.5,8,3,41
2023-08-14,A,1.5,9,3,67
2023-08-14,A,1.5,10,0,449
2023-08-14,A,1.5,11,0,449
2023-08-14,A,1.5,12,0,449
2023-08-14,A,2.0,4,1,7
2023-08-14,A,2.0,5,2,7
2023-08-14,A,2.0,6,3,9
2023-08-14,A,2.0,7,3,13
2023-08-14,A,2.0,8,3,24
2023-08-14,A,2.0,9,3,26
2023-08-14,A,2.0,10,3,28
2023-08-14,A,2.0,11,2,46
2023-08-14,A,2.0,12,2,68
2023-08-14,A,2.5,4,1,7
2023-08-14,A,2.5,5,1,7
2023-08-14,A,2.5,6,1,7
2023-08-14,A,2.5,7,1,7
2023-08-14,A,2.5,8,3,7
2023-08-14,A,2.5,9,2,15
2023-08-14,A,2.5,10,2,15
2023-08-14,A,2.5,11,2,18
2023-08-14,A,2.5,12,2,20
2023-08-14,A,3.0,4,1,3
2023-08-14,A,3.0,5,1,3
2023-08-14,A,3.0,6,1,3
2023-08-14,A,3.0,7,1,3
2023-08-14,A,3.0,8,1,4
2023-08-14,A,3.0,9,2,4
2023-08-14,A,3.0,10,1,13
2023-08-14,A,3.0,11,1,14
2023-08-14,A,3.0,12,1,14
2023-08-14,A,3.5,4,1,1
2023-08-14,A,3.5,5,1,2
2023-08-14,A,3.5,6,1,2
2023-08-14,A,3.5,7,1,2
2023-08-14,A,3.5,8,1,2
2023-08-14,A,3.5,9,1,2
2023-08-14,A,3.5,10,1,2
2023-08-14,A,3.5,11,1,6
2023-08-14,A,3.5,12,1,9
2023-08-14,A,4.0,4,1,1
2023-08-14,A,4.0,5,1,1
2023-08-14,A,4.0,6,1,1
2023-08-14,A,4.0,7,1,1
2023-08-14,A,4.0,8,1,1
2023-08-14,A,4.0,9,1,1
2023-08-14,A,4.0,10,1,1
2023-08-14,A,4.0,11,1,1
2023-08-14,A,4.0,12,1,1
2023-08-15,A,1.0,4,11,22
2023-08-15,A,1.0,5,8,61
2023-08-15,A,1.0,6,0,458
2023-08-15,A,1.0,7,0,458
2023-08-15,A,1.0,8,0,458
2023-08-15,A,1.0,9,0,458
2023-08-15,A,1.0,10,0,458
2023-08-15,A,1.0,11,0,458
2023-08-15,A,1.0,12,0,458
2023-08-15,A,1.5,4,4,6
2023-08-15,A,1.5,5,5,11
2023-08-15,A,1.5,6,5,27
2023-08-15,A,1.5,7,5,37
2023-08-15,A,1.5,8,3,64
2023-08-15,A,1.5,9,1,98
2023-08-15,A,1.5,10,0,458
2023-08-15,A,1.5,11,0,458
2023-08-15,A,1.5,12,0,458
2023-08-15,A,2.0,4,3,4
2023-08-15,A,2.0,5,3,4
2023-08-15,A,2.0,6,3,4
2023-08-15,A,2.0,7,4,9
2023-08-15,A,2.0,8,5,17
2023-08-15,A,2.0,9,4,42
2023-08-15,A,2.0,10,2,66
2023-08-15,A,2.0,11,1,80
2023-08-15,A,2.0,12,1,91
2023-08-15,A,2.5,4,3,4
2023-08-15,A,2.5,5,3,4
2023-08-15,A,2.5,6,3,4
2023-08-15,A,2.5,7,3,4
2023-08-15,A,2.5,8,3,4
2023-08-15,A,2.5,9,2,13
2023-08-15,A,2.5,10,2,14
2023-08-15,A,2.5,11,3,17
2023-08-15,A,2.5,12,2,31
2023-08-15,A,3.0,4,1,2
2023-08-15,A,3.0,5,1,2
2023-08-15,A,3.0,6,1,3
2023-08-15,A,3.0,7,1,3
2023-08-15,A,3.0,8,1,3
2023-08-15,A,3.0,9,1,3
2023-08-15,A,3.0,10,1,11
2023-08-15,A,3.0,11,1,11
2023-08-15,A,3.0,12,2,12
2023-08-15,A,3.5,4,1,1
2023-08-15,A,3.5,5,1,1
2023-08-15,A,3.5,6,1,1
2023-08-15,A,3.5,7,1,1
2023-08-15,A,3.5,8,1,1
2023-08-15,A,3.5,9,1,2
2023-08-15,A,3.5,10,1,2
2023-08-15,A,3.5,11,1,9
2023-08-15,A,3.5,12,1,9
2023-08-15,A,4.0,4,1,1
2023-08-15,A,4.0,5,1,1
2023-08-15,A,4.0,6,1,1
2023-08-15,A,4.0,7,1,1
2023-08-15,A,4.0,8,1,1
2023-08-15,A,4.0,9,1,1
2023-08-15,A,4.0,10,1,1
2023-08-15,A,4.0,11,1,1
2023-08-15,A,4.0,12,1,1
2023-08-16,A,1.0,4,11,28
2023-08-16,A,1.0,5,12,72
2023-08-16,A,1.0,6,0,465
2023-08-16,A,1.0,7,0,465
2023-08-16,A,1.0,8,0,465
2023-08-16,A,1.0,9,0,465
2023-08-16,A,1.0,10,0,465
2023-08-16,A,1.0,11,0,465
2023-08-16,A,1.0,12,0,465
2023-08-16,A,1.5,4,6,8
2023-08-16,A,1.5,5,5,21
2023-08-16,A,1.5,6,5,35
2023-08-16,A,1.5,7,5,47
2023-08-16,A,1.5,8,4,80
2023-08-16,A,1.5,9,2,130
2023-08-16,A,1.5,10,0,465
2023-08-16,A,1.5,11,0,465
2023-08-16,A,1.5,12,0,465
2023-08-16,A,2.0,4,4,3
2023-08-16,A,2.0,5,4,6
2023-08-16,A,2.0,6,3,14
2023-08-16,A,2.0,7,4,19
2023-08-16,A,2.0,8,5,29
2023-08-16,A,2.0,9,4,55
2023-08-16,A,2.0,10,2,81
2023-08-16,A,2.0,11,1,100
2023-08-16,A,2.0,12,2,118
2023-08-16,A,2.5,4,4,2
2023-08-16,A,2.5,5,4,2
2023-08-16,A,2.5,6,3,10
2023-08-16,A,2.5,7,3,11
2023-08-16,A,2.5,8,3,12
2023-08-16,A,2.5,9,3,13
2023-08-16,A,2.5,10,3,13
2023-08-16,A,2.5,11,3,27
2023-08-16,A,2.5,12,3,33
2023-08-16,A,3.0,4,2,1
2023-08-16,A,3.0,5,2,1
2023-08-16,A,3.0,6,3,1
2023-08-16,A,3.0,7,2,7
2023-08-16,A,3.0,8,2,9
2023-08-16,A,3.0,9,2,9
2023-08-16,A,3.0,10,2,11
2023-08-16,A,3.0,11,2,11
2023-08-16,A,3.0,12,2,12
2023-08-16,A,3.5,4,2,1
2023-08-16,A,3.5,5,2,1
2023-08-16,A,3.5,6,2,1
2023-08-16,A,3.5,7,2,6
2023-08-16,A,3.5,8,2,6
2023-08-16,A,3.5,9,2,6
2023-08-16,A,3.5,10,2,7
2023-08-16,A,3.5,11,2,7
2023-08-16,A,3.5,12,2,9
2023-08-16,A,4.0,4,1,1
2023-08-16,A,4.0,5,1,1
2023-08-16,A,4.0,6,1,1
2023-08-16,A,4.0,7,1,1
2023-08-16,A,4.0,8,1,1
2023-08-16,A,4.0,9,1,5
2023-08-16,A,4.0,10,1,5
2023-08-16,A,4.0,11,1,5
2023-08-16,A,4.0,12,1,5
2023-08-17,A,1.0,4,12,27
2023-08-17,A,1.0,5,14,78
2023-08-17,A,1.0,6,0,463
2023-08-17,A,1.0,7,0,463
2023-08-17,A,1.0,8,0,463
2023-08-17,A,1.0,9,0,463
2023-08-17,A,1.0,10,0,463
2023-08-17,A,1.0,11,0,463
2023-08-17,A,1.0,12,0,463
2023-08-17,A,1.5,4,5,5
2023-08-17,A,1.5,5,7,13
2023-08-17,A,1.5,6,6,33
2023-08-17,A,1.5,7,7,45
2023-08-17,A,1.5,8,7,83
2023-08-17,A,1.5,9,5,138
2023-08-17,A,1.5,10,0,463
2023-08-17,A,1.5,11,0,463
2023-08-17,A,1.5,12,0,463
2023-08-17,A,2.0,4,2,1
2023-08-17,A,2.0,5,3,4
2023-08-17,A,2.0,6,3,7
2023-08-17,A,2.0,7,5,15
2023-08-17,A,2.0,8,5,28
2023-08-17,A,2.0,9,5,46
2023-08-17,A,2.0,10,6,63
2023-08-17,A,2.0,11,5,114
2023-08-17,A,2.0,12,3,152
2023-08-17,A,2.5,4,2,1
2023-08-17,A,2.5,5,2,1
2023-08-17,A,2.5,6,2,3
2023-08-17,A,2.5,7,2,3
2023-08-17,A,2.5,8,3,4
2023-08-17,A,2.5,9,3,9
2023-08-17,A,2.5,10,2,19
2023-08-17,A,2.5,11,2,22
2023-08-17,A,2.5,12,3,25
2023-08-17,A,3.0,4,2,1
2023-08-17,A,3.0,5,2,1
2023-08-17,A,3.0,6,2,1
2023-08-17,A,3.0,7,2,1
2023-08-17,A,3.0,8,2,3
2023-08-17,A,3.0,9,2,3
2023-08-17,A,3.0,10,2,3
2023-08-17,A,3.0,11,2,3
2023-08-17,A,3.0,12,2,10
2023-08-17,A,3.5,4,2,1
2023-08-17,A,3.5,5,2,1
2023-08-17,A,3.5,6,2,1
2023-08-17,A,3.5,7,2,1
2023-08-17,A,3.5,8,2,1
2023-08-17,A,3.5,9,2,1
2023-08-17,A,3.5,10,2,2
2023-08-17,A,3.5,11,2,2
2023-08-17,A,3.5,12,2,2
2023-08-17,A,4.0,4,2,1
2023-08-17,A,4.0,5,2,1
2023-08-17,A,4.0,6,2,1
2023-08-17,A,4.0,7,2,1
2023-08-17,A,4.0,8,2,1
2023-08-17,A,4.0,9,2,1
2023-08-17,A,4.0,10,2,1
2023-08-17,A,4.0,11,2,1
2023-08-17,A,4.0,12,2,1
2023-08-18,A,1.0,4,13,26
2023-08-18,A,1.0,5,11,86
2023-08-18,A,1.0,6,0,434
2023-08-18,A,1.0,7,0,434
2023-08-18,A,1.0,8,0,434
2023-08-18,A,1.0,9,0,434
2023-08-18,A,1.0,10,0,434
2023-08-18,A,1.0,11,0,434
2023-08-18,A,1.0,12,0,434
2023-08-18,A,1.5,4,4,8
2023-08-18,A,1.5,5,4,15
2023-08-18,A,1.5,6,7,30
2023-08-18,A,1.5,7,8,48
2023-08-18,A,1.5,8,6,92
2023-08-18,A,1.5,9,7,134
2023-08-18,A,1.5,10,0,434
2023-08-18,A,1.5,11,0,434
2023-08-18,A,1.5,12,0,434
2023-08-18,A,2.0,4,3,5
2023-08-18,A,2.0,5,2,10
2023-08-18,A,2.0,6,3,12
2023-08-18,A,2.0,7,3,18
2023-08-18,A,2.0,8,6,21
2023-08-18,A,2.0,9,5,56
2023-08-18,A,2.0,10,5,62
2023-08-18,A,2.0,11,5,104
2023-08-18,A,2.0,12,4,156
2023-08-18,A,2.5,4,2,1
2023-08-18,A,2.5,5,1,6
2023-08-18,A,2.5,6,1,7
2023-08-18,A,2.5,7,2,8
2023-08-18,A,2.5,8,2,10
2023-08-18,A,2.5,9,2,12
2023-08-18,A,2.5,10,3,16
2023-08-18,A,2.5,11,3,16
2023-08-18,A,2.5,12,3,31
2023-08-18,A,3.0,4,2,1
2023-08-18,A,3.0,5,1,5
2023-08-18,A,3.0,6,1,5
2023-08-18,A,3.0,7,1,6
2023-08-18,A,3.0,8,1,7
2023-08-18,A,3.0,9,1,8
2023-08-18,A,3.0,10,1,8
2023-08-18,A,3.0,11,1,9
2023-08-18,A,3.0,12,1,10
2023-08-18,A,3.5,4,2,1
2023-08-18,A,3.5,5,1,5
2023-08-18,A,3.5,6,1,5
2023-08-18,A,3.5,7,1,5
2023-08-18,A,3.5,8,1,5
2023-08-18,A,3.5,9,1,5
2023-08-18,A,3.5,10,1,5
2023-08-18,A,3.5,11,1,5
2023-08-18,A,3.5,12,1,5
2023-08-18,A,4.0,4,2,1
2023-08-18,A,4.0,5,1,5
2023-08-18,A,4.0,6,1,5
2023-08-18,A,4.0,7,1,5
2023-08-18,A,4.0,8,1,5
2023-08-18,A,4.0,9,1,5
2023-08-18,A,4.0,10,1,5
2023-08-18,A,4.0,11,1,5
2023-08-18,A,4.0,12,1,5
2023-08-19,A,1.0,4,11,28
2023-08-19,A,1.0,5,11,77
2023-08-19,A,1.0,6,0,429
2023-08-19,A,1.0,7,0,429
2023-08-19,A,1.0,8,0,429
2023-08-19,A,1.0,9,0,429
2023-08-19,A,1.0,10,0,429
2023-08-19,A,1.0,11,0,429
2023-08-19,A,1.0,12,0,429
2023-08-19,A,1.5,4,3,11
2023-08-19,A,1.5,5,4,17
2023-08-19,A,1.5,6,5,31
2023-08-19,A,1.5,7,8,38
2023-08-19,A,1.5,8,7,73
2023-08-19,A,1.5,9,5,136
2023-08-19,A,1.5,10,0,429
2023-08-19,A,1.5,11,0,429
2023-08-19,A,1.5,12,0,429
2023-08-19,A,2.0,4,3,8
2023-08-19,A,2.0,5,2,14
2023-08-19,A,2.0,6,2,14
2023-08-19,A,2.0,7,3,19
2023-08-19,A,2.0,8,3,27
2023-08-19,A,2.0,9,4,44
2023-08-19,A,2.0,10,5,58
2023-08-19,A,2.0,11,5,92
2023-08-19,A,2.0,12,5,141
2023-08-19,A,2.5,4,2,3
2023-08-19,A,2.5,5,1,10
2023-08-19,A,2.5,6,1,13
2023-08-19,A,2.5,7,1,13
2023-08-19,A,2.5,8,1,13
2023-08-19,A,2.5,9,1,14
2023-08-19,A,2.5,10,1,19
2023-08-19,A,2.5,11,2,20
2023-08-19,A,2.5,12,3,27
2023-08-19,A,3.0,4,2,3
2023-08-19,A,3.0,5,1,7
2023-08-19,A,3.0,6,1,9
2023-08-19,A,3.0,7,1,11
2023-08-19,A,3.0,8,1,11
2023-08-19,A,3.0,9,1,11
2023-08-19,A,3.0,10,1,11
2023-08-19,A,3.0,11,1,11
2023-08-19,A,3.0,12,1,11
2023-08-19,A,3.5,4,2,3
2023-08-19,A,3.5,5,1,7
2023-08-19,A,3.5,6,1,7
2023-08-19,A,3.5,7,1,7
2023-08-19,A,3.5,8,1,7
2023-08-19,A,3.5,9,1,8
2023-08-19,A,3.5,10,1,8
2023-08-19,A,3.5,11,1,9
2023-08-19,A,3.5,12,1,9
2023-08-19,A,4.0,4,2,3
2023-08-19,A,4.0,5,1,7
2023-08-19,A,4.0,6,1,7
2023-08-19,A,4.0,7,1,7
2023-08-19,A,4.0,8,1,7
2023-08-19,A,4.0,9,1,7
2023-08-19,A,4.0,10,1,7
2023-08-19,A,4.0,11,1,7
2023-08-19,A,4.0,12,1,7
2023-08-20,A,1.0,4,8,21
2023-08-20,A,1.0,5,13,68
2023-08-20,A,1.0,6,0,437
2023-08-20,A,1.0,7,0,437
2023-08-20,A,1.0,8,0,437
2023-08-20,A,1.0,9,0,437
2023-08-20,A,1.0,10,0,437
2023-08-20,A,1.0,11,0,437
2023-08-20,A,1.0,12,0,437
2023-08-20,A,1.5,4,2,12
2023-08-20,A,1.5,5,2,17
2023-08-20,A,1.5,6,4,23
2023-08-20,A,1.5,7,7,30
2023-08-20,A,1.5,8,5,64
2023-08-20,A,1.5,9,5,124
2023-08-20,A,1.5,10,0,437
2023-08-20,A,1.5,11,0,437
2023-08-20,A,1.5,12,0,437
2023-08-20,A,2.0,4,2,7
2023-08-20,A,2.0,5,2,11
2023-08-20,A,2.0,6,2,11
2023-08-20,A,2.0,7,2,12
2023-08-20,A,2.0,8,2,19
2023-08-20,A,2.0,9,4,40
2023-08-20,A,2.0,10,4,51
2023-08-20,A,2.0,11,4,78
2023-08-20,A,2.0,12,3,134
2023-08-20,A,2.5,4,1,3
2023-08-20,A,2.5,5,1,6
2023-08-20,A,2.5,6,1,10
2023-08-20,A,2.5,7,1,10
2023-08-20,A,2.5,8,1,10
2023-08-20,A,2.5,9,1,10
2023-08-20,A,2.5,10,1,12
2023-08-20,A,2.5,11,2,13
2023-08-20,A,2.5,12,2,20
2023-08-20,A,3.0,4,1,3
2023-08-20,A,3.0,5,1,3
2023-08-20,A,3.0,6,1,6
2023-08-20,A,3.0,7,1,8
2023-08-20,A,3.0,8,1,8
2023-08-20,A,3.0,9,1,8
2023-08-20,A,3.0,10,1,10
2023-08-20,A,3.0,11,1,10
2023-08-20,A,3.0,12,2,10
2023-08-20,A,3.5,4,1,3
2023-08-20,A,3.5,5,1,3
2023-08-20,A,3.5,6,1,3
2023-08-20,A,3.5,7,1,3
2023-08-20,A,3.5,8,1,3
2023-08-20,A,3.5,9,1,3
2023-08-20,A,3.5,10,1,5
2023-08-20,A,3.5,11,1,6
2023-08-20,A,3.5,12,1,9
2023-08-20,A,4.0,4,1,3
2023-08-20,A,4.0,5,1,3
2023-08-20,A,4.0,6,1,3
2023-08-20,A,4.0,7,1,3
2023-08-20,A,4.0,8,1,3
2023-08-20,A,4.0,9,1,3
2023-08-20,A,4.0,10,1,3
2023-08-20,A,4.0,11,1,4
2023-08-20,A,4.0,12,1,4
2023-08-21,A,1.0,4,6,20
2023-08-21,A,1.0,5,20,63
2023-08-21,A,1.0,6,0,450
2023-08-21,A,1.0,7,0,450
2023-08-21,A,1.0,8,0,450
2023-08-21,A,1.0,9,0,450
2023-08-21,A,1.0,10,0,450
2023-08-21,A,1.0,11,0,450
2023-08-21,A,1.0,12,0,450
2023-08-21,A,1.5,4,3,7
2023-08-21,A,1.5,5,1,19
2023-08-21,A,1.5,6,3,22
2023-08-21,A,1.5,7,4,27
2023-08-21,A,1.5,8,8,52
2023-08-21,A,1.5,9,6,146
2023-08-21,A,1.5,10,0,450
2023-08-21,A,1.5,11,0,450
2023-08-21,A,1.5,12,0,450
2023-08-21,A,2.0,4,3,3
2023-08-21,A,2.0,5,3,4
2023-08-21,A,2.0,6,3,10
2023-08-21,A,2.0,7,2,16
2023-08-21,A,2.0,8,2,19
2023-08-21,A,2.0,9,3,30
2023-08-21,A,2.0,10,4,43
2023-08-21,A,2.0,11,5,69
2023-08-21,A,2.0,12,5,138
2023-08-21,A,2.5,4,2,3
2023-08-21,A,2.5,5,2,3
2023-08-21,A,2.5,6,3,3
2023-08-21,A,2.5,7,2,8
2023-08-21,A,2.5,8,1,15
2023-08-21,A,2.5,9,1,15
2023-08-21,A,2.5,10,2,15
2023-08-21,A,2.5,11,2,16
2023-08-21,A,2.5,12,2,22
2023-08-21,A,3.0,4,1,3
2023-08-21,A,3.0,5,1,3
2023-08-21,A,3.0,6,1,3
2023-08-21,A,3.0,7,1,3
2023-08-21,A,3.0,8,1,4
2023-08-21,A,3.0,9,1,12
2023-08-21,A,3.0,10,1,12
2023-08-21,A,3.0,11,1,13
2023-08-21,A,3.0,12,1,13
2023-08-21,A,3.5,4,1,3
2023-08-21,A,3.5,5,1,3
2023-08-21,A,3.5,6,1,3
2023-08-21,A,3.5,7,1,3
2023-08-21,A,3.5,8,1,3
2023-08-21,A,3.5,9,1,3
2023-08-21,A,3.5,10,1,3
2023-08-21,A,3.5,11,1,12
2023-08-21,A,3.5,12,1,12
2023-08-21,A,4.0,4,1,3
2023-08-21,A,4.0,5,1,3
2023-08-21,A,4.0,6,1,3
2023-08-21,A,4.0,7,1,3
2023-08-21,A,4.0,8,1,3
2023-08-21,A,4.0,9,1,3
2023-08-21,A,4.0,10,1,3
2023-08-21,A,4.0,11,1,3
2023-08-21,A,4.0,12,1,3
2023-08-22,A,1.0,4,4,24
2023-08-22,A,1.0,5,12,73
2023-08-22,A,1.0,6,0,444
2023-08-22,A,1.0,7,0,444
2023-08-22,A,1.0,8,0,444
2023-08-22,A,1.0,9,0,444
2023-08-22,A,1.0,10,0,444
2023-08-22,A,1.0,11,0,444
2023-08-22,A,1.0,12,0,444
2023-08-22,A,1.5,4,2,11
2023-08-22,A,1.5,5,2,15
2023-08-22,A,1.5,6,2,23
2023-08-22,A,1.5,7,3,35
2023-08-22,A,1.5,8,3,61
2023-08-22,A,1.5,9,6,119
2023-08-22,A,1.5,10,0,444
2023-08-22,A,1.5,11,0,444
2023-08-22,A,1.5,12,0,444
2023-08-22,A,2.0,4,2,4
2023-08-22,A,2.0,5,3,6
2023-08-22,A,2.0,6,2,15
2023-08-22,A,2.0,7,2,21
2023-08-22,A,2.0,8,2,26
2023-08-22,A,2.0,9,2,30
2023-08-22,A,2.0,10,4,37
2023-08-22,A,2.0,11,3,70
2023-08-22,A,2.0,12,4,118
2023-08-22,A,2.5,4,2,4
2023-08-22,A,2.5,5,2,4
2023-08-22,A,2.5,6,2,6
2023-08-22,A,2.5,7,1,12
2023-08-22,A,2.5,8,1,12
2023-08-22,A,2.5,9,2,14
2023-08-22,A,2.5,10,2,16
2023-08-22,A,2.5,11,2,20
2023-08-22,A,2.5,12,2,24
2023-08-22,A,3.0,4,1,4
2023-08-22,A,3.0,5,1,4
2023-08-22,A,3.0,6,2,4
2023-08-22,A,3.0,7,1,11
2023-08-22,A,3.0,8,1,11
2023-08-22,A,3.0,9,1,11
2023-08-22,A,3.0,10,1,11
2023-08-22,A,3.0,11,2,11
2023-08-22,A,3.0,12,2,11
2023-08-22,A,3.5,4,1,4
2023-08-22,A,3.5,5,1,4
2023-08-22,A,3.5,6,2,4
2023-08-22,A,3.5,7,1,9
2023-08-22,A,3.5,8,1,11
2023-08-22,A,3.5,9,1,11
2023-08-22,A,3.5,10,1,11
2023-08-22,A,3.5,11,1,11
2023-08-22,A,3.5,12,1,11
2023-08-22,A,4.0,4,1,4
2023-08-22,A,4.0,5,1,4
2023-08-22,A,4.0,6,1,4
2023-08-22,A,4.0,7,1,4
2023-08-22,A,4.0,8,1,8
2023-08-22,A,4.0,9,1,8
2023-08-22,A,4.0,10,1,8
2023-08-22,A,4.0,11,1,10
2023-08-22,A,4.0,12,1,10
2023-08-23,A,1.0,4,10,22
2023-08-23,A,1.0,5,17,99
2023-08-23,A,1.0,6,0,504
2023-08-23,A,1.0,7,0,504
2023-08-23,A,1.0,8,0,504
2023-08-23,A,1.0,9,0,504
2023-08-23,A,1.0,10,0,504
2023-08-23,A,1.0,11,0,504
2023-08-23,A,1.0,12,0,504
2023-08-23,A,1.5,4,4,2
2023-08-23,A,1.5,5,5,8
2023-08-23,A,1.5,6,5,20
2023-08-23,A,1.5,7,6,38
2023-08-23,A,1.5,8,5,91
2023-08-23,A,1.5,9,6,155
2023-08-23,A,1.5,10,0,504
2023-08-23,A,1.5,11,0,504
2023-08-23,A,1.5,12,0,504
2023-08-23,A,2.0,4,3,1
2023-08-23,A,2.0,5,4,1
2023-08-23,A,2.0,6,4,5
2023-08-23,A,2.0,7,4,14
2023-08-23,A,2.0,8,4,21
2023-08-23,A,2.0,9,6,40
2023-08-23,A,2.0,10,6,58
2023-08-23,A,2.0,11,3,108
2023-08-23,A,2.0,12,5,138
2023-08-23,A,2.5,4,3,1
2023-08-23,A,2.5,5,3,1
2023-08-23,A,2.5,6,3,1
2023-08-23,A,2.5,7,3,1
2023-08-23,A,2.5,8,3,1
2023-08-23,A,2.5,9,4,3
2023-08-23,A,2.5,10,3,15
2023-08-23,A,2.5,11,3,23
2023-08-23,A,2.5,12,3,27
2023-08-23,A,3.0,4,2,1
2023-08-23,A,3.0,5,2,1
2023-08-23,A,3.0,6,2,1
2023-08-23,A,3.0,7,3,1
2023-08-23,A,3.0,8,3,1
2023-08-23,A,3.0,9,3,1
2023-08-23,A,3.0,10,2,10
2023-08-23,A,3.0,11,3,10
2023-08-23,A,3.0,12,3,11
2023-08-23,A,3.5,4,2,1
2023-08-23,A,3.5,5,2,1
2023-08-23,A,3.5,6,2,1
2023-08-23,A,3.5,7,2,1
2023-08-23,A,3.5,8,3,1
2023-08-23,A,3.5,9,3,1
2023-08-23,A,3.5,10,2,10
2023-08-23,A,3.5,11,2,10
2023-08-23,A,3.5,12,2,10
2023-08-23,A,4.0,4,1,1
2023-08-23,A,4.0,5,1,1
2023-08-23,A,4.0,6,1,1
2023-08-23,A,4.0,7,1,1
2023-08-23,A,4.0,8,1,1
2023-08-23,A,4.0,9,1,1
2023-08-23,A,4.0,10,1,1
2023-08-23,A,4.0,11,1,10
2023-08-23,A,4.0,12,1,10
2023-08-24,A,1.0,4,13,25
2023-08-24,A,1.0,5,22,126
2023-08-24,A,1.0,6,0,618
2023-08-24,A,1.0,7,0,618
2023-08-24,A,1.0,8,0,618
2023-08-24,A,1.0,9,0,618
2023-08-24,A,1.0,10,0,618
2023-08-24,A,1.0,11,0,618
2023-08-24,A,1.0,12,0,618
2023-08-24,A,1.5,4,2,8
2023-08-24,A,1.5,5,3,15
2023-08-24,A,1.5,6,7,21
2023-08-24,A,1.5,7,11,43
2023-08-24,A,1.5,8,11,103
2023-08-24,A,1.5,9,11,210
2023-08-24,A,1.5,10,0,618
2023-08-24,A,1.5,11,0,618
2023-08-24,A,1.5,12,0,618
2023-08-24,A,2.0,4,2,1
2023-08-24,A,2.0,5,2,3
2023-08-24,A,2.0,6,3,5
2023-08-24,A,2.0,7,3,12
2023-08-24,A,2.0,8,3,21
2023-08-24,A,2.0,9,5,48
2023-08-24,A,2.0,10,8,64
2023-08-24,A,2.0,11,8,105
2023-08-24,A,2.0,12,9,185
2023-08-24,A,2.5,4,1,1
2023-08-24,A,2.5,5,1,1
2023-08-24,A,2.5,6,1,1
2023-08-24,A,2.5,7,1,2
2023-08-24,A,2.5,8,1,2
2023-08-24,A,2.5,9,2,3
2023-08-24,A,2.5,10,3,4
2023-08-24,A,2.5,11,2,19
2023-08-24,A,2.5,12,3,31
2023-08-24,A,3.0,4,1,0
2023-08-24,A,3.0,5,1,0
2023-08-24,A,3.0,6,1,0
2023-08-24,A,3.0,7,1,0
2023-08-24,A,3.0,8,1,1
2023-08-24,A,3.0,9,1,1
2023-08-24,A,3.0,10,1,1
2023-08-24,A,3.0,11,1,11
2023-08-24,A,3.0,12,1,11
2023-08-24,A,3.5,4,1,0
2023-08-24,A,3.5,5,1,0
2023-08-24,A,3.5,6,1,0
2023-08-24,A,3.5,7,1,0
2023-08-24,A,3.5,8,1,0
2023-08-24,A,3.5,9,1,1
2023-08-24,A,3.5,10,1,1
2023-08-24,A,3.5,11,1,1
2023-08-24,A,3.5,12,1,2
2023-08-24,A,4.0,4,1,0
2023-08-24,A,4.0,5,1,0
2023-08-24,A,4.0,6,1,0
2023-08-24,A,4.0,7,1,0
2023-08-24,A,4.0,8,1,0
2023-08-24,A,4.0,9,1,0
2023-08-24,A,4.0,10,1,0
2023-08-24,A,4.0,11,1,0
2023-08-24,A,4.0,12,1,1
2023-08-25,A,1.0,4,10,23
2023-08-25,A,1.0,5,11,99
2023-08-25,A,1.0,6,0,619
2023-08-25,A,1.0,7,0,619
2023-08-25,A,1.0,8,0,619
2023-08-25,A,1.0,9,0,619
2023-08-25,A,1.0,10,0,619
2023-08-25,A,1.0,11,0,619
2023-08-25,A,1.0,12,0,619
2023-08-25,A,1.5,4,3,6
2023-08-25,A,1.5,5,4,16
2023-08-25,A,1.5,6,4,32
2023-08-25,A,1.5,7,5,49
2023-08-25,A,1.5,8,5,85
2023-08-25,A,1.5,9,9,143
2023-08-25,A,1.5,10,0,619
2023-08-25,A,1.5,11,0,619
2023-08-25,A,1.5,12,0,619
2023-08-25,A,2.0,4,2,4
2023-08-25,A,2.0,5,3,5
2023-08-25,A,2.0,6,2,16
2023-08-25,A,2.0,7,2,21
2023-08-25,A,2.0,8,2,26
2023-08-25,A,2.0,9,2,44
2023-08-25,A,2.0,10,4,58
2023-08-25,A,2.0,11,5,74
2023-08-25,A,2.0,12,5,112
2023-08-25,A,2.5,4,2,0
2023-08-25,A,2.5,5,2,2
2023-08-25,A,2.5,6,2,3
2023-08-25,A,2.5,7,1,9
2023-08-25,A,2.5,8,1,11
2023-08-25,A,2.5,9,1,14
2023-08-25,A,2.5,10,1,25
2023-08-25,A,2.5,11,2,31
2023-08-25,A,2.5,12,2,33
2023-08-25,A,3.0,4,1,0
2023-08-25,A,3.0,5,1,2
2023-08-25,A,3.0,6,1,3
2023-08-25,A,3.0,7,1,8
2023-08-25,A,3.0,8,1,8
2023-08-25,A,3.0,9,1,9
2023-08-25,A,3.0,10,1,9
2023-08-25,A,3.0,11,1,13
2023-08-25,A,3.0,12,1,16
2023-08-25,A,3.5,4,1,0
2023-08-25,A,3.5,5,1,0
2023-08-25,A,3.5,6,1,1
2023-08-25,A,3.5,7,1,3
2023-08-25,A,3.5,8,1,8
2023-08-25,A,3.5,9,1,8
2023-08-25,A,3.5,10,1,8
2023-08-25,A,3.5,11,1,9
2023-08-25,A,3.5,12,1,9
2023-08-25,A,4.0,4,1,0
2023-08-25,A,4.0,5,1,0
2023-08-25,A,4.0,6,1,0
2023-08-25,A,4.0,7,1,0
2023-08-25,A,4.0,8,1,0
2023-08-25,A,4.0,9,1,1
2023-08-25,A,4.0,10,1,1
2023-08-25,A,4.0,11,1,1
2023-08-25,A,4.0,12,1,5
2023-08-26,A,1.0,4,8,23
2023-08-26,A,1.0,5,16,73
2023-08-26,A,1.0,6,0,560
2023-08-26,A,1.0,7,0,560
2023-08-26,A,1.0,8,0,560
2023-08-26,A,1.0,9,0,560
2023-08-26,A,1.0,10,0,560
2023-08-26,A,1.0,11,0,560
2023-08-26,A,1.0,12,0,560
2023-08-26,A,1.5,4,3,0
2023-08-26,A,1.5,5,4,7
2023-08-26,A,1.5,6,4,20
2023-08-26,A,1.5,7,6,32
2023-08-26,A,1.5,8,5,64
2023-08-26,A,1.5,9,9,125
2023-08-26,A,1.5,10,0,560
2023-08-26,A,1.5,11,0,560
2023-08-26,A,1.5,12,0,560
2023-08-26,A,2.0,4,2,0
2023-08-26,A,2.0,5,3,0
2023-08-26,A,2.0,6,4,6
2023-08-26,A,2.0,7,3,15
2023-08-26,A,2.0,8,4,22
2023-08-26,A,2.0,9,3,36
2023-08-26,A,2.0,10,4,42
2023-08-26,A,2.0,11,4,57
2023-08-26,A,2.0,12,6,103
2023-08-26,A,2.5,4,2,0
2023-08-26,A,2.5,5,2,0
2023-08-26,A,2.5,6,2,0
2023-08-26,A,2.5,7,2,0
2023-08-26,A,2.5,8,3,1
2023-08-26,A,2.5,9,3,6
2023-08-26,A,2.5,10,2,17
2023-08-26,A,2.5,11,2,24
2023-08-26,A,2.5,12,3,24
2023-08-26,A,3.0,4,1,0
2023-08-26,A,3.0,5,1,0
2023-08-26,A,3.0,6,1,0
2023-08-26,A,3.0,7,2,0
2023-08-26,A,3.0,8,2,0
2023-08-26,A,3.0,9,2,0
2023-08-26,A,3.0,10,2,0
2023-08-26,A,3.0,11,2,9
2023-08-26,A,3.0,12,2,10
2023-08-26,A,3.5,4,1,0
2023-08-26,A,3.5,5,1,0
2023-08-26,A,3.5,6,1,0
2023-08-26,A,3.5,7,1,0
2023-08-26,A,3.5,8,2,0
2023-08-26,A,3.5,9,2,0
2023-08-26,A,3.5,10,2,0
2023-08-26,A,3.5,11,2,0
2023-08-26,A,3.5,12,2,0
2023-08-26,A,4.0,4,1,0
2023-08-26,A,4.0,5,1,0
2023-08-26,A,4.0,6,1,0
2023-08-26,A,4.0,7,1,0
2023-08-26,A,4.0,8,1,0
2023-08-26,A,4.0,9,1,0
2023-08-26,A,4.0,10,1,0
2023-08-26,A,4.0,11,1,0
2023-08-26,A,4.0,12,1,0
2023-08-27,A,1.0,4,9,12
2023-08-27,A,1.0,5,13,59
2023-08-27,A,1.0,6,0,484
2023-08-27,A,1.0,7,0,484
2023-08-27,A,1.0,8,0,484
2023-08-27,A,1.0,9,0,484
2023-08-27,A,1.0,10,0,484
2023-08-27,A,1.0,11,0,484
2023-08-27,A,1.0,12,0,484
2023-08-27,A,1.5,4,4,2
2023-08-27,A,1.5,5,5,5
2023-08-27,A,1.5,6,4,18
2023-08-27,A,1.5,7,4,30
2023-08-27,A,1.5,8,5,44
2023-08-27,A,1.5,9,10,92
2023-08-27,A,1.5,10,0,484
2023-08-27,A,1.5,11,0,484
2023-08-27,A,1.5,12,0,484
2023-08-27,A,2.0,4,4,1
2023-08-27,A,2.0,5,4,1
2023-08-27,A,2.0,6,4,2
2023-08-27,A,2.0,7,4,10
2023-08-27,A,2.0,8,3,21
2023-08-27,A,2.0,9,3,24
2023-08-27,A,2.0,10,4,29
2023-08-27,A,2.0,11,5,41
2023-08-27,A,2.0,12,8,75
2023-08-27,A,2.5,4,4,0
2023-08-27,A,2.5,5,4,0
2023-08-27,A,2.5,6,4,0
2023-08-27,A,2.5,7,4,1
2023-08-27,A,2.5,8,3,9
2023-08-27,A,2.5,9,3,14
2023-08-27,A,2.5,10,3,14
2023-08-27,A,2.5,11,3,17
2023-08-27,A,2.5,12,3,21
2023-08-27,A,3.0,4,2,0
2023-08-27,A,3.0,5,2,0
2023-08-27,A,3.0,6,2,0
2023-08-27,A,3.0,7,2,0
2023-08-27,A,3.0,8,1,8
2023-08-27,A,3.0,9,1,8
2023-08-27,A,3.0,10,2,11
2023-08-27,A,3.0,11,2,11
2023-08-27,A,3.0,12,2,11
2023-08-27,A,3.5,4,2,0
2023-08-27,A,3.5,5,2,0
2023-08-27,A,3.5,6,2,0
2023-08-27,A,3.5,7,2,0
2023-08-27,A,3.5,8,2,0
2023-08-27,A,3.5,9,1,8
2023-08-27,A,3.5,10,1,8
2023-08-27,A,3.5,11,1,8
2023-08-27,A,3.5,12,1,10
2023-08-27,A,4.0,4,1,0
2023-08-27,A,4.0,5,1,0
2023-08-27,A,4.0,6,1,0
2023-08-27,A,4.0,7,1,0
2023-08-27,A,4.0,8,1,0
2023-08-27,A,4.0,9,1,6
2023-08-27,A,4.0,10,1,6
2023-08-27,A,4.0,11,1,6
2023-08-27,A,4.0,12,1,6
2023-08-28,A,1.0,4,10,12
2023-08-28,A,1.0,5,12,68
2023-08-28,A,1.0,6,0,404
2023-08-28,A,1.0,7,0,404
2023-08-28,A,1.0,8,0,404
2023-08-28,A,1.0,9,0,404
2023-08-28,A,1.0,10,0,404
2023-08-28,A,1.0,11,0,404
2023-08-28,A,1.0,12,0,404
2023-08-28,A,1.5,4,5,3
2023-08-28,A,1.5,5,5,7
2023-08-28,A,1.5,6,5,15
2023-08-28,A,1.5,7,6,23
2023-08-28,A,1.5,8,8,44
2023-08-28,A,1.5,9,8,97
2023-08-28,A,1.5,10,0,404
2023-08-28,A,1.5,11,0,404
2023-08-28,A,1.5,12,0,404
2023-08-28,A,2.0,4,5,1
2023-08-28,A,2.0,5,5,2
2023-08-28,A,2.0,6,4,7
2023-08-28,A,2.0,7,4,9
2023-08-28,A,2.0,8,4,20
2023-08-28,A,2.0,9,4,22
2023-08-28,A,2.0,10,5,39
2023-08-28,A,2.0,11,6,57
2023-08-28,A,2.0,12,8,98
2023-08-28,A,2.5,4,5,0
2023-08-28,A,2.5,5,5,0
2023-08-28,A,2.5,6,4,5
2023-08-28,A,2.5,7,4,7
2023-08-28,A,2.5,8,4,7
2023-08-28,A,2.5,9,4,8
2023-08-28,A,2.5,10,4,16
2023-08-28,A,2.5,11,4,18
2023-08-28,A,2.5,12,4,21
2023-08-28,A,3.0,4,3,0
2023-08-28,A,3.0,5,3,0
2023-08-28,A,3.0,6,2,5
2023-08-28,A,3.0,7,3,5
2023-08-28,A,3.0,8,3,6
2023-08-28,A,3.0,9,3,6
2023-08-28,A,3.0,10,3,6
2023-08-28,A,3.0,11,3,8
2023-08-28,A,3.0,12,4,9
2023-08-28,A,3.5,4,3,0
2023-08-28,A,3.5,5,3,0
2023-08-28,A,3.5,6,2,5
2023-08-28,A,3.5,7,2,5
2023-08-28,A,3.5,8,2,5
2023-08-28,A,3.5,9,3,6
2023-08-28,A,3.5,10,3,6
2023-08-28,A,3.5,11,3,6
2023-08-28,A,3.5,12,3,6
2023-08-28,A,4.0,4,2,0
2023-08-28,A,4.0,5,2,0
2023-08-28,A,4.0,6,2,0
2023-08-28,A,4.0,7,2,3
2023-08-28,A,4.0,8,2,3
2023-08-28,A,4.0,9,2,3
2023-08-28,A,4.0,10,2,3
2023-08-28,A,4.0,11,2,3
2023-08-28,A,4.0,12,2,3
2024-05-20,A,1.0,4,2,7
2024-05-20,A,1.0,5,2,19
2024-05-20,A,1.0,6,0,425
2024-05-20,A,1.0,7,0,425
2024-05-20,A,1.0,8,0,425
2024-05-20,A,1.0,9,0,425
2024-05-20,A,1.0,10,0,425
2024-05-20,A,1.0,11,0,425
2024-05-20,A,1.0,12,0,425
2024-05-20,A,1.5,4,2,2
2024-05-20,A,1.5,5,2,3
2024-05-20,A,1.5,6,2,4
2024-05-20,A,1.5,7,2,5
2024-05-20,A,1.5,8,2,12
2024-05-20,A,1.5,9,2,15
2024-05-20,A,1.5,10,0,425
2024-05-20,A,1.5,11,0,425
2024-05-20,A,1.5,12,0,425
2024-05-20,A,2.0,4,2,0
2024-05-20,A,2.0,5,2,0
2024-05-20,A,2.0,6,2,1
2024-05-20,A,2.0,7,2,2
2024-05-20,A,2.0,8,2,3
2024-05-20,A,2.0,9,2,6
2024-05-20,A,2.0,10,2,8
2024-05-20,A,2.0,11,2,9
2024-05-20,A,2.0,12,2,15
2024-05-20,A,2.5,4,2,0
2024-05-20,A,2.5,5,2,0
2024-05-20,A,2.5,6,2,0
2024-05-20,A,2.5,7,2,1
2024-05-20,A,2.5,8,2,1
2024-05-20,A,2.5,9,2,2
2024-05-20,A,2.5,10,2,2
2024-05-20,A,2.5,11,2,2
2024-05-20,A,2.5,12,2,2
2024-05-20,A,3.0,4,2,0
2024-05-20,A,3.0,5,2,0
2024-05-20,A,3.0,6,2,0
2024-05-20,A,3.0,7,2,0
2024-05-20,A,3.0,8,2,0
2024-05-20,A,3.0,9,2,0
2024-05-20,A,3.0,10,2,0
2024-05-20,A,3.0,11,2,0
2024-05-20,A,3.0,12,2,1
2024-05-20,A,3.5,4,2,0
2024-05-20,A,3.5,5,2,0
2024-05-20,A,3.5,6,2,0
2024-05-20,A,3.5,7,2,0
2024-05-20,A,3.5,8,2,0
2024-05-20,A,3.5,9,2,0
2024-05-20,A,3.5,10,2,0
2024-05-20,A,3.5,11,2,0
2024-05-20,A,3.5,12,2,0
2024-05-20,A,4.0,4,2,0
2024-05-20,A,4.0,5,2,0
2024-05-20,A,4.0,6,2,0
2024-05-20,A,4.0,7,2,0
2024-05-20,A,4.0,8,2,0
2024-05-20,A,4.0,9,2,0
2024-05-20,A,4.0,10,2,0
2024-05-20,A,4.0,11,2,0
2024-05-20,A,4.0,12,2,0
2024-05-21,A,1.0,4,4,9
2024-05-21,A,1.0,5,2,28
2024-05-21,A,1.0,6,0,454
2024-05-21,A,1.0,7,0,454
2024-05-21,A,1.0,8,0,454
2024-05-21,A,1.0,9,0,454
2024-05-21,A,1.0,10,0,454
2024-05-21,A,1.0,11,0,454
2024-05-21,A,1.0,12,0,454
2024-05-21,A,1.5,4,2,5
2024-05-21,A,1.5,5,2,8
2024-05-21,A,1.5,6,3,9
2024-05-21,A,1.5,7,2,15
2024-05-21,A,1.5,8,2,17
2024-05-21,A,1.5,9,2,22
2024-05-21,A,1.5,10,0,454
2024-05-21,A,1.5,11,0,454
2024-05-21,A,1.5,12,0,454
2024-05-21,A,2.0,4,2,3
2024-05-21,A,2.0,5,2,3
2024-05-21,A,2.0,6,2,4
2024-05-21,A,2.0,7,2,6
2024-05-21,A,2.0,8,2,7
2024-05-21,A,2.0,9,2,12
2024-05-21,A,2.0,10,2,13
2024-05-21,A,2.0,11,2,18
2024-05-21,A,2.0,12,2,25
2024-05-21,A,2.5,4,2,3
2024-05-21,A,2.5,5,2,3
2024-05-21,A,2.5,6,2,3
2024-05-21,A,2.5,7,2,4
2024-05-21,A,2.5,8,2,4
2024-05-21,A,2.5,9,2,5
2024-05-21,A,2.5,10,2,5
2024-05-21,A,2.5,11,2,5
2024-05-21,A,2.5,12,2,8
2024-05-21,A,3.0,4,2,3
2024-05-21,A,3.0,5,2,3
2024-05-21,A,3.0,6,2,3
2024-05-21,A,3.0,7,2,3
2024-05-21,A,3.0,8,2,3
2024-05-21,A,3.0,9,2,3
2024-05-21,A,3.0,10,2,3
2024-05-21,A,3.0,11,2,3
2024-05-21,A,3.0,12,2,4
2024-05-21,A,3.5,4,2,3
2024-05-21,A,3.5,5,2,3
2024-05-21,A,3.5,6,2,3
2024-05-21,A,3.5,7,2,3
2024-05-21,A,3.5,8,2,3
2024-05-21,A,3.5,9,2,3
2024-05-21,A,3.5,10,2,3
2024-05-21,A,3.5,11,2,3
2024-05-21,A,3.5,12,2,3
2024-05-21,A,4.0,4,2,1
2024-05-21,A,4.0,5,2,2
2024-05-21,A,4.0,6,2,2
2024-05-21,A,4.0,7,2,2
2024-05-21,A,4.0,8,2,2
2024-05-21,A,4.0,9,2,2
2024-05-21,A,4.0,10,2,2
2024-05-21,A,4.0,11,2,2
2024-05-21,A,4.0,12,2,2
2024-05-22,A,1.0,4,4,12
2024-05-22,A,1.0,5,2,37
2024-05-22,A,1.0,6,0,441
2024-05-22,A,1.0,7,0,441
2024-05-22,A,1.0,8,0,441
2024-05-22,A,1.0,9,0,441
2024-05-22,A,1.0,10,0,441
2024-05-22,A,1.0,11,0,441
2024-05-22,A,1.0,12,0,441
2024-05-22,A,1.5,4,3,6
2024-05-22,A,1.5,5,2,11
2024-05-22,A,1.5,6,4,12
2024-05-22,A,1.5,7,3,20
2024-05-22,A,1.5,8,2,30
2024-05-22,A,1.5,9,2,32
2024-05-22,A,1.5,10,0,441
2024-05-22,A,1.5,11,0,441
2024-05-22,A,1.5,12,0,441
2024-05-22,A,2.0,4,3,4
2024-05-22,A,2.0,5,2,8
2024-05-22,A,2.0,6,2,9
2024-05-22,A,2.0,7,2,10
2024-05-22,A,2.0,8,2,12
2024-05-22,A,2.0,9,2,14
2024-05-22,A,2.0,10,2,24
2024-05-22,A,2.0,11,2,31
2024-05-22,A,2.0,12,2,40
2024-05-22,A,2.5,4,3,4
2024-05-22,A,2.5,5,2,8
2024-05-22,A,2.5,6,2,8
2024-05-22,A,2.5,7,2,9
2024-05-22,A,2.5,8,2,9
2024-05-22,A,2.5,9,2,10
2024-05-22,A,2.5,10,2,10
2024-05-22,A,2.5,11,2,10
2024-05-22,A,2.5,12,2,12
2024-05-22,A,3.0,4,3,4
2024-05-22,A,3.0,5,2,8
2024-05-22,A,3.0,6,2,8
2024-05-22,A,3.0,7,2,8
2024-05-22,A,3.0,8,2,8
2024-05-22,A,3.0,9,2,8
2024-05-22,A,3.0,10,2,8
2024-05-22,A,3.0,11,2,8
2024-05-22,A,3.0,12,2,9
2024-05-22,A,3.5,4,2,4
2024-05-22,A,3.5,5,2,4
2024-05-22,A,3.5,6,2,7
2024-05-22,A,3.5,7,2,7
2024-05-22,A,3.5,8,2,7
2024-05-22,A,3.5,9,2,7
2024-05-22,A,3.5,10,2,7
2024-05-22,A,3.5,11,2,7
2024-05-22,A,3.5,12,2,7
2024-05-22,A,4.0,4,2,4
2024-05-22,A,4.0,5,2,4
2024-05-22,A,4.0,6,2,4
2024-05-22,A,4.0,7,2,4
2024-05-22,A,4.0,8,2,5
2024-05-22,A,4.0,9,2,6
2024-05-22,A,4.0,10,2,7
2024-05-22,A,4.0,11,2,7
2024-05-22,A,4.0,12,2,7
2024-05-23,A,1.0,4,8,6
2024-05-23,A,1.0,5,6,44
2024-05-23,A,1.0,6,0,416
2024-05-23,A,1.0,7,0,416
2024-05-23,A,1.0,8,0,416
2024-05-23,A,1.0,9,0,416
2024-05-23,A,1.0,10,0,416
2024-05-23,A,1.0,11,0,416
2024-05-23,A,1.0,12,0,416
2024-05-23,A,1.5,4,5,3
2024-05-23,A,1.5,5,5,4
2024-05-23,A,1.5,6,6,5
2024-05-23,A,1.5,7,6,17
2024-05-23,A,1.5,8,5,33
2024-05-23,A,1.5,9,2,65
2024-05-23,A,1.5,10,0,416
2024-05-23,A,1.5,11,0,416
2024-05-23,A,1.5,12,0,416
2024-05-23,A,2.0,4,4,0
2024-05-23,A,2.0,5,4,0
2024-05-23,A,2.0,6,4,2
2024-05-23,A,2.0,7,5,3
2024-05-23,A,2.0,8,4,12
2024-05-23,A,2.0,9,4,15
2024-05-23,A,2.0,10,3,42
2024-05-23,A,2.0,11,2,58
2024-05-23,A,2.0,12,2,62
2024-05-23,A,2.5,4,3,0
2024-05-23,A,2.5,5,3,0
2024-05-23,A,2.5,6,3,1
2024-05-23,A,2.5,7,3,2
2024-05-23,A,2.5,8,4,2
2024-05-23,A,2.5,9,4,10
2024-05-23,A,2.5,10,4,10
2024-05-23,A,2.5,11,4,11
2024-05-23,A,2.5,12,3,22
2024-05-23,A,3.0,4,2,0
2024-05-23,A,3.0,5,2,0
2024-05-23,A,3.0,6,2,0
2024-05-23,A,3.0,7,2,0
2024-05-23,A,3.0,8,2,0
2024-05-23,A,3.0,9,3,0
2024-05-23,A,3.0,10,3,4
2024-05-23,A,3.0,11,3,7
2024-05-23,A,3.0,12,4,8
2024-05-23,A,3.5,4,2,0
2024-05-23,A,3.5,5,2,0
2024-05-23,A,3.5,6,2,0
2024-05-23,A,3.5,7,2,0
2024-05-23,A,3.5,8,2,0
2024-05-23,A,3.5,9,2,0
2024-05-23,A,3.5,10,2,3
2024-05-23,A,3.5,11,2,3
2024-05-23,A,3.5,12,2,3
2024-05-23,A,4.0,4,2,0
2024-05-23,A,4.0,5,2,0
2024-05-23,A,4.0,6,2,0
2024-05-23,A,4.0,7,2,0
2024-05-23,A,4.0,8,2,0
2024-05-23,A,4.0,9,2,0
2024-05-23,A,4.0,10,2,0
2024-05-23,A,4.0,11,2,0
2024-05-23,A,4.0,12,2,2
2024-05-24,A,1.0,4,6,9
2024-05-24,A,1.0,5,4,42
2024-05-24,A,1.0,6,0,413
2024-05-24,A,1.0,7,0,413
2024-05-24,A,1.0,8,0,413
2024-05-24,A,1.0,9,0,413
2024-05-24,A,1.0,10,0,413
2024-05-24,A,1.0,11,0,413
2024-05-24,A,1.0,12,0,413
2024-05-24,A,1.5,4,4,4
2024-05-24,A,1.5,5,5,6
2024-05-24,A,1.5,6,5,8
2024-05-24,A,1.5,7,4,20
2024-05-24,A,1.5,8,4,27
2024-05-24,A,1.5,9,4,41
2024-05-24,A,1.5,10,0,413
2024-05-24,A,1.5,11,0,413
2024-05-24,A,1.5,12,0,413
2024-05-24,A,2.0,4,4,0
2024-05-24,A,2.0,5,4,1
2024-05-24,A,2.0,6,4,3
2024-05-24,A,2.0,7,4,5
2024-05-24,A,2.0,8,3,14
2024-05-24,A,2.0,9,4,17
2024-05-24,A,2.0,10,4,23
2024-05-24,A,2.0,11,4,30
2024-05-24,A,2.0,12,2,69
2024-05-24,A,2.5,4,2,0
2024-05-24,A,2.5,5,2,0
2024-05-24,A,2.5,6,2,1
2024-05-24,A,2.5,7,2,2
2024-05-24,A,2.5,8,2,2
2024-05-24,A,2.5,9,2,10
2024-05-24,A,2.5,10,3,10
2024-05-24,A,2.5,11,3,11
2024-05-24,A,2.5,12,3,12
2024-05-24,A,3.0,4,2,0
2024-05-24,A,3.0,5,2,0
2024-05-24,A,3.0,6,2,0
2024-05-24,A,3.0,7,2,0
2024-05-24,A,3.0,8,2,0
2024-05-24,A,3.0,9,2,0
2024-05-24,A,3.0,10,2,4
2024-05-24,A,3.0,11,2,4
2024-05-24,A,3.0,12,2,6
2024-05-24,A,3.5,4,2,0
2024-05-24,A,3.5,5,2,0
2024-05-24,A,3.5,6,2,0
2024-05-24,A,3.5,7,2,0
2024-05-24,A,3.5,8,2,0
2024-05-24,A,3.5,9,2,0
2024-05-24,A,3.5,10,2,3
2024-05-24,A,3.5,11,2,3
2024-05-24,A,3.5,12,2,3
2024-05-24,A,4.0,4,2,0
2024-05-24,A,4.0,5,2,0
2024-05-24,A,4.0,6,2,0
2024-05-24,A,4.0,7,2,0
2024-05-24,A,4.0,8,2,0
2024-05-24,A,4.0,9,2,0
2024-05-24,A,4.0,10,2,0
2024-05-24,A,4.0,11,2,0
2024-05-24,A,4.0,12,2,2
2024-05-25,A,1.0,4,6,8
2024-05-25,A,1.0,5,6,39
2024-05-25,A,1.0,6,0,413
2024-05-25,A,1.0,7,0,413
2024-05-25,A,1.0,8,0,413
2024-05-25,A,1.0,9,0,413
2024-05-25,A,1.0,10,0,413
2024-05-25,A,1.0,11,0,413
2024-05-25,A,1.0,12,0,413
2024-05-25,A,1.5,4,5,3
2024-05-25,A,1.5,5,5,7
2024-05-25,A,1.5,6,5,8
2024-05-25,A,1.5,7,5,15
2024-05-25,A,1.5,8,5,24
2024-05-25,A,1.5,9,4,53
2024-05-25,A,1.5,10,0,413
2024-05-25,A,1.5,11,0,413
2024-05-25,A,1.5,12,0,413
2024-05-25,A,2.0,4,3,0
2024-05-25,A,2.0,5,4,0
2024-05-25,A,2.0,6,4,2
2024-05-25,A,2.0,7,4,4
2024-05-25,A,2.0,8,4,7
2024-05-25,A,2.0,9,5,10
2024-05-25,A,2.0,10,5,19
2024-05-25,A,2.0,11,4,36
2024-05-25,A,2.0,12,3,65
2024-05-25,A,2.5,4,1,0
2024-05-25,A,2.5,5,1,0
2024-05-25,A,2.5,6,2,0
2024-05-25,A,2.5,7,2,1
2024-05-25,A,2.5,8,2,3
2024-05-25,A,2.5,9,3,3
2024-05-25,A,2.5,10,4,4
2024-05-25,A,2.5,11,4,6
2024-05-25,A,2.5,12,3,19
2024-05-25,A,3.0,4,1,0
2024-05-25,A,3.0,5,1,0
2024-05-25,A,3.0,6,1,0
2024-05-25,A,3.0,7,1,0
2024-05-25,A,3.0,8,1,0
2024-05-25,A,3.0,9,1,0
2024-05-25,A,3.0,10,2,0
2024-05-25,A,3.0,11,2,0
2024-05-25,A,3.0,12,2,0
2024-05-25,A,3.5,4,1,0
2024-05-25,A,3.5,5,1,0
2024-05-25,A,3.5,6,1,0
2024-05-25,A,3.5,7,1,0
2024-05-25,A,3.5,8,1,0
2024-05-25,A,3.5,9,1,0
2024-05-25,A,3.5,10,1,0
2024-05-25,A,3.5,11,1,0
2024-05-25,A,3.5,12,1,0
2024-05-25,A,4.0,4,1,0
2024-05-25,A,4.0,5,1,0
2024-05-25,A,4.0,6,1,0
2024-05-25,A,4.0,7,1,0
2024-05-25,A,4.0,8,1,0
2024-05-25,A,4.0,9,1,0
2024-05-25,A,4.0,10,1,0
2024-05-25,A,4.0,11,1,0
2024-05-25,A,4.0,12,1,0
2024-05-26,A,1.0,4,6,11
2024-05-26,A,1.0,5,8,47
2024-05-26,A,1.0,6,0,421
2024-05-26,A,1.0,7,0,421
2024-05-26,A,1.0,8,0,421
2024-05-26,A,1.0,9,0,421
2024-05-26,A,1.0,10,0,421
2024-05-26,A,1.0,11,0,421
2024-05-26,A,1.0,12,0,421
2024-05-26,A,1.5,4,4,4
2024-05-26,A,1.5,5,5,10
2024-05-26,A,1.5,6,5,13
2024-05-26,A,1.5,7,5,17
2024-05-26,A,1.5,8,5,35
2024-05-26,A,1.5,9,4,72
2024-05-26,A,1.5,10,0,421
2024-05-26,A,1.5,11,0,421
2024-05-26,A,1.5,12,0,421
2024-05-26,A,2.0,4,1,2
2024-05-26,A,2.0,5,2,2
2024-05-26,A,2.0,6,3,5
2024-05-26,A,2.0,7,4,8
2024-05-26,A,2.0,8,5,10
2024-05-26,A,2.0,9,5,15
2024-05-26,A,2.0,10,5,32
2024-05-26,A,2.0,11,4,53
2024-05-26,A,2.0,12,3,83
2024-05-26,A,2.5,4,1,1
2024-05-26,A,2.5,5,1,1
2024-05-26,A,2.5,6,1,2
2024-05-26,A,2.5,7,1,2
2024-05-26,A,2.5,8,1,6
2024-05-26,A,2.5,9,1,7
2024-05-26,A,2.5,10,4,9
2024-05-26,A,2.5,11,4,9
2024-05-26,A,2.5,12,4,11
2024-05-26,A,3.0,4,1,0
2024-05-26,A,3.0,5,1,1
2024-05-26,A,3.0,6,1,1
2024-05-26,A,3.0,7,1,1
2024-05-26,A,3.0,8,1,1
2024-05-26,A,3.0,9,1,3
2024-05-26,A,3.0,10,1,3
2024-05-26,A,3.0,11,1,3
2024-05-26,A,3.0,12,2,4
2024-05-26,A,3.5,4,1,0
2024-05-26,A,3.5,5,1,1
2024-05-26,A,3.5,6,1,1
2024-05-26,A,3.5,7,1,1
2024-05-26,A,3.5,8,1,1
2024-05-26,A,3.5,9,1,1
2024-05-26,A,3.5,10,1,1
2024-05-26,A,3.5,11,1,1
2024-05-26,A,3.5,12,1,2
2024-05-26,A,4.0,4,1,0
2024-05-26,A,4.0,5,1,0
2024-05-26,A,4.0,6,1,0
2024-05-26,A,4.0,7,1,0
2024-05-26,A,4.0,8,1,0
2024-05-26,A,4.0,9,1,0
2024-05-26,A,4.0,10,1,0
2024-05-26,A,4.0,11,1,0
2024-05-26,A,4.0,12,1,0
2024-05-27,A,1.0,4,6,15
2024-05-27,A,1.0,5,10,44
2024-05-27,A,1.0,6,0,443
2024-05-27,A,1.0,7,0,443
2024-05-27,A,1.0,8,0,443
2024-05-27,A,1.0,9,0,443
2024-05-27,A,1.0,10,0,443
2024-05-27,A,1.0,11,0,443
2024-05-27,A,1.0,12,0,443
2024-05-27,A,1.5,4,4,2
2024-05-27,A,1.5,5,5,8
2024-05-27,A,1.5,6,5,15
2024-05-27,A,1.5,7,5,23
2024-05-27,A,1.5,8,6,29
2024-05-27,A,1.5,9,5,69
2024-05-27,A,1.5,10,0,443
2024-05-27,A,1.5,11,0,443
2024-05-27,A,1.5,12,0,443
2024-05-27,A,2.0,4,1,1
2024-05-27,A,2.0,5,1,2
2024-05-27,A,2.0,6,2,9
2024-05-27,A,2.0,7,3,11
2024-05-27,A,2.0,8,4,14
2024-05-27,A,2.0,9,4,16
2024-05-27,A,2.0,10,6,26
2024-05-27,A,2.0,11,5,45
2024-05-27,A,2.0,12,5,69
2024-05-27,A,2.5,4,1,1
2024-05-27,A,2.5,5,1,1
2024-05-27,A,2.5,6,1,1
2024-05-27,A,2.5,7,1,5
2024-05-27,A,2.5,8,1,6
2024-05-27,A,2.5,9,1,10
2024-05-27,A,2.5,10,1,11
2024-05-27,A,2.5,11,3,11
2024-05-27,A,2.5,12,3,12
2024-05-27,A,3.0,4,1,0
2024-05-27,A,3.0,5,1,0
2024-05-27,A,3.0,6,1,0
2024-05-27,A,3.0,7,1,0
2024-05-27,A,3.0,8,1,3
2024-05-27,A,3.0,9,1,4
2024-05-27,A,3.0,10,1,5
2024-05-27,A,3.0,11,1,6
2024-05-27,A,3.0,12,1,7
2024-05-27,A,3.5,4,1,0
2024-05-27,A,3.5,5,1,0
2024-05-27,A,3.5,6,1,0
2024-05-27,A,3.5,7,1,0
2024-05-27,A,3.5,8,1,0
2024-05-27,A,3.5,9,1,1
2024-05-27,A,3.5,10,1,2
2024-05-27,A,3.5,11,1,3
2024-05-27,A,3.5,12,1,3
2024-05-27,A,4.0,4,1,0
2024-05-27,A,4.0,5,1,0
2024-05-27,A,4.0,6,1,0
2024-05-27,A,4.0,7,1,0
2024-05-27,A,4.0,8,1,0
2024-05-27,A,4.0,9,1,0
2024-05-27,A,4.0,10,1,0
2024-05-27,A,4.0,11,1,1
2024-05-27,A,4.0,12,1,1
2024-05-28,A,1.0,4,10,11
2024-05-28,A,1.0,5,5,62
2024-05-28,A,1.0,6,0,476
2024-05-28,A,1.0,7,0,476
2024-05-28,A,1.0,8,0,476
2024-05-28,A,1.0,9,0,476
2024-05-28,A,1.0,10,0,476
2024-05-28,A,1.0,11,0,476
2024-05-28,A,1.0,12,0,476
2024-05-28,A,1.5,4,3,5
2024-05-28,A,1.5,5,5,7
2024-05-28,A,1.5,6,7,12
2024-05-28,A,1.5,7,4,39
2024-05-28,A,1.5,8,4,46
2024-05-28,A,1.5,9,4,68
2024-05-28,A,1.5,10,0,476
2024-05-28,A,1.5,11,0,476
2024-05-28,A,1.5,12,0,476
2024-05-28,A,2.0,4,1,4
2024-05-28,A,2.0,5,1,4
2024-05-28,A,2.0,6,2,5
2024-05-28,A,2.0,7,2,14
2024-05-28,A,2.0,8,2,16
2024-05-28,A,2.0,9,4,33
2024-05-28,A,2.0,10,4,41
2024-05-28,A,2.0,11,4,53
2024-05-28,A,2.0,12,4,67
2024-05-28,A,2.5,4,1,1
2024-05-28,A,2.5,5,1,2
2024-05-28,A,2.5,6,1,2
2024-05-28,A,2.5,7,1,2
2024-05-28,A,2.5,8,1,3
2024-05-28,A,2.5,9,1,8
2024-05-28,A,2.5,10,1,11
2024-05-28,A,2.5,11,2,14
2024-05-28,A,2.5,12,2,19
2024-05-28,A,3.0,4,1,1
2024-05-28,A,3.0,5,1,1
2024-05-28,A,3.0,6,1,1
2024-05-28,A,3.0,7,1,1
2024-05-28,A,3.0,8,1,1
2024-05-28,A,3.0,9,1,2
2024-05-28,A,3.0,10,1,4
2024-05-28,A,3.0,11,1,8
2024-05-28,A,3.0,12,1,9
2024-05-28,A,3.5,4,1,1
2024-05-28,A,3.5,5,1,1
2024-05-28,A,3.5,6,1,1
2024-05-28,A,3.5,7,1,1
2024-05-28,A,3.5,8,1,1
2024-05-28,A,3.5,9,1,1
2024-05-28,A,3.5,10,1,1
2024-05-28,A,3.5,11,1,3
2024-05-28,A,3.5,12,1,5
2024-05-28,A,4.0,4,1,1
2024-05-28,A,4.0,5,1,1
2024-05-28,A,4.0,6,1,1
2024-05-28,A,4.0,7,1,1
2024-05-28,A,4.0,8,1,1
2024-05-28,A,4.0,9,1,1
2024-05-28,A,4.0,10,1,1
2024-05-28,A,4.0,11,1,1
2024-05-28,A,4.0,12,1,1
2024-05-29,A,1.0,4,7,10
2024-05-29,A,1.0,5,9,48
2024-05-29,A,1.0,6,0,470
2024-05-29,A,1.0,7,0,470
2024-05-29,A,1.0,8,0,470
2024-05-29,A,1.0,9,0,470
2024-05-29,A,1.0,10,0,470
2024-05-29,A,1.0,11,0,470
2024-05-29,A,1.0,12,0,470
2024-05-29,A,1.5,4,2,4
2024-05-29,A,1.5,5,2,9
2024-05-29,A,1.5,6,3,10
2024-05-29,A,1.5,7,3,21
2024-05-29,A,1.5,8,3,37
2024-05-29,A,1.5,9,4,67
2024-05-29,A,1.5,10,0,470
2024-05-29,A,1.5,11,0,470
2024-05-29,A,1.5,12,0,470
2024-05-29,A,2.0,4,2,3
2024-05-29,A,2.0,5,1,7
2024-05-29,A,2.0,6,1,7
2024-05-29,A,2.0,7,2,9
2024-05-29,A,2.0,8,1,20
2024-05-29,A,2.0,9,2,23
2024-05-29,A,2.0,10,3,30
2024-05-29,A,2.0,11,3,43
2024-05-29,A,2.0,12,3,73
2024-05-29,A,2.5,4,2,0
2024-05-29,A,2.5,5,1,6
2024-05-29,A,2.5,6,1,6
2024-05-29,A,2.5,7,1,6
2024-05-29,A,2.5,8,1,7
2024-05-29,A,2.5,9,1,7
2024-05-29,A,2.5,10,1,16
2024-05-29,A,2.5,11,1,18
2024-05-29,A,2.5,12,1,18
2024-05-29,A,3.0,4,2,0
2024-05-29,A,3.0,5,1,4
2024-05-29,A,3.0,6,1,4
2024-05-29,A,3.0,7,1,4
2024-05-29,A,3.0,8,1,4
2024-05-29,A,3.0,9,1,4
2024-05-29,A,3.0,10,1,6
2024-05-29,A,3.0,11,1,8
2024-05-29,A,3.0,12,1,14
2024-05-29,A,3.5,4,2,0
2024-05-29,A,3.5,5,1,4
2024-05-29,A,3.5,6,1,4
2024-05-29,A,3.5,7,1,4
2024-05-29,A,3.5,8,1,4
2024-05-29,A,3.5,9,1,4
2024-05-29,A,3.5,10,1,4
2024-05-29,A,3.5,11,1,4
2024-05-29,A,3.5,12,1,6
2024-05-29,A,4.0,4,1,0
2024-05-29,A,4.0,5,1,0
2024-05-29,A,4.0,6,1,3
2024-05-29,A,4.0,7,1,3
2024-05-29,A,4.0,8,1,3
2024-05-29,A,4.0,9,1,4
2024-05-29,A,4.0,10,1,4
2024-05-29,A,4.0,11,1,4
2024-05-29,A,4.0,12,1,4
2024-05-30,A,1.0,4,9,8
2024-05-30,A,1.0,5,9,60
2024-05-30,A,1.0,6,0,474
2024-05-30,A,1.0,7,0,474
2024-05-30,A,1.0,8,0,474
2024-05-30,A,1.0,9,0,474
2024-05-30,A,1.0,10,0,474
2024-05-30,A,1.0,11,0,474
2024-05-30,A,1.0,12,0,474
2024-05-30,A,1.5,4,3,3
2024-05-30,A,1.5,5,5,5
2024-05-30,A,1.5,6,5,10
2024-05-30,A,1.5,7,4,27
2024-05-30,A,1.5,8,3,41
2024-05-30,A,1.5,9,6,87
2024-05-30,A,1.5,10,0,474
2024-05-30,A,1.5,11,0,474
2024-05-30,A,1.5,12,0,474
2024-05-30,A,2.0,4,2,1
2024-05-30,A,2.0,5,2,1
2024-05-30,A,2.0,6,3,1
2024-05-30,A,2.0,7,4,3
2024-05-30,A,2.0,8,3,22
2024-05-30,A,2.0,9,2,36
2024-05-30,A,2.0,10,2,46
2024-05-30,A,2.0,11,2,51
2024-05-30,A,2.0,12,5,79
2024-05-30,A,2.5,4,2,1
2024-05-30,A,2.5,5,2,1
2024-05-30,A,2.5,6,2,1
2024-05-30,A,2.5,7,2,1
2024-05-30,A,2.5,8,2,1
2024-05-30,A,2.5,9,2,1
2024-05-30,A,2.5,10,1,22
2024-05-30,A,2.5,11,1,24
2024-05-30,A,2.5,12,1,24
2024-05-30,A,3.0,4,2,1
2024-05-30,A,3.0,5,2,1
2024-05-30,A,3.0,6,2,1
2024-05-30,A,3.0,7,2,1
2024-05-30,A,3.0,8,2,1
2024-05-30,A,3.0,9,2,1
2024-05-30,A,3.0,10,1,10
2024-05-30,A,3.0,11,1,12
2024-05-30,A,3.0,12,1,20
2024-05-30,A,3.5,4,1,0
2024-05-30,A,3.5,5,1,0
2024-05-30,A,3.5,6,1,0
2024-05-30,A,3.5,7,1,0
2024-05-30,A,3.5,8,1,0
2024-05-30,A,3.5,9,1,0
2024-05-30,A,3.5,10,2,0
2024-05-30,A,3.5,11,1,9
2024-05-30,A,3.5,12,1,12
2024-05-30,A,4.0,4,1,0
2024-05-30,A,4.0,5,1,0
2024-05-30,A,4.0,6,1,0
2024-05-30,A,4.0,7,1,0
2024-05-30,A,4.0,8,1,0
2024-05-30,A,4.0,9,1,0
2024-05-30,A,4.0,10,1,0
2024-05-30,A,4.0,11,1,0
2024-05-30,A,4.0,12,1,0
2024-05-31,A,1.0,4,8,24
2024-05-31,A,1.0,5,10,77
2024-05-31,A,1.0,6,0,501
2024-05-31,A,1.0,7,0,501
2024-05-31,A,1.0,8,0,501
2024-05-31,A,1.0,9,0,501
2024-05-31,A,1.0,10,0,501
2024-05-31,A,1.0,11,0,501
2024-05-31,A,1.0,12,0,501
2024-05-31,A,1.5,4,3,13
2024-05-31,A,1.5,5,5,15
2024-05-31,A,1.5,6,6,23
2024-05-31,A,1.5,7,4,40
2024-05-31,A,1.5,8,4,59
2024-05-31,A,1.5,9,6,102
2024-05-31,A,1.5,10,0,501
2024-05-31,A,1.5,11,0,501
2024-05-31,A,1.5,12,0,501
2024-05-31,A,2.0,4,2,5
2024-05-31,A,2.0,5,4,7
2024-05-31,A,2.0,6,5,8
2024-05-31,A,2.0,7,5,13
2024-05-31,A,2.0,8,4,30
2024-05-31,A,2.0,9,3,45
2024-05-31,A,2.0,10,3,55
2024-05-31,A,2.0,11,3,72
2024-05-31,A,2.0,12,6,98
2024-05-31,A,2.5,4,2,3
2024-05-31,A,2.5,5,3,3
2024-05-31,A,2.5,6,3,6
2024-05-31,A,2.5,7,3,6
2024-05-31,A,2.5,8,4,7
2024-05-31,A,2.5,9,4,8
2024-05-31,A,2.5,10,3,25
2024-05-31,A,2.5,11,3,33
2024-05-31,A,2.5,12,3,39
2024-05-31,A,3.0,4,2,3
2024-05-31,A,3.0,5,2,3
2024-05-31,A,3.0,6,2,3
2024-05-31,A,3.0,7,2,3
2024-05-31,A,3.0,8,2,6
2024-05-31,A,3.0,9,2,6
2024-05-31,A,3.0,10,2,6
2024-05-31,A,3.0,11,2,16
2024-05-31,A,3.0,12,2,19
2024-05-31,A,3.5,4,2,3
2024-05-31,A,3.5,5,2,3
2024-05-31,A,3.5,6,2,3
2024-05-31,A,3.5,7,2,3
2024-05-31,A,3.5,8,2,3
2024-05-31,A,3.5,9,2,4
2024-05-31,A,3.5,10,2,4
2024-05-31,A,3.5,11,1,14
2024-05-31,A,3.5,12,1,14
2024-05-31,A,4.0,4,2,0
2024-05-31,A,4.0,5,2,2
2024-05-31,A,4.0,6,2,2
2024-05-31,A,4.0,7,2,2
2024-05-31,A,4.0,8,2,2
2024-05-31,A,4.0,9,2,2
2024-05-31,A,4.0,10,2,2
2024-05-31,A,4.0,11,1,12
2024-05-31,A,4.0,12,1,12
2024-06-01,A,1.0,4,3,22
2024-06-01,A,1.0,5,6,44
2024-06-01,A,1.0,6,0,542
2024-06-01,A,1.0,7,0,542
2024-06-01,A,1.0,8,0,542
2024-06-01,A,1.0,9,0,542
2024-06-01,A,1.0,10,0,542
2024-06-01,A,1.0,11,0,542
2024-06-01,A,1.0,12,0,542
2024-06-01,A,1.5,4,2,10
2024-06-01,A,1.5,5,3,10
2024-06-01,A,1.5,6,3,19
2024-06-01,A,1.5,7,3,24
2024-06-01,A,1.5,8,3,35
2024-06-01,A,1.5,9,5,53
2024-06-01,A,1.5,10,0,542
2024-06-01,A,1.5,11,0,542
2024-06-01,A,1.5,12,0,542
2024-06-01,A,2.0,4,3,1
2024-06-01,A,2.0,5,3,2
2024-06-01,A,2.0,6,3,11
2024-06-01,A,2.0,7,3,14
2024-06-01,A,2.0,8,3,14
2024-06-01,A,2.0,9,3,20
2024-06-01,A,2.0,10,3,23
2024-06-01,A,2.0,11,3,38
2024-06-01,A,2.0,12,4,48
2024-06-01,A,2.5,4,2,0
2024-06-01,A,2.5,5,3,0
2024-06-01,A,2.5,6,2,7
2024-06-01,A,2.5,7,2,7
2024-06-01,A,2.5,8,3,7
2024-06-01,A,2.5,9,3,8
2024-06-01,A,2.5,10,3,12
2024-06-01,A,2.5,11,3,13
2024-06-01,A,2.5,12,3,16
2024-06-01,A,3.0,4,1,0
2024-06-01,A,3.0,5,1,0
2024-06-01,A,3.0,6,2,0
2024-06-01,A,3.0,7,2,0
2024-06-01,A,3.0,8,2,4
2024-06-01,A,3.0,9,3,4
2024-06-01,A,3.0,10,3,4
2024-06-01,A,3.0,11,3,5
2024-06-01,A,3.0,12,3,5
2024-06-01,A,3.5,4,1,0
2024-06-01,A,3.5,5,1,0
2024-06-01,A,3.5,6,1,0
2024-06-01,A,3.5,7,1,0
2024-06-01,A,3.5,8,1,0
2024-06-01,A,3.5,9,1,2
2024-06-01,A,3.5,10,1,2
2024-06-01,A,3.5,11,1,2
2024-06-01,A,3.5,12,2,2
2024-06-01,A,4.0,4,1,0
2024-06-01,A,4.0,5,1,0
2024-06-01,A,4.0,6,1,0
2024-06-01,A,4.0,7,1,0
2024-06-01,A,4.0,8,1,0
2024-06-01,A,4.0,9,1,0
2024-06-01,A,4.0,10,1,0
2024-06-01,A,4.0,11,1,0
2024-06-01,A,4.0,12,1,0
2024-06-02,A,1.0,4,4,27
2024-06-02,A,1.0,5,9,58
2024-06-02,A,1.0,6,0,496
2024-06-02,A,1.0,7,0,496
2024-06-02,A,1.0,8,0,496
2024-06-02,A,1.0,9,0,496
2024-06-02,A,1.0,10,0,496
2024-06-02,A,1.0,11,0,496
2024-06-02,A,1.0,12,0,496
2024-06-02,A,1.5,4,4,15
2024-06-02,A,1.5,5,4,18
2024-06-02,A,1.5,6,4,23
2024-06-02,A,1.5,7,5,30
2024-06-02,A,1.5,8,5,40
2024-06-02,A,1.5,9,6,78
2024-06-02,A,1.5,10,0,496
2024-06-02,A,1.5,11,0,496
2024-06-02,A,1.5,12,0,496
2024-06-02,A,2.0,4,3,4
2024-06-02,A,2.0,5,4,8
2024-06-02,A,2.0,6,4,16
2024-06-02,A,2.0,7,4,18
2024-06-02,A,2.0,8,4,19
2024-06-02,A,2.0,9,4,32
2024-06-02,A,2.0,10,4,37
2024-06-02,A,2.0,11,4,63
2024-06-02,A,2.0,12,4,87
2024-06-02,A,2.5,4,2,3
2024-06-02,A,2.5,5,2,4
2024-06-02,A,2.5,6,3,4
2024-06-02,A,2.5,7,3,7
2024-06-02,A,2.5,8,3,9
2024-06-02,A,2.5,9,4,10
2024-06-02,A,2.5,10,4,15
2024-06-02,A,2.5,11,4,17
2024-06-02,A,2.5,12,4,19
2024-06-02,A,3.0,4,1,3
2024-06-02,A,3.0,5,1,3
2024-06-02,A,3.0,6,1,3
2024-06-02,A,3.0,7,3,4
2024-06-02,A,3.0,8,3,4
2024-06-02,A,3.0,9,3,6
2024-06-02,A,3.0,10,3,6
2024-06-02,A,3.0,11,3,7
2024-06-02,A,3.0,12,4,9
2024-06-02,A,3.5,4,1,2
2024-06-02,A,3.5,5,1,2
2024-06-02,A,3.5,6,1,2
2024-06-02,A,3.5,7,1,2
2024-06-02,A,3.5,8,1,2
2024-06-02,A,3.5,9,2,2
2024-06-02,A,3.5,10,3,3
2024-06-02,A,3.5,11,3,3
2024-06-02,A,3.5,12,3,5
2024-06-02,A,4.0,4,1,1
2024-06-02,A,4.0,5,1,2
2024-06-02,A,4.0,6,1,2
2024-06-02,A,4.0,7,1,2
2024-06-02,A,4.0,8,1,2
2024-06-02,A,4.0,9,1,2
2024-06-02,A,4.0,10,1,2
2024-06-02,A,4.0,11,1,2
2024-06-02,A,4.0,12,1,3
2024-06-03,A,1.0,4,8,14
2024-06-03,A,1.0,5,7,62
2024-06-03,A,1.0,6,0,526
2024-06-03,A,1.0,7,0,526
2024-06-03,A,1.0,8,0,526
2024-06-03,A,1.0,9,0,526
2024-06-03,A,1.0,10,0,526
2024-06-03,A,1.0,11,0,526
2024-06-03,A,1.0,12,0,526
2024-06-03,A,1.5,4,5,5
2024-06-03,A,1.5,5,5,11
2024-06-03,A,1.5,6,5,15
2024-06-03,A,1.5,7,5,26
2024-06-03,A,1.5,8,4,55
2024-06-03,A,1.5,9,6,81
2024-06-03,A,1.5,10,0,526
2024-06-03,A,1.5,11,0,526
2024-06-03,A,1.5,12,0,526
2024-06-03,A,2.0,4,4,2
2024-06-03,A,2.0,5,5,2
2024-06-03,A,2.0,6,5,6
2024-06-03,A,2.0,7,5,9
2024-06-03,A,2.0,8,5,17
2024-06-03,A,2.0,9,5,22
2024-06-03,A,2.0,10,4,43
2024-06-03,A,2.0,11,3,65
2024-06-03,A,2.0,12,5,78
2024-06-03,A,2.5,4,3,1
2024-06-03,A,2.5,5,3,2
2024-06-03,A,2.5,6,4,2
2024-06-03,A,2.5,7,4,2
2024-06-03,A,2.5,8,4,3
2024-06-03,A,2.5,9,5,6
2024-06-03,A,2.5,10,5,6
2024-06-03,A,2.5,11,4,18
2024-06-03,A,2.5,12,4,24
2024-06-03,A,3.0,4,2,1
2024-06-03,A,3.0,5,2,1
2024-06-03,A,3.0,6,2,1
2024-06-03,A,3.0,7,3,1
2024-06-03,A,3.0,8,3,1
2024-06-03,A,3.0,9,3,2
2024-06-03,A,3.0,10,3,2
2024-06-03,A,3.0,11,3,4
2024-06-03,A,3.0,12,4,15
2024-06-03,A,3.5,4,2,1
2024-06-03,A,3.5,5,2,1
2024-06-03,A,3.5,6,2,1
2024-06-03,A,3.5,7,2,1
2024-06-03,A,3.5,8,2,1
2024-06-03,A,3.5,9,3,1
2024-06-03,A,3.5,10,3,1
2024-06-03,A,3.5,11,3,1
2024-06-03,A,3.5,12,2,12
2024-06-03,A,4.0,4,2,1
2024-06-03,A,4.0,5,2,1
2024-06-03,A,4.0,6,2,1
2024-06-03,A,4.0,7,2,1
2024-06-03,A,4.0,8,2,1
2024-06-03,A,4.0,9,2,1
2024-06-03,A,4.0,10,2,1
2024-06-03,A,4.0,11,2,1
2024-06-03,A,4.0,12,1,12
2024-06-04,A,1.0,4,6,3
2024-06-04,A,1.0,5,13,55
2024-06-04,A,1.0,6,0,605
2024-06-04,A,1.0,7,0,605
2024-06-04,A,1.0,8,0,605
2024-06-04,A,1.0,9,0,605
2024-06-04,A,1.0,10,0,605
2024-06-04,A,1.0,11,0,605
2024-06-04,A,1.0,12,0,605
2024-06-04,A,1.5,4,3,0
2024-06-04,A,1.5,5,4,0
2024-06-04,A,1.5,6,5,2
2024-06-04,A,1.5,7,5,8
2024-06-04,A,1.5,8,5,42
2024-06-04,A,1.5,9,7,82
2024-06-04,A,1.5,10,0,605
2024-06-04,A,1.5,11,0,605
2024-06-04,A,1.5,12,0,605
2024-06-04,A,2.0,4,3,0
2024-06-04,A,2.0,5,3,0
2024-06-04,A,2.0,6,3,0
2024-06-04,A,2.0,7,4,1
2024-06-04,A,2.0,8,4,4
2024-06-04,A,2.0,9,3,16
2024-06-04,A,2.0,10,5,31
2024-06-04,A,2.0,11,4,51
2024-06-04,A,2.0,12,6,87
2024-06-04,A,2.5,4,3,0
2024-06-04,A,2.5,5,3,0
2024-06-04,A,2.5,6,3,0
2024-06-04,A,2.5,7,3,0
2024-06-04,A,2.5,8,3,0
2024-06-04,A,2.5,9,4,0
2024-06-04,A,2.5,10,3,10
2024-06-04,A,2.5,11,3,13
2024-06-04,A,2.5,12,3,13
2024-06-04,A,3.0,4,2,0
2024-06-04,A,3.0,5,2,0
2024-06-04,A,3.0,6,2,0
2024-06-04,A,3.0,7,2,0
2024-06-04,A,3.0,8,2,0
2024-06-04,A,3.0,9,2,0
2024-06-04,A,3.0,10,1,9
2024-06-04,A,3.0,11,3,9
2024-06-04,A,3.0,12,3,9
2024-06-04,A,3.5,4,2,0
2024-06-04,A,3.5,5,2,0
2024-06-04,A,3.5,6,2,0
2024-06-04,A,3.5,7,2,0
2024-06-04,A,3.5,8,2,0
2024-06-04,A,3.5,9,2,0
2024-06-04,A,3.5,10,1,9
2024-06-04,A,3.5,11,1,9
2024-06-04,A,3.5,12,2,9
2024-06-04,A,4.0,4,2,0
2024-06-04,A,4.0,5,2,0
2024-06-04,A,4.0,6,2,0
2024-06-04,A,4.0,7,2,0
2024-06-04,A,4.0,8,2,0
2024-06-04,A,4.0,9,2,0
2024-06-04,A,4.0,10,1,9
2024-06-04,A,4.0,11,1,9
2024-06-04,A,4.0,12,1,9
2024-06-05,A,1.0,4,7,3
2024-06-05,A,1.0,5,15,53
2024-06-05,A,1.0,6,0,650
2024-06-05,A,1.0,7,0,650
2024-06-05,A,1.0,8,0,650
2024-06-05,A,1.0,9,0,650
2024-06-05,A,1.0,10,0,650
2024-06-05,A,1.0,11,0,650
2024-06-05,A,1.0,12,0,650
2024-06-05,A,1.5,4,2,1
2024-06-05,A,1.5,5,2,2
2024-06-05,A,1.5,6,3,4
2024-06-05,A,1.5,7,5,13
2024-06-05,A,1.5,8,5,46
2024-06-05,A,1.5,9,6,89
2024-06-05,A,1.5,10,0,650
2024-06-05,A,1.5,11,0,650
2024-06-05,A,1.5,12,0,650
2024-06-05,A,2.0,4,2,1
2024-06-05,A,2.0,5,2,1
2024-06-05,A,2.0,6,2,1
2024-06-05,A,2.0,7,2,1
2024-06-05,A,2.0,8,3,3
2024-06-05,A,2.0,9,3,15
2024-06-05,A,2.0,10,4,28
2024-06-05,A,2.0,11,4,52
2024-06-05,A,2.0,12,6,80
2024-06-05,A,2.5,4,2,0
2024-06-05,A,2.5,5,2,0
2024-06-05,A,2.5,6,2,0
2024-06-05,A,2.5,7,2,0
2024-06-05,A,2.5,8,2,0
2024-06-05,A,2.5,9,2,0
2024-06-05,A,2.5,10,1,10
2024-06-05,A,2.5,11,2,10
2024-06-05,A,2.5,12,2,10
2024-06-05,A,3.0,4,2,0
2024-06-05,A,3.0,5,2,0
2024-06-05,A,3.0,6,2,0
2024-06-05,A,3.0,7,2,0
2024-06-05,A,3.0,8,2,0
2024-06-05,A,3.0,9,2,0
2024-06-05,A,3.0,10,1,9
2024-06-05,A,3.0,11,1,9
2024-06-05,A,3.0,12,1,9
2024-06-05,A,3.5,4,2,0
2024-06-05,A,3.5,5,2,0
2024-06-05,A,3.5,6,2,0
2024-06-05,A,3.5,7,2,0
2024-06-05,A,3.5,8,2,0
2024-06-05,A,3.5,9,2,0
2024-06-05,A,3.5,10,1,9
2024-06-05,A,3.5,11,1,9
2024-06-05,A,3.5,12,1,9
2024-06-05,A,4.0,4,2,0
2024-06-05,A,4.0,5,2,0
2024-06-05,A,4.0,6,2,0
2024-06-05,A,4.0,7,2,0
2024-06-05,A,4.0,8,2,0
2024-06-05,A,4.0,9,2,0
2024-06-05,A,4.0,10,1,9
2024-06-05,A,4.0,11,1,9
2024-06-05,A,4.0,12,1,9
2024-06-06,A,1.0,4,4,4
2024-06-06,A,1.0,5,14,49
2024-06-06,A,1.0,6,0,690
2024-06-06,A,1.0,7,0,690
2024-06-06,A,1.0,8,0,690
2024-06-06,A,1.0,9,0,690
2024-06-06,A,1.0,10,0,690
2024-06-06,A,1.0,11,0,690
2024-06-06,A,1.0,12,0,690
2024-06-06,A,1.5,4,2,1
2024-06-06,A,1.5,5,2,2
2024-06-06,A,1.5,6,3,3
2024-06-06,A,1.5,7,3,9
2024-06-06,A,1.5,8,3,41
2024-06-06,A,1.5,9,7,93
2024-06-06,A,1.5,10,0,690
2024-06-06,A,1.5,11,0,690
2024-06-06,A,1.5,12,0,690
2024-06-06,A,2.0,4,2,1
2024-06-06,A,2.0,5,2,1
2024-06-06,A,2.0,6,2,1
2024-06-06,A,2.0,7,2,1
2024-06-06,A,2.0,8,3,4
2024-06-06,A,2.0,9,1,21
2024-06-06,A,2.0,10,2,25
2024-06-06,A,2.0,11,3,48
2024-06-06,A,2.0,12,8,78
2024-06-06,A,2.5,4,2,0
2024-06-06,A,2.5,5,2,0
2024-06-06,A,2.5,6,2,0
2024-06-06,A,2.5,7,2,0
2024-06-06,A,2.5,8,2,0
2024-06-06,A,2.5,9,2,0
2024-06-06,A,2.5,10,1,10
2024-06-06,A,2.5,11,1,10
2024-06-06,A,2.5,12,2,11
2024-06-06,A,3.0,4,2,0
2024-06-06,A,3.0,5,2,0
2024-06-06,A,3.0,6,2,0
2024-06-06,A,3.0,7,2,0
2024-06-06,A,3.0,8,2,0
2024-06-06,A,3.0,9,2,0
2024-06-06,A,3.0,10,1,9
2024-06-06,A,3.0,11,1,9
2024-06-06,A,3.0,12,1,9
2024-06-06,A,3.5,4,2,0
2024-06-06,A,3.5,5,2,0
2024-06-06,A,3.5,6,2,0
2024-06-06,A,3.5,7,2,0
2024-06-06,A,3.5,8,2,0
2024-06-06,A,3.5,9,2,0
2024-06-06,A,3.5,10,1,9
2024-06-06,A,3.5,11,1,9
2024-06-06,A,3.5,12,1,9
2024-06-06,A,4.0,4,2,0
2024-06-06,A,4.0,5,2,0
2024-06-06,A,4.0,6,2,0
2024-06-06,A,4.0,7,2,0
2024-06-06,A,4.0,8,2,0
2024-06-06,A,4.0,9,2,0
2024-06-06,A,4.0,10,1,9
2024-06-06,A,4.0,11,1,9
2024-06-06,A,4.0,12,1,9
2024-06-07,A,1.0,4,2,10
2024-06-07,A,1.0,5,10,40
2024-06-07,A,1.0,6,0,654
2024-06-07,A,1.0,7,0,654
2024-06-07,A,1.0,8,0,654
2024-06-07,A,1.0,9,0,654
2024-06-07,A,1.0,10,0,654
2024-06-07,A,1.0,11,0,654
2024-06-07,A,1.0,12,0,654
2024-06-07,A,1.5,4,2,2
2024-06-07,A,1.5,5,1,7
2024-06-07,A,1.5,6,2,8
2024-06-07,A,1.5,7,1,17
2024-06-07,A,1.5,8,2,27
2024-06-07,A,1.5,9,5,71
2024-06-07,A,1.5,10,0,654
2024-06-07,A,1.5,11,0,654
2024-06-07,A,1.5,12,0,654
2024-06-07,A,2.0,4,2,1
2024-06-07,A,2.0,5,1,5
2024-06-07,A,2.0,6,1,5
2024-06-07,A,2.0,7,1,6
2024-06-07,A,2.0,8,1,7
2024-06-07,A,2.0,9,1,14
2024-06-07,A,2.0,10,1,16
2024-06-07,A,2.0,11,2,31
2024-06-07,A,2.0,12,4,60
2024-06-07,A,2.5,4,2,0
2024-06-07,A,2.5,5,1,5
2024-06-07,A,2.5,6,1,5
2024-06-07,A,2.5,7,1,5
2024-06-07,A,2.5,8,1,6
2024-06-07,A,2.5,9,1,7
2024-06-07,A,2.5,10,1,8
2024-06-07,A,2.5,11,1,8
2024-06-07,A,2.5,12,1,11
2024-06-07,A,3.0,4,2,0
2024-06-07,A,3.0,5,1,4
2024-06-07,A,3.0,6,1,4
2024-06-07,A,3.0,7,1,4
2024-06-07,A,3.0,8,1,5
2024-06-07,A,3.0,9,1,5
2024-06-07,A,3.0,10,1,5
2024-06-07,A,3.0,11,1,6
2024-06-07,A,3.0,12,1,7
2024-06-07,A,3.5,4,2,0
2024-06-07,A,3.5,5,1,4
2024-06-07,A,3.5,6,1,4
2024-06-07,A,3.5,7,1,4
2024-06-07,A,3.5,8,1,4
2024-06-07,A,3.5,9,1,5
2024-06-07,A,3.5,10,1,5
2024-06-07,A,3.5,11,1,5
2024-06-07,A,3.5,12,1,6
2024-06-07,A,4.0,4,2,0
2024-06-07,A,4.0,5,1,4
2024-06-07,A,4.0,6,1,4
2024-06-07,A,4.0,7,1,4
2024-06-07,A,4.0,8,1,4
2024-06-07,A,4.0,9,1,4
2024-06-07,A,4.0,10,1,4
2024-06-07,A,4.0,11,1,4
2024-06-07,A,4.0,12,1,5
2024-06-08,A,1.0,4,2,7
2024-06-08,A,1.0,5,5,33
2024-06-08,A,1.0,6,0,599
2024-06-08,A,1.0,7,0,599
2024-06-08,A,1.0,8,0,599
2024-06-08,A,1.0,9,0,599
2024-06-08,A,1.0,10,0,599
2024-06-08,A,1.0,11,0,599
2024-06-08,A,1.0,12,0,599
2024-06-08,A,1.5,4,1,4
2024-06-08,A,1.5,5,1,5
2024-06-08,A,1.5,6,2,6
2024-06-08,A,1.5,7,1,14
2024-06-08,A,1.5,8,2,19
2024-06-08,A,1.5,9,6,37
2024-06-08,A,1.5,10,0,599
2024-06-08,A,1.5,11,0,599
2024-06-08,A,1.5,12,0,599
2024-06-08,A,2.0,4,1,4
2024-06-08,A,2.0,5,1,4
2024-06-08,A,2.0,6,1,4
2024-06-08,A,2.0,7,1,4
2024-06-08,A,2.0,8,1,5
2024-06-08,A,2.0,9,1,10
2024-06-08,A,2.0,10,1,12
2024-06-08,A,2.0,11,2,21
2024-06-08,A,2.0,12,6,39
2024-06-08,A,2.5,4,1,4
2024-06-08,A,2.5,5,1,4
2024-06-08,A,2.5,6,1,4
2024-06-08,A,2.5,7,1,4
2024-06-08,A,2.5,8,1,4
2024-06-08,A,2.5,9,1,4
2024-06-08,A,2.5,10,1,4
2024-06-08,A,2.5,11,1,4
2024-06-08,A,2.5,12,1,4
2024-06-08,A,3.0,4,1,2
2024-06-08,A,3.0,5,1,2
2024-06-08,A,3.0,6,1,2
2024-06-08,A,3.0,7,1,2
2024-06-08,A,3.0,8,1,2
2024-06-08,A,3.0,9,1,2
2024-06-08,A,3.0,10,1,2
2024-06-08,A,3.0,11,1,2
2024-06-08,A,3.0,12,1,3
2024-06-08,A,3.5,4,1,2
2024-06-08,A,3.5,5,1,2
2024-06-08,A,3.5,6,1,2
2024-06-08,A,3.5,7,1,2
2024-06-08,A,3.5,8,1,2
2024-06-08,A,3.5,9,1,2
2024-06-08,A,3.5,10,1,2
2024-06-08,A,3.5,11,1,2
2024-06-08,A,3.5,12,1,2
2024-06-08,A,4.0,4,1,2
2024-06-08,A,4.0,5,1,2
2024-06-08,A,4.0,6,1,2
2024-06-08,A,4.0,7,1,2
2024-06-08,A,4.0,8,1,2
2024-06-08,A,4.0,9,1,2
2024-06-08,A,4.0,10,1,2
2024-06-08,A,4.0,11,1,2
2024-06-08,A,4.0,12,1,2
2024-06-09,A,1.0,4,5,11
2024-06-09,A,1.0,5,4,49
2024-06-09,A,1.0,6,0,484
2024-06-09,A,1.0,7,0,484
2024-06-09,A,1.0,8,0,484
2024-06-09,A,1.0,9,0,484
2024-06-09,A,1.0,10,0,484
2024-06-09,A,1.0,11,0,484
2024-06-09,A,1.0,12,0,484
2024-06-09,A,1.5,4,4,2
2024-06-09,A,1.5,5,3,7
2024-06-09,A,1.5,6,3,16
2024-06-09,A,1.5,7,2,26
2024-06-09,A,1.5,8,2,40
2024-06-09,A,1.5,9,5,62
2024-06-09,A,1.5,10,0,484
2024-06-09,A,1.5,11,0,484
2024-06-09,A,1.5,12,0,484
2024-06-09,A,2.0,4,3,2
2024-06-09,A,2.0,5,2,6
2024-06-09,A,2.0,6,2,10
2024-06-09,A,2.0,7,2,13
2024-06-09,A,2.0,8,2,20
2024-06-09,A,2.0,9,2,22
2024-06-09,A,2.0,10,2,30
2024-06-09,A,2.0,11,2,36
2024-06-09,A,2.0,12,4,50
2024-06-09,A,2.5,4,3,1
2024-06-09,A,2.5,5,3,1
2024-06-09,A,2.5,6,2,6
2024-06-09,A,2.5,7,2,6
2024-06-09,A,2.5,8,2,6
2024-06-09,A,2.5,9,2,9
2024-06-09,A,2.5,10,2,9
2024-06-09,A,2.5,11,1,20
2024-06-09,A,2.5,12,2,20
2024-06-09,A,3.0,4,3,0
2024-06-09,A,3.0,5,3,1
2024-06-09,A,3.0,6,2,6
2024-06-09,A,3.0,7,2,6
2024-06-09,A,3.0,8,2,6
2024-06-09,A,3.0,9,2,6
2024-06-09,A,3.0,10,2,6
2024-06-09,A,3.0,11,1,18
2024-06-09,A,3.0,12,1,18
2024-06-09,A,3.5,4,3,0
2024-06-09,A,3.5,5,3,0
2024-06-09,A,3.5,6,3,0
2024-06-09,A,3.5,7,2,6
2024-06-09,A,3.5,8,2,6
2024-06-09,A,3.5,9,2,6
2024-06-09,A,3.5,10,2,6
2024-06-09,A,3.5,11,1,16
2024-06-09,A,3.5,12,1,16
2024-06-09,A,4.0,4,3,0
2024-06-09,A,4.0,5,3,0
2024-06-09,A,4.0,6,3,0
2024-06-09,A,4.0,7,2,6
2024-06-09,A,4.0,8,2,6
2024-06-09,A,4.0,9,2,6
2024-06-09,A,4.0,10,2,6
2024-06-09,A,4.0,11,1,16
2024-06-09,A,4.0,12,1,16
2024-06-10,A,1.0,4,7,23
2024-06-10,A,1.0,5,7,71
2024-06-10,A,1.0,6,0,415
2024-06-10,A,1.0,7,0,415
2024-06-10,A,1.0,8,0,415
2024-06-10,A,1.0,9,0,415
2024-06-10,A,1.0,10,0,415
2024-06-10,A,1.0,11,0,415
2024-06-10,A,1.0,12,0,415
2024-06-10,A,1.5,4,6,11
2024-06-10,A,1.5,5,5,17
2024-06-10,A,1.5,6,5,29
2024-06-10,A,1.5,7,5,37
2024-06-10,A,1.5,8,3,67
2024-06-10,A,1.5,9,4,103
2024-06-10,A,1.5,10,0,415
2024-06-10,A,1.5,11,0,415
2024-06-10,A,1.5,12,0,415
2024-06-10,A,2.0,4,5,10
2024-06-10,A,2.0,5,4,15
2024-06-10,A,2.0,6,4,21
2024-06-10,A,2.0,7,4,22
2024-06-10,A,2.0,8,4,29
2024-06-10,A,2.0,9,4,39
2024-06-10,A,2.0,10,3,59
2024-06-10,A,2.0,11,4,65
2024-06-10,A,2.0,12,3,91
2024-06-10,A,2.5,4,4,4
2024-06-10,A,2.5,5,4,6
2024-06-10,A,2.5,6,4,10
2024-06-10,A,2.5,7,4,16
2024-06-10,A,2.5,8,4,18
2024-06-10,A,2.5,9,4,20
2024-06-10,A,2.5,10,4,22
2024-06-10,A,2.5,11,4,22
2024-06-10,A,2.5,12,3,38
2024-06-10,A,3.0,4,3,4
2024-06-10,A,3.0,5,4,4
2024-06-10,A,3.0,6,4,8
2024-06-10,A,3.0,7,4,9
2024-06-10,A,3.0,8,4,13
2024-06-10,A,3.0,9,4,15
2024-06-10,A,3.0,10,4,16
2024-06-10,A,3.0,11,4,18
2024-06-10,A,3.0,12,4,19
2024-06-10,A,3.5,4,3,3
2024-06-10,A,3.5,5,3,3
2024-06-10,A,3.5,6,3,3
2024-06-10,A,3.5,7,4,6
2024-06-10,A,3.5,8,4,6
2024-06-10,A,3.5,9,4,8
2024-06-10,A,3.5,10,4,8
2024-06-10,A,3.5,11,4,9
2024-06-10,A,3.5,12,4,11
2024-06-10,A,4.0,4,3,0
2024-06-10,A,4.0,5,3,1
2024-06-10,A,4.0,6,3,1
2024-06-10,A,4.0,7,3,2
2024-06-10,A,4.0,8,3,3
2024-06-10,A,4.0,9,3,3
2024-06-10,A,4.0,10,4,4
2024-06-10,A,4.0,11,4,4
2024-06-10,A,4.0,12,4,4
2024-06-11,A,1.0,4,11,34
2024-06-11,A,1.0,5,13,87
2024-06-11,A,1.0,6,0,400
2024-06-11,A,1.0,7,0,400
2024-06-11,A,1.0,8,0,400
2024-06-11,A,1.0,9,0,400
2024-06-11,A,1.0,10,0,400
2024-06-11,A,1.0,11,0,400
2024-06-11,A,1.0,12,0,400
2024-06-11,A,1.5,4,8,16
2024-06-11,A,1.5,5,8,24
2024-06-11,A,1.5,6,9,34
2024-06-11,A,1.5,7,9,51
2024-06-11,A,1.5,8,5,100
2024-06-11,A,1.5,9,5,139
2024-06-11,A,1.5,10,0,400
2024-06-11,A,1.5,11,0,400
2024-06-11,A,1.5,12,0,400
2024-06-11,A,2.0,4,6,13
2024-06-11,A,2.0,5,5,17
2024-06-11,A,2.0,6,7,18
2024-06-11,A,2.0,7,9,20
2024-06-11,A,2.0,8,8,36
2024-06-11,A,2.0,9,7,56
2024-06-11,A,2.0,10,5,94
2024-06-11,A,2.0,11,5,109
2024-06-11,A,2.0,12,5,138
2024-06-11,A,2.5,4,7,5
2024-06-11,A,2.5,5,5,14
2024-06-11,A,2.5,6,5,14
2024-06-11,A,2.5,7,5,14
2024-06-11,A,2.5,8,5,16
2024-06-11,A,2.5,9,5,23
2024-06-11,A,2.5,10,6,24
2024-06-11,A,2.5,11,6,28
2024-06-11,A,2.5,12,7,39
2024-06-11,A,3.0,4,7,2
2024-06-11,A,3.0,5,5,11
2024-06-11,A,3.0,6,5,11
2024-06-11,A,3.0,7,5,11
2024-06-11,A,3.0,8,5,11
2024-06-11,A,3.0,9,5,11
2024-06-11,A,3.0,10,5,12
2024-06-11,A,3.0,11,5,18
2024-06-11,A,3.0,12,5,19
2024-06-11,A,3.5,4,4,2
2024-06-11,A,3.5,5,4,2
2024-06-11,A,3.5,6,4,5
2024-06-11,A,3.5,7,4,8
2024-06-11,A,3.5,8,5,8
2024-06-11,A,3.5,9,5,8
2024-06-11,A,3.5,10,5,8
2024-06-11,A,3.5,11,5,9
2024-06-11,A,3.5,12,5,9
2024-06-11,A,4.0,4,4,0
2024-06-11,A,4.0,5,4,0
2024-06-11,A,4.0,6,4,1
2024-06-11,A,4.0,7,4,1
2024-06-11,A,4.0,8,4,1
2024-06-11,A,4.0,9,4,5
2024-06-11,A,4.0,10,4,5
2024-06-11,A,4.0,11,5,5
2024-06-11,A,4.0,12,5,5
2024-06-12,A,1.0,4,13,38
2024-06-12,A,1.0,5,11,109
2024-06-12,A,1.0,6,0,416
2024-06-12,A,1.0,7,0,416
2024-06-12,A,1.0,8,0,416
2024-06-12,A,1.0,9,0,416
2024-06-12,A,1.0,10,0,416
2024-06-12,A,1.0,11,0,416
2024-06-12,A,1.0,12,0,416
2024-06-12,A,1.5,4,10,16
2024-06-12,A,1.5,5,10,22
2024-06-12,A,1.5,6,10,35
2024-06-12,A,1.5,7,10,59
2024-06-12,A,1.5,8,9,92
2024-06-12,A,1.5,9,6,148
2024-06-12,A,1.5,10,0,416
2024-06-12,A,1.5,11,0,416
2024-06-12,A,1.5,12,0,416
2024-06-12,A,2.0,4,9,11
2024-06-12,A,2.0,5,10,15
2024-06-12,A,2.0,6,9,21
2024-06-12,A,2.0,7,9,29
2024-06-12,A,2.0,8,8,41
2024-06-12,A,2.0,9,9,65
2024-06-12,A,2.0,10,7,99
2024-06-12,A,2.0,11,5,133
2024-06-12,A,2.0,12,4,160
2024-06-12,A,2.5,4,6,10
2024-06-12,A,2.5,5,5,14
2024-06-12,A,2.5,6,5,19
2024-06-12,A,2.5,7,5,19
2024-06-12,A,2.5,8,5,19
2024-06-12,A,2.5,9,6,20
2024-06-12,A,2.5,10,7,34
2024-06-12,A,2.5,11,6,47
2024-06-12,A,2.5,12,7,62
2024-06-12,A,3.0,4,5,9
2024-06-12,A,3.0,5,5,9
2024-06-12,A,3.0,6,5,12
2024-06-12,A,3.0,7,5,13
2024-06-12,A,3.0,8,5,13
2024-06-12,A,3.0,9,5,17
2024-06-12,A,3.0,10,5,19
2024-06-12,A,3.0,11,5,19
2024-06-12,A,3.0,12,5,30
2024-06-12,A,3.5,4,4,2
2024-06-12,A,3.5,5,5,5
2024-06-12,A,3.5,6,5,9
2024-06-12,A,3.5,7,5,10
2024-06-12,A,3.5,8,5,10
2024-06-12,A,3.5,9,5,10
2024-06-12,A,3.5,10,5,10
2024-06-12,A,3.5,11,5,14
2024-06-12,A,3.5,12,4,26
2024-06-12,A,4.0,4,4,0
2024-06-12,A,4.0,5,4,1
2024-06-12,A,4.0,6,4,2
2024-06-12,A,4.0,7,4,3
2024-06-12,A,4.0,8,4,7
2024-06-12,A,4.0,9,4,7
2024-06-12,A,4.0,10,4,7
2024-06-12,A,4.0,11,4,7
2024-06-12,A,4.0,12,5,7
2024-06-13,A,1.0,4,10,28
2024-06-13,A,1.0,5,19,98
2024-06-13,A,1.0,6,0,539
2024-06-13,A,1.0,7,0,539
2024-06-13,A,1.0,8,0,539
2024-06-13,A,1.0,9,0,539
2024-06-13,A,1.0,10,0,539
2024-06-13,A,1.0,11,0,539
2024-06-13,A,1.0,12,0,539
2024-06-13,A,1.5,4,8,10
2024-06-13,A,1.5,5,7,17
2024-06-13,A,1.5,6,9,25
2024-06-13,A,1.5,7,10,36
2024-06-13,A,1.5,8,13,78
2024-06-13,A,1.5,9,9,165
2024-06-13,A,1.5,10,0,539
2024-06-13,A,1.5,11,0,539
2024-06-13,A,1.5,12,0,539
2024-06-13,A,2.0,4,7,8
2024-06-13,A,2.0,5,7,12
2024-06-13,A,2.0,6,6,17
2024-06-13,A,2.0,7,6,17
2024-06-13,A,2.0,8,6,24
2024-06-13,A,2.0,9,9,29
2024-06-13,A,2.0,10,8,74
2024-06-13,A,2.0,11,7,135
2024-06-13,A,2.0,12,5,189
2024-06-13,A,2.5,4,4,6
2024-06-13,A,2.5,5,3,10
2024-06-13,A,2.5,6,3,11
2024-06-13,A,2.5,7,4,14
2024-06-13,A,2.5,8,5,14
2024-06-13,A,2.5,9,5,14
2024-06-13,A,2.5,10,6,14
2024-06-13,A,2.5,11,6,15
2024-06-13,A,2.5,12,6,20
2024-06-13,A,3.0,4,4,4
2024-06-13,A,3.0,5,3,8
2024-06-13,A,3.0,6,3,8
2024-06-13,A,3.0,7,3,8
2024-06-13,A,3.0,8,3,8
2024-06-13,A,3.0,9,4,8
2024-06-13,A,3.0,10,4,11
2024-06-13,A,3.0,11,4,12
2024-06-13,A,3.0,12,4,13
2024-06-13,A,3.5,4,3,3
2024-06-13,A,3.5,5,3,7
2024-06-13,A,3.5,6,3,7
2024-06-13,A,3.5,7,3,7
2024-06-13,A,3.5,8,3,7
2024-06-13,A,3.5,9,3,7
2024-06-13,A,3.5,10,3,7
2024-06-13,A,3.5,11,3,7
2024-06-13,A,3.5,12,4,7
2024-06-13,A,4.0,4,3,2
2024-06-13,A,4.0,5,2,6
2024-06-13,A,4.0,6,2,6
2024-06-13,A,4.0,7,2,6
2024-06-13,A,4.0,8,2,6
2024-06-13,A,4.0,9,2,6
2024-06-13,A,4.0,10,2,6
2024-06-13,A,4.0,11,2,6
2024-06-13,A,4.0,12,2,6
2024-06-14,A,1.0,4,8,21
2024-06-14,A,1.0,5,14,80
2024-06-14,A,1.0,6,0,609
2024-06-14,A,1.0,7,0,609
2024-06-14,A,1.0,8,0,609
2024-06-14,A,1.0,9,0,609
2024-06-14,A,1.0,10,0,609
2024-06-14,A,1.0,11,0,609
2024-06-14,A,1.0,12,0,609
2024-06-14,A,1.5,4,6,12
2024-06-14,A,1.5,5,6,16
2024-06-14,A,1.5,6,6,24
2024-06-14,A,1.5,7,6,35
2024-06-14,A,1.5,8,7,69
2024-06-14,A,1.5,9,8,129
2024-06-14,A,1.5,10,0,609
2024-06-14,A,1.5,11,0,609
2024-06-14,A,1.5,12,0,609
2024-06-14,A,2.0,4,3,10
2024-06-14,A,2.0,5,3,10
2024-06-14,A,2.0,6,3,11
2024-06-14,A,2.0,7,6,12
2024-06-14,A,2.0,8,5,23
2024-06-14,A,2.0,9,5,35
2024-06-14,A,2.0,10,5,40
2024-06-14,A,2.0,11,6,80
2024-06-14,A,2.0,12,7,122
2024-06-14,A,2.5,4,2,6
2024-06-14,A,2.5,5,2,7
2024-06-14,A,2.5,6,2,8
2024-06-14,A,2.5,7,3,8
2024-06-14,A,2.5,8,3,8
2024-06-14,A,2.5,9,3,8
2024-06-14,A,2.5,10,4,12
2024-06-14,A,2.5,11,4,14
2024-06-14,A,2.5,12,3,38
2024-06-14,A,3.0,4,1,6
2024-06-14,A,3.0,5,1,6
2024-06-14,A,3.0,6,1,6
2024-06-14,A,3.0,7,1,6
2024-06-14,A,3.0,8,1,7
2024-06-14,A,3.0,9,2,7
2024-06-14,A,3.0,10,2,7
2024-06-14,A,3.0,11,2,7
2024-06-14,A,3.0,12,2,7
2024-06-14,A,3.5,4,1,5
2024-06-14,A,3.5,5,1,5
2024-06-14,A,3.5,6,1,5
2024-06-14,A,3.5,7,1,5
2024-06-14,A,3.5,8,1,5
2024-06-14,A,3.5,9,1,5
2024-06-14,A,3.5,10,1,5
2024-06-14,A,3.5,11,2,5
2024-06-14,A,3.5,12,2,5
2024-06-14,A,4.0,4,1,4
2024-06-14,A,4.0,5,1,4
2024-06-14,A,4.0,6,1,4
2024-06-14,A,4.0,7,1,4
2024-06-14,A,4.0,8,1,4
2024-06-14,A,4.0,9,1,4
2024-06-14,A,4.0,10,1,4
2024-06-14,A,4.0,11,1,4
2024-06-14,A,4.0,12,1,4
2024-06-15,A,1.0,4,8,17
2024-06-15,A,1.0,5,13,58
2024-06-15,A,1.0,6,0,613
2024-06-15,A,1.0,7,0,613
2024-06-15,A,1.0,8,0,613
2024-06-15,A,1.0,9,0,613
2024-06-15,A,1.0,10,0,613
2024-06-15,A,1.0,11,0,613
2024-06-15,A,1.0,12,0,613
2024-06-15,A,1.5,4,4,9
2024-06-15,A,1.5,5,4,16
2024-06-15,A,1.5,6,5,19
2024-06-15,A,1.5,7,4,34
2024-06-15,A,1.5,8,7,48
2024-06-15,A,1.5,9,4,114
2024-06-15,A,1.5,10,0,613
2024-06-15,A,1.5,11,0,613
2024-06-15,A,1.5,12,0,613
2024-06-15,A,2.0,4,3,8
2024-06-15,A,2.0,5,2,12
2024-06-15,A,2.0,6,2,13
2024-06-15,A,2.0,7,3,14
2024-06-15,A,2.0,8,3,22
2024-06-15,A,2.0,9,4,27
2024-06-15,A,2.0,10,5,37
2024-06-15,A,2.0,11,6,65
2024-06-15,A,2.0,12,4,104
2024-06-15,A,2.5,4,2,7
2024-06-15,A,2.5,5,1,11
2024-06-15,A,2.5,6,1,11
2024-06-15,A,2.5,7,2,11
2024-06-15,A,2.5,8,2,11
2024-06-15,A,2.5,9,2,11
2024-06-15,A,2.5,10,2,11
2024-06-15,A,2.5,11,3,14
2024-06-15,A,2.5,12,3,17
2024-06-15,A,3.0,4,2,5
2024-06-15,A,3.0,5,2,5
2024-06-15,A,3.0,6,1,10
2024-06-15,A,3.0,7,1,10
2024-06-15,A,3.0,8,1,10
2024-06-15,A,3.0,9,1,10
2024-06-15,A,3.0,10,1,10
2024-06-15,A,3.0,11,2,10
2024-06-15,A,3.0,12,2,10
2024-06-15,A,3.5,4,2,4
2024-06-15,A,3.5,5,2,5
2024-06-15,A,3.5,6,1,10
2024-06-15,A,3.5,7,1,10
2024-06-15,A,3.5,8,1,10
2024-06-15,A,3.5,9,1,10
2024-06-15,A,3.5,10,1,10
2024-06-15,A,3.5,11,1,10
2024-06-15,A,3.5,12,1,10
2024-06-15,A,4.0,4,2,3
2024-06-15,A,4.0,5,2,4
2024-06-15,A,4.0,6,2,4
2024-06-15,A,4.0,7,1,10
2024-06-15,A,4.0,8,1,10
2024-06-15,A,4.0,9,1,10
2024-06-15,A,4.0,10,1,10
2024-06-15,A,4.0,11,1,10
2024-06-15,A,4.0,12,1,10
2024-06-16,A,1.0,4,5,16
2024-06-16,A,1.0,5,12,52
2024-06-16,A,1.0,6,0,564
2024-06-16,A,1.0,7,0,564
2024-06-16,A,1.0,8,0,564
2024-06-16,A,1.0,9,0,564
2024-06-16,A,1.0,10,0,564
2024-06-16,A,1.0,11,0,564
2024-06-16,A,1.0,12,0,564
2024-06-16,A,1.5,4,3,14
2024-06-16,A,1.5,5,2,18
2024-06-16,A,1.5,6,2,18
2024-06-16,A,1.5,7,2,24
2024-06-16,A,1.5,8,5,38
2024-06-16,A,1.5,9,7,78
2024-06-16,A,1.5,10,0,564
2024-06-16,A,1.5,11,0,564
2024-06-16,A,1.5,12,0,564
2024-06-16,A,2.0,4,3,10
2024-06-16,A,2.0,5,2,17
2024-06-16,A,2.0,6,2,17
2024-06-16,A,2.0,7,2,17
2024-06-16,A,2.0,8,2,17
2024-06-16,A,2.0,9,3,20
2024-06-16,A,2.0,10,4,26
2024-06-16,A,2.0,11,6,43
2024-06-16,A,2.0,12,5,74
2024-06-16,A,2.5,4,3,10
2024-06-16,A,2.5,5,2,14
2024-06-16,A,2.5,6,2,15
2024-06-16,A,2.5,7,2,16
2024-06-16,A,2.5,8,2,16
2024-06-16,A,2.5,9,2,16
2024-06-16,A,2.5,10,2,16
2024-06-16,A,2.5,11,2,16
2024-06-16,A,2.5,12,2,16
2024-06-16,A,3.0,4,2,9
2024-06-16,A,3.0,5,2,9
2024-06-16,A,3.0,6,1,14
2024-06-16,A,3.0,7,2,14
2024-06-16,A,3.0,8,2,14
2024-06-16,A,3.0,9,2,14
2024-06-16,A,3.0,10,2,14
2024-06-16,A,3.0,11,2,14
2024-06-16,A,3.0,12,2,14
2024-06-16,A,3.5,4,2,8
2024-06-16,A,3.5,5,2,9
2024-06-16,A,3.5,6,1,14
2024-06-16,A,3.5,7,1,14
2024-06-16,A,3.5,8,1,14
2024-06-16,A,3.5,9,1,14
2024-06-16,A,3.5,10,1,14
2024-06-16,A,3.5,11,1,14
2024-06-16,A,3.5,12,1,14
2024-06-16,A,4.0,4,2,5
2024-06-16,A,4.0,5,2,6
2024-06-16,A,4.0,6,2,6
2024-06-16,A,4.0,7,1,12
2024-06-16,A,4.0,8,1,12
2024-06-16,A,4.0,9,1,12
2024-06-16,A,4.0,10,1,12
2024-06-16,A,4.0,11,1,12
2024-06-16,A,4.0,12,1,12
2024-06-17,A,1.0,4,9,20
2024-06-17,A,1.0,5,13,61
2024-06-17,A,1.0,6,0,634
2024-06-17,A,1.0,7,0,634
2024-06-17,A,1.0,8,0,634
2024-06-17,A,1.0,9,0,634
2024-06-17,A,1.0,10,0,634
2024-06-17,A,1.0,11,0,634
2024-06-17,A,1.0,12,0,634
2024-06-17,A,1.5,4,7,10
2024-06-17,A,1.5,5,5,19
2024-06-17,A,1.5,6,5,20
2024-06-17,A,1.5,7,5,36
2024-06-17,A,1.5,8,8,50
2024-06-17,A,1.5,9,8,99
2024-06-17,A,1.5,10,0,634
2024-06-17,A,1.5,11,0,634
2024-06-17,A,1.5,12,0,634
2024-06-17,A,2.0,4,7,8
2024-06-17,A,2.0,5,5,17
2024-06-17,A,2.0,6,5,17
2024-06-17,A,2.0,7,4,24
2024-06-17,A,2.0,8,4,27
2024-06-17,A,2.0,9,5,29
2024-06-17,A,2.0,10,4,45
2024-06-17,A,2.0,11,5,59
2024-06-17,A,2.0,12,7,100
2024-06-17,A,2.5,4,6,7
2024-06-17,A,2.5,5,5,11
2024-06-17,A,2.5,6,5,17
2024-06-17,A,2.5,7,4,23
2024-06-17,A,2.5,8,4,23
2024-06-17,A,2.5,9,4,23
2024-06-17,A,2.5,10,4,23
2024-06-17,A,2.5,11,3,35
2024-06-17,A,2.5,12,3,35
2024-06-17,A,3.0,4,6,3
2024-06-17,A,3.0,5,5,8
2024-06-17,A,3.0,6,5,8
2024-06-17,A,3.0,7,3,20
2024-06-17,A,3.0,8,3,20
2024-06-17,A,3.0,9,4,21
2024-06-17,A,3.0,10,4,21
2024-06-17,A,3.0,11,4,21
2024-06-17,A,3.0,12,3,32
2024-06-17,A,3.5,4,5,2
2024-06-17,A,3.5,5,5,6
2024-06-17,A,3.5,6,5,7
2024-06-17,A,3.5,7,4,13
2024-06-17,A,3.5,8,3,19
2024-06-17,A,3.5,9,3,19
2024-06-17,A,3.5,10,3,19
2024-06-17,A,3.5,11,4,21
2024-06-17,A,3.5,12,3,30
2024-06-17,A,4.0,4,5,1
2024-06-17,A,4.0,5,5,5
2024-06-17,A,4.0,6,5,5
2024-06-17,A,4.0,7,4,11
2024-06-17,A,4.0,8,3,17
2024-06-17,A,4.0,9,3,17
2024-06-17,A,4.0,10,3,17
2024-06-17,A,4.0,11,3,17
2024-06-17,A,4.0,12,3,17
2024-06-18,A,1.0,4,15,34
2024-06-18,A,1.0,5,16,109
2024-06-18,A,1.0,6,0,646
2024-06-18,A,1.0,7,0,646
2024-06-18,A,1.0,8,0,646
2024-06-18,A,1.0,9,0,646
2024-06-18,A,1.0,10,0,646
2024-06-18,A,1.0,11,0,646
2024-06-18,A,1.0,12,0,646
2024-06-18,A,1.5,4,7,13
2024-06-18,A,1.5,5,7,23
2024-06-18,A,1.5,6,9,35
2024-06-18,A,1.5,7,10,57
2024-06-18,A,1.5,8,10,87
2024-06-18,A,1.5,9,9,155
2024-06-18,A,1.5,10,0,646
2024-06-18,A,1.5,11,0,646
2024-06-18,A,1.5,12,0,646
2024-06-18,A,2.0,4,5,6
2024-06-18,A,2.0,5,5,14
2024-06-18,A,2.0,6,6,16
2024-06-18,A,2.0,7,8,21
2024-06-18,A,2.0,8,8,37
2024-06-18,A,2.0,9,8,51
2024-06-18,A,2.0,10,7,85
2024-06-18,A,2.0,11,8,112
2024-06-18,A,2.0,12,7,165
2024-06-18,A,2.5,4,4,2
2024-06-18,A,2.5,5,3,7
2024-06-18,A,2.5,6,4,7
2024-06-18,A,2.5,7,5,9
2024-06-18,A,2.5,8,5,11
2024-06-18,A,2.5,9,5,13
2024-06-18,A,2.5,10,7,21
2024-06-18,A,2.5,11,6,38
2024-06-18,A,2.5,12,7,44
2024-06-18,A,3.0,4,3,1
2024-06-18,A,3.0,5,3,5
2024-06-18,A,3.0,6,3,5
2024-06-18,A,3.0,7,3,5
2024-06-18,A,3.0,8,3,5
2024-06-18,A,3.0,9,5,6
2024-06-18,A,3.0,10,5,6
2024-06-18,A,3.0,11,5,9
2024-06-18,A,3.0,12,4,19
2024-06-18,A,3.5,4,3,1
2024-06-18,A,3.5,5,2,5
2024-06-18,A,3.5,6,2,5
2024-06-18,A,3.5,7,3,5
2024-06-18,A,3.5,8,3,5
2024-06-18,A,3.5,9,3,5
2024-06-18,A,3.5,10,3,5
2024-06-18,A,3.5,11,4,6
2024-06-18,A,3.5,12,4,15
2024-06-18,A,4.0,4,3,0
2024-06-18,A,4.0,5,2,4
2024-06-18,A,4.0,6,2,4
2024-06-18,A,4.0,7,2,4
2024-06-18,A,4.0,8,2,4
2024-06-18,A,4.0,9,2,4
2024-06-18,A,4.0,10,2,4
2024-06-18,A,4.0,11,2,4
2024-06-18,A,4.0,12,3,4
2024-06-19,A,1.0,4,13,18
2024-06-19,A,1.0,5,15,91
2024-06-19,A,1.0,6,0,725
2024-06-19,A,1.0,7,0,725
2024-06-19,A,1.0,8,0,725
2024-06-19,A,1.0,9,0,725
2024-06-19,A,1.0,10,0,725
2024-06-19,A,1.0,11,0,725
2024-06-19,A,1.0,12,0,725
2024-06-19,A,1.5,4,5,5
2024-06-19,A,1.5,5,5,14
2024-06-19,A,1.5,6,7,16
2024-06-19,A,1.5,7,8,32
2024-06-19,A,1.5,8,10,68
2024-06-19,A,1.5,9,11,129
2024-06-19,A,1.5,10,0,725
2024-06-19,A,1.5,11,0,725
2024-06-19,A,1.5,12,0,725
2024-06-19,A,2.0,4,4,1
2024-06-19,A,2.0,5,4,9
2024-06-19,A,2.0,6,4,10
2024-06-19,A,2.0,7,5,16
2024-06-19,A,2.0,8,6,19
2024-06-19,A,2.0,9,5,34
2024-06-19,A,2.0,10,7,53
2024-06-19,A,2.0,11,7,79
2024-06-19,A,2.0,12,9,142
2024-06-19,A,2.5,4,3,1
2024-06-19,A,2.5,5,2,5
2024-06-19,A,2.5,6,4,5
2024-06-19,A,2.5,7,4,7
2024-06-19,A,2.5,8,4,7
2024-06-19,A,2.5,9,4,11
2024-06-19,A,2.5,10,4,11
2024-06-19,A,2.5,11,3,23
2024-06-19,A,2.5,12,5,24
2024-06-19,A,3.0,4,3,1
2024-06-19,A,3.0,5,2,5
2024-06-19,A,3.0,6,2,5
2024-06-19,A,3.0,7,2,5
2024-06-19,A,3.0,8,2,5
2024-06-19,A,3.0,9,4,6
2024-06-19,A,3.0,10,4,6
2024-06-19,A,3.0,11,3,15
2024-06-19,A,3.0,12,3,15
2024-06-19,A,3.5,4,3,1
2024-06-19,A,3.5,5,2,5
2024-06-19,A,3.5,6,2,5
2024-06-19,A,3.5,7,2,5
2024-06-19,A,3.5,8,2,5
2024-06-19,A,3.5,9,2,5
2024-06-19,A,3.5,10,2,5
2024-06-19,A,3.5,11,3,13
2024-06-19,A,3.5,12,3,13
2024-06-19,A,4.0,4,3,0
2024-06-19,A,4.0,5,2,4
2024-06-19,A,4.0,6,2,4
2024-06-19,A,4.0,7,2,4
2024-06-19,A,4.0,8,2,4
2024-06-19,A,4.0,9,2,4
2024-06-19,A,4.0,10,2,4
2024-06-19,A,4.0,11,2,4
2024-06-19,A,4.0,12,2,5
2024-06-20,A,1.0,4,5,23
2024-06-20,A,1.0,5,10,72
2024-06-20,A,1.0,6,0,770
2024-06-20,A,1.0,7,0,770
2024-06-20,A,1.0,8,0,770
2024-06-20,A,1.0,9,0,770
2024-06-20,A,1.0,10,0,770
2024-06-20,A,1.0,11,0,770
2024-06-20,A,1.0,12,0,770
2024-06-20,A,1.5,4,4,9
2024-06-20,A,1.5,5,5,13
2024-06-20,A,1.5,6,4,19
2024-06-20,A,1.5,7,4,22
2024-06-20,A,1.5,8,6,52
2024-06-20,A,1.5,9,8,98
2024-06-20,A,1.5,10,0,770
2024-06-20,A,1.5,11,0,770
2024-06-20,A,1.5,12,0,770
2024-06-20,A,2.0,4,3,2
2024-06-20,A,2.0,5,4,7
2024-06-20,A,2.0,6,3,14
2024-06-20,A,2.0,7,4,16
2024-06-20,A,2.0,8,4,17
2024-06-20,A,2.0,9,4,21
2024-06-20,A,2.0,10,4,34
2024-06-20,A,2.0,11,4,55
2024-06-20,A,2.0,12,6,103
2024-06-20,A,2.5,4,3,2
2024-06-20,A,2.5,5,3,3
2024-06-20,A,2.5,6,3,8
2024-06-20,A,2.5,7,3,10
2024-06-20,A,2.5,8,3,10
2024-06-20,A,2.5,9,3,13
2024-06-20,A,2.5,10,3,13
2024-06-20,A,2.5,11,3,14
2024-06-20,A,2.5,12,4,15
2024-06-20,A,3.0,4,3,1
2024-06-20,A,3.0,5,3,1
2024-06-20,A,3.0,6,2,6
2024-06-20,A,3.0,7,2,6
2024-06-20,A,3.0,8,2,6
2024-06-20,A,3.0,9,3,6
2024-06-20,A,3.0,10,3,6
2024-06-20,A,3.0,11,3,6
2024-06-20,A,3.0,12,3,6
2024-06-20,A,3.5,4,3,1
2024-06-20,A,3.5,5,3,1
2024-06-20,A,3.5,6,2,6
2024-06-20,A,3.5,7,2,6
2024-06-20,A,3.5,8,2,6
2024-06-20,A,3.5,9,2,6
2024-06-20,A,3.5,10,2,6
2024-06-20,A,3.5,11,3,6
2024-06-20,A,3.5,12,3,6
2024-06-20,A,4.0,4,3,0
2024-06-20,A,4.0,5,3,0
2024-06-20,A,4.0,6,3,0
2024-06-20,A,4.0,7,2,6
2024-06-20,A,4.0,8,2,6
2024-06-20,A,4.0,9,2,6
2024-06-20,A,4.0,10,2,6
2024-06-20,A,4.0,11,2,6
2024-06-20,A,4.0,12,2,6
2024-06-21,A,1.0,4,6,21
2024-06-21,A,1.0,5,8,68
2024-06-21,A,1.0,6,0,757
2024-06-21,A,1.0,7,0,757
2024-06-21,A,1.0,8,0,757
2024-06-21,A,1.0,9,0,757
2024-06-21,A,1.0,10,0,757
2024-06-21,A,1.0,11,0,757
2024-06-21,A,1.0,12,0,757
2024-06-21,A,1.5,4,6,6
2024-06-21,A,1.5,5,5,10
2024-06-21,A,1.5,6,4,18
2024-06-21,A,1.5,7,4,30
2024-06-21,A,1.5,8,5,54
2024-06-21,A,1.5,9,4,101
2024-06-21,A,1.5,10,0,757
2024-06-21,A,1.5,11,0,757
2024-06-21,A,1.5,12,0,757
2024-06-21,A,2.0,4,4,4
2024-06-21,A,2.0,5,4,7
2024-06-21,A,2.0,6,4,12
2024-06-21,A,2.0,7,3,22
2024-06-21,A,2.0,8,3,23
2024-06-21,A,2.0,9,3,27
2024-06-21,A,2.0,10,3,50
2024-06-21,A,2.0,11,4,63
2024-06-21,A,2.0,12,4,91
2024-06-21,A,2.5,4,3,4
2024-06-21,A,2.5,5,3,4
2024-06-21,A,2.5,6,2,9
2024-06-21,A,2.5,7,2,9
2024-06-21,A,2.5,8,2,15
2024-06-21,A,2.5,9,2,16
2024-06-21,A,2.5,10,2,17
2024-06-21,A,2.5,11,3,18
2024-06-21,A,2.5,12,3,19
2024-06-21,A,3.0,4,3,3
2024-06-21,A,3.0,5,3,3
2024-06-21,A,3.0,6,2,8
2024-06-21,A,3.0,7,2,8
2024-06-21,A,3.0,8,2,8
2024-06-21,A,3.0,9,2,8
2024-06-21,A,3.0,10,2,13
2024-06-21,A,3.0,11,2,13
2024-06-21,A,3.0,12,2,13
2024-06-21,A,3.5,4,3,0
2024-06-21,A,3.5,5,3,2
2024-06-21,A,3.5,6,3,2
2024-06-21,A,3.5,7,2,8
2024-06-21,A,3.5,8,2,8
2024-06-21,A,3.5,9,2,8
2024-06-21,A,3.5,10,2,8
2024-06-21,A,3.5,11,2,9
2024-06-21,A,3.5,12,2,12
2024-06-21,A,4.0,4,3,0
2024-06-21,A,4.0,5,3,0
2024-06-21,A,4.0,6,3,2
2024-06-21,A,4.0,7,2,8
2024-06-21,A,4.0,8,2,8
2024-06-21,A,4.0,9,2,8
2024-06-21,A,4.0,10,2,8
2024-06-21,A,4.0,11,2,8
2024-06-21,A,4.0,12,2,8
2024-06-22,A,1.0,4,8,16
2024-06-22,A,1.0,5,10,78
2024-06-22,A,1.0,6,0,652
2024-06-22,A,1.0,7,0,652
2024-06-22,A,1.0,8,0,652
2024-06-22,A,1.0,9,0,652
2024-06-22,A,1.0,10,0,652
2024-06-22,A,1.0,11,0,652
2024-06-22,A,1.0,12,0,652
2024-06-22,A,1.5,4,4,10
2024-06-22,A,1.5,5,4,11
2024-06-22,A,1.5,6,4,19
2024-06-22,A,1.5,7,5,28
2024-06-22,A,1.5,8,8,48
2024-06-22,A,1.5,9,7,105
2024-06-22,A,1.5,10,0,652
2024-06-22,A,1.5,11,0,652
2024-06-22,A,1.5,12,0,652
2024-06-22,A,2.0,4,3,4
2024-06-22,A,2.0,5,3,7
2024-06-22,A,2.0,6,4,8
2024-06-22,A,2.0,7,4,11
2024-06-22,A,2.0,8,4,16
2024-06-22,A,2.0,9,4,19
2024-06-22,A,2.0,10,3,40
2024-06-22,A,2.0,11,6,68
2024-06-22,A,2.0,12,4,110
2024-06-22,A,2.5,4,3,3
2024-06-22,A,2.5,5,3,3
2024-06-22,A,2.5,6,3,3
2024-06-22,A,2.5,7,3,4
2024-06-22,A,2.5,8,3,5
2024-06-22,A,2.5,9,3,7
2024-06-22,A,2.5,10,3,7
2024-06-22,A,2.5,11,3,7
2024-06-22,A,2.5,12,4,10
2024-06-22,A,3.0,4,3,1
2024-06-22,A,3.0,5,3,1
2024-06-22,A,3.0,6,3,1
2024-06-22,A,3.0,7,3,1
2024-06-22,A,3.0,8,3,1
2024-06-22,A,3.0,9,3,2
2024-06-22,A,3.0,10,3,3
2024-06-22,A,3.0,11,3,3
2024-06-22,A,3.0,12,3,3
2024-06-22,A,3.5,4,3,0
2024-06-22,A,3.5,5,3,0
2024-06-22,A,3.5,6,3,0
2024-06-22,A,3.5,7,3,0
2024-06-22,A,3.5,8,3,0
2024-06-22,A,3.5,9,3,0
2024-06-22,A,3.5,10,3,0
2024-06-22,A,3.5,11,3,2
2024-06-22,A,3.5,12,3,2
2024-06-22,A,4.0,4,1,0
2024-06-22,A,4.0,5,2,0
2024-06-22,A,4.0,6,2,0
2024-06-22,A,4.0,7,2,0
2024-06-22,A,4.0,8,2,0
2024-06-22,A,4.0,9,2,0
2024-06-22,A,4.0,10,2,0
2024-06-22,A,4.0,11,2,0
2024-06-22,A,4.0,12,3,0
2024-06-23,A,1.0,4,6,21
2024-06-23,A,1.0,5,13,92
2024-06-23,A,1.0,6,0,555
2024-06-23,A,1.0,7,0,555
2024-06-23,A,1.0,8,0,555
2024-06-23,A,1.0,9,0,555
2024-06-23,A,1.0,10,0,555
2024-06-23,A,1.0,11,0,555
2024-06-23,A,1.0,12,0,555
2024-06-23,A,1.5,4,5,5
2024-06-23,A,1.5,5,6,8
2024-06-23,A,1.5,6,5,24
2024-06-23,A,1.5,7,5,35
2024-06-23,A,1.5,8,9,57
2024-06-23,A,1.5,9,8,125
2024-06-23,A,1.5,10,0,555
2024-06-23,A,1.5,11,0,555
2024-06-23,A,1.5,12,0,555
2024-06-23,A,2.0,4,4,1
2024-06-23,A,2.0,5,5,3
2024-06-23,A,2.0,6,5,4
2024-06-23,A,2.0,7,5,9
2024-06-23,A,2.0,8,5,18
2024-06-23,A,2.0,9,5,26
2024-06-23,A,2.0,10,5,46
2024-06-23,A,2.0,11,5,66
2024-06-23,A,2.0,12,5,144
2024-06-23,A,2.5,4,3,1
2024-06-23,A,2.5,5,3,1
2024-06-23,A,2.5,6,3,1
2024-06-23,A,2.5,7,4,1
2024-06-23,A,2.5,8,3,10
2024-06-23,A,2.5,9,3,11
2024-06-23,A,2.5,10,4,12
2024-06-23,A,2.5,11,4,12
2024-06-23,A,2.5,12,5,15
2024-06-23,A,3.0,4,3,1
2024-06-23,A,3.0,5,3,1
2024-06-23,A,3.0,6,3,1
2024-06-23,A,3.0,7,3,1
2024-06-23,A,3.0,8,3,1
2024-06-23,A,3.0,9,3,2
2024-06-23,A,3.0,10,3,9
2024-06-23,A,3.0,11,3,9
2024-06-23,A,3.0,12,3,10
2024-06-23,A,3.5,4,3,0
2024-06-23,A,3.5,5,3,0
2024-06-23,A,3.5,6,3,0
2024-06-23,A,3.5,7,3,0
2024-06-23,A,3.5,8,3,0
2024-06-23,A,3.5,9,3,0
2024-06-23,A,3.5,10,3,3
2024-06-23,A,3.5,11,3,4
2024-06-23,A,3.5,12,3,4
2024-06-23,A,4.0,4,2,0
2024-06-23,A,4.0,5,2,0
2024-06-23,A,4.0,6,2,0
2024-06-23,A,4.0,7,2,0
2024-06-23,A,4.0,8,2,0
2024-06-23,A,4.0,9,2,0
2024-06-23,A,4.0,10,2,0
2024-06-23,A,4.0,11,2,2
2024-06-23,A,4.0,12,3,2
2024-06-24,A,1.0,4,10,32
2024-06-24,A,1.0,5,10,116
2024-06-24,A,1.0,6,0,507
2024-06-24,A,1.0,7,0,507
2024-06-24,A,1.0,8,0,507
2024-06-24,A,1.0,9,0,507
2024-06-24,A,1.0,10,0,507
2024-06-24,A,1.0,11,0,507
2024-06-24,A,1.0,12,0,507
2024-06-24,A,1.5,4,8,12
2024-06-24,A,1.5,5,7,23
2024-06-24,A,1.5,6,7,34
2024-06-24,A,1.5,7,5,54
2024-06-24,A,1.5,8,6,86
2024-06-24,A,1.5,9,7,132
2024-06-24,A,1.5,10,0,507
2024-06-24,A,1.5,11,0,507
2024-06-24,A,1.5,12,0,507
2024-06-24,A,2.0,4,7,8
2024-06-24,A,2.0,5,7,14
2024-06-24,A,2.0,6,7,14
2024-06-24,A,2.0,7,6,28
2024-06-24,A,2.0,8,4,48
2024-06-24,A,2.0,9,4,60
2024-06-24,A,2.0,10,4,70
2024-06-24,A,2.0,11,5,85
2024-06-24,A,2.0,12,4,149
2024-06-24,A,2.5,4,5,2
2024-06-24,A,2.5,5,4,9
2024-06-24,A,2.5,6,4,10
2024-06-24,A,2.5,7,5,10
2024-06-24,A,2.5,8,4,26
2024-06-24,A,2.5,9,4,27
2024-06-24,A,2.5,10,5,33
2024-06-24,A,2.5,11,5,33
2024-06-24,A,2.5,12,4,47
2024-06-24,A,3.0,4,4,1
2024-06-24,A,3.0,5,3,5
2024-06-24,A,3.0,6,3,7
2024-06-24,A,3.0,7,3,7
2024-06-24,A,3.0,8,3,8
2024-06-24,A,3.0,9,3,13
2024-06-24,A,3.0,10,3,21
2024-06-24,A,3.0,11,3,23
2024-06-24,A,3.0,12,4,23
2024-06-24,A,3.5,4,4,0
2024-06-24,A,3.5,5,3,4
2024-06-24,A,3.5,6,3,4
2024-06-24,A,3.5,7,3,4
2024-06-24,A,3.5,8,3,4
2024-06-24,A,3.5,9,3,4
2024-06-24,A,3.5,10,3,9
2024-06-24,A,3.5,11,3,11
2024-06-24,A,3.5,12,3,11
2024-06-24,A,4.0,4,4,0
2024-06-24,A,4.0,5,3,4
2024-06-24,A,4.0,6,3,4
2024-06-24,A,4.0,7,3,4
2024-06-24,A,4.0,8,3,4
2024-06-24,A,4.0,9,3,4
2024-06-24,A,4.0,10,3,4
2024-06-24,A,4.0,11,3,6
2024-06-24,A,4.0,12,3,6
2024-06-25,A,1.0,4,15,27
2024-06-25,A,1.0,5,10,95
2024-06-25,A,1.0,6,0,474
2024-06-25,A,1.0,7,0,474
2024-06-25,A,1.0,8,0,474
2024-06-25,A,1.0,9,0,474
2024-06-25,A,1.0,10,0,474
2024-06-25,A,1.0,11,0,474
2024-06-25,A,1.0,12,0,474
2024-06-25,A,1.5,4,10,7
2024-06-25,A,1.5,5,9,14
2024-06-25,A,1.5,6,9,28
2024-06-25,A,1.5,7,6,58
2024-06-25,A,1.5,8,4,107
2024-06-25,A,1.5,9,6,129
2024-06-25,A,1.5,10,0,474
2024-06-25,A,1.5,11,0,474
2024-06-25,A,1.5,12,0,474
2024-06-25,A,2.0,4,8,0
2024-06-25,A,2.0,5,8,7
2024-06-25,A,2.0,6,8,8
2024-06-25,A,2.0,7,8,20
2024-06-25,A,2.0,8,5,51
2024-06-25,A,2.0,9,4,65
2024-06-25,A,2.0,10,4,81
2024-06-25,A,2.0,11,4,96
2024-06-25,A,2.0,12,4,125
2024-06-25,A,2.5,4,7,0
2024-06-25,A,2.5,5,6,4
2024-06-25,A,2.5,6,6,4
2024-06-25,A,2.5,7,6,11
2024-06-25,A,2.5,8,4,28
2024-06-25,A,2.5,9,4,36
2024-06-25,A,2.5,10,5,36
2024-06-25,A,2.5,11,4,53
2024-06-25,A,2.5,12,4,59
2024-06-25,A,3.0,4,5,0
2024-06-25,A,3.0,5,5,0
2024-06-25,A,3.0,6,5,3
2024-06-25,A,3.0,7,5,3
2024-06-25,A,3.0,8,3,17
2024-06-25,A,3.0,9,3,26
2024-06-25,A,3.0,10,3,34
2024-06-25,A,3.0,11,3,34
2024-06-25,A,3.0,12,3,34
2024-06-25,A,3.5,4,4,0
2024-06-25,A,3.5,5,4,0
2024-06-25,A,3.5,6,4,2
2024-06-25,A,3.5,7,4,2
2024-06-25,A,3.5,8,4,2
2024-06-25,A,3.5,9,3,16
2024-06-25,A,3.5,10,2,28
2024-06-25,A,3.5,11,3,28
2024-06-25,A,3.5,12,3,28
2024-06-25,A,4.0,4,2,0
2024-06-25,A,4.0,5,2,0
2024-06-25,A,4.0,6,2,0
2024-06-25,A,4.0,7,2,0
2024-06-25,A,4.0,8,2,0
2024-06-25,A,4.0,9,2,0
2024-06-25,A,4.0,10,3,0
2024-06-25,A,4.0,11,2,24
2024-06-25,A,4.0,12,2,26
2024-06-26,A,1.0,4,12,22
2024-06-26,A,1.0,5,11,73
2024-06-26,A,1.0,6,0,414
2024-06-26,A,1.0,7,0,414
2024-06-26,A,1.0,8,0,414
2024-06-26,A,1.0,9,0,414
2024-06-26,A,1.0,10,0,414
2024-06-26,A,1.0,11,0,414
2024-06-26,A,1.0,12,0,414
2024-06-26,A,1.5,4,9,7
2024-06-26,A,1.5,5,8,15
2024-06-26,A,1.5,6,8,20
2024-06-26,A,1.5,7,6,43
2024-06-26,A,1.5,8,5,72
2024-06-26,A,1.5,9,5,113
2024-06-26,A,1.5,10,0,414
2024-06-26,A,1.5,11,0,414
2024-06-26,A,1.5,12,0,414
2024-06-26,A,2.0,4,7,4
2024-06-26,A,2.0,5,7,9
2024-06-26,A,2.0,6,7,10
2024-06-26,A,2.0,7,8,12
2024-06-26,A,2.0,8,6,28
2024-06-26,A,2.0,9,4,57
2024-06-26,A,2.0,10,3,71
2024-06-26,A,2.0,11,4,75
2024-06-26,A,2.0,12,3,94
2024-06-26,A,2.5,4,6,3
2024-06-26,A,2.5,5,6,3
2024-06-26,A,2.5,6,6,5
2024-06-26,A,2.5,7,7,5
2024-06-26,A,2.5,8,7,7
2024-06-26,A,2.5,9,4,30
2024-06-26,A,2.5,10,3,42
2024-06-26,A,2.5,11,3,45
2024-06-26,A,2.5,12,3,61
2024-06-26,A,3.0,4,5,3
2024-06-26,A,3.0,5,5,3
2024-06-26,A,3.0,6,5,3
2024-06-26,A,3.0,7,6,3
2024-06-26,A,3.0,8,6,3
2024-06-26,A,3.0,9,5,11
2024-06-26,A,3.0,10,4,28
2024-06-26,A,3.0,11,3,39
2024-06-26,A,3.0,12,3,39
2024-06-26,A,3.5,4,4,3
2024-06-26,A,3.5,5,4,3
2024-06-26,A,3.5,6,4,3
2024-06-26,A,3.5,7,4,3
2024-06-26,A,3.5,8,5,3
2024-06-26,A,3.5,9,6,3
2024-06-26,A,3.5,10,5,11
2024-06-26,A,3.5,11,4,25
2024-06-26,A,3.5,12,3,36
2024-06-26,A,4.0,4,2,3
2024-06-26,A,4.0,5,2,3
2024-06-26,A,4.0,6,2,3
2024-06-26,A,4.0,7,2,3
2024-06-26,A,4.0,8,2,3
2024-06-26,A,4.0,9,3,3
2024-06-26,A,4.0,10,4,3
2024-06-26,A,4.0,11,3,21
2024-06-26,A,4.0,12,3,30
2024-06-27,A,1.0,4,13,18
2024-06-27,A,1.0,5,10,79
2024-06-27,A,1.0,6,0,427
2024-06-27,A,1.0,7,0,427
2024-06-27,A,1.0,8,0,427
2024-06-27,A,1.0,9,0,427
2024-06-27,A,1.0,10,0,427
2024-06-27,A,1.0,11,0,427
2024-06-27,A,1.0,12,0,427
2024-06-27,A,1.5,4,9,2
2024-06-27,A,1.5,5,8,9
2024-06-27,A,1.5,6,8,19
2024-06-27,A,1.5,7,7,38
2024-06-27,A,1.5,8,5,67
2024-06-27,A,1.5,9,5,109
2024-06-27,A,1.5,10,0,427
2024-06-27,A,1.5,11,0,427
2024-06-27,A,1.5,12,0,427
2024-06-27,A,2.0,4,8,2
2024-06-27,A,2.0,5,7,6
2024-06-27,A,2.0,6,8,7
2024-06-27,A,2.0,7,8,16
2024-06-27,A,2.0,8,6,32
2024-06-27,A,2.0,9,5,52
2024-06-27,A,2.0,10,4,66
2024-06-27,A,2.0,11,4,78
2024-06-27,A,2.0,12,4,93
2024-06-27,A,2.5,4,7,1
2024-06-27,A,2.5,5,7,1
2024-06-27,A,2.5,6,7,3
2024-06-27,A,2.5,7,7,3
2024-06-27,A,2.5,8,7,5
2024-06-27,A,2.5,9,6,21
2024-06-27,A,2.5,10,5,36
2024-06-27,A,2.5,11,5,39
2024-06-27,A,2.5,12,4,55
2024-06-27,A,3.0,4,5,1
2024-06-27,A,3.0,5,5,1
2024-06-27,A,3.0,6,5,1
2024-06-27,A,3.0,7,6,1
2024-06-27,A,3.0,8,6,1
2024-06-27,A,3.0,9,5,9
2024-06-27,A,3.0,10,4,20
2024-06-27,A,3.0,11,3,31
2024-06-27,A,3.0,12,3,31
2024-06-27,A,3.5,4,4,0
2024-06-27,A,3.5,5,4,0
2024-06-27,A,3.5,6,4,0
2024-06-27,A,3.5,7,4,0
2024-06-27,A,3.5,8,4,0
2024-06-27,A,3.5,9,6,0
2024-06-27,A,3.5,10,5,8
2024-06-27,A,3.5,11,4,18
2024-06-27,A,3.5,12,3,29
2024-06-27,A,4.0,4,2,0
2024-06-27,A,4.0,5,2,0
2024-06-27,A,4.0,6,2,0
2024-06-27,A,4.0,7,2,0
2024-06-27,A,4.0,8,2,0
2024-06-27,A,4.0,9,3,0
2024-06-27,A,4.0,10,4,0
2024-06-27,A,4.0,11,3,18
2024-06-27,A,4.0,12,3,27
2024-06-28,A,1.0,4,10,28
2024-06-28,A,1.0,5,7,78
2024-06-28,A,1.0,6,0,376
2024-06-28,A,1.0,7,0,376
2024-06-28,A,1.0,8,0,376
2024-06-28,A,1.0,9,0,376
2024-06-28,A,1.0,10,0,376
2024-06-28,A,1.0,11,0,376
2024-06-28,A,1.0,12,0,376
2024-06-28,A,1.5,4,7,14
2024-06-28,A,1.5,5,6,19
2024-06-28,A,1.5,6,5,27
2024-06-28,A,1.5,7,4,53
2024-06-28,A,1.5,8,4,69
2024-06-28,A,1.5,9,5,101
2024-06-28,A,1.5,10,0,376
2024-06-28,A,1.5,11,0,376
2024-06-28,A,1.5,12,0,376
2024-06-28,A,2.0,4,7,9
2024-06-28,A,2.0,5,5,17
2024-06-28,A,2.0,6,4,23
2024-06-28,A,2.0,7,5,25
2024-06-28,A,2.0,8,5,28
2024-06-28,A,2.0,9,5,33
2024-06-28,A,2.0,10,4,49
2024-06-28,A,2.0,11,4,60
2024-06-28,A,2.0,12,5,89
2024-06-28,A,2.5,4,7,5
2024-06-28,A,2.5,5,6,9
2024-06-28,A,2.5,6,4,20
2024-06-28,A,2.5,7,4,20
2024-06-28,A,2.5,8,4,20
2024-06-28,A,2.5,9,4,23
2024-06-28,A,2.5,10,4,23
2024-06-28,A,2.5,11,4,38
2024-06-28,A,2.5,12,4,39
2024-06-28,A,3.0,4,6,5
2024-06-28,A,3.0,5,5,9
2024-06-28,A,3.0,6,3,19
2024-06-28,A,3.0,7,3,19
2024-06-28,A,3.0,8,3,19
2024-06-28,A,3.0,9,3,19
2024-06-28,A,3.0,10,3,19
2024-06-28,A,3.0,11,3,23
2024-06-28,A,3.0,12,2,35
2024-06-28,A,3.5,4,5,4
2024-06-28,A,3.5,5,4,8
2024-06-28,A,3.5,6,4,8
2024-06-28,A,3.5,7,3,18
2024-06-28,A,3.5,8,3,18
2024-06-28,A,3.5,9,3,18
2024-06-28,A,3.5,10,3,18
2024-06-28,A,3.5,11,3,19
2024-06-28,A,3.5,12,3,20
2024-06-28,A,4.0,4,4,4
2024-06-28,A,4.0,5,4,4
2024-06-28,A,4.0,6,4,4
2024-06-28,A,4.0,7,3,12
2024-06-28,A,4.0,8,3,12
2024-06-28,A,4.0,9,3,15
2024-06-28,A,4.0,10,3,15
2024-06-28,A,4.0,11,3,15
2024-06-28,A,4.0,12,3,15
2024-07-08,A,1.0,4,10,30
2024-07-08,A,1.0,5,14,94
2024-07-08,A,1.0,6,0,402
2024-07-08,A,1.0,7,0,402
2024-07-08,A,1.0,8,0,402
2024-07-08,A,1.0,9,0,402
2024-07-08,A,1.0,10,0,402
2024-07-08,A,1.0,11,0,402
2024-07-08,A,1.0,12,0,402
2024-07-08,A,1.5,4,8,9
2024-07-08,A,1.5,5,7,24
2024-07-08,A,1.5,6,7,34
2024-07-08,A,1.5,7,6,59
2024-07-08,A,1.5,8,8,77
2024-07-08,A,1.5,9,8,133
2024-07-08,A,1.5,10,0,402
2024-07-08,A,1.5,11,0,402
2024-07-08,A,1.5,12,0,402
2024-07-08,A,2.0,4,4,5
2024-07-08,A,2.0,5,6,6
2024-07-08,A,2.0,6,5,21
2024-07-08,A,2.0,7,6,23
2024-07-08,A,2.0,8,6,36
2024-07-08,A,2.0,9,6,51
2024-07-08,A,2.0,10,5,70
2024-07-08,A,2.0,11,5,91
2024-07-08,A,2.0,12,7,128
2024-07-08,A,2.5,4,3,4
2024-07-08,A,2.5,5,4,4
2024-07-08,A,2.5,6,4,4
2024-07-08,A,2.5,7,5,10
2024-07-08,A,2.5,8,5,16
2024-07-08,A,2.5,9,5,19
2024-07-08,A,2.5,10,4,35
2024-07-08,A,2.5,11,4,37
2024-07-08,A,2.5,12,4,52
2024-07-08,A,3.0,4,3,3
2024-07-08,A,3.0,5,3,3
2024-07-08,A,3.0,6,4,3
2024-07-08,A,3.0,7,4,4
2024-07-08,A,3.0,8,4,4
2024-07-08,A,3.0,9,4,9
2024-07-08,A,3.0,10,3,21
2024-07-08,A,3.0,11,3,22
2024-07-08,A,3.0,12,3,35
2024-07-08,A,3.5,4,3,3
2024-07-08,A,3.5,5,3,3
2024-07-08,A,3.5,6,3,3
2024-07-08,A,3.5,7,3,3
2024-07-08,A,3.5,8,4,3
2024-07-08,A,3.5,9,4,4
2024-07-08,A,3.5,10,4,6
2024-07-08,A,3.5,11,3,18
2024-07-08,A,3.5,12,3,19
2024-07-08,A,4.0,4,3,2
2024-07-08,A,4.0,5,3,2
2024-07-08,A,4.0,6,3,2
2024-07-08,A,4.0,7,3,2
2024-07-08,A,4.0,8,3,2
2024-07-08,A,4.0,9,3,2
2024-07-08,A,4.0,10,4,2
2024-07-08,A,4.0,11,4,2
2024-07-08,A,4.0,12,3,14
2024-07-09,A,1.0,4,9,28
2024-07-09,A,1.0,5,21,95
2024-07-09,A,1.0,6,0,514
2024-07-09,A,1.0,7,0,514
2024-07-09,A,1.0,8,0,514
2024-07-09,A,1.0,9,0,514
2024-07-09,A,1.0,10,0,514
2024-07-09,A,1.0,11,0,514
2024-07-09,A,1.0,12,0,514
2024-07-09,A,1.5,4,8,8
2024-07-09,A,1.5,5,7,17
2024-07-09,A,1.5,6,6,31
2024-07-09,A,1.5,7,8,47
2024-07-09,A,1.5,8,12,77
2024-07-09,A,1.5,9,9,180
2024-07-09,A,1.5,10,0,514
2024-07-09,A,1.5,11,0,514
2024-07-09,A,1.5,12,0,514
2024-07-09,A,2.0,4,5,4
2024-07-09,A,2.0,5,7,7
2024-07-09,A,2.0,6,6,12
2024-07-09,A,2.0,7,5,22
2024-07-09,A,2.0,8,6,26
2024-07-09,A,2.0,9,7,45
2024-07-09,A,2.0,10,6,68
2024-07-09,A,2.0,11,7,110
2024-07-09,A,2.0,12,6,166
2024-07-09,A,2.5,4,3,1
2024-07-09,A,2.5,5,4,1
2024-07-09,A,2.5,6,4,6
2024-07-09,A,2.5,7,5,7
2024-07-09,A,2.5,8,5,13
2024-07-09,A,2.5,9,5,13
2024-07-09,A,2.5,10,4,27
2024-07-09,A,2.5,11,4,30
2024-07-09,A,2.5,12,5,46
2024-07-09,A,3.0,4,3,0
2024-07-09,A,3.0,5,3,0
2024-07-09,A,3.0,6,3,0
2024-07-09,A,3.0,7,3,1
2024-07-09,A,3.0,8,3,3
2024-07-09,A,3.0,9,4,8
2024-07-09,A,3.0,10,3,17
2024-07-09,A,3.0,11,3,17
2024-07-09,A,3.0,12,2,29
2024-07-09,A,3.5,4,3,0
2024-07-09,A,3.5,5,3,0
2024-07-09,A,3.5,6,3,0
2024-07-09,A,3.5,7,3,0
2024-07-09,A,3.5,8,3,0
2024-07-09,A,3.5,9,3,3
2024-07-09,A,3.5,10,3,12
2024-07-09,A,3.5,11,3,12
2024-07-09,A,3.5,12,3,15
2024-07-09,A,4.0,4,2,0
2024-07-09,A,4.0,5,2,0
2024-07-09,A,4.0,6,2,0
2024-07-09,A,4.0,7,3,0
2024-07-09,A,4.0,8,3,0
2024-07-09,A,4.0,9,3,0
2024-07-09,A,4.0,10,2,9
2024-07-09,A,4.0,11,2,9
2024-07-09,A,4.0,12,2,9
2024-07-10,A,1.0,4,8,16
2024-07-10,A,1.0,5,8,87
2024-07-10,A,1.0,6,0,631
2024-07-10,A,1.0,7,0,631
2024-07-10,A,1.0,8,0,631
2024-07-10,A,1.0,9,0,631
2024-07-10,A,1.0,10,0,631
2024-07-10,A,1.0,11,0,631
2024-07-10,A,1.0,12,0,631
2024-07-10,A,1.5,4,5,6
2024-07-10,A,1.5,5,5,11
2024-07-10,A,1.5,6,3,30
2024-07-10,A,1.5,7,5,48
2024-07-10,A,1.5,8,4,74
2024-07-10,A,1.5,9,6,131
2024-07-10,A,1.5,10,0,631
2024-07-10,A,1.5,11,0,631
2024-07-10,A,1.5,12,0,631
2024-07-10,A,2.0,4,2,3
2024-07-10,A,2.0,5,4,4
2024-07-10,A,2.0,6,5,5
2024-07-10,A,2.0,7,3,19
2024-07-10,A,2.0,8,3,27
2024-07-10,A,2.0,9,2,42
2024-07-10,A,2.0,10,3,56
2024-07-10,A,2.0,11,3,72
2024-07-10,A,2.0,12,4,102
2024-07-10,A,2.5,4,2,2
2024-07-10,A,2.5,5,2,2
2024-07-10,A,2.5,6,2,2
2024-07-10,A,2.5,7,4,2
2024-07-10,A,2.5,8,3,16
2024-07-10,A,2.5,9,3,16
2024-07-10,A,2.5,10,2,27
2024-07-10,A,2.5,11,2,28
2024-07-10,A,2.5,12,2,33
2024-07-10,A,3.0,4,2,2
2024-07-10,A,3.0,5,2,2
2024-07-10,A,3.0,6,2,2
2024-07-10,A,3.0,7,2,2
2024-07-10,A,3.0,8,2,4
2024-07-10,A,3.0,9,3,9
2024-07-10,A,3.0,10,2,22
2024-07-10,A,3.0,11,2,22
2024-07-10,A,3.0,12,2,22
2024-07-10,A,3.5,4,1,2
2024-07-10,A,3.5,5,1,2
2024-07-10,A,3.5,6,1,2
2024-07-10,A,3.5,7,1,2
2024-07-10,A,3.5,8,2,2
2024-07-10,A,3.5,9,2,2
2024-07-10,A,3.5,10,2,12
2024-07-10,A,3.5,11,2,12
2024-07-10,A,3.5,12,2,21
2024-07-10,A,4.0,4,1,2
2024-07-10,A,4.0,5,1,2
2024-07-10,A,4.0,6,1,2
2024-07-10,A,4.0,7,1,2
2024-07-10,A,4.0,8,1,2
2024-07-10,A,4.0,9,2,2
2024-07-10,A,4.0,10,2,2
2024-07-10,A,4.0,11,1,11
2024-07-10,A,4.0,12,1,12
2024-07-11,A,1.0,4,6,15
2024-07-11,A,1.0,5,5,74
2024-07-11,A,1.0,6,0,700
2024-07-11,A,1.0,7,0,700
2024-07-11,A,1.0,8,0,700
2024-07-11,A,1.0,9,0,700
2024-07-11,A,1.0,10,0,700
2024-07-11,A,1.0,11,0,700
2024-07-11,A,1.0,12,0,700
2024-07-11,A,1.5,4,4,7
2024-07-11,A,1.5,5,5,11
2024-07-11,A,1.5,6,6,15
2024-07-11,A,1.5,7,5,40
2024-07-11,A,1.5,8,4,56
2024-07-11,A,1.5,9,3,102
2024-07-11,A,1.5,10,0,700
2024-07-11,A,1.5,11,0,700
2024-07-11,A,1.5,12,0,700
2024-07-11,A,2.0,4,2,4
2024-07-11,A,2.0,5,2,5
2024-07-11,A,2.0,6,4,5
2024-07-11,A,2.0,7,4,6
2024-07-11,A,2.0,8,3,22
2024-07-11,A,2.0,9,2,33
2024-07-11,A,2.0,10,3,50
2024-07-11,A,2.0,11,3,57
2024-07-11,A,2.0,12,3,79
2024-07-11,A,2.5,4,2,2
2024-07-11,A,2.5,5,2,2
2024-07-11,A,2.5,6,2,2
2024-07-11,A,2.5,7,3,2
2024-07-11,A,2.5,8,4,3
2024-07-11,A,2.5,9,3,11
2024-07-11,A,2.5,10,2,23
2024-07-11,A,2.5,11,2,25
2024-07-11,A,2.5,12,2,28
2024-07-11,A,3.0,4,2,2
2024-07-11,A,3.0,5,2,2
2024-07-11,A,3.0,6,2,2
2024-07-11,A,3.0,7,2,2
2024-07-11,A,3.0,8,2,2
2024-07-11,A,3.0,9,3,4
2024-07-11,A,3.0,10,2,13
2024-07-11,A,3.0,11,2,17
2024-07-11,A,3.0,12,2,18
2024-07-11,A,3.5,4,1,2
2024-07-11,A,3.5,5,1,2
2024-07-11,A,3.5,6,1,2
2024-07-11,A,3.5,7,1,2
2024-07-11,A,3.5,8,1,2
2024-07-11,A,3.5,9,2,2
2024-07-11,A,3.5,10,2,11
2024-07-11,A,3.5,11,2,12
2024-07-11,A,3.5,12,2,12
2024-07-11,A,4.0,4,1,2
2024-07-11,A,4.0,5,1,2
2024-07-11,A,4.0,6,1,2
2024-07-11,A,4.0,7,1,2
2024-07-11,A,4.0,8,1,2
2024-07-11,A,4.0,9,1,2
2024-07-11,A,4.0,10,2,2
2024-07-11,A,4.0,11,1,11
2024-07-11,A,4.0,12,1,11
2024-07-12,A,1.0,4,5,7
2024-07-12,A,1.0,5,9,63
2024-07-12,A,1.0,6,0,720
2024-07-12,A,1.0,7,0,720
2024-07-12,A,1.0,8,0,720
2024-07-12,A,1.0,9,0,720
2024-07-12,A,1.0,10,0,720
2024-07-12,A,1.0,11,0,720
2024-07-12,A,1.0,12,0,720
2024-07-12,A,1.5,4,4,3
2024-07-12,A,1.5,5,4,5
2024-07-12,A,1.5,6,4,9
2024-07-12,A,1.5,7,3,31
2024-07-12,A,1.5,8,3,49
2024-07-12,A,1.5,9,2,107
2024-07-12,A,1.5,10,0,720
2024-07-12,A,1.5,11,0,720
2024-07-12,A,1.5,12,0,720
2024-07-12,A,2.0,4,2,3
2024-07-12,A,2.0,5,2,3
2024-07-12,A,2.0,6,3,3
2024-07-12,A,2.0,7,4,3
2024-07-12,A,2.0,8,4,7
2024-07-12,A,2.0,9,2,30
2024-07-12,A,2.0,10,1,43
2024-07-12,A,2.0,11,2,48
2024-07-12,A,2.0,12,2,78
2024-07-12,A,2.5,4,2,1
2024-07-12,A,2.5,5,2,1
2024-07-12,A,2.5,6,2,1
2024-07-12,A,2.5,7,3,1
2024-07-12,A,2.5,8,3,1
2024-07-12,A,2.5,9,4,1
2024-07-12,A,2.5,10,2,17
2024-07-12,A,2.5,11,2,20
2024-07-12,A,2.5,12,1,33
2024-07-12,A,3.0,4,2,1
2024-07-12,A,3.0,5,2,1
2024-07-12,A,3.0,6,2,1
2024-07-12,A,3.0,7,2,1
2024-07-12,A,3.0,8,2,1
2024-07-12,A,3.0,9,2,1
2024-07-12,A,3.0,10,2,12
2024-07-12,A,3.0,11,2,16
2024-07-12,A,3.0,12,2,16
2024-07-12,A,3.5,4,1,1
2024-07-12,A,3.5,5,1,1
2024-07-12,A,3.5,6,1,1
2024-07-12,A,3.5,7,1,1
2024-07-12,A,3.5,8,1,1
2024-07-12,A,3.5,9,2,1
2024-07-12,A,3.5,10,1,10
2024-07-12,A,3.5,11,2,10
2024-07-12,A,3.5,12,2,11
2024-07-12,A,4.0,4,1,0
2024-07-12,A,4.0,5,1,0
2024-07-12,A,4.0,6,1,0
2024-07-12,A,4.0,7,1,0
2024-07-12,A,4.0,8,1,0
2024-07-12,A,4.0,9,1,0
2024-07-12,A,4.0,10,1,0
2024-07-12,A,4.0,11,1,9
2024-07-12,A,4.0,12,1,9
2024-07-13,A,1.0,4,5,5
2024-07-13,A,1.0,5,7,44
2024-07-13,A,1.0,6,0,659
2024-07-13,A,1.0,7,0,659
2024-07-13,A,1.0,8,0,659
2024-07-13,A,1.0,9,0,659
2024-07-13,A,1.0,10,0,659
2024-07-13,A,1.0,11,0,659
2024-07-13,A,1.0,12,0,659
2024-07-13,A,1.5,4,3,3
2024-07-13,A,1.5,5,3,3
2024-07-13,A,1.5,6,3,12
2024-07-13,A,1.5,7,1,30
2024-07-13,A,1.5,8,2,37
2024-07-13,A,1.5,9,3,83
2024-07-13,A,1.5,10,0,659
2024-07-13,A,1.5,11,0,659
2024-07-13,A,1.5,12,0,659
2024-07-13,A,2.0,4,3,2
2024-07-13,A,2.0,5,3,2
2024-07-13,A,2.0,6,3,3
2024-07-13,A,2.0,7,2,9
2024-07-13,A,2.0,8,2,16
2024-07-13,A,2.0,9,1,26
2024-07-13,A,2.0,10,1,27
2024-07-13,A,2.0,11,2,39
2024-07-13,A,2.0,12,2,66
2024-07-13,A,2.5,4,2,1
2024-07-13,A,2.5,5,3,1
2024-07-13,A,2.5,6,3,1
2024-07-13,A,2.5,7,3,1
2024-07-13,A,2.5,8,2,9
2024-07-13,A,2.5,9,1,18
2024-07-13,A,2.5,10,1,22
2024-07-13,A,2.5,11,1,22
2024-07-13,A,2.5,12,1,24
2024-07-13,A,3.0,4,2,0
2024-07-13,A,3.0,5,2,0
2024-07-13,A,3.0,6,2,0
2024-07-13,A,3.0,7,3,0
2024-07-13,A,3.0,8,3,0
2024-07-13,A,3.0,9,1,15
2024-07-13,A,3.0,10,1,15
2024-07-13,A,3.0,11,1,18
2024-07-13,A,3.0,12,1,19
2024-07-13,A,3.5,4,2,0
2024-07-13,A,3.5,5,2,0
2024-07-13,A,3.5,6,2,0
2024-07-13,A,3.5,7,2,0
2024-07-13,A,3.5,8,3,0
2024-07-13,A,3.5,9,1,15
2024-07-13,A,3.5,10,1,15
2024-07-13,A,3.5,11,1,15
2024-07-13,A,3.5,12,1,15
2024-07-13,A,4.0,4,1,0
2024-07-13,A,4.0,5,1,0
2024-07-13,A,4.0,6,1,0
2024-07-13,A,4.0,7,2,0
2024-07-13,A,4.0,8,2,0
2024-07-13,A,4.0,9,2,1
2024-07-13,A,4.0,10,1,9
2024-07-13,A,4.0,11,1,14
2024-07-13,A,4.0,12,1,14
2024-07-14,A,1.0,4,6,12
2024-07-14,A,1.0,5,11,53
2024-07-14,A,1.0,6,0,610
2024-07-14,A,1.0,7,0,610
2024-07-14,A,1.0,8,0,610
2024-07-14,A,1.0,9,0,610
2024-07-14,A,1.0,10,0,610
2024-07-14,A,1.0,11,0,610
2024-07-14,A,1.0,12,0,610
2024-07-14,A,1.5,4,4,3
2024-07-14,A,1.5,5,4,6
2024-07-14,A,1.5,6,5,11
2024-07-14,A,1.5,7,3,30
2024-07-14,A,1.5,8,3,48
2024-07-14,A,1.5,9,5,85
2024-07-14,A,1.5,10,0,610
2024-07-14,A,1.5,11,0,610
2024-07-14,A,1.5,12,0,610
2024-07-14,A,2.0,4,2,3
2024-07-14,A,2.0,5,2,5
2024-07-14,A,2.0,6,3,6
2024-07-14,A,2.0,7,4,6
2024-07-14,A,2.0,8,4,13
2024-07-14,A,2.0,9,3,26
2024-07-14,A,2.0,10,3,34
2024-07-14,A,2.0,11,3,44
2024-07-14,A,2.0,12,3,72
2024-07-14,A,2.5,4,2,2
2024-07-14,A,2.5,5,2,2
2024-07-14,A,2.5,6,2,3
2024-07-14,A,2.5,7,2,3
2024-07-14,A,2.5,8,2,4
2024-07-14,A,2.5,9,1,14
2024-07-14,A,2.5,10,2,17
2024-07-14,A,2.5,11,3,19
2024-07-14,A,2.5,12,3,20
2024-07-14,A,3.0,4,2,2
2024-07-14,A,3.0,5,2,2
2024-07-14,A,3.0,6,2,2
2024-07-14,A,3.0,7,2,2
2024-07-14,A,3.0,8,2,2
2024-07-14,A,3.0,9,1,10
2024-07-14,A,3.0,10,1,12
2024-07-14,A,3.0,11,1,13
2024-07-14,A,3.0,12,2,14
2024-07-14,A,3.5,4,2,2
2024-07-14,A,3.5,5,2,2
2024-07-14,A,3.5,6,2,2
2024-07-14,A,3.5,7,2,2
2024-07-14,A,3.5,8,2,2
2024-07-14,A,3.5,9,1,10
2024-07-14,A,3.5,10,1,10
2024-07-14,A,3.5,11,1,11
2024-07-14,A,3.5,12,1,12
2024-07-14,A,4.0,4,1,1
2024-07-14,A,4.0,5,1,1
2024-07-14,A,4.0,6,1,1
2024-07-14,A,4.0,7,1,1
2024-07-14,A,4.0,8,1,1
2024-07-14,A,4.0,9,2,1
2024-07-14,A,4.0,10,1,9
2024-07-14,A,4.0,11,1,9
2024-07-14,A,4.0,12,1,9
2024-07-15,A,1.0,4,10,13
2024-07-15,A,1.0,5,14,67
2024-07-15,A,1.0,6,0,586
2024-07-15,A,1.0,7,0,586
2024-07-15,A,1.0,8,0,586
2024-07-15,A,1.0,9,0,586
2024-07-15,A,1.0,10,0,586
2024-07-15,A,1.0,11,0,586
2024-07-15,A,1.0,12,0,586
2024-07-15,A,1.5,4,5,0
2024-07-15,A,1.5,5,6,6
2024-07-15,A,1.5,6,6,9
2024-07-15,A,1.5,7,7,31
2024-07-15,A,1.5,8,5,61
2024-07-15,A,1.5,9,8,111
2024-07-15,A,1.5,10,0,586
2024-07-15,A,1.5,11,0,586
2024-07-15,A,1.5,12,0,586
2024-07-15,A,2.0,4,3,0
2024-07-15,A,2.0,5,3,5
2024-07-15,A,2.0,6,3,6
2024-07-15,A,2.0,7,5,6
2024-07-15,A,2.0,8,7,17
2024-07-15,A,2.0,9,5,37
2024-07-15,A,2.0,10,5,43
2024-07-15,A,2.0,11,5,59
2024-07-15,A,2.0,12,5,120
2024-07-15,A,2.5,4,3,0
2024-07-15,A,2.5,5,3,0
2024-07-15,A,2.5,6,3,2
2024-07-15,A,2.5,7,3,2
2024-07-15,A,2.5,8,3,4
2024-07-15,A,2.5,9,3,5
2024-07-15,A,2.5,10,5,14
2024-07-15,A,2.5,11,5,23
2024-07-15,A,2.5,12,5,28
2024-07-15,A,3.0,4,2,0
2024-07-15,A,3.0,5,2,0
2024-07-15,A,3.0,6,3,0
2024-07-15,A,3.0,7,3,0
2024-07-15,A,3.0,8,3,0
2024-07-15,A,3.0,9,3,0
2024-07-15,A,3.0,10,3,2
2024-07-15,A,3.0,11,4,7
2024-07-15,A,3.0,12,4,11
2024-07-15,A,3.5,4,1,0
2024-07-15,A,3.5,5,1,0
2024-07-15,A,3.5,6,1,0
2024-07-15,A,3.5,7,2,0
2024-07-15,A,3.5,8,2,0
2024-07-15,A,3.5,9,2,0
2024-07-15,A,3.5,10,2,0
2024-07-15,A,3.5,11,2,1
2024-07-15,A,3.5,12,2,2
2024-07-15,A,4.0,4,1,0
2024-07-15,A,4.0,5,1,0
2024-07-15,A,4.0,6,1,0
2024-07-15,A,4.0,7,1,0
2024-07-15,A,4.0,8,1,0
2024-07-15,A,4.0,9,1,0
2024-07-15,A,4.0,10,1,0
2024-07-15,A,4.0,11,1,0
2024-07-15,A,4.0,12,1,0
2024-07-16,A,1.0,4,9,10
2024-07-16,A,1.0,5,18,61
2024-07-16,A,1.0,6,0,561
2024-07-16,A,1.0,7,0,561
2024-07-16,A,1.0,8,0,561
2024-07-16,A,1.0,9,0,561
2024-07-16,A,1.0,10,0,561
2024-07-16,A,1.0,11,0,561
2024-07-16,A,1.0,12,0,561
2024-07-16,A,1.5,4,4,1
2024-07-16,A,1.5,5,5,2
2024-07-16,A,1.5,6,5,8
2024-07-16,A,1.5,7,5,29
2024-07-16,A,1.5,8,5,49
2024-07-16,A,1.5,9,8,125
2024-07-16,A,1.5,10,0,561
2024-07-16,A,1.5,11,0,561
2024-07-16,A,1.5,12,0,561
2024-07-16,A,2.0,4,3,0
2024-07-16,A,2.0,5,3,1
2024-07-16,A,2.0,6,4,3
2024-07-16,A,2.0,7,6,4
2024-07-16,A,2.0,8,6,14
2024-07-16,A,2.0,9,5,26
2024-07-16,A,2.0,10,5,37
2024-07-16,A,2.0,11,6,56
2024-07-16,A,2.0,12,5,139
2024-07-16,A,2.5,4,2,0
2024-07-16,A,2.5,5,2,0
2024-07-16,A,2.5,6,2,0
2024-07-16,A,2.5,7,3,0
2024-07-16,A,2.5,8,3,0
2024-07-16,A,2.5,9,3,1
2024-07-16,A,2.5,10,5,10
2024-07-16,A,2.5,11,5,15
2024-07-16,A,2.5,12,5,19
2024-07-16,A,3.0,4,2,0
2024-07-16,A,3.0,5,2,0
2024-07-16,A,3.0,6,2,0
2024-07-16,A,3.0,7,2,0
2024-07-16,A,3.0,8,2,0
2024-07-16,A,3.0,9,2,0
2024-07-16,A,3.0,10,2,0
2024-07-16,A,3.0,11,3,0
2024-07-16,A,3.0,12,5,7
2024-07-16,A,3.5,4,2,0
2024-07-16,A,3.5,5,2,0
2024-07-16,A,3.5,6,2,0
2024-07-16,A,3.5,7,2,0
2024-07-16,A,3.5,8,2,0
2024-07-16,A,3.5,9,2,0
2024-07-16,A,3.5,10,2,0
2024-07-16,A,3.5,11,2,0
2024-07-16,A,3.5,12,2,0
2024-07-16,A,4.0,4,2,0
2024-07-16,A,4.0,5,2,0
2024-07-16,A,4.0,6,2,0
2024-07-16,A,4.0,7,2,0
2024-07-16,A,4.0,8,2,0
2024-07-16,A,4.0,9,2,0
2024-07-16,A,4.0,10,2,0
2024-07-16,A,4.0,11,2,0
2024-07-16,A,4.0,12,2,0
2024-07-17,A,1.0,4,13,10
2024-07-17,A,1.0,5,25,79
2024-07-17,A,1.0,6,0,580
2024-07-17,A,1.0,7,0,580
2024-07-17,A,1.0,8,0,580
2024-07-17,A,1.0,9,0,580
2024-07-17,A,1.0,10,0,580
2024-07-17,A,1.0,11,0,580
2024-07-17,A,1.0,12,0,580
2024-07-17,A,1.5,4,4,1
2024-07-17,A,1.5,5,7,1
2024-07-17,A,1.5,6,6,13
2024-07-17,A,1.5,7,7,25
2024-07-17,A,1.5,8,7,82
2024-07-17,A,1.5,9,8,176
2024-07-17,A,1.5,10,0,580
2024-07-17,A,1.5,11,0,580
2024-07-17,A,1.5,12,0,580
2024-07-17,A,2.0,4,3,0
2024-07-17,A,2.0,5,4,0
2024-07-17,A,2.0,6,3,5
2024-07-17,A,2.0,7,6,6
2024-07-17,A,2.0,8,7,17
2024-07-17,A,2.0,9,6,38
2024-07-17,A,2.0,10,5,63
2024-07-17,A,2.0,11,5,93
2024-07-17,A,2.0,12,7,160
2024-07-17,A,2.5,4,3,0
2024-07-17,A,2.5,5,3,0
2024-07-17,A,2.5,6,3,0
2024-07-17,A,2.5,7,3,1
2024-07-17,A,2.5,8,3,3
2024-07-17,A,2.5,9,4,3
2024-07-17,A,2.5,10,6,5
2024-07-17,A,2.5,11,5,21
2024-07-17,A,2.5,12,5,32
2024-07-17,A,3.0,4,3,0
2024-07-17,A,3.0,5,3,0
2024-07-17,A,3.0,6,3,0
2024-07-17,A,3.0,7,3,0
2024-07-17,A,3.0,8,3,0
2024-07-17,A,3.0,9,3,0
2024-07-17,A,3.0,10,3,0
2024-07-17,A,3.0,11,3,0
2024-07-17,A,3.0,12,3,4
2024-07-17,A,3.5,4,3,0
2024-07-17,A,3.5,5,3,0
2024-07-17,A,3.5,6,3,0
2024-07-17,A,3.5,7,3,0
2024-07-17,A,3.5,8,3,0
2024-07-17,A,3.5,9,3,0
2024-07-17,A,3.5,10,3,0
2024-07-17,A,3.5,11,3,0
2024-07-17,A,3.5,12,3,0
2024-07-17,A,4.0,4,3,0
2024-07-17,A,4.0,5,3,0
2024-07-17,A,4.0,6,3,0
2024-07-17,A,4.0,7,3,0
2024-07-17,A,4.0,8,3,0
2024-07-17,A,4.0,9,3,0
2024-07-17,A,4.0,10,3,0
2024-07-17,A,4.0,11,3,0
2024-07-17,A,4.0,12,3,0
2024-07-18,A,1.0,4,10,24
2024-07-18,A,1.0,5,18,75
2024-07-18,A,1.0,6,0,600
2024-07-18,A,1.0,7,0,600
2024-07-18,A,1.0,8,0,600
2024-07-18,A,1.0,9,0,600
2024-07-18,A,1.0,10,0,600
2024-07-18,A,1.0,11,0,600
2024-07-18,A,1.0,12,0,600
2024-07-18,A,1.5,4,6,4
2024-07-18,A,1.5,5,6,5
2024-07-18,A,1.5,6,6,13
2024-07-18,A,1.5,7,7,36
2024-07-18,A,1.5,8,6,92
2024-07-18,A,1.5,9,10,153
2024-07-18,A,1.5,10,0,600
2024-07-18,A,1.5,11,0,600
2024-07-18,A,1.5,12,0,600
2024-07-18,A,2.0,4,4,2
2024-07-18,A,2.0,5,5,2
2024-07-18,A,2.0,6,4,7
2024-07-18,A,2.0,7,5,9
2024-07-18,A,2.0,8,6,23
2024-07-18,A,2.0,9,5,42
2024-07-18,A,2.0,10,5,72
2024-07-18,A,2.0,11,6,91
2024-07-18,A,2.0,12,8,147
2024-07-18,A,2.5,4,3,1
2024-07-18,A,2.5,5,3,1
2024-07-18,A,2.5,6,3,1
2024-07-18,A,2.5,7,4,3
2024-07-18,A,2.5,8,4,3
2024-07-18,A,2.5,9,4,5
2024-07-18,A,2.5,10,5,13
2024-07-18,A,2.5,11,4,30
2024-07-18,A,2.5,12,4,34
2024-07-18,A,3.0,4,2,0
2024-07-18,A,3.0,5,2,0
2024-07-18,A,3.0,6,2,0
2024-07-18,A,3.0,7,2,0
2024-07-18,A,3.0,8,2,0
2024-07-18,A,3.0,9,2,0
2024-07-18,A,3.0,10,3,1
2024-07-18,A,3.0,11,3,1
2024-07-18,A,3.0,12,3,6
2024-07-18,A,3.5,4,2,0
2024-07-18,A,3.5,5,2,0
2024-07-18,A,3.5,6,2,0
2024-07-18,A,3.5,7,2,0
2024-07-18,A,3.5,8,2,0
2024-07-18,A,3.5,9,2,0
2024-07-18,A,3.5,10,2,0
2024-07-18,A,3.5,11,2,0
2024-07-18,A,3.5,12,3,1
2024-07-18,A,4.0,4,2,0
2024-07-18,A,4.0,5,2,0
2024-07-18,A,4.0,6,2,0
2024-07-18,A,4.0,7,2,0
2024-07-18,A,4.0,8,2,0
2024-07-18,A,4.0,9,2,0
2024-07-18,A,4.0,10,2,0
2024-07-18,A,4.0,11,2,0
2024-07-18,A,4.0,12,2,0
2024-07-19,A,1.0,4,10,18
2024-07-19,A,1.0,5,15,81
2024-07-19,A,1.0,6,0,612
2024-07-19,A,1.0,7,0,612
2024-07-19,A,1.0,8,0,612
2024-07-19,A,1.0,9,0,612
2024-07-19,A,1.0,10,0,612
2024-07-19,A,1.0,11,0,612
2024-07-19,A,1.0,12,0,612
2024-07-19,A,1.5,4,5,1
2024-07-19,A,1.5,5,4,6
2024-07-19,A,1.5,6,5,15
2024-07-19,A,1.5,7,6,47
2024-07-19,A,1.5,8,6,87
2024-07-19,A,1.5,9,9,134
2024-07-19,A,1.5,10,0,612
2024-07-19,A,1.5,11,0,612
2024-07-19,A,1.5,12,0,612
2024-07-19,A,2.0,4,4,0
2024-07-19,A,2.0,5,3,4
2024-07-19,A,2.0,6,4,5
2024-07-19,A,2.0,7,4,9
2024-07-19,A,2.0,8,4,28
2024-07-19,A,2.0,9,4,46
2024-07-19,A,2.0,10,4,69
2024-07-19,A,2.0,11,5,90
2024-07-19,A,2.0,12,6,133
2024-07-19,A,2.5,4,2,0
2024-07-19,A,2.5,5,2,0
2024-07-19,A,2.5,6,3,3
2024-07-19,A,2.5,7,3,3
2024-07-19,A,2.5,8,3,3
2024-07-19,A,2.5,9,4,5
2024-07-19,A,2.5,10,4,13
2024-07-19,A,2.5,11,3,33
2024-07-19,A,2.5,12,3,39
2024-07-19,A,3.0,4,2,0
2024-07-19,A,3.0,5,2,0
2024-07-19,A,3.0,6,2,0
2024-07-19,A,3.0,7,2,0
2024-07-19,A,3.0,8,3,2
2024-07-19,A,3.0,9,3,2
2024-07-19,A,3.0,10,3,3
2024-07-19,A,3.0,11,3,6
2024-07-19,A,3.0,12,2,21
2024-07-19,A,3.5,4,2,0
2024-07-19,A,3.5,5,2,0
2024-07-19,A,3.5,6,2,0
2024-07-19,A,3.5,7,2,0
2024-07-19,A,3.5,8,2,0
2024-07-19,A,3.5,9,2,0
2024-07-19,A,3.5,10,3,0
2024-07-19,A,3.5,11,3,1
2024-07-19,A,3.5,12,3,1
2024-07-19,A,4.0,4,2,0
2024-07-19,A,4.0,5,2,0
2024-07-19,A,4.0,6,2,0
2024-07-19,A,4.0,7,2,0
2024-07-19,A,4.0,8,2,0
2024-07-19,A,4.0,9,2,0
2024-07-19,A,4.0,10,2,0
2024-07-19,A,4.0,11,2,0
2024-07-19,A,4.0,12,2,0
2024-07-20,A,1.0,4,8,14
2024-07-20,A,1.0,5,10,67
2024-07-20,A,1.0,6,0,591
2024-07-20,A,1.0,7,0,591
2024-07-20,A,1.0,8,0,591
2024-07-20,A,1.0,9,0,591
2024-07-20,A,1.0,10,0,591
2024-07-20,A,1.0,11,0,591
2024-07-20,A,1.0,12,0,591
2024-07-20,A,1.5,4,6,2
2024-07-20,A,1.5,5,5,6
2024-07-20,A,1.5,6,5,14
2024-07-20,A,1.5,7,6,37
2024-07-20,A,1.5,8,6,63
2024-07-20,A,1.5,9,7,111
2024-07-20,A,1.5,10,0,591
2024-07-20,A,1.5,11,0,591
2024-07-20,A,1.5,12,0,591
2024-07-20,A,2.0,4,3,0
2024-07-20,A,2.0,5,4,0
2024-07-20,A,2.0,6,4,7
2024-07-20,A,2.0,7,4,16
2024-07-20,A,2.0,8,4,18
2024-07-20,A,2.0,9,5,31
2024-07-20,A,2.0,10,5,48
2024-07-20,A,2.0,11,4,80
2024-07-20,A,2.0,12,5,99
2024-07-20,A,2.5,4,2,0
2024-07-20,A,2.5,5,2,0
2024-07-20,A,2.5,6,2,0
2024-07-20,A,2.5,7,4,2
2024-07-20,A,2.5,8,3,13
2024-07-20,A,2.5,9,3,13
2024-07-20,A,2.5,10,3,23
2024-07-20,A,2.5,11,3,25
2024-07-20,A,2.5,12,3,33
2024-07-20,A,3.0,4,2,0
2024-07-20,A,3.0,5,2,0
2024-07-20,A,3.0,6,2,0
2024-07-20,A,3.0,7,2,0
2024-07-20,A,3.0,8,3,0
2024-07-20,A,3.0,9,4,0
2024-07-20,A,3.0,10,3,10
2024-07-20,A,3.0,11,2,21
2024-07-20,A,3.0,12,2,22
2024-07-20,A,3.5,4,2,0
2024-07-20,A,3.5,5,2,0
2024-07-20,A,3.5,6,2,0
2024-07-20,A,3.5,7,2,0
2024-07-20,A,3.5,8,2,0
2024-07-20,A,3.5,9,2,0
2024-07-20,A,3.5,10,3,0
2024-07-20,A,3.5,11,3,7
2024-07-20,A,3.5,12,2,18
2024-07-20,A,4.0,4,2,0
2024-07-20,A,4.0,5,2,0
2024-07-20,A,4.0,6,2,0
2024-07-20,A,4.0,7,2,0
2024-07-20,A,4.0,8,2,0
2024-07-20,A,4.0,9,2,0
2024-07-20,A,4.0,10,2,0
2024-07-20,A,4.0,11,3,0
2024-07-20,A,4.0,12,2,9
2024-07-21,A,1.0,4,5,14
2024-07-21,A,1.0,5,8,59
2024-07-21,A,1.0,6,0,665
2024-07-21,A,1.0,7,0,665
2024-07-21,A,1.0,8,0,665
2024-07-21,A,1.0,9,0,665
2024-07-21,A,1.0,10,0,665
2024-07-21,A,1.0,11,0,665
2024-07-21,A,1.0,12,0,665
2024-07-21,A,1.5,4,3,7
2024-07-21,A,1.5,5,3,8
2024-07-21,A,1.5,6,2,16
2024-07-21,A,1.5,7,4,31
2024-07-21,A,1.5,8,3,53
2024-07-21,A,1.5,9,7,81
2024-07-21,A,1.5,10,0,665
2024-07-21,A,1.5,11,0,665
2024-07-21,A,1.5,12,0,665
2024-07-21,A,2.0,4,1,5
2024-07-21,A,2.0,5,1,5
2024-07-21,A,2.0,6,2,10
2024-07-21,A,2.0,7,2,11
2024-07-21,A,2.0,8,3,12
2024-07-21,A,2.0,9,2,26
2024-07-21,A,2.0,10,2,38
2024-07-21,A,2.0,11,3,55
2024-07-21,A,2.0,12,4,68
2024-07-21,A,2.5,4,1,2
2024-07-21,A,2.5,5,1,3
2024-07-21,A,2.5,6,1,3
2024-07-21,A,2.5,7,1,8
2024-07-21,A,2.5,8,1,10
2024-07-21,A,2.5,9,2,10
2024-07-21,A,2.5,10,1,19
2024-07-21,A,2.5,11,1,20
2024-07-21,A,2.5,12,2,22
2024-07-21,A,3.0,4,1,2
2024-07-21,A,3.0,5,1,2
2024-07-21,A,3.0,6,1,2
2024-07-21,A,3.0,7,1,3
2024-07-21,A,3.0,8,1,7
2024-07-21,A,3.0,9,1,7
2024-07-21,A,3.0,10,1,9
2024-07-21,A,3.0,11,1,15
2024-07-21,A,3.0,12,1,15
2024-07-21,A,3.5,4,1,2
2024-07-21,A,3.5,5,1,2
2024-07-21,A,3.5,6,1,2
2024-07-21,A,3.5,7,1,2
2024-07-21,A,3.5,8,1,4
2024-07-21,A,3.5,9,1,4
2024-07-21,A,3.5,10,1,6
2024-07-21,A,3.5,11,1,6
2024-07-21,A,3.5,12,1,12
2024-07-21,A,4.0,4,1,2
2024-07-21,A,4.0,5,1,2
2024-07-21,A,4.0,6,1,2
2024-07-21,A,4.0,7,1,2
2024-07-21,A,4.0,8,1,2
2024-07-21,A,4.0,9,1,3
2024-07-21,A,4.0,10,1,4
2024-07-21,A,4.0,11,1,6
2024-07-21,A,4.0,12,1,6
2024-07-22,A,1.0,4,8,21
2024-07-22,A,1.0,5,11,76
2024-07-22,A,1.0,6,0,670
2024-07-22,A,1.0,7,0,670
2024-07-22,A,1.0,8,0,670
2024-07-22,A,1.0,9,0,670
2024-07-22,A,1.0,10,0,670
2024-07-22,A,1.0,11,0,670
2024-07-22,A,1.0,12,0,670
2024-07-22,A,1.5,4,5,11
2024-07-22,A,1.5,5,3,20
2024-07-22,A,1.5,6,5,23
2024-07-22,A,1.5,7,5,42
2024-07-22,A,1.5,8,5,57
2024-07-22,A,1.5,9,9,93
2024-07-22,A,1.5,10,0,670
2024-07-22,A,1.5,11,0,670
2024-07-22,A,1.5,12,0,670
2024-07-22,A,2.0,4,4,6
2024-07-22,A,2.0,5,4,8
2024-07-22,A,2.0,6,3,18
2024-07-22,A,2.0,7,3,18
2024-07-22,A,2.0,8,3,20
2024-07-22,A,2.0,9,4,33
2024-07-22,A,2.0,10,5,45
2024-07-22,A,2.0,11,5,66
2024-07-22,A,2.0,12,6,85
2024-07-22,A,2.5,4,3,5
2024-07-22,A,2.5,5,3,5
2024-07-22,A,2.5,6,3,9
2024-07-22,A,2.5,7,2,15
2024-07-22,A,2.5,8,2,17
2024-07-22,A,2.5,9,2,17
2024-07-22,A,2.5,10,1,26
2024-07-22,A,2.5,11,1,29
2024-07-22,A,2.5,12,2,30
2024-07-22,A,3.0,4,2,3
2024-07-22,A,3.0,5,2,3
2024-07-22,A,3.0,6,2,5
2024-07-22,A,3.0,7,1,14
2024-07-22,A,3.0,8,1,14
2024-07-22,A,3.0,9,1,14
2024-07-22,A,3.0,10,1,17
2024-07-22,A,3.0,11,1,23
2024-07-22,A,3.0,12,1,24
2024-07-22,A,3.5,4,2,3
2024-07-22,A,3.5,5,2,3
2024-07-22,A,3.5,6,2,3
2024-07-22,A,3.5,7,2,5
2024-07-22,A,3.5,8,1,12
2024-07-22,A,3.5,9,1,13
2024-07-22,A,3.5,10,1,13
2024-07-22,A,3.5,11,1,13
2024-07-22,A,3.5,12,1,15
2024-07-22,A,4.0,4,2,3
2024-07-22,A,4.0,5,2,3
2024-07-22,A,4.0,6,2,3
2024-07-22,A,4.0,7,2,3
2024-07-22,A,4.0,8,1,11
2024-07-22,A,4.0,9,1,12
2024-07-22,A,4.0,10,1,13
2024-07-22,A,4.0,11,1,13
2024-07-22,A,4.0,12,1,13
2024-07-23,A,1.0,4,9,25
2024-07-23,A,1.0,5,9,102
2024-07-23,A,1.0,6,0,659
2024-07-23,A,1.0,7,0,659
2024-07-23,A,1.0,8,0,659
2024-07-23,A,1.0,9,0,659
2024-07-23,A,1.0,10,0,659
2024-07-23,A,1.0,11,0,659
2024-07-23,A,1.0,12,0,659
2024-07-23,A,1.5,4,4,14
2024-07-23,A,1.5,5,4,16
2024-07-23,A,1.5,6,5,28
2024-07-23,A,1.5,7,6,55
2024-07-23,A,1.5,8,6,80
2024-07-23,A,1.5,9,10,116
2024-07-23,A,1.5,10,0,659
2024-07-23,A,1.5,11,0,659
2024-07-23,A,1.5,12,0,659
2024-07-23,A,2.0,4,4,11
2024-07-23,A,2.0,5,4,11
2024-07-23,A,2.0,6,4,14
2024-07-23,A,2.0,7,3,22
2024-07-23,A,2.0,8,3,29
2024-07-23,A,2.0,9,4,55
2024-07-23,A,2.0,10,5,64
2024-07-23,A,2.0,11,6,77
2024-07-23,A,2.0,12,8,125
2024-07-23,A,2.5,4,3,9
2024-07-23,A,2.5,5,3,9
2024-07-23,A,2.5,6,3,9
2024-07-23,A,2.5,7,3,11
2024-07-23,A,2.5,8,2,19
2024-07-23,A,2.5,9,2,19
2024-07-23,A,2.5,10,1,31
2024-07-23,A,2.5,11,2,34
2024-07-23,A,2.5,12,3,47
2024-07-23,A,3.0,4,3,3
2024-07-23,A,3.0,5,2,8
2024-07-23,A,3.0,6,2,8
2024-07-23,A,3.0,7,2,8
2024-07-23,A,3.0,8,1,17
2024-07-23,A,3.0,9,1,18
2024-07-23,A,3.0,10,1,18
2024-07-23,A,3.0,11,1,26
2024-07-23,A,3.0,12,1,28
2024-07-23,A,3.5,4,2,1
2024-07-23,A,3.5,5,2,2
2024-07-23,A,3.5,6,1,7
2024-07-23,A,3.5,7,1,7
2024-07-23,A,3.5,8,2,7
2024-07-23,A,3.5,9,1,15
2024-07-23,A,3.5,10,1,16
2024-07-23,A,3.5,11,1,17
2024-07-23,A,3.5,12,1,17
2024-07-23,A,4.0,4,2,1
2024-07-23,A,4.0,5,2,1
2024-07-23,A,4.0,6,1,6
2024-07-23,A,4.0,7,1,6
2024-07-23,A,4.0,8,1,6
2024-07-23,A,4.0,9,1,6
2024-07-23,A,4.0,10,1,8
2024-07-23,A,4.0,11,1,14
2024-07-23,A,4.0,12,1,14
2024-07-24,A,1.0,4,11,25
2024-07-24,A,1.0,5,18,91
2024-07-24,A,1.0,6,0,615
2024-07-24,A,1.0,7,0,615
2024-07-24,A,1.0,8,0,615
2024-07-24,A,1.0,9,0,615
2024-07-24,A,1.0,10,0,615
2024-07-24,A,1.0,11,0,615
2024-07-24,A,1.0,12,0,615
2024-07-24,A,1.5,4,4,13
2024-07-24,A,1.5,5,5,19
2024-07-24,A,1.5,6,6,24
2024-07-24,A,1.5,7,5,48
2024-07-24,A,1.5,8,6,87
2024-07-24,A,1.5,9,10,147
2024-07-24,A,1.5,10,0,615
2024-07-24,A,1.5,11,0,615
2024-07-24,A,1.5,12,0,615
2024-07-24,A,2.0,4,3,10
2024-07-24,A,2.0,5,3,10
2024-07-24,A,2.0,6,4,11
2024-07-24,A,2.0,7,5,16
2024-07-24,A,2.0,8,5,22
2024-07-24,A,2.0,9,5,49
2024-07-24,A,2.0,10,4,66
2024-07-24,A,2.0,11,8,88
2024-07-24,A,2.0,12,8,151
2024-07-24,A,2.5,4,2,6
2024-07-24,A,2.5,5,2,6
2024-07-24,A,2.5,6,2,6
2024-07-24,A,2.5,7,3,7
2024-07-24,A,2.5,8,3,7
2024-07-24,A,2.5,9,3,9
2024-07-24,A,2.5,10,3,18
2024-07-24,A,2.5,11,3,29
2024-07-24,A,2.5,12,3,33
2024-07-24,A,3.0,4,1,4
2024-07-24,A,3.0,5,1,5
2024-07-24,A,3.0,6,1,5
2024-07-24,A,3.0,7,1,5
2024-07-24,A,3.0,8,1,5
2024-07-24,A,3.0,9,1,6
2024-07-24,A,3.0,10,1,6
2024-07-24,A,3.0,11,1,13
2024-07-24,A,3.0,12,1,14
2024-07-24,A,3.5,4,1,3
2024-07-24,A,3.5,5,1,4
2024-07-24,A,3.5,6,1,4
2024-07-24,A,3.5,7,1,4
2024-07-24,A,3.5,8,1,4
2024-07-24,A,3.5,9,1,4
2024-07-24,A,3.5,10,1,4
2024-07-24,A,3.5,11,1,4
2024-07-24,A,3.5,12,1,5
2024-07-24,A,4.0,4,1,2
2024-07-24,A,4.0,5,1,3
2024-07-24,A,4.0,6,1,3
2024-07-24,A,4.0,7,1,3
2024-07-24,A,4.0,8,1,3
2024-07-24,A,4.0,9,1,3
2024-07-24,A,4.0,10,1,3
2024-07-24,A,4.0,11,1,3
2024-07-24,A,4.0,12,1,3
2024-07-25,A,1.0,4,7,22
2024-07-25,A,1.0,5,12,77
2024-07-25,A,1.0,6,0,567
2024-07-25,A,1.0,7,0,567
2024-07-25,A,1.0,8,0,567
2024-07-25,A,1.0,9,0,567
2024-07-25,A,1.0,10,0,567
2024-07-25,A,1.0,11,0,567
2024-07-25,A,1.0,12,0,567
2024-07-25,A,1.5,4,5,7
2024-07-25,A,1.5,5,5,16
2024-07-25,A,1.5,6,4,25
2024-07-25,A,1.5,7,5,36
2024-07-25,A,1.5,8,6,61
2024-07-25,A,1.5,9,7,110
2024-07-25,A,1.5,10,0,567
2024-07-25,A,1.5,11,0,567
2024-07-25,A,1.5,12,0,567
2024-07-25,A,2.0,4,5,5
2024-07-25,A,2.0,5,5,5
2024-07-25,A,2.0,6,5,10
2024-07-25,A,2.0,7,4,18
2024-07-25,A,2.0,8,4,20
2024-07-25,A,2.0,9,5,32
2024-07-25,A,2.0,10,5,48
2024-07-25,A,2.0,11,5,85
2024-07-25,A,2.0,12,6,108
2024-07-25,A,2.5,4,3,2
2024-07-25,A,2.5,5,3,3
2024-07-25,A,2.5,6,3,4
2024-07-25,A,2.5,7,4,4
2024-07-25,A,2.5,8,5,4
2024-07-25,A,2.5,9,4,12
2024-07-25,A,2.5,10,3,21
2024-07-25,A,2.5,11,3,23
2024-07-25,A,2.5,12,3,25
2024-07-25,A,3.0,4,2,0
2024-07-25,A,3.0,5,2,0
2024-07-25,A,3.0,6,2,0
2024-07-25,A,3.0,7,2,2
2024-07-25,A,3.0,8,2,2
2024-07-25,A,3.0,9,2,3
2024-07-25,A,3.0,10,3,3
2024-07-25,A,3.0,11,2,13
2024-07-25,A,3.0,12,3,15
2024-07-25,A,3.5,4,2,0
2024-07-25,A,3.5,5,2,0
2024-07-25,A,3.5,6,2,0
2024-07-25,A,3.5,7,2,1
2024-07-25,A,3.5,8,2,2
2024-07-25,A,3.5,9,2,2
2024-07-25,A,3.5,10,2,2
2024-07-25,A,3.5,11,2,2
2024-07-25,A,3.5,12,2,2
2024-07-25,A,4.0,4,2,0
2024-07-25,A,4.0,5,2,0
2024-07-25,A,4.0,6,2,0
2024-07-25,A,4.0,7,2,0
2024-07-25,A,4.0,8,2,0
2024-07-25,A,4.0,9,2,0
2024-07-25,A,4.0,10,2,1
2024-07-25,A,4.0,11,2,1
2024-07-25,A,4.0,12,2,1
2024-07-26,A,1.0,4,9,23
2024-07-26,A,1.0,5,15,74
2024-07-26,A,1.0,6,0,517
2024-07-26,A,1.0,7,0,517
2024-07-26,A,1.0,8,0,517
2024-07-26,A,1.0,9,0,517
2024-07-26,A,1.0,10,0,517
2024-07-26,A,1.0,11,0,517
2024-07-26,A,1.0,12,0,517
2024-07-26,A,1.5,4,7,8
2024-07-26,A,1.5,5,7,15
2024-07-26,A,1.5,6,7,19
2024-07-26,A,1.5,7,5,39
2024-07-26,A,1.5,8,5,72
2024-07-26,A,1.5,9,7,124
2024-07-26,A,1.5,10,0,517
2024-07-26,A,1.5,11,0,517
2024-07-26,A,1.5,12,0,517
2024-07-26,A,2.0,4,7,7
2024-07-26,A,2.0,5,7,7
2024-07-26,A,2.0,6,7,13
2024-07-26,A,2.0,7,6,20
2024-07-26,A,2.0,8,6,25
2024-07-26,A,2.0,9,5,39
2024-07-26,A,2.0,10,5,56
2024-07-26,A,2.0,11,5,83
2024-07-26,A,2.0,12,7,110
2024-07-26,A,2.5,4,4,0
2024-07-26,A,2.5,5,4,4
2024-07-26,A,2.5,6,6,5
2024-07-26,A,2.5,7,7,5
2024-07-26,A,2.5,8,6,12
2024-07-26,A,2.5,9,6,16
2024-07-26,A,2.5,10,5,26
2024-07-26,A,2.5,11,5,26
2024-07-26,A,2.5,12,5,30
2024-07-26,A,3.0,4,3,0
2024-07-26,A,3.0,5,3,0
2024-07-26,A,3.0,6,3,0
2024-07-26,A,3.0,7,3,2
2024-07-26,A,3.0,8,4,3
2024-07-26,A,3.0,9,4,9
2024-07-26,A,3.0,10,4,9
2024-07-26,A,3.0,11,5,17
2024-07-26,A,3.0,12,5,19
2024-07-26,A,3.5,4,3,0
2024-07-26,A,3.5,5,3,0
2024-07-26,A,3.5,6,3,0
2024-07-26,A,3.5,7,3,0
2024-07-26,A,3.5,8,3,1
2024-07-26,A,3.5,9,4,1
2024-07-26,A,3.5,10,4,1
2024-07-26,A,3.5,11,4,7
2024-07-26,A,3.5,12,4,7
2024-07-26,A,4.0,4,3,0
2024-07-26,A,4.0,5,3,0
2024-07-26,A,4.0,6,3,0
2024-07-26,A,4.0,7,3,0
2024-07-26,A,4.0,8,3,0
2024-07-26,A,4.0,9,3,0
2024-07-26,A,4.0,10,3,0
2024-07-26,A,4.0,11,3,0
2024-07-26,A,4.0,12,4,0
2024-07-27,A,1.0,4,8,22
2024-07-27,A,1.0,5,10,71
2024-07-27,A,1.0,6,0,502
2024-07-27,A,1.0,7,0,502
2024-07-27,A,1.0,8,0,502
2024-07-27,A,1.0,9,0,502
2024-07-27,A,1.0,10,0,502
2024-07-27,A,1.0,11,0,502
2024-07-27,A,1.0,12,0,502
2024-07-27,A,1.5,4,7,10
2024-07-27,A,1.5,5,7,12
2024-07-27,A,1.5,6,6,22
2024-07-27,A,1.5,7,5,41
2024-07-27,A,1.5,8,4,72
2024-07-27,A,1.5,9,5,106
2024-07-27,A,1.5,10,0,502
2024-07-27,A,1.5,11,0,502
2024-07-27,A,1.5,12,0,502
2024-07-27,A,2.0,4,7,8
2024-07-27,A,2.0,5,7,8
2024-07-27,A,2.0,6,6,18
2024-07-27,A,2.0,7,6,20
2024-07-27,A,2.0,8,6,23
2024-07-27,A,2.0,9,4,51
2024-07-27,A,2.0,10,3,71
2024-07-27,A,2.0,11,3,74
2024-07-27,A,2.0,12,6,93
2024-07-27,A,2.5,4,6,4
2024-07-27,A,2.5,5,7,4
2024-07-27,A,2.5,6,6,10
2024-07-27,A,2.5,7,6,11
2024-07-27,A,2.5,8,6,11
2024-07-27,A,2.5,9,6,16
2024-07-27,A,2.5,10,4,36
2024-07-27,A,2.5,11,4,38
2024-07-27,A,2.5,12,3,55
2024-07-27,A,3.0,4,4,0
2024-07-27,A,3.0,5,4,2
2024-07-27,A,3.0,6,5,3
2024-07-27,A,3.0,7,4,9
2024-07-27,A,3.0,8,4,9
2024-07-27,A,3.0,9,4,9
2024-07-27,A,3.0,10,4,19
2024-07-27,A,3.0,11,4,28
2024-07-27,A,3.0,12,4,31
2024-07-27,A,3.5,4,3,0
2024-07-27,A,3.5,5,3,2
2024-07-27,A,3.5,6,3,2
2024-07-27,A,3.5,7,4,2
2024-07-27,A,3.5,8,4,7
2024-07-27,A,3.5,9,4,7
2024-07-27,A,3.5,10,4,8
2024-07-27,A,3.5,11,3,18
2024-07-27,A,3.5,12,4,19
2024-07-27,A,4.0,4,3,0
2024-07-27,A,4.0,5,3,0
2024-07-27,A,4.0,6,3,1
2024-07-27,A,4.0,7,3,1
2024-07-27,A,4.0,8,4,1
2024-07-27,A,4.0,9,4,2
2024-07-27,A,4.0,10,4,4
2024-07-27,A,4.0,11,4,4
2024-07-27,A,4.0,12,3,16
2024-07-28,A,1.0,4,6,28
2024-07-28,A,1.0,5,9,65
2024-07-28,A,1.0,6,0,487
2024-07-28,A,1.0,7,0,487
2024-07-28,A,1.0,8,0,487
2024-07-28,A,1.0,9,0,487
2024-07-28,A,1.0,10,0,487
2024-07-28,A,1.0,11,0,487
2024-07-28,A,1.0,12,0,487
2024-07-28,A,1.5,4,6,11
2024-07-28,A,1.5,5,4,22
2024-07-28,A,1.5,6,4,27
2024-07-28,A,1.5,7,4,39
2024-07-28,A,1.5,8,3,58
2024-07-28,A,1.5,9,6,101
2024-07-28,A,1.5,10,0,487
2024-07-28,A,1.5,11,0,487
2024-07-28,A,1.5,12,0,487
2024-07-28,A,2.0,4,5,10
2024-07-28,A,2.0,5,5,14
2024-07-28,A,2.0,6,4,24
2024-07-28,A,2.0,7,4,29
2024-07-28,A,2.0,8,4,31
2024-07-28,A,2.0,9,3,45
2024-07-28,A,2.0,10,3,49
2024-07-28,A,2.0,11,3,57
2024-07-28,A,2.0,12,7,91
2024-07-28,A,2.5,4,4,5
2024-07-28,A,2.5,5,5,9
2024-07-28,A,2.5,6,5,11
2024-07-28,A,2.5,7,5,12
2024-07-28,A,2.5,8,4,20
2024-07-28,A,2.5,9,4,23
2024-07-28,A,2.5,10,4,26
2024-07-28,A,2.5,11,3,42
2024-07-28,A,2.5,12,3,42
2024-07-28,A,3.0,4,2,4
2024-07-28,A,3.0,5,2,6
2024-07-28,A,3.0,6,3,6
2024-07-28,A,3.0,7,3,10
2024-07-28,A,3.0,8,3,10
2024-07-28,A,3.0,9,3,17
2024-07-28,A,3.0,10,3,18
2024-07-28,A,3.0,11,3,22
2024-07-28,A,3.0,12,3,26
2024-07-28,A,3.5,4,2,4
2024-07-28,A,3.5,5,2,4
2024-07-28,A,3.5,6,2,6
2024-07-28,A,3.5,7,3,6
2024-07-28,A,3.5,8,3,6
2024-07-28,A,3.5,9,3,8
2024-07-28,A,3.5,10,3,10
2024-07-28,A,3.5,11,3,14
2024-07-28,A,3.5,12,3,16
2024-07-28,A,4.0,4,2,0
2024-07-28,A,4.0,5,1,4
2024-07-28,A,4.0,6,1,4
2024-07-28,A,4.0,7,1,4
2024-07-28,A,4.0,8,3,4
2024-07-28,A,4.0,9,3,4
2024-07-28,A,4.0,10,3,4
2024-07-28,A,4.0,11,3,5
2024-07-28,A,4.0,12,3,5
2024-07-29,A,1.0,4,10,18
2024-07-29,A,1.0,5,15,59
2024-07-29,A,1.0,6,0,413
2024-07-29,A,1.0,7,0,413
2024-07-29,A,1.0,8,0,413
2024-07-29,A,1.0,9,0,413
2024-07-29,A,1.0,10,0,413
2024-07-29,A,1.0,11,0,413
2024-07-29,A,1.0,12,0,413
2024-07-29,A,1.5,4,6,7
2024-07-29,A,1.5,5,6,8
2024-07-29,A,1.5,6,6,16
2024-07-29,A,1.5,7,6,30
2024-07-29,A,1.5,8,5,69
2024-07-29,A,1.5,9,6,112
2024-07-29,A,1.5,10,0,413
2024-07-29,A,1.5,11,0,413
2024-07-29,A,1.5,12,0,413
2024-07-29,A,2.0,4,6,4
2024-07-29,A,2.0,5,6,4
2024-07-29,A,2.0,6,6,5
2024-07-29,A,2.0,7,5,18
2024-07-29,A,2.0,8,5,21
2024-07-29,A,2.0,9,6,39
2024-07-29,A,2.0,10,4,67
2024-07-29,A,2.0,11,4,75
2024-07-29,A,2.0,12,7,110
2024-07-29,A,2.5,4,4,4
2024-07-29,A,2.5,5,4,4
2024-07-29,A,2.5,6,5,4
2024-07-29,A,2.5,7,5,5
2024-07-29,A,2.5,8,5,5
2024-07-29,A,2.5,9,5,11
2024-07-29,A,2.5,10,5,12
2024-07-29,A,2.5,11,5,16
2024-07-29,A,2.5,12,5,36
2024-07-29,A,3.0,4,2,4
2024-07-29,A,3.0,5,2,4
2024-07-29,A,3.0,6,2,4
2024-07-29,A,3.0,7,2,4
2024-07-29,A,3.0,8,3,4
2024-07-29,A,3.0,9,4,4
2024-07-29,A,3.0,10,4,4
2024-07-29,A,3.0,11,4,5
2024-07-29,A,3.0,12,4,10
2024-07-29,A,3.5,4,2,4
2024-07-29,A,3.5,5,2,4
2024-07-29,A,3.5,6,2,4
2024-07-29,A,3.5,7,2,4
2024-07-29,A,3.5,8,2,4
2024-07-29,A,3.5,9,2,4
2024-07-29,A,3.5,10,3,4
2024-07-29,A,3.5,11,3,4
2024-07-29,A,3.5,12,3,4
2024-07-29,A,4.0,4,1,3
2024-07-29,A,4.0,5,1,3
2024-07-29,A,4.0,6,1,3
2024-07-29,A,4.0,7,1,3
2024-07-29,A,4.0,8,1,3
2024-07-29,A,4.0,9,2,3
2024-07-29,A,4.0,10,2,3
2024-07-29,A,4.0,11,2,3
2024-07-29,A,4.0,12,3,3
2024-08-05,A,1.0,4,14,15
2024-08-05,A,1.0,5,9,87
2024-08-05,A,1.0,6,0,411
2024-08-05,A,1.0,7,0,411
2024-08-05,A,1.0,8,0,411
2024-08-05,A,1.0,9,0,411
2024-08-05,A,1.0,10,0,411
2024-08-05,A,1.0,11,0,411
2024-08-05,A,1.0,12,0,411
2024-08-05,A,1.5,4,8,6
2024-08-05,A,1.5,5,7,16
2024-08-05,A,1.5,6,8,18
2024-08-05,A,1.5,7,6,53
2024-08-05,A,1.5,8,3,90
2024-08-05,A,1.5,9,4,134
2024-08-05,A,1.5,10,0,411
2024-08-05,A,1.5,11,0,411
2024-08-05,A,1.5,12,0,411
2024-08-05,A,2.0,4,6,5
2024-08-05,A,2.0,5,5,14
2024-08-05,A,2.0,6,5,15
2024-08-05,A,2.0,7,6,22
2024-08-05,A,2.0,8,5,44
2024-08-05,A,2.0,9,3,69
2024-08-05,A,2.0,10,2,89
2024-08-05,A,2.0,11,2,102
2024-08-05,A,2.0,12,3,136
2024-08-05,A,2.5,4,3,4
2024-08-05,A,2.5,5,2,9
2024-08-05,A,2.5,6,2,12
2024-08-05,A,2.5,7,3,12
2024-08-05,A,2.5,8,3,15
2024-08-05,A,2.5,9,4,25
2024-08-05,A,2.5,10,4,32
2024-08-05,A,2.5,11,4,43
2024-08-05,A,2.5,12,2,71
2024-08-05,A,3.0,4,2,3
2024-08-05,A,3.0,5,2,3
2024-08-05,A,3.0,6,2,5
2024-08-05,A,3.0,7,2,7
2024-08-05,A,3.0,8,2,8
2024-08-05,A,3.0,9,3,8
2024-08-05,A,3.0,10,3,8
2024-08-05,A,3.0,11,3,18
2024-08-05,A,3.0,12,3,33
2024-08-05,A,3.5,4,2,2
2024-08-05,A,3.5,5,2,2
2024-08-05,A,3.5,6,2,2
2024-08-05,A,3.5,7,2,3
2024-08-05,A,3.5,8,2,7
2024-08-05,A,3.5,9,2,7
2024-08-05,A,3.5,10,2,7
2024-08-05,A,3.5,11,2,8
2024-08-05,A,3.5,12,2,20
2024-08-05,A,4.0,4,2,2
2024-08-05,A,4.0,5,2,2
2024-08-05,A,4.0,6,2,2
2024-08-05,A,4.0,7,2,2
2024-08-05,A,4.0,8,2,3
2024-08-05,A,4.0,9,2,3
2024-08-05,A,4.0,10,2,3
2024-08-05,A,4.0,11,2,3
2024-08-05,A,4.0,12,1,14
2024-08-06,A,1.0,4,8,23
2024-08-06,A,1.0,5,8,83
2024-08-06,A,1.0,6,0,419
2024-08-06,A,1.0,7,0,419
2024-08-06,A,1.0,8,0,419
2024-08-06,A,1.0,9,0,419
2024-08-06,A,1.0,10,0,419
2024-08-06,A,1.0,11,0,419
2024-08-06,A,1.0,12,0,419
2024-08-06,A,1.5,4,7,9
2024-08-06,A,1.5,5,5,21
2024-08-06,A,1.5,6,6,25
2024-08-06,A,1.5,7,5,47
2024-08-06,A,1.5,8,4,71
2024-08-06,A,1.5,9,3,130
2024-08-06,A,1.5,10,0,419
2024-08-06,A,1.5,11,0,419
2024-08-06,A,1.5,12,0,419
2024-08-06,A,2.0,4,5,7
2024-08-06,A,2.0,5,4,12
2024-08-06,A,2.0,6,4,17
2024-08-06,A,2.0,7,6,18
2024-08-06,A,2.0,8,4,38
2024-08-06,A,2.0,9,3,51
2024-08-06,A,2.0,10,3,74
2024-08-06,A,2.0,11,2,95
2024-08-06,A,2.0,12,3,116
2024-08-06,A,2.5,4,3,5
2024-08-06,A,2.5,5,3,10
2024-08-06,A,2.5,6,3,10
2024-08-06,A,2.5,7,4,11
2024-08-06,A,2.5,8,4,11
2024-08-06,A,2.5,9,4,13
2024-08-06,A,2.5,10,4,26
2024-08-06,A,2.5,11,4,33
2024-08-06,A,2.5,12,2,57
2024-08-06,A,3.0,4,2,3
2024-08-06,A,3.0,5,2,3
2024-08-06,A,3.0,6,2,5
2024-08-06,A,3.0,7,2,5
2024-08-06,A,3.0,8,2,5
2024-08-06,A,3.0,9,2,6
2024-08-06,A,3.0,10,3,7
2024-08-06,A,3.0,11,3,12
2024-08-06,A,3.0,12,3,28
2024-08-06,A,3.5,4,2,1
2024-08-06,A,3.5,5,2,1
2024-08-06,A,3.5,6,2,1
2024-08-06,A,3.5,7,2,2
2024-08-06,A,3.5,8,2,4
2024-08-06,A,3.5,9,2,4
2024-08-06,A,3.5,10,2,4
2024-08-06,A,3.5,11,2,7
2024-08-06,A,3.5,12,2,19
2024-08-06,A,4.0,4,2,1
2024-08-06,A,4.0,5,2,1
2024-08-06,A,4.0,6,2,1
2024-08-06,A,4.0,7,2,1
2024-08-06,A,4.0,8,2,2
2024-08-06,A,4.0,9,2,2
2024-08-06,A,4.0,10,2,2
2024-08-06,A,4.0,11,2,2
2024-08-06,A,4.0,12,1,15
2024-08-07,A,1.0,4,9,20
2024-08-07,A,1.0,5,11,84
2024-08-07,A,1.0,6,0,420
2024-08-07,A,1.0,7,0,420
2024-08-07,A,1.0,8,0,420
2024-08-07,A,1.0,9,0,420
2024-08-07,A,1.0,10,0,420
2024-08-07,A,1.0,11,0,420
2024-08-07,A,1.0,12,0,420
2024-08-07,A,1.5,4,7,9
2024-08-07,A,1.5,5,7,14
2024-08-07,A,1.5,6,7,22
2024-08-07,A,1.5,7,6,40
2024-08-07,A,1.5,8,5,73
2024-08-07,A,1.5,9,5,133
2024-08-07,A,1.5,10,0,420
2024-08-07,A,1.5,11,0,420
2024-08-07,A,1.5,12,0,420
2024-08-07,A,2.0,4,4,5
2024-08-07,A,2.0,5,5,9
2024-08-07,A,2.0,6,6,10
2024-08-07,A,2.0,7,7,14
2024-08-07,A,2.0,8,6,30
2024-08-07,A,2.0,9,5,46
2024-08-07,A,2.0,10,2,92
2024-08-07,A,2.0,11,3,99
2024-08-07,A,2.0,12,4,129
2024-08-07,A,2.5,4,3,2
2024-08-07,A,2.5,5,3,2
2024-08-07,A,2.5,6,3,6
2024-08-07,A,2.5,7,3,7
2024-08-07,A,2.5,8,5,9
2024-08-07,A,2.5,9,6,10
2024-08-07,A,2.5,10,6,20
2024-08-07,A,2.5,11,6,24
2024-08-07,A,2.5,12,3,60
2024-08-07,A,3.0,4,2,1
2024-08-07,A,3.0,5,2,1
2024-08-07,A,3.0,6,2,1
2024-08-07,A,3.0,7,3,3
2024-08-07,A,3.0,8,3,3
2024-08-07,A,3.0,9,3,4
2024-08-07,A,3.0,10,3,4
2024-08-07,A,3.0,11,4,7
2024-08-07,A,3.0,12,3,25
2024-08-07,A,3.5,4,2,1
2024-08-07,A,3.5,5,2,1
2024-08-07,A,3.5,6,2,1
2024-08-07,A,3.5,7,2,1
2024-08-07,A,3.5,8,2,1
2024-08-07,A,3.5,9,3,2
2024-08-07,A,3.5,10,3,3
2024-08-07,A,3.5,11,3,3
2024-08-07,A,3.5,12,3,14
2024-08-07,A,4.0,4,2,1
2024-08-07,A,4.0,5,2,1
2024-08-07,A,4.0,6,2,1
2024-08-07,A,4.0,7,2,1
2024-08-07,A,4.0,8,2,1
2024-08-07,A,4.0,9,2,1
2024-08-07,A,4.0,10,2,1
2024-08-07,A,4.0,11,3,2
2024-08-07,A,4.0,12,2,13
2024-08-08,A,1.0,4,13,23
2024-08-08,A,1.0,5,12,100
2024-08-08,A,1.0,6,0,391
2024-08-08,A,1.0,7,0,391
2024-08-08,A,1.0,8,0,391
2024-08-08,A,1.0,9,0,391
2024-08-08,A,1.0,10,0,391
2024-08-08,A,1.0,11,0,391
2024-08-08,A,1.0,12,0,391
2024-08-08,A,1.5,4,9,7
2024-08-08,A,1.5,5,8,14
2024-08-08,A,1.5,6,9,22
2024-08-08,A,1.5,7,8,59
2024-08-08,A,1.5,8,7,81
2024-08-08,A,1.5,9,9,149
2024-08-08,A,1.5,10,0,391
2024-08-08,A,1.5,11,0,391
2024-08-08,A,1.5,12,0,391
2024-08-08,A,2.0,4,7,6
2024-08-08,A,2.0,5,7,10
2024-08-08,A,2.0,6,7,12
2024-08-08,A,2.0,7,7,22
2024-08-08,A,2.0,8,6,46
2024-08-08,A,2.0,9,6,62
2024-08-08,A,2.0,10,5,93
2024-08-08,A,2.0,11,6,108
2024-08-08,A,2.0,12,6,148
2024-08-08,A,2.5,4,4,3
2024-08-08,A,2.5,5,4,7
2024-08-08,A,2.5,6,5,7
2024-08-08,A,2.5,7,5,7
2024-08-08,A,2.5,8,6,8
2024-08-08,A,2.5,9,7,9
2024-08-08,A,2.5,10,7,22
2024-08-08,A,2.5,11,6,43
2024-08-08,A,2.5,12,4,68
2024-08-08,A,3.0,4,3,3
2024-08-08,A,3.0,5,2,7
2024-08-08,A,3.0,6,2,7
2024-08-08,A,3.0,7,2,7
2024-08-08,A,3.0,8,3,7
2024-08-08,A,3.0,9,4,8
2024-08-08,A,3.0,10,4,8
2024-08-08,A,3.0,11,5,9
2024-08-08,A,3.0,12,2,45
2024-08-08,A,3.5,4,3,3
2024-08-08,A,3.5,5,2,7
2024-08-08,A,3.5,6,2,7
2024-08-08,A,3.5,7,2,7
2024-08-08,A,3.5,8,2,7
2024-08-08,A,3.5,9,2,7
2024-08-08,A,3.5,10,3,7
2024-08-08,A,3.5,11,3,7
2024-08-08,A,3.5,12,3,18
2024-08-08,A,4.0,4,3,3
2024-08-08,A,4.0,5,2,7
2024-08-08,A,4.0,6,2,7
2024-08-08,A,4.0,7,2,7
2024-08-08,A,4.0,8,2,7
2024-08-08,A,4.0,9,2,7
2024-08-08,A,4.0,10,2,7
2024-08-08,A,4.0,11,2,7
2024-08-08,A,4.0,12,2,18
2024-08-09,A,1.0,4,16,26
2024-08-09,A,1.0,5,10,97
2024-08-09,A,1.0,6,0,395
2024-08-09,A,1.0,7,0,395
2024-08-09,A,1.0,8,0,395
2024-08-09,A,1.0,9,0,395
2024-08-09,A,1.0,10,0,395
2024-08-09,A,1.0,11,0,395
2024-08-09,A,1.0,12,0,395
2024-08-09,A,1.5,4,8,8
2024-08-09,A,1.5,5,8,16
2024-08-09,A,1.5,6,8,36
2024-08-09,A,1.5,7,8,64
2024-08-09,A,1.5,8,7,83
2024-08-09,A,1.5,9,6,140
2024-08-09,A,1.5,10,0,395
2024-08-09,A,1.5,11,0,395
2024-08-09,A,1.5,12,0,395
2024-08-09,A,2.0,4,7,6
2024-08-09,A,2.0,5,7,12
2024-08-09,A,2.0,6,7,12
2024-08-09,A,2.0,7,7,23
2024-08-09,A,2.0,8,7,46
2024-08-09,A,2.0,9,6,65
2024-08-09,A,2.0,10,4,97
2024-08-09,A,2.0,11,4,110
2024-08-09,A,2.0,12,4,135
2024-08-09,A,2.5,4,5,4
2024-08-09,A,2.5,5,4,8
2024-08-09,A,2.5,6,4,8
2024-08-09,A,2.5,7,6,8
2024-08-09,A,2.5,8,5,16
2024-08-09,A,2.5,9,6,19
2024-08-09,A,2.5,10,7,21
2024-08-09,A,2.5,11,5,55
2024-08-09,A,2.5,12,4,67
2024-08-09,A,3.0,4,4,3
2024-08-09,A,3.0,5,3,7
2024-08-09,A,3.0,6,3,7
2024-08-09,A,3.0,7,3,7
2024-08-09,A,3.0,8,2,14
2024-08-09,A,3.0,9,2,15
2024-08-09,A,3.0,10,3,15
2024-08-09,A,3.0,11,4,26
2024-08-09,A,3.0,12,3,40
2024-08-09,A,3.5,4,4,3
2024-08-09,A,3.5,5,3,7
2024-08-09,A,3.5,6,3,7
2024-08-09,A,3.5,7,3,7
2024-08-09,A,3.5,8,2,14
2024-08-09,A,3.5,9,2,14
2024-08-09,A,3.5,10,2,14
2024-08-09,A,3.5,11,2,15
2024-08-09,A,3.5,12,1,34
2024-08-09,A,4.0,4,4,1
2024-08-09,A,4.0,5,3,5
2024-08-09,A,4.0,6,3,5
2024-08-09,A,4.0,7,3,5
2024-08-09,A,4.0,8,2,12
2024-08-09,A,4.0,9,2,12
2024-08-09,A,4.0,10,2,12
2024-08-09,A,4.0,11,2,12
2024-08-09,A,4.0,12,1,23
2024-08-10,A,1.0,4,13,20
2024-08-10,A,1.0,5,16,85
2024-08-10,A,1.0,6,0,416
2024-08-10,A,1.0,7,0,416
2024-08-10,A,1.0,8,0,416
2024-08-10,A,1.0,9,0,416
2024-08-10,A,1.0,10,0,416
2024-08-10,A,1.0,11,0,416
2024-08-10,A,1.0,12,0,416
2024-08-10,A,1.5,4,6,7
2024-08-10,A,1.5,5,5,12
2024-08-10,A,1.5,6,6,22
2024-08-10,A,1.5,7,9,39
2024-08-10,A,1.5,8,10,69
2024-08-10,A,1.5,9,5,160
2024-08-10,A,1.5,10,0,416
2024-08-10,A,1.5,11,0,416
2024-08-10,A,1.5,12,0,416
2024-08-10,A,2.0,4,5,4
2024-08-10,A,2.0,5,6,6
2024-08-10,A,2.0,6,5,10
2024-08-10,A,2.0,7,4,17
2024-08-10,A,2.0,8,4,22
2024-08-10,A,2.0,9,6,41
2024-08-10,A,2.0,10,7,68
2024-08-10,A,2.0,11,6,103
2024-08-10,A,2.0,12,5,140
2024-08-10,A,2.5,4,4,1
2024-08-10,A,2.5,5,4,1
2024-08-10,A,2.5,6,4,1
2024-08-10,A,2.5,7,4,5
2024-08-10,A,2.5,8,3,14
2024-08-10,A,2.5,9,4,16
2024-08-10,A,2.5,10,3,27
2024-08-10,A,2.5,11,4,29
2024-08-10,A,2.5,12,4,36
2024-08-10,A,3.0,4,4,1
2024-08-10,A,3.0,5,4,1
2024-08-10,A,3.0,6,4,1
2024-08-10,A,3.0,7,4,2
2024-08-10,A,3.0,8,3,9
2024-08-10,A,3.0,9,3,9
2024-08-10,A,3.0,10,3,10
2024-08-10,A,3.0,11,2,23
2024-08-10,A,3.0,12,2,24
2024-08-10,A,3.5,4,3,1
2024-08-10,A,3.5,5,3,1
2024-08-10,A,3.5,6,3,1
2024-08-10,A,3.5,7,3,1
2024-08-10,A,3.5,8,2,8
2024-08-10,A,3.5,9,2,8
2024-08-10,A,3.5,10,2,8
2024-08-10,A,3.5,11,1,18
2024-08-10,A,3.5,12,1,18
2024-08-10,A,4.0,4,2,0
2024-08-10,A,4.0,5,2,0
2024-08-10,A,4.0,6,2,0
2024-08-10,A,4.0,7,2,0
2024-08-10,A,4.0,8,1,7
2024-08-10,A,4.0,9,1,7
2024-08-10,A,4.0,10,1,7
2024-08-10,A,4.0,11,1,16
2024-08-10,A,4.0,12,1,16
2024-08-11,A,1.0,4,7,14
2024-08-11,A,1.0,5,12,60
2024-08-11,A,1.0,6,0,448
2024-08-11,A,1.0,7,0,448
2024-08-11,A,1.0,8,0,448
2024-08-11,A,1.0,9,0,448
2024-08-11,A,1.0,10,0,448
2024-08-11,A,1.0,11,0,448
2024-08-11,A,1.0,12,0,448
2024-08-11,A,1.5,4,6,6
2024-08-11,A,1.5,5,5,11
2024-08-11,A,1.5,6,5,17
2024-08-11,A,1.5,7,4,30
2024-08-11,A,1.5,8,5,46
2024-08-11,A,1.5,9,8,91
2024-08-11,A,1.5,10,0,448
2024-08-11,A,1.5,11,0,448
2024-08-11,A,1.5,12,0,448
2024-08-11,A,2.0,4,4,5
2024-08-11,A,2.0,5,5,5
2024-08-11,A,2.0,6,5,9
2024-08-11,A,2.0,7,5,10
2024-08-11,A,2.0,8,4,23
2024-08-11,A,2.0,9,4,31
2024-08-11,A,2.0,10,4,39
2024-08-11,A,2.0,11,4,49
2024-08-11,A,2.0,12,7,91
2024-08-11,A,2.5,4,4,1
2024-08-11,A,2.5,5,3,5
2024-08-11,A,2.5,6,4,5
2024-08-11,A,2.5,7,4,7
2024-08-11,A,2.5,8,3,16
2024-08-11,A,2.5,9,4,17
2024-08-11,A,2.5,10,4,18
2024-08-11,A,2.5,11,4,22
2024-08-11,A,2.5,12,4,23
2024-08-11,A,3.0,4,4,0
2024-08-11,A,3.0,5,3,4
2024-08-11,A,3.0,6,3,4
2024-08-11,A,3.0,7,3,5
2024-08-11,A,3.0,8,4,5
2024-08-11,A,3.0,9,3,13
2024-08-11,A,3.0,10,3,13
2024-08-11,A,3.0,11,3,16
2024-08-11,A,3.0,12,4,16
2024-08-11,A,3.5,4,3,0
2024-08-11,A,3.5,5,2,4
2024-08-11,A,3.5,6,2,4
2024-08-11,A,3.5,7,2,4
2024-08-11,A,3.5,8,2,4
2024-08-11,A,3.5,9,1,12
2024-08-11,A,3.5,10,1,12
2024-08-11,A,3.5,11,1,12
2024-08-11,A,3.5,12,2,12
2024-08-11,A,4.0,4,2,0
2024-08-11,A,4.0,5,1,4
2024-08-11,A,4.0,6,1,4
2024-08-11,A,4.0,7,1,4
2024-08-11,A,4.0,8,1,4
2024-08-11,A,4.0,9,1,6
2024-08-11,A,4.0,10,1,11
2024-08-11,A,4.0,11,1,11
2024-08-11,A,4.0,12,1,11
2024-08-12,A,1.0,4,5,18
2024-08-12,A,1.0,5,10,58
2024-08-12,A,1.0,6,0,447
2024-08-12,A,1.0,7,0,447
2024-08-12,A,1.0,8,0,447
2024-08-12,A,1.0,9,0,447
2024-08-12,A,1.0,10,0,447
2024-08-12,A,1.0,11,0,447
2024-08-12,A,1.0,12,0,447
2024-08-12,A,1.5,4,5,5
2024-08-12,A,1.5,5,4,12
2024-08-12,A,1.5,6,5,16
2024-08-12,A,1.5,7,4,25
2024-08-12,A,1.5,8,5,37
2024-08-12,A,1.5,9,10,76
2024-08-12,A,1.5,10,0,447
2024-08-12,A,1.5,11,0,447
2024-08-12,A,1.5,12,0,447
2024-08-12,A,2.0,4,4,4
2024-08-12,A,2.0,5,5,4
2024-08-12,A,2.0,6,4,11
2024-08-12,A,2.0,7,3,19
2024-08-12,A,2.0,8,4,21
2024-08-12,A,2.0,9,4,25
2024-08-12,A,2.0,10,3,40
2024-08-12,A,2.0,11,3,51
2024-08-12,A,2.0,12,6,86
2024-08-12,A,2.5,4,4,3
2024-08-12,A,2.5,5,4,3
2024-08-12,A,2.5,6,4,3
2024-08-12,A,2.5,7,4,6
2024-08-12,A,2.5,8,3,16
2024-08-12,A,2.5,9,3,17
2024-08-12,A,2.5,10,3,18
2024-08-12,A,2.5,11,4,18
2024-08-12,A,2.5,12,3,27
2024-08-12,A,3.0,4,4,1
2024-08-12,A,3.0,5,4,2
2024-08-12,A,3.0,6,4,2
2024-08-12,A,3.0,7,4,3
2024-08-12,A,3.0,8,3,10
2024-08-12,A,3.0,9,3,11
2024-08-12,A,3.0,10,3,11
2024-08-12,A,3.0,11,3,15
2024-08-12,A,3.0,12,3,15
2024-08-12,A,3.5,4,3,0
2024-08-12,A,3.5,5,3,1
2024-08-12,A,3.5,6,3,1
2024-08-12,A,3.5,7,3,1
2024-08-12,A,3.5,8,2,8
2024-08-12,A,3.5,9,2,8
2024-08-12,A,3.5,10,2,9
2024-08-12,A,3.5,11,2,9
2024-08-12,A,3.5,12,3,9
2024-08-12,A,4.0,4,2,0
2024-08-12,A,4.0,5,2,0
2024-08-12,A,4.0,6,2,0
2024-08-12,A,4.0,7,2,0
2024-08-12,A,4.0,8,2,1
2024-08-12,A,4.0,9,2,6
2024-08-12,A,4.0,10,2,7
2024-08-12,A,4.0,11,2,7
2024-08-12,A,4.0,12,2,7
2024-08-13,A,1.0,4,3,21
2024-08-13,A,1.0,5,12,49
2024-08-13,A,1.0,6,0,519
2024-08-13,A,1.0,7,0,519
2024-08-13,A,1.0,8,0,519
2024-08-13,A,1.0,9,0,519
2024-08-13,A,1.0,10,0,519
2024-08-13,A,1.0,11,0,519
2024-08-13,A,1.0,12,0,519
2024-08-13,A,1.5,4,5,5
2024-08-13,A,1.5,5,2,17
2024-08-13,A,1.5,6,3,19
2024-08-13,A,1.5,7,4,22
2024-08-13,A,1.5,8,7,35
2024-08-13,A,1.5,9,8,75
2024-08-13,A,1.5,10,0,519
2024-08-13,A,1.5,11,0,519
2024-08-13,A,1.5,12,0,519
2024-08-13,A,2.0,4,3,5
2024-08-13,A,2.0,5,3,12
2024-08-13,A,2.0,6,2,16
2024-08-13,A,2.0,7,2,17
2024-08-13,A,2.0,8,3,18
2024-08-13,A,2.0,9,4,20
2024-08-13,A,2.0,10,4,28
2024-08-13,A,2.0,11,5,42
2024-08-13,A,2.0,12,5,89
2024-08-13,A,2.5,4,3,3
2024-08-13,A,2.5,5,3,3
2024-08-13,A,2.5,6,2,9
2024-08-13,A,2.5,7,2,12
2024-08-13,A,2.5,8,2,14
2024-08-13,A,2.5,9,2,15
2024-08-13,A,2.5,10,2,15
2024-08-13,A,2.5,11,3,15
2024-08-13,A,2.5,12,3,17
2024-08-13,A,3.0,4,3,0
2024-08-13,A,3.0,5,3,0
2024-08-13,A,3.0,6,2,7
2024-08-13,A,3.0,7,2,8
2024-08-13,A,3.0,8,2,8
2024-08-13,A,3.0,9,2,10
2024-08-13,A,3.0,10,2,10
2024-08-13,A,3.0,11,2,13
2024-08-13,A,3.0,12,2,13
2024-08-13,A,3.5,4,2,0
2024-08-13,A,3.5,5,2,0
2024-08-13,A,3.5,6,1,5
2024-08-13,A,3.5,7,1,6
2024-08-13,A,3.5,8,1,6
2024-08-13,A,3.5,9,1,6
2024-08-13,A,3.5,10,1,7
2024-08-13,A,3.5,11,1,7
2024-08-13,A,3.5,12,2,8
2024-08-13,A,4.0,4,1,0
2024-08-13,A,4.0,5,1,0
2024-08-13,A,4.0,6,1,0
2024-08-13,A,4.0,7,1,0
2024-08-13,A,4.0,8,1,4
2024-08-13,A,4.0,9,1,4
2024-08-13,A,4.0,10,1,4
2024-08-13,A,4.0,11,1,4
2024-08-13,A,4.0,12,1,5
2024-08-14,A,1.0,4,5,23
2024-08-14,A,1.0,5,15,49
2024-08-14,A,1.0,6,0,517
2024-08-14,A,1.0,7,0,517
2024-08-14,A,1.0,8,0,517
2024-08-14,A,1.0,9,0,517
2024-08-14,A,1.0,10,0,517
2024-08-14,A,1.0,11,0,517
2024-08-14,A,1.0,12,0,517
2024-08-14,A,1.5,4,5,9
2024-08-14,A,1.5,5,3,18
2024-08-14,A,1.5,6,4,22
2024-08-14,A,1.5,7,4,25
2024-08-14,A,1.5,8,7,34
2024-08-14,A,1.5,9,7,79
2024-08-14,A,1.5,10,0,517
2024-08-14,A,1.5,11,0,517
2024-08-14,A,1.5,12,0,517
2024-08-14,A,2.0,4,5,9
2024-08-14,A,2.0,5,4,13
2024-08-14,A,2.0,6,3,17
2024-08-14,A,2.0,7,3,20
2024-08-14,A,2.0,8,4,20
2024-08-14,A,2.0,9,4,21
2024-08-14,A,2.0,10,3,42
2024-08-14,A,2.0,11,4,48
2024-08-14,A,2.0,12,4,81
2024-08-14,A,2.5,4,5,4
2024-08-14,A,2.5,5,3,12
2024-08-14,A,2.5,6,3,14
2024-08-14,A,2.5,7,3,16
2024-08-14,A,2.5,8,3,16
2024-08-14,A,2.5,9,3,16
2024-08-14,A,2.5,10,3,16
2024-08-14,A,2.5,11,4,17
2024-08-14,A,2.5,12,3,30
2024-08-14,A,3.0,4,4,1
2024-08-14,A,3.0,5,3,5
2024-08-14,A,3.0,6,2,11
2024-08-14,A,3.0,7,2,12
2024-08-14,A,3.0,8,2,12
2024-08-14,A,3.0,9,3,12
2024-08-14,A,3.0,10,3,15
2024-08-14,A,3.0,11,3,15
2024-08-14,A,3.0,12,3,15
2024-08-14,A,3.5,4,2,1
2024-08-14,A,3.5,5,1,5
2024-08-14,A,3.5,6,1,5
2024-08-14,A,3.5,7,1,5
2024-08-14,A,3.5,8,1,8
2024-08-14,A,3.5,9,1,9
2024-08-14,A,3.5,10,1,9
2024-08-14,A,3.5,11,1,9
2024-08-14,A,3.5,12,2,10
2024-08-14,A,4.0,4,2,0
2024-08-14,A,4.0,5,1,4
2024-08-14,A,4.0,6,1,4
2024-08-14,A,4.0,7,1,4
2024-08-14,A,4.0,8,1,4
2024-08-14,A,4.0,9,1,5
2024-08-14,A,4.0,10,1,5
2024-08-14,A,4.0,11,1,5
2024-08-14,A,4.0,12,1,5
2024-08-15,A,1.0,4,8,24
2024-08-15,A,1.0,5,9,60
2024-08-15,A,1.0,6,0,485
2024-08-15,A,1.0,7,0,485
2024-08-15,A,1.0,8,0,485
2024-08-15,A,1.0,9,0,485
2024-08-15,A,1.0,10,0,485
2024-08-15,A,1.0,11,0,485
2024-08-15,A,1.0,12,0,485
2024-08-15,A,1.5,4,5,10
2024-08-15,A,1.5,5,5,17
2024-08-15,A,1.5,6,5,20
2024-08-15,A,1.5,7,7,29
2024-08-15,A,1.5,8,6,57
2024-08-15,A,1.5,9,5,93
2024-08-15,A,1.5,10,0,485
2024-08-15,A,1.5,11,0,485
2024-08-15,A,1.5,12,0,485
2024-08-15,A,2.0,4,5,8
2024-08-15,A,2.0,5,4,13
2024-08-15,A,2.0,6,4,15
2024-08-15,A,2.0,7,5,19
2024-08-15,A,2.0,8,6,20
2024-08-15,A,2.0,9,6,24
2024-08-15,A,2.0,10,4,57
2024-08-15,A,2.0,11,4,70
2024-08-15,A,2.0,12,2,102
2024-08-15,A,2.5,4,4,5
2024-08-15,A,2.5,5,3,9
2024-08-15,A,2.5,6,3,9
2024-08-15,A,2.5,7,3,10
2024-08-15,A,2.5,8,3,10
2024-08-15,A,2.5,9,4,10
2024-08-15,A,2.5,10,5,13
2024-08-15,A,2.5,11,5,25
2024-08-15,A,2.5,12,4,38
2024-08-15,A,3.0,4,3,2
2024-08-15,A,3.0,5,4,2
2024-08-15,A,3.0,6,3,7
2024-08-15,A,3.0,7,3,8
2024-08-15,A,3.0,8,3,8
2024-08-15,A,3.0,9,3,8
2024-08-15,A,3.0,10,3,8
2024-08-15,A,3.0,11,3,9
2024-08-15,A,3.0,12,3,16
2024-08-15,A,3.5,4,1,2
2024-08-15,A,3.5,5,1,2
2024-08-15,A,3.5,6,1,2
2024-08-15,A,3.5,7,2,2
2024-08-15,A,3.5,8,2,5
2024-08-15,A,3.5,9,2,6
2024-08-15,A,3.5,10,2,6
2024-08-15,A,3.5,11,3,7
2024-08-15,A,3.5,12,3,7
2024-08-15,A,4.0,4,1,1
2024-08-15,A,4.0,5,1,1
2024-08-15,A,4.0,6,1,1
2024-08-15,A,4.0,7,1,1
2024-08-15,A,4.0,8,1,1
2024-08-15,A,4.0,9,1,1
2024-08-15,A,4.0,10,1,1
2024-08-15,A,4.0,11,1,2
2024-08-15,A,4.0,12,2,3
2024-08-16,A,1.0,4,9,23
2024-08-16,A,1.0,5,7,83
2024-08-16,A,1.0,6,0,427
2024-08-16,A,1.0,7,0,427
2024-08-16,A,1.0,8,0,427
2024-08-16,A,1.0,9,0,427
2024-08-16,A,1.0,10,0,427
2024-08-16,A,1.0,11,0,427
2024-08-16,A,1.0,12,0,427
2024-08-16,A,1.5,4,5,10
2024-08-16,A,1.5,5,6,16
2024-08-16,A,1.5,6,8,19
2024-08-16,A,1.5,7,7,43
2024-08-16,A,1.5,8,4,73
2024-08-16,A,1.5,9,3,109
2024-08-16,A,1.5,10,0,427
2024-08-16,A,1.5,11,0,427
2024-08-16,A,1.5,12,0,427
2024-08-16,A,2.0,4,5,8
2024-08-16,A,2.0,5,4,13
2024-08-16,A,2.0,6,4,14
2024-08-16,A,2.0,7,5,17
2024-08-16,A,2.0,8,4,42
2024-08-16,A,2.0,9,5,53
2024-08-16,A,2.0,10,3,74
2024-08-16,A,2.0,11,2,89
2024-08-16,A,2.0,12,2,107
2024-08-16,A,2.5,4,5,4
2024-08-16,A,2.5,5,4,8
2024-08-16,A,2.5,6,4,8
2024-08-16,A,2.5,7,4,10
2024-08-16,A,2.5,8,4,12
2024-08-16,A,2.5,9,4,12
2024-08-16,A,2.5,10,4,37
2024-08-16,A,2.5,11,5,41
2024-08-16,A,2.5,12,2,75
2024-08-16,A,3.0,4,4,4
2024-08-16,A,3.0,5,3,8
2024-08-16,A,3.0,6,3,8
2024-08-16,A,3.0,7,3,8
2024-08-16,A,3.0,8,3,8
2024-08-16,A,3.0,9,4,9
2024-08-16,A,3.0,10,3,18
2024-08-16,A,3.0,11,3,18
2024-08-16,A,3.0,12,3,30
2024-08-16,A,3.5,4,3,4
2024-08-16,A,3.5,5,3,4
2024-08-16,A,3.5,6,3,4
2024-08-16,A,3.5,7,3,7
2024-08-16,A,3.5,8,3,7
2024-08-16,A,3.5,9,3,7
2024-08-16,A,3.5,10,2,16
2024-08-16,A,3.5,11,2,16
2024-08-16,A,3.5,12,3,17
2024-08-16,A,4.0,4,2,3
2024-08-16,A,4.0,5,2,3
2024-08-16,A,4.0,6,3,3
2024-08-16,A,4.0,7,3,3
2024-08-16,A,4.0,8,3,3
2024-08-16,A,4.0,9,3,3
2024-08-16,A,4.0,10,2,13
2024-08-16,A,4.0,11,2,13
2024-08-16,A,4.0,12,2,14
2024-08-17,A,1.0,4,8,15
2024-08-17,A,1.0,5,9,55
2024-08-17,A,1.0,6,0,389
2024-08-17,A,1.0,7,0,389
2024-08-17,A,1.0,8,0,389
2024-08-17,A,1.0,9,0,389
2024-08-17,A,1.0,10,0,389
2024-08-17,A,1.0,11,0,389
2024-08-17,A,1.0,12,0,389
2024-08-17,A,1.5,4,3,8
2024-08-17,A,1.5,5,4,8
2024-08-17,A,1.5,6,4,18
2024-08-17,A,1.5,7,5,30
2024-08-17,A,1.5,8,7,45
2024-08-17,A,1.5,9,6,97
2024-08-17,A,1.5,10,0,389
2024-08-17,A,1.5,11,0,389
2024-08-17,A,1.5,12,0,389
2024-08-17,A,2.0,4,3,8
2024-08-17,A,2.0,5,3,8
2024-08-17,A,2.0,6,4,8
2024-08-17,A,2.0,7,3,23
2024-08-17,A,2.0,8,3,26
2024-08-17,A,2.0,9,4,30
2024-08-17,A,2.0,10,6,39
2024-08-17,A,2.0,11,5,63
2024-08-17,A,2.0,12,6,76
2024-08-17,A,2.5,4,3,7
2024-08-17,A,2.5,5,3,7
2024-08-17,A,2.5,6,3,7
2024-08-17,A,2.5,7,3,8
2024-08-17,A,2.5,8,3,9
2024-08-17,A,2.5,9,3,16
2024-08-17,A,2.5,10,3,21
2024-08-17,A,2.5,11,3,23
2024-08-17,A,2.5,12,2,36
2024-08-17,A,3.0,4,2,5
2024-08-17,A,3.0,5,2,6
2024-08-17,A,3.0,6,2,6
2024-08-17,A,3.0,7,3,7
2024-08-17,A,3.0,8,3,7
2024-08-17,A,3.0,9,3,9
2024-08-17,A,3.0,10,3,13
2024-08-17,A,3.0,11,3,16
2024-08-17,A,3.0,12,3,19
2024-08-17,A,3.5,4,2,5
2024-08-17,A,3.5,5,2,5
2024-08-17,A,3.5,6,2,5
2024-08-17,A,3.5,7,2,5
2024-08-17,A,3.5,8,2,6
2024-08-17,A,3.5,9,3,6
2024-08-17,A,3.5,10,3,6
2024-08-17,A,3.5,11,3,7
2024-08-17,A,3.5,12,3,11
2024-08-17,A,4.0,4,1,5
2024-08-17,A,4.0,5,1,5
2024-08-17,A,4.0,6,1,5
2024-08-17,A,4.0,7,1,5
2024-08-17,A,4.0,8,1,5
2024-08-17,A,4.0,9,1,5
2024-08-17,A,4.0,10,1,5
2024-08-17,A,4.0,11,2,6
2024-08-17,A,4.0,12,2,7
2024-08-18,A,1.0,4,10,27
2024-08-18,A,1.0,5,10,68
2024-08-18,A,1.0,6,0,380
2024-08-18,A,1.0,7,0,380
2024-08-18,A,1.0,8,0,380
2024-08-18,A,1.0,9,0,380
2024-08-18,A,1.0,10,0,380
2024-08-18,A,1.0,11,0,380
2024-08-18,A,1.0,12,0,380
2024-08-18,A,1.5,4,6,13
2024-08-18,A,1.5,5,6,17
2024-08-18,A,1.5,6,5,26
2024-08-18,A,1.5,7,6,36
2024-08-18,A,1.5,8,5,64
2024-08-18,A,1.5,9,5,106
2024-08-18,A,1.5,10,0,380
2024-08-18,A,1.5,11,0,380
2024-08-18,A,1.5,12,0,380
2024-08-18,A,2.0,4,4,9
2024-08-18,A,2.0,5,4,9
2024-08-18,A,2.0,6,6,13
2024-08-18,A,2.0,7,5,23
2024-08-18,A,2.0,8,5,36
2024-08-18,A,2.0,9,5,42
2024-08-18,A,2.0,10,3,72
2024-08-18,A,2.0,11,3,78
2024-08-18,A,2.0,12,4,92
2024-08-18,A,2.5,4,4,8
2024-08-18,A,2.5,5,4,8
2024-08-18,A,2.5,6,4,8
2024-08-18,A,2.5,7,5,9
2024-08-18,A,2.5,8,4,18
2024-08-18,A,2.5,9,3,28
2024-08-18,A,2.5,10,4,30
2024-08-18,A,2.5,11,5,32
2024-08-18,A,2.5,12,5,40
2024-08-18,A,3.0,4,2,4
2024-08-18,A,3.0,5,2,6
2024-08-18,A,3.0,6,2,6
2024-08-18,A,3.0,7,2,6
2024-08-18,A,3.0,8,2,6
2024-08-18,A,3.0,9,1,24
2024-08-18,A,3.0,10,2,25
2024-08-18,A,3.0,11,2,26
2024-08-18,A,3.0,12,2,27
2024-08-18,A,3.5,4,2,4
2024-08-18,A,3.5,5,2,5
2024-08-18,A,3.5,6,2,5
2024-08-18,A,3.5,7,2,5
2024-08-18,A,3.5,8,2,5
2024-08-18,A,3.5,9,2,6
2024-08-18,A,3.5,10,1,21
2024-08-18,A,3.5,11,1,22
2024-08-18,A,3.5,12,2,22
2024-08-18,A,4.0,4,1,4
2024-08-18,A,4.0,5,1,4
2024-08-18,A,4.0,6,1,4
2024-08-18,A,4.0,7,1,4
2024-08-18,A,4.0,8,2,4
2024-08-18,A,4.0,9,2,4
2024-08-18,A,4.0,10,1,14
2024-08-18,A,4.0,11,1,14
2024-08-18,A,4.0,12,1,18
2024-08-19,A,1.0,4,8,28
2024-08-19,A,1.0,5,7,76
2024-08-19,A,1.0,6,0,398
2024-08-19,A,1.0,7,0,398
2024-08-19,A,1.0,8,0,398
2024-08-19,A,1.0,9,0,398
2024-08-19,A,1.0,10,0,398
2024-08-19,A,1.0,11,0,398
2024-08-19,A,1.0,12,0,398
2024-08-19,A,1.5,4,3,19
2024-08-19,A,1.5,5,3,24
2024-08-19,A,1.5,6,3,26
2024-08-19,A,1.5,7,4,50
2024-08-19,A,1.5,8,5,69
2024-08-19,A,1.5,9,4,102
2024-08-19,A,1.5,10,0,398
2024-08-19,A,1.5,11,0,398
2024-08-19,A,1.5,12,0,398
2024-08-19,A,2.0,4,2,11
2024-08-19,A,2.0,5,1,16
2024-08-19,A,2.0,6,1,16
2024-08-19,A,2.0,7,2,19
2024-08-19,A,2.0,8,3,28
2024-08-19,A,2.0,9,3,52
2024-08-19,A,2.0,10,2,73
2024-08-19,A,2.0,11,3,83
2024-08-19,A,2.0,12,4,100
2024-08-19,A,2.5,4,2,10
2024-08-19,A,2.5,5,1,14
2024-08-19,A,2.5,6,1,14
2024-08-19,A,2.5,7,1,15
2024-08-19,A,2.5,8,1,16
2024-08-19,A,2.5,9,1,17
2024-08-19,A,2.5,10,2,18
2024-08-19,A,2.5,11,3,23
2024-08-19,A,2.5,12,2,44
2024-08-19,A,3.0,4,2,10
2024-08-19,A,3.0,5,1,14
2024-08-19,A,3.0,6,1,14
2024-08-19,A,3.0,7,1,14
2024-08-19,A,3.0,8,1,14
2024-08-19,A,3.0,9,1,14
2024-08-19,A,3.0,10,1,15
2024-08-19,A,3.0,11,2,15
2024-08-19,A,3.0,12,2,15
2024-08-19,A,3.5,4,2,10
2024-08-19,A,3.5,5,1,14
2024-08-19,A,3.5,6,1,14
2024-08-19,A,3.5,7,1,14
2024-08-19,A,3.5,8,1,14
2024-08-19,A,3.5,9,1,14
2024-08-19,A,3.5,10,1,14
2024-08-19,A,3.5,11,1,14
2024-08-19,A,3.5,12,1,14
2024-08-19,A,4.0,4,2,4
2024-08-19,A,4.0,5,1,11
2024-08-19,A,4.0,6,1,11
2024-08-19,A,4.0,7,1,11
2024-08-19,A,4.0,8,1,11
2024-08-19,A,4.0,9,1,11
2024-08-19,A,4.0,10,1,11
2024-08-19,A,4.0,11,1,12
2024-08-19,A,4.0,12,1,13
2024-08-20,A,1.0,4,12,25
2024-08-20,A,1.0,5,9,76
2024-08-20,A,1.0,6,0,402
2024-08-20,A,1.0,7,0,402
2024-08-20,A,1.0,8,0,402
2024-08-20,A,1.0,9,0,402
2024-08-20,A,1.0,10,0,402
2024-08-20,A,1.0,11,0,402
2024-08-20,A,1.0,12,0,402
2024-08-20,A,1.5,4,6,8
2024-08-20,A,1.5,5,5,18
2024-08-20,A,1.5,6,6,29
2024-08-20,A,1.5,7,4,56
2024-08-20,A,1.5,8,4,82
2024-08-20,A,1.5,9,3,117
2024-08-20,A,1.5,10,0,402
2024-08-20,A,1.5,11,0,402
2024-08-20,A,1.5,12,0,402
2024-08-20,A,2.0,4,5,4
2024-08-20,A,2.0,5,4,10
2024-08-20,A,2.0,6,3,16
2024-08-20,A,2.0,7,3,20
2024-08-20,A,2.0,8,4,37
2024-08-20,A,2.0,9,3,59
2024-08-20,A,2.0,10,2,77
2024-08-20,A,2.0,11,3,85
2024-08-20,A,2.0,12,4,105
2024-08-20,A,2.5,4,3,3
2024-08-20,A,2.5,5,3,4
2024-08-20,A,2.5,6,1,14
2024-08-20,A,2.5,7,2,15
2024-08-20,A,2.5,8,3,16
2024-08-20,A,2.5,9,2,24
2024-08-20,A,2.5,10,2,32
2024-08-20,A,2.5,11,2,37
2024-08-20,A,2.5,12,2,44
2024-08-20,A,3.0,4,2,3
2024-08-20,A,3.0,5,3,3
2024-08-20,A,3.0,6,1,13
2024-08-20,A,3.0,7,1,13
2024-08-20,A,3.0,8,1,13
2024-08-20,A,3.0,9,1,13
2024-08-20,A,3.0,10,2,17
2024-08-20,A,3.0,11,2,22
2024-08-20,A,3.0,12,2,25
2024-08-20,A,3.5,4,1,3
2024-08-20,A,3.5,5,1,3
2024-08-20,A,3.5,6,1,4
2024-08-20,A,3.5,7,1,11
2024-08-20,A,3.5,8,1,12
2024-08-20,A,3.5,9,1,12
2024-08-20,A,3.5,10,1,15
2024-08-20,A,3.5,11,1,15
2024-08-20,A,3.5,12,2,20
2024-08-20,A,4.0,4,1,3
2024-08-20,A,4.0,5,1,3
2024-08-20,A,4.0,6,1,3
2024-08-20,A,4.0,7,1,9
2024-08-20,A,4.0,8,1,10
2024-08-20,A,4.0,9,1,11
2024-08-20,A,4.0,10,1,11
2024-08-20,A,4.0,11,1,11
2024-08-20,A,4.0,12,1,12
2024-08-21,A,1.0,4,10,15
2024-08-21,A,1.0,5,11,73
2024-08-21,A,1.0,6,0,402
2024-08-21,A,1.0,7,0,402
2024-08-21,A,1.0,8,0,402
2024-08-21,A,1.0,9,0,402
2024-08-21,A,1.0,10,0,402
2024-08-21,A,1.0,11,0,402
2024-08-21,A,1.0,12,0,402
2024-08-21,A,1.5,4,3,3
2024-08-21,A,1.5,5,3,12
2024-08-21,A,1.5,6,6,14
2024-08-21,A,1.5,7,6,45
2024-08-21,A,1.5,8,3,86
2024-08-21,A,1.5,9,3,117
2024-08-21,A,1.5,10,0,402
2024-08-21,A,1.5,11,0,402
2024-08-21,A,1.5,12,0,402
2024-08-21,A,2.0,4,2,0
2024-08-21,A,2.0,5,3,3
2024-08-21,A,2.0,6,3,5
2024-08-21,A,2.0,7,3,8
2024-08-21,A,2.0,8,6,11
2024-08-21,A,2.0,9,3,45
2024-08-21,A,2.0,10,3,66
2024-08-21,A,2.0,11,3,84
2024-08-21,A,2.0,12,4,103
2024-08-21,A,2.5,4,2,0
2024-08-21,A,2.5,5,2,0
2024-08-21,A,2.5,6,2,0
2024-08-21,A,2.5,7,2,2
2024-08-21,A,2.5,8,3,3
2024-08-21,A,2.5,9,3,3
2024-08-21,A,2.5,10,2,21
2024-08-21,A,2.5,11,2,24
2024-08-21,A,2.5,12,2,47
2024-08-21,A,3.0,4,1,0
2024-08-21,A,3.0,5,1,0
2024-08-21,A,3.0,6,1,0
2024-08-21,A,3.0,7,1,0
2024-08-21,A,3.0,8,1,0
2024-08-21,A,3.0,9,2,0
2024-08-21,A,3.0,10,2,0
2024-08-21,A,3.0,11,3,1
2024-08-21,A,3.0,12,2,13
2024-08-21,A,3.5,4,1,0
2024-08-21,A,3.5,5,1,0
2024-08-21,A,3.5,6,1,0
2024-08-21,A,3.5,7,1,0
2024-08-21,A,3.5,8,1,0
2024-08-21,A,3.5,9,1,0
2024-08-21,A,3.5,10,1,0
2024-08-21,A,3.5,11,1,0
2024-08-21,A,3.5,12,2,0
2024-08-21,A,4.0,4,1,0
2024-08-21,A,4.0,5,1,0
2024-08-21,A,4.0,6,1,0
2024-08-21,A,4.0,7,1,0
2024-08-21,A,4.0,8,1,0
2024-08-21,A,4.0,9,1,0
2024-08-21,A,4.0,10,1,0
2024-08-21,A,4.0,11,1,0
2024-08-21,A,4.0,12,1,0
2024-08-22,A,1.0,4,6,20
2024-08-22,A,1.0,5,12,73
2024-08-22,A,1.0,6,0,422
2024-08-22,A,1.0,7,0,422
2024-08-22,A,1.0,8,0,422
2024-08-22,A,1.0,9,0,422
2024-08-22,A,1.0,10,0,422
2024-08-22,A,1.0,11,0,422
2024-08-22,A,1.0,12,0,422
2024-08-22,A,1.5,4,2,6
2024-08-22,A,1.5,5,3,12
2024-08-22,A,1.5,6,5,18
2024-08-22,A,1.5,7,4,35
2024-08-22,A,1.5,8,4,59
2024-08-22,A,1.5,9,5,114
2024-08-22,A,1.5,10,0,422
2024-08-22,A,1.5,11,0,422
2024-08-22,A,1.5,12,0,422
2024-08-22,A,2.0,4,2,2
2024-08-22,A,2.0,5,2,2
2024-08-22,A,2.0,6,3,8
2024-08-22,A,2.0,7,3,11
2024-08-22,A,2.0,8,4,17
2024-08-22,A,2.0,9,2,35
2024-08-22,A,2.0,10,2,42
2024-08-22,A,2.0,11,5,64
2024-08-22,A,2.0,12,6,105
2024-08-22,A,2.5,4,2,1
2024-08-22,A,2.5,5,2,1
2024-08-22,A,2.5,6,2,1
2024-08-22,A,2.5,7,2,3
2024-08-22,A,2.5,8,2,5
2024-08-22,A,2.5,9,2,8
2024-08-22,A,2.5,10,2,14
2024-08-22,A,2.5,11,2,26
2024-08-22,A,2.5,12,2,30
2024-08-22,A,3.0,4,1,0
2024-08-22,A,3.0,5,1,0
2024-08-22,A,3.0,6,1,0
2024-08-22,A,3.0,7,1,0
2024-08-22,A,3.0,8,1,0
2024-08-22,A,3.0,9,1,2
2024-08-22,A,3.0,10,1,3
2024-08-22,A,3.0,11,1,6
2024-08-22,A,3.0,12,1,7
2024-08-22,A,3.5,4,1,0
2024-08-22,A,3.5,5,1,0
2024-08-22,A,3.5,6,1,0
2024-08-22,A,3.5,7,1,0
2024-08-22,A,3.5,8,1,0
2024-08-22,A,3.5,9,1,0
2024-08-22,A,3.5,10,1,0
2024-08-22,A,3.5,11,1,3
2024-08-22,A,3.5,12,1,3
2024-08-22,A,4.0,4,1,0
2024-08-22,A,4.0,5,1,0
2024-08-22,A,4.0,6,1,0
2024-08-22,A,4.0,7,1,0
2024-08-22,A,4.0,8,1,0
2024-08-22,A,4.0,9,1,0
2024-08-22,A,4.0,10,1,0
2024-08-22,A,4.0,11,1,0
2024-08-22,A,4.0,12,1,0
2024-08-23,A,1.0,4,3,25
2024-08-23,A,1.0,5,13,79
2024-08-23,A,1.0,6,0,407
2024-08-23,A,1.0,7,0,407
2024-08-23,A,1.0,8,0,407
2024-08-23,A,1.0,9,0,407
2024-08-23,A,1.0,10,0,407
2024-08-23,A,1.0,11,0,407
2024-08-23,A,1.0,12,0,407
2024-08-23,A,1.5,4,3,5
2024-08-23,A,1.5,5,3,11
2024-08-23,A,1.5,6,3,26
2024-08-23,A,1.5,7,3,32
2024-08-23,A,1.5,8,4,55
2024-08-23,A,1.5,9,6,113
2024-08-23,A,1.5,10,0,407
2024-08-23,A,1.5,11,0,407
2024-08-23,A,1.5,12,0,407
2024-08-23,A,2.0,4,3,2
2024-08-23,A,2.0,5,3,3
2024-08-23,A,2.0,6,2,16
2024-08-23,A,2.0,7,2,18
2024-08-23,A,2.0,8,3,21
2024-08-23,A,2.0,9,2,34
2024-08-23,A,2.0,10,2,41
2024-08-23,A,2.0,11,5,58
2024-08-23,A,2.0,12,6,106
2024-08-23,A,2.5,4,2,0
2024-08-23,A,2.5,5,2,1
2024-08-23,A,2.5,6,2,1
2024-08-23,A,2.5,7,2,1
2024-08-23,A,2.5,8,2,6
2024-08-23,A,2.5,9,2,12
2024-08-23,A,2.5,10,2,15
2024-08-23,A,2.5,11,2,22
2024-08-23,A,2.5,12,2,28
2024-08-23,A,3.0,4,2,0
2024-08-23,A,3.0,5,2,0
2024-08-23,A,3.0,6,2,0
2024-08-23,A,3.0,7,2,0
2024-08-23,A,3.0,8,2,1
2024-08-23,A,3.0,9,2,2
2024-08-23,A,3.0,10,2,4
2024-08-23,A,3.0,11,2,4
2024-08-23,A,3.0,12,2,10
2024-08-23,A,3.5,4,2,0
2024-08-23,A,3.5,5,2,0
2024-08-23,A,3.5,6,2,0
2024-08-23,A,3.5,7,2,0
2024-08-23,A,3.5,8,2,0
2024-08-23,A,3.5,9,2,0
2024-08-23,A,3.5,10,2,2
2024-08-23,A,3.5,11,2,3
2024-08-23,A,3.5,12,2,3
2024-08-23,A,4.0,4,1,0
2024-08-23,A,4.0,5,1,0
2024-08-23,A,4.0,6,1,0
2024-08-23,A,4.0,7,1,0
2024-08-23,A,4.0,8,1,0
2024-08-23,A,4.0,9,1,0
2024-08-23,A,4.0,10,1,0
2024-08-23,A,4.0,11,1,0
2024-08-23,A,4.0,12,1,0
2025-06-14,A,1.0,4,8,22
2025-06-14,A,1.0,5,15,84
2025-06-14,A,1.0,6,0,376
2025-06-14,A,1.0,7,0,376
2025-06-14,A,1.0,8,0,376
2025-06-14,A,1.0,9,0,376
2025-06-14,A,1.0,10,0,376
2025-06-14,A,1.0,11,0,376
2025-06-14,A,1.0,12,0,376
2025-06-14,A,1.5,4,6,6
2025-06-14,A,1.5,5,6,11
2025-06-14,A,1.5,6,6,16
2025-06-14,A,1.5,7,6,40
2025-06-14,A,1.5,8,6,85
2025-06-14,A,1.5,9,9,153
2025-06-14,A,1.5,10,0,376
2025-06-14,A,1.5,11,0,376
2025-06-14,A,1.5,12,0,376
2025-06-14,A,2.0,4,4,3
2025-06-14,A,2.0,5,6,4
2025-06-14,A,2.0,6,6,5
2025-06-14,A,2.0,7,6,7
2025-06-14,A,2.0,8,6,15
2025-06-14,A,2.0,9,5,43
2025-06-14,A,2.0,10,6,61
2025-06-14,A,2.0,11,7,92
2025-06-14,A,2.0,12,7,120
2025-06-14,A,2.5,4,3,2
2025-06-14,A,2.5,5,3,3
2025-06-14,A,2.5,6,3,3
2025-06-14,A,2.5,7,3,3
2025-06-14,A,2.5,8,5,4
2025-06-14,A,2.5,9,6,4
2025-06-14,A,2.5,10,5,17
2025-06-14,A,2.5,11,5,20
2025-06-14,A,2.5,12,5,28
2025-06-14,A,3.0,4,3,2
2025-06-14,A,3.0,5,3,2
2025-06-14,A,3.0,6,3,2
2025-06-14,A,3.0,7,3,2
2025-06-14,A,3.0,8,3,2
2025-06-14,A,3.0,9,3,2
2025-06-14,A,3.0,10,4,3
2025-06-14,A,3.0,11,5,5
2025-06-14,A,3.0,12,5,5
2025-06-14,A,3.5,4,3,2
2025-06-14,A,3.5,5,3,2
2025-06-14,A,3.5,6,3,2
2025-06-14,A,3.5,7,3,2
2025-06-14,A,3.5,8,3,2
2025-06-14,A,3.5,9,3,2
2025-06-14,A,3.5,10,3,2
2025-06-14,A,3.5,11,3,3
2025-06-14,A,3.5,12,3,3
2025-06-14,A,4.0,4,2,0
2025-06-14,A,4.0,5,2,0
2025-06-14,A,4.0,6,2,0
2025-06-14,A,4.0,7,2,0
2025-06-14,A,4.0,8,2,0
2025-06-14,A,4.0,9,2,0
2025-06-14,A,4.0,10,2,0
2025-06-14,A,4.0,11,2,0
2025-06-14,A,4.0,12,2,0
2025-06-15,A,1.0,4,8,10
2025-06-15,A,1.0,5,17,66
2025-06-15,A,1.0,6,0,395
2025-06-15,A,1.0,7,0,395
2025-06-15,A,1.0,8,0,395
2025-06-15,A,1.0,9,0,395
2025-06-15,A,1.0,10,0,395
2025-06-15,A,1.0,11,0,395
2025-06-15,A,1.0,12,0,395
2025-06-15,A,1.5,4,6,4
2025-06-15,A,1.5,5,6,6
2025-06-15,A,1.5,6,7,6
2025-06-15,A,1.5,7,7,22
2025-06-15,A,1.5,8,6,67
2025-06-15,A,1.5,9,9,133
2025-06-15,A,1.5,10,0,395
2025-06-15,A,1.5,11,0,395
2025-06-15,A,1.5,12,0,395
2025-06-15,A,2.0,4,5,4
2025-06-15,A,2.0,5,6,4
2025-06-15,A,2.0,6,6,4
2025-06-15,A,2.0,7,6,4
2025-06-15,A,2.0,8,6,10
2025-06-15,A,2.0,9,7,20
2025-06-15,A,2.0,10,5,59
2025-06-15,A,2.0,11,6,81
2025-06-15,A,2.0,12,5,125
2025-06-15,A,2.5,4,4,1
2025-06-15,A,2.5,5,4,2
2025-06-15,A,2.5,6,4,2
2025-06-15,A,2.5,7,4,2
2025-06-15,A,2.5,8,4,2
2025-06-15,A,2.5,9,5,2
2025-06-15,A,2.5,10,6,2
2025-06-15,A,2.5,11,6,5
2025-06-15,A,2.5,12,6,6
2025-06-15,A,3.0,4,4,0
2025-06-15,A,3.0,5,4,0
2025-06-15,A,3.0,6,4,0
2025-06-15,A,3.0,7,4,0
2025-06-15,A,3.0,8,4,2
2025-06-15,A,3.0,9,4,2
2025-06-15,A,3.0,10,5,2
2025-06-15,A,3.0,11,5,2
2025-06-15,A,3.0,12,5,2
2025-06-15,A,3.5,4,4,0
2025-06-15,A,3.5,5,4,0
2025-06-15,A,3.5,6,4,0
2025-06-15,A,3.5,7,4,0
2025-06-15,A,3.5,8,4,0
2025-06-15,A,3.5,9,4,0
2025-06-15,A,3.5,10,4,1
2025-06-15,A,3.5,11,4,1
2025-06-15,A,3.5,12,4,1
2025-06-15,A,4.0,4,4,0
2025-06-15,A,4.0,5,4,0
2025-06-15,A,4.0,6,4,0
2025-06-15,A,4.0,7,4,0
2025-06-15,A,4.0,8,4,0
2025-06-15,A,4.0,9,4,0
2025-06-15,A,4.0,10,4,0
2025-06-15,A,4.0,11,4,0
2025-06-15,A,4.0,12,4,0
2025-07-14,A,1.0,4,9,25
2025-07-14,A,1.0,5,20,85
2025-07-14,A,1.0,6,0,395
2025-07-14,A,1.0,7,0,395
2025-07-14,A,1.0,8,0,395
2025-07-14,A,1.0,9,0,395
2025-07-14,A,1.0,10,0,395
2025-07-14,A,1.0,11,0,395
2025-07-14,A,1.0,12,0,395
2025-07-14,A,1.5,4,4,13
2025-07-14,A,1.5,5,3,23
2025-07-14,A,1.5,6,4,28
2025-07-14,A,1.5,7,4,45
2025-07-14,A,1.5,8,4,92
2025-07-14,A,1.5,9,9,151
2025-07-14,A,1.5,10,0,395
2025-07-14,A,1.5,11,0,395
2025-07-14,A,1.5,12,0,395
2025-07-14,A,2.0,4,2,10
2025-07-14,A,2.0,5,2,10
2025-07-14,A,2.0,6,2,17
2025-07-14,A,2.0,7,2,20
2025-07-14,A,2.0,8,3,35
2025-07-14,A,2.0,9,2,53
2025-07-14,A,2.0,10,2,65
2025-07-14,A,2.0,11,4,93
2025-07-14,A,2.0,12,7,136
2025-07-14,A,2.5,4,1,9
2025-07-14,A,2.5,5,1,9
2025-07-14,A,2.5,6,1,9
2025-07-14,A,2.5,7,1,12
2025-07-14,A,2.5,8,1,13
2025-07-14,A,2.5,9,1,24
2025-07-14,A,2.5,10,1,29
2025-07-14,A,2.5,11,2,35
2025-07-14,A,2.5,12,2,44
2025-07-14,A,3.0,4,2,4
2025-07-14,A,3.0,5,1,9
2025-07-14,A,3.0,6,1,9
2025-07-14,A,3.0,7,1,9
2025-07-14,A,3.0,8,1,9
2025-07-14,A,3.0,9,1,10
2025-07-14,A,3.0,10,1,11
2025-07-14,A,3.0,11,1,13
2025-07-14,A,3.0,12,1,16
2025-07-14,A,3.5,4,2,3
2025-07-14,A,3.5,5,2,3
2025-07-14,A,3.5,6,1,8
2025-07-14,A,3.5,7,1,8
2025-07-14,A,3.5,8,1,8
2025-07-14,A,3.5,9,1,8
2025-07-14,A,3.5,10,1,10
2025-07-14,A,3.5,11,1,10
2025-07-14,A,3.5,12,1,10
2025-07-14,A,4.0,4,2,3
2025-07-14,A,4.0,5,2,3
2025-07-14,A,4.0,6,1,8
2025-07-14,A,4.0,7,1,8
2025-07-14,A,4.0,8,1,8
2025-07-14,A,4.0,9,1,8
2025-07-14,A,4.0,10,1,8
2025-07-14,A,4.0,11,1,8
2025-07-14,A,4.0,12,1,8
2025-07-15,A,1.0,4,13,45
2025-07-15,A,1.0,5,15,103
2025-07-15,A,1.0,6,0,373
2025-07-15,A,1.0,7,0,373
2025-07-15,A,1.0,8,0,373
2025-07-15,A,1.0,9,0,373
2025-07-15,A,1.0,10,0,373
2025-07-15,A,1.0,11,0,373
2025-07-15,A,1.0,12,0,373
2025-07-15,A,1.5,4,6,21
2025-07-15,A,1.5,5,6,34
2025-07-15,A,1.5,6,5,49
2025-07-15,A,1.5,7,5,72
2025-07-15,A,1.5,8,6,108
2025-07-15,A,1.5,9,6,159
2025-07-15,A,1.5,10,0,373
2025-07-15,A,1.5,11,0,373
2025-07-15,A,1.5,12,0,373
2025-07-15,A,2.0,4,3,15
2025-07-15,A,2.0,5,3,21
2025-07-15,A,2.0,6,4,26
2025-07-15,A,2.0,7,4,32
2025-07-15,A,2.0,8,5,43
2025-07-15,A,2.0,9,4,73
2025-07-15,A,2.0,10,4,81
2025-07-15,A,2.0,11,6,105
2025-07-15,A,2.0,12,5,158
2025-07-15,A,2.5,4,2,14
2025-07-15,A,2.5,5,2,15
2025-07-15,A,2.5,6,1,21
2025-07-15,A,2.5,7,2,21
2025-07-15,A,2.5,8,3,21
2025-07-15,A,2.5,9,4,24
2025-07-15,A,2.5,10,3,40
2025-07-15,A,2.5,11,4,49
2025-07-15,A,2.5,12,4,54
2025-07-15,A,3.0,4,3,7
2025-07-15,A,3.0,5,2,12
2025-07-15,A,3.0,6,1,18
2025-07-15,A,3.0,7,1,18
2025-07-15,A,3.0,8,1,20
2025-07-15,A,3.0,9,1,20
2025-07-15,A,3.0,10,2,20
2025-07-15,A,3.0,11,3,22
2025-07-15,A,3.0,12,3,24
2025-07-15,A,3.5,4,1,7
2025-07-15,A,3.5,5,2,7
2025-07-15,A,3.5,6,1,12
2025-07-15,A,3.5,7,1,17
2025-07-15,A,3.5,8,1,17
2025-07-15,A,3.5,9,1,18
2025-07-15,A,3.5,10,1,18
2025-07-15,A,3.5,11,1,19
2025-07-15,A,3.5,12,1,19
2025-07-15,A,4.0,4,1,7
2025-07-15,A,4.0,5,1,7
2025-07-15,A,4.0,6,2,7
2025-07-15,A,4.0,7,1,17
2025-07-15,A,4.0,8,1,17
2025-07-15,A,4.0,9,1,17
2025-07-15,A,4.0,10,1,17
2025-07-15,A,4.0,11,1,17
2025-07-15,A,4.0,12,1,17
2025-07-16,A,1.0,4,13,30
2025-07-16,A,1.0,5,13,107
2025-07-16,A,1.0,6,0,396
2025-07-16,A,1.0,7,0,396
2025-07-16,A,1.0,8,0,396
2025-07-16,A,1.0,9,0,396
2025-07-16,A,1.0,10,0,396
2025-07-16,A,1.0,11,0,396
2025-07-16,A,1.0,12,0,396
2025-07-16,A,1.5,4,8,11
2025-07-16,A,1.5,5,8,17
2025-07-16,A,1.5,6,8,25
2025-07-16,A,1.5,7,7,57
2025-07-16,A,1.5,8,7,97
2025-07-16,A,1.5,9,5,146
2025-07-16,A,1.5,10,0,396
2025-07-16,A,1.5,11,0,396
2025-07-16,A,1.5,12,0,396
2025-07-16,A,2.0,4,5,7
2025-07-16,A,2.0,5,5,9
2025-07-16,A,2.0,6,6,9
2025-07-16,A,2.0,7,6,21
2025-07-16,A,2.0,8,7,30
2025-07-16,A,2.0,9,6,62
2025-07-16,A,2.0,10,6,85
2025-07-16,A,2.0,11,5,117
2025-07-16,A,2.0,12,3,161
2025-07-16,A,2.5,4,4,6
2025-07-16,A,2.5,5,4,7
2025-07-16,A,2.5,6,4,8
2025-07-16,A,2.5,7,4,14
2025-07-16,A,2.5,8,4,15
2025-07-16,A,2.5,9,4,17
2025-07-16,A,2.5,10,5,29
2025-07-16,A,2.5,11,5,39
2025-07-16,A,2.5,12,5,48
2025-07-16,A,3.0,4,2,5
2025-07-16,A,3.0,5,2,5
2025-07-16,A,3.0,6,3,5
2025-07-16,A,3.0,7,2,11
2025-07-16,A,3.0,8,3,13
2025-07-16,A,3.0,9,3,13
2025-07-16,A,3.0,10,4,13
2025-07-16,A,3.0,11,4,14
2025-07-16,A,3.0,12,4,16
2025-07-16,A,3.5,4,2,5
2025-07-16,A,3.5,5,2,5
2025-07-16,A,3.5,6,2,5
2025-07-16,A,3.5,7,1,11
2025-07-16,A,3.5,8,1,11
2025-07-16,A,3.5,9,1,12
2025-07-16,A,3.5,10,2,12
2025-07-16,A,3.5,11,3,13
2025-07-16,A,3.5,12,3,13
2025-07-16,A,4.0,4,2,5
2025-07-16,A,4.0,5,2,5
2025-07-16,A,4.0,6,2,5
2025-07-16,A,4.0,7,1,11
2025-07-16,A,4.0,8,1,11
2025-07-16,A,4.0,9,1,11
2025-07-16,A,4.0,10,1,11
2025-07-16,A,4.0,11,1,11
2025-07-16,A,4.0,12,1,12
2025-07-17,A,1.0,4,12,27
2025-07-17,A,1.0,5,14,96
2025-07-17,A,1.0,6,0,475
2025-07-17,A,1.0,7,0,475
2025-07-17,A,1.0,8,0,475
2025-07-17,A,1.0,9,0,475
2025-07-17,A,1.0,10,0,475
2025-07-17,A,1.0,11,0,475
2025-07-17,A,1.0,12,0,475
2025-07-17,A,1.5,4,6,3
2025-07-17,A,1.5,5,7,15
2025-07-17,A,1.5,6,8,26
2025-07-17,A,1.5,7,5,54
2025-07-17,A,1.5,8,6,80
2025-07-17,A,1.5,9,6,155
2025-07-17,A,1.5,10,0,475
2025-07-17,A,1.5,11,0,475
2025-07-17,A,1.5,12,0,475
2025-07-17,A,2.0,4,5,1
2025-07-17,A,2.0,5,4,9
2025-07-17,A,2.0,6,4,10
2025-07-17,A,2.0,7,6,18
2025-07-17,A,2.0,8,5,37
2025-07-17,A,2.0,9,5,45
2025-07-17,A,2.0,10,7,59
2025-07-17,A,2.0,11,4,115
2025-07-17,A,2.0,12,3,169
2025-07-17,A,2.5,4,4,0
2025-07-17,A,2.5,5,4,0
2025-07-17,A,2.5,6,3,7
2025-07-17,A,2.5,7,2,13
2025-07-17,A,2.5,8,2,13
2025-07-17,A,2.5,9,3,20
2025-07-17,A,2.5,10,3,23
2025-07-17,A,2.5,11,4,27
2025-07-17,A,2.5,12,4,30
2025-07-17,A,3.0,4,2,0
2025-07-17,A,3.0,5,2,0
2025-07-17,A,3.0,6,3,0
2025-07-17,A,3.0,7,2,6
2025-07-17,A,3.0,8,1,12
2025-07-17,A,3.0,9,1,13
2025-07-17,A,3.0,10,1,13
2025-07-17,A,3.0,11,1,13
2025-07-17,A,3.0,12,2,19
2025-07-17,A,3.5,4,2,0
2025-07-17,A,3.5,5,2,0
2025-07-17,A,3.5,6,2,0
2025-07-17,A,3.5,7,2,6
2025-07-17,A,3.5,8,1,12
2025-07-17,A,3.5,9,1,12
2025-07-17,A,3.5,10,1,12
2025-07-17,A,3.5,11,1,12
2025-07-17,A,3.5,12,1,12
2025-07-17,A,4.0,4,2,0
2025-07-17,A,4.0,5,2,0
2025-07-17,A,4.0,6,2,0
2025-07-17,A,4.0,7,1,6
2025-07-17,A,4.0,8,1,8
2025-07-17,A,4.0,9,1,8
2025-07-17,A,4.0,10,1,8
2025-07-17,A,4.0,11,1,12
2025-07-17,A,4.0,12,1,12
2025-07-18,A,1.0,4,12,43
2025-07-18,A,1.0,5,15,104
2025-07-18,A,1.0,6,0,462
2025-07-18,A,1.0,7,0,462
2025-07-18,A,1.0,8,0,462
2025-07-18,A,1.0,9,0,462
2025-07-18,A,1.0,10,0,462
2025-07-18,A,1.0,11,0,462
2025-07-18,A,1.0,12,0,462
2025-07-18,A,1.5,4,9,17
2025-07-18,A,1.5,5,7,32
2025-07-18,A,1.5,6,8,43
2025-07-18,A,1.5,7,6,65
2025-07-18,A,1.5,8,7,88
2025-07-18,A,1.5,9,6,162
2025-07-18,A,1.5,10,0,462
2025-07-18,A,1.5,11,0,462
2025-07-18,A,1.5,12,0,462
2025-07-18,A,2.0,4,4,11
2025-07-18,A,2.0,5,4,18
2025-07-18,A,2.0,6,5,27
2025-07-18,A,2.0,7,7,28
2025-07-18,A,2.0,8,7,42
2025-07-18,A,2.0,9,5,67
2025-07-18,A,2.0,10,6,82
2025-07-18,A,2.0,11,5,116
2025-07-18,A,2.0,12,5,169
2025-07-18,A,2.5,4,4,1
2025-07-18,A,2.5,5,2,9
2025-07-18,A,2.5,6,2,11
2025-07-18,A,2.5,7,3,13
2025-07-18,A,2.5,8,3,18
2025-07-18,A,2.5,9,4,26
2025-07-18,A,2.5,10,3,41
2025-07-18,A,2.5,11,5,51
2025-07-18,A,2.5,12,5,54
2025-07-18,A,3.0,4,3,1
2025-07-18,A,3.0,5,1,9
2025-07-18,A,3.0,6,1,9
2025-07-18,A,3.0,7,1,11
2025-07-18,A,3.0,8,1,11
2025-07-18,A,3.0,9,1,13
2025-07-18,A,3.0,10,2,14
2025-07-18,A,3.0,11,2,18
2025-07-18,A,3.0,12,2,27
2025-07-18,A,3.5,4,2,1
2025-07-18,A,3.5,5,1,5
2025-07-18,A,3.5,6,1,8
2025-07-18,A,3.5,7,1,9
2025-07-18,A,3.5,8,1,9
2025-07-18,A,3.5,9,1,9
2025-07-18,A,3.5,10,1,9
2025-07-18,A,3.5,11,1,11
2025-07-18,A,3.5,12,1,11
2025-07-18,A,4.0,4,2,1
2025-07-18,A,4.0,5,1,5
2025-07-18,A,4.0,6,1,5
2025-07-18,A,4.0,7,1,8
2025-07-18,A,4.0,8,1,8
2025-07-18,A,4.0,9,1,8
2025-07-18,A,4.0,10,1,8
2025-07-18,A,4.0,11,1,8
2025-07-18,A,4.0,12,1,8
2025-07-19,A,1.0,4,15,37
2025-07-19,A,1.0,5,17,116
2025-07-19,A,1.0,6,0,433
2025-07-19,A,1.0,7,0,433
2025-07-19,A,1.0,8,0,433
2025-07-19,A,1.0,9,0,433
2025-07-19,A,1.0,10,0,433
2025-07-19,A,1.0,11,0,433
2025-07-19,A,1.0,12,0,433
2025-07-19,A,1.5,4,9,16
2025-07-19,A,1.5,5,9,25
2025-07-19,A,1.5,6,9,41
2025-07-19,A,1.5,7,8,69
2025-07-19,A,1.5,8,9,98
2025-07-19,A,1.5,9,7,188
2025-07-19,A,1.5,10,0,433
2025-07-19,A,1.5,11,0,433
2025-07-19,A,1.5,12,0,433
2025-07-19,A,2.0,4,6,8
2025-07-19,A,2.0,5,5,12
2025-07-19,A,2.0,6,6,21
2025-07-19,A,2.0,7,7,30
2025-07-19,A,2.0,8,8,43
2025-07-19,A,2.0,9,7,58
2025-07-19,A,2.0,10,8,81
2025-07-19,A,2.0,11,6,146
2025-07-19,A,2.0,12,4,208
2025-07-19,A,2.5,4,4,2
2025-07-19,A,2.5,5,4,2
2025-07-19,A,2.5,6,4,6
2025-07-19,A,2.5,7,4,11
2025-07-19,A,2.5,8,4,19
2025-07-19,A,2.5,9,2,37
2025-07-19,A,2.5,10,3,39
2025-07-19,A,2.5,11,5,41
2025-07-19,A,2.5,12,7,47
2025-07-19,A,3.0,4,3,0
2025-07-19,A,3.0,5,4,0
2025-07-19,A,3.0,6,4,0
2025-07-19,A,3.0,7,4,0
2025-07-19,A,3.0,8,4,4
2025-07-19,A,3.0,9,3,16
2025-07-19,A,3.0,10,3,21
2025-07-19,A,3.0,11,2,32
2025-07-19,A,3.0,12,2,34
2025-07-19,A,3.5,4,2,0
2025-07-19,A,3.5,5,2,0
2025-07-19,A,3.5,6,2,0
2025-07-19,A,3.5,7,2,0
2025-07-19,A,3.5,8,4,3
2025-07-19,A,3.5,9,3,11
2025-07-19,A,3.5,10,3,13
2025-07-19,A,3.5,11,3,14
2025-07-19,A,3.5,12,2,23
2025-07-19,A,4.0,4,2,0
2025-07-19,A,4.0,5,2,0
2025-07-19,A,4.0,6,2,0
2025-07-19,A,4.0,7,2,0
2025-07-19,A,4.0,8,2,0
2025-07-19,A,4.0,9,2,8
2025-07-19,A,4.0,10,2,11
2025-07-19,A,4.0,11,2,12
2025-07-19,A,4.0,12,2,13
2025-07-20,A,1.0,4,17,28
2025-07-20,A,1.0,5,23,99
2025-07-20,A,1.0,6,0,451
2025-07-20,A,1.0,7,0,451
2025-07-20,A,1.0,8,0,451
2025-07-20,A,1.0,9,0,451
2025-07-20,A,1.0,10,0,451
2025-07-20,A,1.0,11,0,451
2025-07-20,A,1.0,12,0,451
2025-07-20,A,1.5,4,10,9
2025-07-20,A,1.5,5,10,16
2025-07-20,A,1.5,6,10,36
2025-07-20,A,1.5,7,10,54
2025-07-20,A,1.5,8,11,88
2025-07-20,A,1.5,9,9,187
2025-07-20,A,1.5,10,0,451
2025-07-20,A,1.5,11,0,451
2025-07-20,A,1.5,12,0,451
2025-07-20,A,2.0,4,7,5
2025-07-20,A,2.0,5,8,6
2025-07-20,A,2.0,6,9,15
2025-07-20,A,2.0,7,8,24
2025-07-20,A,2.0,8,8,36
2025-07-20,A,2.0,9,8,48
2025-07-20,A,2.0,10,8,67
2025-07-20,A,2.0,11,8,116
2025-07-20,A,2.0,12,6,199
2025-07-20,A,2.5,4,5,4
2025-07-20,A,2.5,5,5,4
2025-07-20,A,2.5,6,5,4
2025-07-20,A,2.5,7,7,5
2025-07-20,A,2.5,8,6,17
2025-07-20,A,2.5,9,7,19
2025-07-20,A,2.5,10,8,23
2025-07-20,A,2.5,11,7,37
2025-07-20,A,2.5,12,7,47
2025-07-20,A,3.0,4,5,1
2025-07-20,A,3.0,5,5,2
2025-07-20,A,3.0,6,5,3
2025-07-20,A,3.0,7,5,3
2025-07-20,A,3.0,8,5,3
2025-07-20,A,3.0,9,5,6
2025-07-20,A,3.0,10,6,7
2025-07-20,A,3.0,11,5,23
2025-07-20,A,3.0,12,5,24
2025-07-20,A,3.5,4,2,1
2025-07-20,A,3.5,5,2,1
2025-07-20,A,3.5,6,2,1
2025-07-20,A,3.5,7,2,2
2025-07-20,A,3.5,8,5,2
2025-07-20,A,3.5,9,5,2
2025-07-20,A,3.5,10,5,2
2025-07-20,A,3.5,11,4,13
2025-07-20,A,3.5,12,4,13
2025-07-20,A,4.0,4,2,1
2025-07-20,A,4.0,5,2,1
2025-07-20,A,4.0,6,2,1
2025-07-20,A,4.0,7,2,1
2025-07-20,A,4.0,8,2,2
2025-07-20,A,4.0,9,3,2
2025-07-20,A,4.0,10,4,2
2025-07-20,A,4.0,11,3,12
2025-07-20,A,4.0,12,4,12
2025-07-21,A,1.0,4,16,34
2025-07-21,A,1.0,5,16,119
2025-07-21,A,1.0,6,0,533
2025-07-21,A,1.0,7,0,533
2025-07-21,A,1.0,8,0,533
2025-07-21,A,1.0,9,0,533
2025-07-21,A,1.0,10,0,533
2025-07-21,A,1.0,11,0,533
2025-07-21,A,1.0,12,0,533
2025-07-21,A,1.5,4,9,7
2025-07-21,A,1.5,5,10,20
2025-07-21,A,1.5,6,8,44
2025-07-21,A,1.5,7,9,61
2025-07-21,A,1.5,8,10,95
2025-07-21,A,1.5,9,8,181
2025-07-21,A,1.5,10,0,533
2025-07-21,A,1.5,11,0,533
2025-07-21,A,1.5,12,0,533
2025-07-21,A,2.0,4,5,3
2025-07-21,A,2.0,5,7,10
2025-07-21,A,2.0,6,7,16
2025-07-21,A,2.0,7,6,28
2025-07-21,A,2.0,8,8,40
2025-07-21,A,2.0,9,8,51
2025-07-21,A,2.0,10,8,74
2025-07-21,A,2.0,11,7,111
2025-07-21,A,2.0,12,7,164
2025-07-21,A,2.5,4,4,3
2025-07-21,A,2.5,5,4,3
2025-07-21,A,2.5,6,4,3
2025-07-21,A,2.5,7,5,5
2025-07-21,A,2.5,8,5,17
2025-07-21,A,2.5,9,6,21
2025-07-21,A,2.5,10,6,25
2025-07-21,A,2.5,11,6,25
2025-07-21,A,2.5,12,6,42
2025-07-21,A,3.0,4,4,1
2025-07-21,A,3.0,5,4,1
2025-07-21,A,3.0,6,4,2
2025-07-21,A,3.0,7,4,2
2025-07-21,A,3.0,8,4,2
2025-07-21,A,3.0,9,4,6
2025-07-21,A,3.0,10,4,8
2025-07-21,A,3.0,11,5,11
2025-07-21,A,3.0,12,4,25
2025-07-21,A,3.5,4,2,1
2025-07-21,A,3.5,5,2,1
2025-07-21,A,3.5,6,2,2
2025-07-21,A,3.5,7,2,2
2025-07-21,A,3.5,8,4,2
2025-07-21,A,3.5,9,4,2
2025-07-21,A,3.5,10,4,2
2025-07-21,A,3.5,11,4,3
2025-07-21,A,3.5,12,3,14
2025-07-21,A,4.0,4,2,1
2025-07-21,A,4.0,5,2,1
2025-07-21,A,4.0,6,2,1
2025-07-21,A,4.0,7,2,1
2025-07-21,A,4.0,8,2,2
2025-07-21,A,4.0,9,3,2
2025-07-21,A,4.0,10,3,2
2025-07-21,A,4.0,11,3,2
2025-07-21,A,4.0,12,3,13
2025-07-22,A,1.0,4,11,31
2025-07-22,A,1.0,5,11,108
2025-07-22,A,1.0,6,0,746
2025-07-22,A,1.0,7,0,746
2025-07-22,A,1.0,8,0,746
2025-07-22,A,1.0,9,0,746
2025-07-22,A,1.0,10,0,746
2025-07-22,A,1.0,11,0,746
2025-07-22,A,1.0,12,0,746
2025-07-22,A,1.5,4,6,3
2025-07-22,A,1.5,5,8,11
2025-07-22,A,1.5,6,6,39
2025-07-22,A,1.5,7,8,47
2025-07-22,A,1.5,8,7,91
2025-07-22,A,1.5,9,7,147
2025-07-22,A,1.5,10,0,746
2025-07-22,A,1.5,11,0,746
2025-07-22,A,1.5,12,0,746
2025-07-22,A,2.0,4,4,2
2025-07-22,A,2.0,5,5,5
2025-07-22,A,2.0,6,4,18
2025-07-22,A,2.0,7,4,20
2025-07-22,A,2.0,8,5,34
2025-07-22,A,2.0,9,7,48
2025-07-22,A,2.0,10,4,94
2025-07-22,A,2.0,11,6,106
2025-07-22,A,2.0,12,4,153
2025-07-22,A,2.5,4,2,0
2025-07-22,A,2.5,5,2,0
2025-07-22,A,2.5,6,2,1
2025-07-22,A,2.5,7,2,4
2025-07-22,A,2.5,8,3,13
2025-07-22,A,2.5,9,2,21
2025-07-22,A,2.5,10,3,24
2025-07-22,A,2.5,11,2,35
2025-07-22,A,2.5,12,2,37
2025-07-22,A,3.0,4,2,0
2025-07-22,A,3.0,5,2,0
2025-07-22,A,3.0,6,2,0
2025-07-22,A,3.0,7,2,0
2025-07-22,A,3.0,8,2,0
2025-07-22,A,3.0,9,2,3
2025-07-22,A,3.0,10,2,10
2025-07-22,A,3.0,11,1,23
2025-07-22,A,3.0,12,1,25
2025-07-22,A,3.5,4,2,0
2025-07-22,A,3.5,5,2,0
2025-07-22,A,3.5,6,2,0
2025-07-22,A,3.5,7,2,0
2025-07-22,A,3.5,8,2,0
2025-07-22,A,3.5,9,2,3
2025-07-22,A,3.5,10,2,3
2025-07-22,A,3.5,11,1,13
2025-07-22,A,3.5,12,1,16
2025-07-22,A,4.0,4,2,0
2025-07-22,A,4.0,5,2,0
2025-07-22,A,4.0,6,2,0
2025-07-22,A,4.0,7,2,0
2025-07-22,A,4.0,8,2,0
2025-07-22,A,4.0,9,2,0
2025-07-22,A,4.0,10,2,0
2025-07-22,A,4.0,11,1,11
2025-07-22,A,4.0,12,1,12
2025-07-23,A,1.0,4,17,19
2025-07-23,A,1.0,5,16,94
2025-07-23,A,1.0,6,0,798
2025-07-23,A,1.0,7,0,798
2025-07-23,A,1.0,8,0,798
2025-07-23,A,1.0,9,0,798
2025-07-23,A,1.0,10,0,798
2025-07-23,A,1.0,11,0,798
2025-07-23,A,1.0,12,0,798
2025-07-23,A,1.5,4,8,5
2025-07-23,A,1.5,5,8,9
2025-07-23,A,1.5,6,7,22
2025-07-23,A,1.5,7,8,51
2025-07-23,A,1.5,8,8,91
2025-07-23,A,1.5,9,7,159
2025-07-23,A,1.5,10,0,798
2025-07-23,A,1.5,11,0,798
2025-07-23,A,1.5,12,0,798
2025-07-23,A,2.0,4,5,2
2025-07-23,A,2.0,5,5,2
2025-07-23,A,2.0,6,6,3
2025-07-23,A,2.0,7,6,15
2025-07-23,A,2.0,8,5,32
2025-07-23,A,2.0,9,6,42
2025-07-23,A,2.0,10,8,60
2025-07-23,A,2.0,11,7,102
2025-07-23,A,2.0,12,3,165
2025-07-23,A,2.5,4,3,1
2025-07-23,A,2.5,5,3,1
2025-07-23,A,2.5,6,3,1
2025-07-23,A,2.5,7,3,1
2025-07-23,A,2.5,8,2,9
2025-07-23,A,2.5,9,3,10
2025-07-23,A,2.5,10,3,16
2025-07-23,A,2.5,11,4,25
2025-07-23,A,2.5,12,5,28
2025-07-23,A,3.0,4,2,0
2025-07-23,A,3.0,5,2,1
2025-07-23,A,3.0,6,2,1
2025-07-23,A,3.0,7,2,1
2025-07-23,A,3.0,8,2,1
2025-07-23,A,3.0,9,2,7
2025-07-23,A,3.0,10,2,7
2025-07-23,A,3.0,11,2,7
2025-07-23,A,3.0,12,2,10
2025-07-23,A,3.5,4,2,0
2025-07-23,A,3.5,5,2,0
2025-07-23,A,3.5,6,2,0
2025-07-23,A,3.5,7,2,0
2025-07-23,A,3.5,8,2,0
2025-07-23,A,3.5,9,2,0
2025-07-23,A,3.5,10,2,0
2025-07-23,A,3.5,11,2,5
2025-07-23,A,3.5,12,2,5
2025-07-23,A,4.0,4,2,0
2025-07-23,A,4.0,5,2,0
2025-07-23,A,4.0,6,2,0
2025-07-23,A,4.0,7,2,0
2025-07-23,A,4.0,8,2,0
2025-07-23,A,4.0,9,2,0
2025-07-23,A,4.0,10,2,0
2025-07-23,A,4.0,11,2,0
2025-07-23,A,4.0,12,2,0
2025-07-24,A,1.0,4,10,26
2025-07-24,A,1.0,5,15,95
2025-07-24,A,1.0,6,0,830
2025-07-24,A,1.0,7,0,830
2025-07-24,A,1.0,8,0,830
2025-07-24,A,1.0,9,0,830
2025-07-24,A,1.0,10,0,830
2025-07-24,A,1.0,11,0,830
2025-07-24,A,1.0,12,0,830
2025-07-24,A,1.5,4,9,5
2025-07-24,A,1.5,5,8,13
2025-07-24,A,1.5,6,7,32
2025-07-24,A,1.5,7,6,50
2025-07-24,A,1.5,8,7,71
2025-07-24,A,1.5,9,8,154
2025-07-24,A,1.5,10,0,830
2025-07-24,A,1.5,11,0,830
2025-07-24,A,1.5,12,0,830
2025-07-24,A,2.0,4,4,2
2025-07-24,A,2.0,5,4,5
2025-07-24,A,2.0,6,6,12
2025-07-24,A,2.0,7,4,29
2025-07-24,A,2.0,8,5,35
2025-07-24,A,2.0,9,4,56
2025-07-24,A,2.0,10,5,62
2025-07-24,A,2.0,11,6,82
2025-07-24,A,2.0,12,4,149
2025-07-24,A,2.5,4,2,0
2025-07-24,A,2.5,5,2,0
2025-07-24,A,2.5,6,3,1
2025-07-24,A,2.5,7,2,11
2025-07-24,A,2.5,8,3,13
2025-07-24,A,2.5,9,3,13
2025-07-24,A,2.5,10,3,19
2025-07-24,A,2.5,11,2,34
2025-07-24,A,2.5,12,4,42
2025-07-24,A,3.0,4,1,0
2025-07-24,A,3.0,5,1,0
2025-07-24,A,3.0,6,2,0
2025-07-24,A,3.0,7,2,0
2025-07-24,A,3.0,8,1,6
2025-07-24,A,3.0,9,2,8
2025-07-24,A,3.0,10,2,10
2025-07-24,A,3.0,11,2,10
2025-07-24,A,3.0,12,2,19
2025-07-24,A,3.5,4,1,0
2025-07-24,A,3.5,5,1,0
2025-07-24,A,3.5,6,1,0
2025-07-24,A,3.5,7,1,0
2025-07-24,A,3.5,8,1,6
2025-07-24,A,3.5,9,1,7
2025-07-24,A,3.5,10,1,7
2025-07-24,A,3.5,11,1,7
2025-07-24,A,3.5,12,1,8
2025-07-24,A,4.0,4,1,0
2025-07-24,A,4.0,5,1,0
2025-07-24,A,4.0,6,1,0
2025-07-24,A,4.0,7,1,0
2025-07-24,A,4.0,8,1,0
2025-07-24,A,4.0,9,1,3
2025-07-24,A,4.0,10,1,3
2025-07-24,A,4.0,11,1,4
2025-07-24,A,4.0,12,1,4
2025-07-25,A,1.0,4,9,27
2025-07-25,A,1.0,5,13,83
2025-07-25,A,1.0,6,0,775
2025-07-25,A,1.0,7,0,775
2025-07-25,A,1.0,8,0,775
2025-07-25,A,1.0,9,0,775
2025-07-25,A,1.0,10,0,775
2025-07-25,A,1.0,11,0,775
2025-07-25,A,1.0,12,0,775
2025-07-25,A,1.5,4,6,9
2025-07-25,A,1.5,5,6,13
2025-07-25,A,1.5,6,3,41
2025-07-25,A,1.5,7,2,52
2025-07-25,A,1.5,8,4,74
2025-07-25,A,1.5,9,9,132
2025-07-25,A,1.5,10,0,775
2025-07-25,A,1.5,11,0,775
2025-07-25,A,1.5,12,0,775
2025-07-25,A,2.0,4,4,5
2025-07-25,A,2.0,5,4,7
2025-07-25,A,2.0,6,5,8
2025-07-25,A,2.0,7,4,19
2025-07-25,A,2.0,8,2,41
2025-07-25,A,2.0,9,2,45
2025-07-25,A,2.0,10,3,58
2025-07-25,A,2.0,11,5,70
2025-07-25,A,2.0,12,6,122
2025-07-25,A,2.5,4,4,3
2025-07-25,A,2.5,5,4,3
2025-07-25,A,2.5,6,4,4
2025-07-25,A,2.5,7,3,11
2025-07-25,A,2.5,8,3,14
2025-07-25,A,2.5,9,2,28
2025-07-25,A,2.5,10,2,30
2025-07-25,A,2.5,11,2,34
2025-07-25,A,2.5,12,2,37
2025-07-25,A,3.0,4,3,0
2025-07-25,A,3.0,5,3,0
2025-07-25,A,3.0,6,3,0
2025-07-25,A,3.0,7,3,1
2025-07-25,A,3.0,8,3,8
2025-07-25,A,3.0,9,2,16
2025-07-25,A,3.0,10,2,17
2025-07-25,A,3.0,11,2,22
2025-07-25,A,3.0,12,2,23
2025-07-25,A,3.5,4,2,0
2025-07-25,A,3.5,5,2,0
2025-07-25,A,3.5,6,3,0
2025-07-25,A,3.5,7,3,0
2025-07-25,A,3.5,8,2,7
2025-07-25,A,3.5,9,2,7
2025-07-25,A,3.5,10,2,10
2025-07-25,A,3.5,11,2,17
2025-07-25,A,3.5,12,2,19
2025-07-25,A,4.0,4,1,0
2025-07-25,A,4.0,5,1,0
2025-07-25,A,4.0,6,1,0
2025-07-25,A,4.0,7,1,0
2025-07-25,A,4.0,8,2,0
2025-07-25,A,4.0,9,2,5
2025-07-25,A,4.0,10,2,5
2025-07-25,A,4.0,11,2,6
2025-07-25,A,4.0,12,2,6
2025-07-26,A,1.0,4,7,25
2025-07-26,A,1.0,5,12,75
2025-07-26,A,1.0,6,0,730
2025-07-26,A,1.0,7,0,730
2025-07-26,A,1.0,8,0,730
2025-07-26,A,1.0,9,0,730
2025-07-26,A,1.0,10,0,730
2025-07-26,A,1.0,11,0,730
2025-07-26,A,1.0,12,0,730
2025-07-26,A,1.5,4,5,6
2025-07-26,A,1.5,5,5,10
2025-07-26,A,1.5,6,3,30
2025-07-26,A,1.5,7,4,37
2025-07-26,A,1.5,8,5,60
2025-07-26,A,1.5,9,6,129
2025-07-26,A,1.5,10,0,730
2025-07-26,A,1.5,11,0,730
2025-07-26,A,1.5,12,0,730
2025-07-26,A,2.0,4,4,4
2025-07-26,A,2.0,5,4,5
2025-07-26,A,2.0,6,4,11
2025-07-26,A,2.0,7,3,22
2025-07-26,A,2.0,8,2,32
2025-07-26,A,2.0,9,2,37
2025-07-26,A,2.0,10,3,42
2025-07-26,A,2.0,11,4,69
2025-07-26,A,2.0,12,4,120
2025-07-26,A,2.5,4,3,3
2025-07-26,A,2.5,5,3,3
2025-07-26,A,2.5,6,3,4
2025-07-26,A,2.5,7,2,10
2025-07-26,A,2.5,8,3,17
2025-07-26,A,2.5,9,2,25
2025-07-26,A,2.5,10,2,27
2025-07-26,A,2.5,11,2,29
2025-07-26,A,2.5,12,2,31
2025-07-26,A,3.0,4,3,3
2025-07-26,A,3.0,5,3,3
2025-07-26,A,3.0,6,3,3
2025-07-26,A,3.0,7,3,3
2025-07-26,A,3.0,8,2,10
2025-07-26,A,3.0,9,2,15
2025-07-26,A,3.0,10,2,20
2025-07-26,A,3.0,11,2,20
2025-07-26,A,3.0,12,2,22
2025-07-26,A,3.5,4,3,3
2025-07-26,A,3.5,5,3,3
2025-07-26,A,3.5,6,3,3
2025-07-26,A,3.5,7,3,3
2025-07-26,A,3.5,8,2,10
2025-07-26,A,3.5,9,2,10
2025-07-26,A,3.5,10,2,16
2025-07-26,A,3.5,11,2,16
2025-07-26,A,3.5,12,2,16
2025-07-26,A,4.0,4,2,3
2025-07-26,A,4.0,5,2,3
2025-07-26,A,4.0,6,2,3
2025-07-26,A,4.0,7,2,3
2025-07-26,A,4.0,8,2,9
2025-07-26,A,4.0,9,2,9
2025-07-26,A,4.0,10,2,9
2025-07-26,A,4.0,11,2,11
2025-07-26,A,4.0,12,2,11
2025-07-27,A,1.0,4,11,11
2025-07-27,A,1.0,5,8,67
2025-07-27,A,1.0,6,0,698
2025-07-27,A,1.0,7,0,698
2025-07-27,A,1.0,8,0,698
2025-07-27,A,1.0,9,0,698
2025-07-27,A,1.0,10,0,698
2025-07-27,A,1.0,11,0,698
2025-07-27,A,1.0,12,0,698
2025-07-27,A,1.5,4,3,2
2025-07-27,A,1.5,5,3,4
2025-07-27,A,1.5,6,5,14
2025-07-27,A,1.5,7,3,41
2025-07-27,A,1.5,8,4,58
2025-07-27,A,1.5,9,4,95
2025-07-27,A,1.5,10,0,698
2025-07-27,A,1.5,11,0,698
2025-07-27,A,1.5,12,0,698
2025-07-27,A,2.0,4,2,2
2025-07-27,A,2.0,5,2,3
2025-07-27,A,2.0,6,2,3
2025-07-27,A,2.0,7,2,8
2025-07-27,A,2.0,8,2,26
2025-07-27,A,2.0,9,2,38
2025-07-27,A,2.0,10,3,47
2025-07-27,A,2.0,11,3,70
2025-07-27,A,2.0,12,3,88
2025-07-27,A,2.5,4,2,2
2025-07-27,A,2.5,5,2,2
2025-07-27,A,2.5,6,2,2
2025-07-27,A,2.5,7,2,2
2025-07-27,A,2.5,8,1,13
2025-07-27,A,2.5,9,1,13
2025-07-27,A,2.5,10,1,20
2025-07-27,A,2.5,11,1,23
2025-07-27,A,2.5,12,1,27
2025-07-27,A,3.0,4,2,2
2025-07-27,A,3.0,5,2,2
2025-07-27,A,3.0,6,2,2
2025-07-27,A,3.0,7,2,2
2025-07-27,A,3.0,8,2,2
2025-07-27,A,3.0,9,1,10
2025-07-27,A,3.0,10,1,10
2025-07-27,A,3.0,11,1,10
2025-07-27,A,3.0,12,1,15
2025-07-27,A,3.5,4,2,2
2025-07-27,A,3.5,5,2,2
2025-07-27,A,3.5,6,2,2
2025-07-27,A,3.5,7,2,2
2025-07-27,A,3.5,8,2,2
2025-07-27,A,3.5,9,1,10
2025-07-27,A,3.5,10,1,10
2025-07-27,A,3.5,11,1,10
2025-07-27,A,3.5,12,1,10
2025-07-27,A,4.0,4,2,1
2025-07-27,A,4.0,5,2,1
2025-07-27,A,4.0,6,2,1
2025-07-27,A,4.0,7,2,1
2025-07-27,A,4.0,8,2,2
2025-07-27,A,4.0,9,1,10
2025-07-27,A,4.0,10,1,10
2025-07-27,A,4.0,11,1,10
2025-07-27,A,4.0,12,1,10
2025-07-28,A,1.0,4,9,18
2025-07-28,A,1.0,5,17,79
2025-07-28,A,1.0,6,0,625
2025-07-28,A,1.0,7,0,625
2025-07-28,A,1.0,8,0,625
2025-07-28,A,1.0,9,0,625
2025-07-28,A,1.0,10,0,625
2025-07-28,A,1.0,11,0,625
2025-07-28,A,1.0,12,0,625
2025-07-28,A,1.5,4,3,4
2025-07-28,A,1.5,5,4,10
2025-07-28,A,1.5,6,5,22
2025-07-28,A,1.5,7,6,34
2025-07-28,A,1.5,8,5,78
2025-07-28,A,1.5,9,6,141
2025-07-28,A,1.5,10,0,625
2025-07-28,A,1.5,11,0,625
2025-07-28,A,1.5,12,0,625
2025-07-28,A,2.0,4,2,2
2025-07-28,A,2.0,5,2,3
2025-07-28,A,2.0,6,3,13
2025-07-28,A,2.0,7,3,17
2025-07-28,A,2.0,8,4,25
2025-07-28,A,2.0,9,3,41
2025-07-28,A,2.0,10,3,71
2025-07-28,A,2.0,11,2,97
2025-07-28,A,2.0,12,3,140
2025-07-28,A,2.5,4,2,2
2025-07-28,A,2.5,5,2,2
2025-07-28,A,2.5,6,2,2
2025-07-28,A,2.5,7,1,10
2025-07-28,A,2.5,8,1,10
2025-07-28,A,2.5,9,3,10
2025-07-28,A,2.5,10,3,12
2025-07-28,A,2.5,11,2,23
2025-07-28,A,2.5,12,4,25
2025-07-28,A,3.0,4,2,2
2025-07-28,A,3.0,5,2,2
2025-07-28,A,3.0,6,2,2
2025-07-28,A,3.0,7,1,8
2025-07-28,A,3.0,8,1,8
2025-07-28,A,3.0,9,1,9
2025-07-28,A,3.0,10,1,9
2025-07-28,A,3.0,11,1,9
2025-07-28,A,3.0,12,3,10
2025-07-28,A,3.5,4,2,2
2025-07-28,A,3.5,5,2,2
2025-07-28,A,3.5,6,2,2
2025-07-28,A,3.5,7,1,8
2025-07-28,A,3.5,8,1,8
2025-07-28,A,3.5,9,1,8
2025-07-28,A,3.5,10,1,8
2025-07-28,A,3.5,11,1,8
2025-07-28,A,3.5,12,1,8
2025-07-28,A,4.0,4,2,1
2025-07-28,A,4.0,5,2,1
2025-07-28,A,4.0,6,2,1
2025-07-28,A,4.0,7,2,1
2025-07-28,A,4.0,8,1,8
2025-07-28,A,4.0,9,1,8
2025-07-28,A,4.0,10,1,8
2025-07-28,A,4.0,11,1,8
2025-07-28,A,4.0,12,1,8
2025-07-29,A,1.0,4,7,35
2025-07-29,A,1.0,5,16,76
2025-07-29,A,1.0,6,0,513
2025-07-29,A,1.0,7,0,513
2025-07-29,A,1.0,8,0,513
2025-07-29,A,1.0,9,0,513
2025-07-29,A,1.0,10,0,513
2025-07-29,A,1.0,11,0,513
2025-07-29,A,1.0,12,0,513
2025-07-29,A,1.5,4,5,15
2025-07-29,A,1.5,5,6,20
2025-07-29,A,1.5,6,5,34
2025-07-29,A,1.5,7,6,41
2025-07-29,A,1.5,8,7,74
2025-07-29,A,1.5,9,4,144
2025-07-29,A,1.5,10,0,513
2025-07-29,A,1.5,11,0,513
2025-07-29,A,1.5,12,0,513
2025-07-29,A,2.0,4,5,10
2025-07-29,A,2.0,5,5,13
2025-07-29,A,2.0,6,5,22
2025-07-29,A,2.0,7,5,26
2025-07-29,A,2.0,8,5,29
2025-07-29,A,2.0,9,4,44
2025-07-29,A,2.0,10,5,64
2025-07-29,A,2.0,11,3,96
2025-07-29,A,2.0,12,2,147
2025-07-29,A,2.5,4,5,3
2025-07-29,A,2.5,5,6,3
2025-07-29,A,2.5,6,5,8
2025-07-29,A,2.5,7,4,14
2025-07-29,A,2.5,8,4,16
2025-07-29,A,2.5,9,4,18
2025-07-29,A,2.5,10,5,23
2025-07-29,A,2.5,11,4,35
2025-07-29,A,2.5,12,4,38
2025-07-29,A,3.0,4,2,2
2025-07-29,A,3.0,5,3,2
2025-07-29,A,3.0,6,3,2
2025-07-29,A,3.0,7,3,10
2025-07-29,A,3.0,8,3,11
2025-07-29,A,3.0,9,3,11
2025-07-29,A,3.0,10,3,13
2025-07-29,A,3.0,11,3,16
2025-07-29,A,3.0,12,3,23
2025-07-29,A,3.5,4,2,2
2025-07-29,A,3.5,5,2,2
2025-07-29,A,3.5,6,2,2
2025-07-29,A,3.5,7,1,8
2025-07-29,A,3.5,8,2,8
2025-07-29,A,3.5,9,2,9
2025-07-29,A,3.5,10,3,9
2025-07-29,A,3.5,11,3,10
2025-07-29,A,3.5,12,3,12
2025-07-29,A,4.0,4,2,1
2025-07-29,A,4.0,5,2,1
2025-07-29,A,4.0,6,2,1
2025-07-29,A,4.0,7,2,1
2025-07-29,A,4.0,8,1,8
2025-07-29,A,4.0,9,2,8
2025-07-29,A,4.0,10,2,8
2025-07-29,A,4.0,11,2,8
2025-07-29,A,4.0,12,2,8
2025-07-30,A,1.0,4,9,38
2025-07-30,A,1.0,5,10,83
2025-07-30,A,1.0,6,0,482
2025-07-30,A,1.0,7,0,482
2025-07-30,A,1.0,8,0,482
2025-07-30,A,1.0,9,0,482
2025-07-30,A,1.0,10,0,482
2025-07-30,A,1.0,11,0,482
2025-07-30,A,1.0,12,0,482
2025-07-30,A,1.5,4,6,14
2025-07-30,A,1.5,5,5,22
2025-07-30,A,1.5,6,5,39
2025-07-30,A,1.5,7,4,58
2025-07-30,A,1.5,8,3,86
2025-07-30,A,1.5,9,2,124
2025-07-30,A,1.5,10,0,482
2025-07-30,A,1.5,11,0,482
2025-07-30,A,1.5,12,0,482
2025-07-30,A,2.0,4,5,8
2025-07-30,A,2.0,5,4,14
2025-07-30,A,2.0,6,4,25
2025-07-30,A,2.0,7,5,31
2025-07-30,A,2.0,8,4,43
2025-07-30,A,2.0,9,3,63
2025-07-30,A,2.0,10,3,75
2025-07-30,A,2.0,11,1,99
2025-07-30,A,2.0,12,2,126
2025-07-30,A,2.5,4,5,4
2025-07-30,A,2.5,5,4,8
2025-07-30,A,2.5,6,4,12
2025-07-30,A,2.5,7,3,18
2025-07-30,A,2.5,8,2,26
2025-07-30,A,2.5,9,2,29
2025-07-30,A,2.5,10,2,32
2025-07-30,A,2.5,11,3,37
2025-07-30,A,2.5,12,4,38
2025-07-30,A,3.0,4,5,3
2025-07-30,A,3.0,5,4,7
2025-07-30,A,3.0,6,4,7
2025-07-30,A,3.0,7,3,13
2025-07-30,A,3.0,8,3,15
2025-07-30,A,3.0,9,2,23
2025-07-30,A,3.0,10,2,25
2025-07-30,A,3.0,11,2,26
2025-07-30,A,3.0,12,2,29
2025-07-30,A,3.5,4,3,3
2025-07-30,A,3.5,5,4,3
2025-07-30,A,3.5,6,4,6
2025-07-30,A,3.5,7,3,12
2025-07-30,A,3.5,8,3,12
2025-07-30,A,3.5,9,2,21
2025-07-30,A,3.5,10,2,22
2025-07-30,A,3.5,11,2,22
2025-07-30,A,3.5,12,2,24
2025-07-30,A,4.0,4,3,2
2025-07-30,A,4.0,5,3,2
2025-07-30,A,4.0,6,3,2
2025-07-30,A,4.0,7,3,2
2025-07-30,A,4.0,8,2,10
2025-07-30,A,4.0,9,1,18
2025-07-30,A,4.0,10,1,18
2025-07-30,A,4.0,11,1,19
2025-07-30,A,4.0,12,2,19
2025-07-31,A,1.0,4,9,23
2025-07-31,A,1.0,5,12,59
2025-07-31,A,1.0,6,0,431
2025-07-31,A,1.0,7,0,431
2025-07-31,A,1.0,8,0,431
2025-07-31,A,1.0,9,0,431
2025-07-31,A,1.0,10,0,431
2025-07-31,A,1.0,11,0,431
2025-07-31,A,1.0,12,0,431
2025-07-31,A,1.5,4,5,7
2025-07-31,A,1.5,5,4,14
2025-07-31,A,1.5,6,4,26
2025-07-31,A,1.5,7,3,41
2025-07-31,A,1.5,8,6,64
2025-07-31,A,1.5,9,3,115
2025-07-31,A,1.5,10,0,431
2025-07-31,A,1.5,11,0,431
2025-07-31,A,1.5,12,0,431
2025-07-31,A,2.0,4,5,3
2025-07-31,A,2.0,5,5,4
2025-07-31,A,2.0,6,3,19
2025-07-31,A,2.0,7,4,23
2025-07-31,A,2.0,8,3,36
2025-07-31,A,2.0,9,3,41
2025-07-31,A,2.0,10,3,60
2025-07-31,A,2.0,11,3,86
2025-07-31,A,2.0,12,3,113
2025-07-31,A,2.5,4,4,2
2025-07-31,A,2.5,5,4,3
2025-07-31,A,2.5,6,3,9
2025-07-31,A,2.5,7,2,15
2025-07-31,A,2.5,8,2,16
2025-07-31,A,2.5,9,3,19
2025-07-31,A,2.5,10,4,22
2025-07-31,A,2.5,11,3,33
2025-07-31,A,2.5,12,2,46
2025-07-31,A,3.0,4,4,0
2025-07-31,A,3.0,5,4,1
2025-07-31,A,3.0,6,4,1
2025-07-31,A,3.0,7,2,13
2025-07-31,A,3.0,8,2,13
2025-07-31,A,3.0,9,2,13
2025-07-31,A,3.0,10,2,15
2025-07-31,A,3.0,11,2,16
2025-07-31,A,3.0,12,2,19
2025-07-31,A,3.5,4,3,0
2025-07-31,A,3.5,5,3,0
2025-07-31,A,3.5,6,3,0
2025-07-31,A,3.5,7,1,12
2025-07-31,A,3.5,8,2,13
2025-07-31,A,3.5,9,2,13
2025-07-31,A,3.5,10,2,13
2025-07-31,A,3.5,11,2,13
2025-07-31,A,3.5,12,2,15
2025-07-31,A,4.0,4,3,0
2025-07-31,A,4.0,5,3,0
2025-07-31,A,4.0,6,3,0
2025-07-31,A,4.0,7,1,12
2025-07-31,A,4.0,8,1,12
2025-07-31,A,4.0,9,1,12
2025-07-31,A,4.0,10,1,12
2025-07-31,A,4.0,11,1,12
2025-07-31,A,4.0,12,1,12
2025-08-01,A,1.0,4,10,22
2025-08-01,A,1.0,5,11,63
2025-08-01,A,1.0,6,0,377
2025-08-01,A,1.0,7,0,377
2025-08-01,A,1.0,8,0,377
2025-08-01,A,1.0,9,0,377
2025-08-01,A,1.0,10,0,377
2025-08-01,A,1.0,11,0,377
2025-08-01,A,1.0,12,0,377
2025-08-01,A,1.5,4,4,11
2025-08-01,A,1.5,5,5,14
2025-08-01,A,1.5,6,5,19
2025-08-01,A,1.5,7,4,39
2025-08-01,A,1.5,8,4,71
2025-08-01,A,1.5,9,2,112
2025-08-01,A,1.5,10,0,377
2025-08-01,A,1.5,11,0,377
2025-08-01,A,1.5,12,0,377
2025-08-01,A,2.0,4,4,5
2025-08-01,A,2.0,5,4,9
2025-08-01,A,2.0,6,4,9
2025-08-01,A,2.0,7,4,22
2025-08-01,A,2.0,8,3,35
2025-08-01,A,2.0,9,2,53
2025-08-01,A,2.0,10,1,75
2025-08-01,A,2.0,11,3,82
2025-08-01,A,2.0,12,2,106
2025-08-01,A,2.5,4,4,3
2025-08-01,A,2.5,5,4,4
2025-08-01,A,2.5,6,4,6
2025-08-01,A,2.5,7,4,6
2025-08-01,A,2.5,8,3,17
2025-08-01,A,2.5,9,3,24
2025-08-01,A,2.5,10,3,27
2025-08-01,A,2.5,11,2,41
2025-08-01,A,2.5,12,2,50
2025-08-01,A,3.0,4,3,1
2025-08-01,A,3.0,5,3,2
2025-08-01,A,3.0,6,3,3
2025-08-01,A,3.0,7,4,3
2025-08-01,A,3.0,8,3,11
2025-08-01,A,3.0,9,3,12
2025-08-01,A,3.0,10,3,15
2025-08-01,A,3.0,11,3,20
2025-08-01,A,3.0,12,3,23
2025-08-01,A,3.5,4,2,0
2025-08-01,A,3.5,5,2,0
2025-08-01,A,3.5,6,2,0
2025-08-01,A,3.5,7,2,1
2025-08-01,A,3.5,8,2,9
2025-08-01,A,3.5,9,2,9
2025-08-01,A,3.5,10,3,10
2025-08-01,A,3.5,11,3,10
2025-08-01,A,3.5,12,3,11
2025-08-01,A,4.0,4,2,0
2025-08-01,A,4.0,5,2,0
2025-08-01,A,4.0,6,2,0
2025-08-01,A,4.0,7,2,0
2025-08-01,A,4.0,8,1,7
2025-08-01,A,4.0,9,1,7
2025-08-01,A,4.0,10,1,7
2025-08-01,A,4.0,11,1,8
2025-08-01,A,4.0,12,2,8
2025-08-07,A,1.0,4,6,32
2025-08-07,A,1.0,5,15,79
2025-08-07,A,1.0,6,0,405
2025-08-07,A,1.0,7,0,405
2025-08-07,A,1.0,8,0,405
2025-08-07,A,1.0,9,0,405
2025-08-07,A,1.0,10,0,405
2025-08-07,A,1.0,11,0,405
2025-08-07,A,1.0,12,0,405
2025-08-07,A,1.5,4,3,13
2025-08-07,A,1.5,5,3,23
2025-08-07,A,1.5,6,2,34
2025-08-07,A,1.5,7,6,42
2025-08-07,A,1.5,8,4,85
2025-08-07,A,1.5,9,5,137
2025-08-07,A,1.5,10,0,405
2025-08-07,A,1.5,11,0,405
2025-08-07,A,1.5,12,0,405
2025-08-07,A,2.0,4,3,7
2025-08-07,A,2.0,5,2,13
2025-08-07,A,2.0,6,2,21
2025-08-07,A,2.0,7,2,29
2025-08-07,A,2.0,8,2,30
2025-08-07,A,2.0,9,2,48
2025-08-07,A,2.0,10,3,71
2025-08-07,A,2.0,11,3,93
2025-08-07,A,2.0,12,2,120
2025-08-07,A,2.5,4,3,5
2025-08-07,A,2.5,5,2,10
2025-08-07,A,2.5,6,2,10
2025-08-07,A,2.5,7,1,19
2025-08-07,A,2.5,8,1,22
2025-08-07,A,2.5,9,1,24
2025-08-07,A,2.5,10,1,24
2025-08-07,A,2.5,11,1,26
2025-08-07,A,2.5,12,2,30
2025-08-07,A,3.0,4,3,4
2025-08-07,A,3.0,5,2,9
2025-08-07,A,3.0,6,2,9
2025-08-07,A,3.0,7,1,17
2025-08-07,A,3.0,8,1,19
2025-08-07,A,3.0,9,1,19
2025-08-07,A,3.0,10,1,19
2025-08-07,A,3.0,11,1,20
2025-08-07,A,3.0,12,1,20
2025-08-07,A,3.5,4,3,2
2025-08-07,A,3.5,5,3,2
2025-08-07,A,3.5,6,3,2
2025-08-07,A,3.5,7,1,14
2025-08-07,A,3.5,8,1,15
2025-08-07,A,3.5,9,1,15
2025-08-07,A,3.5,10,1,15
2025-08-07,A,3.5,11,1,15
2025-08-07,A,3.5,12,1,17
2025-08-07,A,4.0,4,2,1
2025-08-07,A,4.0,5,2,1
2025-08-07,A,4.0,6,2,1
2025-08-07,A,4.0,7,1,8
2025-08-07,A,4.0,8,1,13
2025-08-07,A,4.0,9,1,13
2025-08-07,A,4.0,10,1,14
2025-08-07,A,4.0,11,1,15
2025-08-07,A,4.0,12,1,15
2025-08-08,A,1.0,4,6,34
2025-08-08,A,1.0,5,9,75
2025-08-08,A,1.0,6,0,440
2025-08-08,A,1.0,7,0,440
2025-08-08,A,1.0,8,0,440
2025-08-08,A,1.0,9,0,440
2025-08-08,A,1.0,10,0,440
2025-08-08,A,1.0,11,0,440
2025-08-08,A,1.0,12,0,440
2025-08-08,A,1.5,4,4,9
2025-08-08,A,1.5,5,3,26
2025-08-08,A,1.5,6,2,44
2025-08-08,A,1.5,7,3,49
2025-08-08,A,1.5,8,5,62
2025-08-08,A,1.5,9,4,113
2025-08-08,A,1.5,10,0,440
2025-08-08,A,1.5,11,0,440
2025-08-08,A,1.5,12,0,440
2025-08-08,A,2.0,4,3,5
2025-08-08,A,2.0,5,2,11
2025-08-08,A,2.0,6,2,26
2025-08-08,A,2.0,7,1,36
2025-08-08,A,2.0,8,2,39
2025-08-08,A,2.0,9,2,42
2025-08-08,A,2.0,10,3,49
2025-08-08,A,2.0,11,3,72
2025-08-08,A,2.0,12,3,93
2025-08-08,A,2.5,4,2,5
2025-08-08,A,2.5,5,2,8
2025-08-08,A,2.5,6,3,9
2025-08-08,A,2.5,7,1,22
2025-08-08,A,2.5,8,1,27
2025-08-08,A,2.5,9,1,28
2025-08-08,A,2.5,10,1,31
2025-08-08,A,2.5,11,1,31
2025-08-08,A,2.5,12,1,35
2025-08-08,A,3.0,4,2,5
2025-08-08,A,3.0,5,2,5
2025-08-08,A,3.0,6,2,5
2025-08-08,A,3.0,7,1,11
2025-08-08,A,3.0,8,1,17
2025-08-08,A,3.0,9,1,20
2025-08-08,A,3.0,10,1,23
2025-08-08,A,3.0,11,1,24
2025-08-08,A,3.0,12,1,24
2025-08-08,A,3.5,4,2,5
2025-08-08,A,3.5,5,2,5
2025-08-08,A,3.5,6,2,5
2025-08-08,A,3.5,7,1,11
2025-08-08,A,3.5,8,1,11
2025-08-08,A,3.5,9,1,13
2025-08-08,A,3.5,10,1,19
2025-08-08,A,3.5,11,1,19
2025-08-08,A,3.5,12,1,20
2025-08-08,A,4.0,4,1,4
2025-08-08,A,4.0,5,1,4
2025-08-08,A,4.0,6,1,4
2025-08-08,A,4.0,7,1,5
2025-08-08,A,4.0,8,1,10
2025-08-08,A,4.0,9,1,10
2025-08-08,A,4.0,10,1,10
2025-08-08,A,4.0,11,1,11
2025-08-08,A,4.0,12,1,11
2025-08-09,A,1.0,4,6,23
2025-08-09,A,1.0,5,8,74
2025-08-09,A,1.0,6,0,471
2025-08-09,A,1.0,7,0,471
2025-08-09,A,1.0,8,0,471
2025-08-09,A,1.0,9,0,471
2025-08-09,A,1.0,10,0,471
2025-08-09,A,1.0,11,0,471
2025-08-09,A,1.0,12,0,471
2025-08-09,A,1.5,4,3,9
2025-08-09,A,1.5,5,4,16
2025-08-09,A,1.5,6,3,31
2025-08-09,A,1.5,7,2,41
2025-08-09,A,1.5,8,4,67
2025-08-09,A,1.5,9,4,114
2025-08-09,A,1.5,10,0,471
2025-08-09,A,1.5,11,0,471
2025-08-09,A,1.5,12,0,471
2025-08-09,A,2.0,4,3,7
2025-08-09,A,2.0,5,3,8
2025-08-09,A,2.0,6,3,13
2025-08-09,A,2.0,7,3,25
2025-08-09,A,2.0,8,2,34
2025-08-09,A,2.0,9,2,41
2025-08-09,A,2.0,10,3,57
2025-08-09,A,2.0,11,3,75
2025-08-09,A,2.0,12,5,88
2025-08-09,A,2.5,4,3,6
2025-08-09,A,2.5,5,3,6
2025-08-09,A,2.5,6,3,7
2025-08-09,A,2.5,7,2,13
2025-08-09,A,2.5,8,2,18
2025-08-09,A,2.5,9,2,21
2025-08-09,A,2.5,10,2,24
2025-08-09,A,2.5,11,2,25
2025-08-09,A,2.5,12,1,43
2025-08-09,A,3.0,4,2,5
2025-08-09,A,3.0,5,3,5
2025-08-09,A,3.0,6,3,5
2025-08-09,A,3.0,7,2,11
2025-08-09,A,3.0,8,2,12
2025-08-09,A,3.0,9,2,16
2025-08-09,A,3.0,10,2,18
2025-08-09,A,3.0,11,2,18
2025-08-09,A,3.0,12,2,18
2025-08-09,A,3.5,4,2,4
2025-08-09,A,3.5,5,2,4
2025-08-09,A,3.5,6,3,4
2025-08-09,A,3.5,7,2,10
2025-08-09,A,3.5,8,2,10
2025-08-09,A,3.5,9,2,10
2025-08-09,A,3.5,10,2,14
2025-08-09,A,3.5,11,2,14
2025-08-09,A,3.5,12,2,16
2025-08-09,A,4.0,4,1,2
2025-08-09,A,4.0,5,1,2
2025-08-09,A,4.0,6,1,2
2025-08-09,A,4.0,7,1,2
2025-08-09,A,4.0,8,2,7
2025-08-09,A,4.0,9,2,8
2025-08-09,A,4.0,10,2,8
2025-08-09,A,4.0,11,2,8
2025-08-09,A,4.0,12,2,8
2025-08-10,A,1.0,4,4,33
2025-08-10,A,1.0,5,8,59
2025-08-10,A,1.0,6,0,463
2025-08-10,A,1.0,7,0,463
2025-08-10,A,1.0,8,0,463
2025-08-10,A,1.0,9,0,463
2025-08-10,A,1.0,10,0,463
2025-08-10,A,1.0,11,0,463
2025-08-10,A,1.0,12,0,463
2025-08-10,A,1.5,4,5,12
2025-08-10,A,1.5,5,5,17
2025-08-10,A,1.5,6,2,36
2025-08-10,A,1.5,7,2,39
2025-08-10,A,1.5,8,3,59
2025-08-10,A,1.5,9,4,88
2025-08-10,A,1.5,10,0,463
2025-08-10,A,1.5,11,0,463
2025-08-10,A,1.5,12,0,463
2025-08-10,A,2.0,4,5,10
2025-08-10,A,2.0,5,5,12
2025-08-10,A,2.0,6,3,25
2025-08-10,A,2.0,7,2,34
2025-08-10,A,2.0,8,2,35
2025-08-10,A,2.0,9,2,41
2025-08-10,A,2.0,10,2,46
2025-08-10,A,2.0,11,1,64
2025-08-10,A,2.0,12,4,96
2025-08-10,A,2.5,4,5,7
2025-08-10,A,2.5,5,5,8
2025-08-10,A,2.5,6,4,14
2025-08-10,A,2.5,7,3,20
2025-08-10,A,2.5,8,2,30
2025-08-10,A,2.5,9,2,30
2025-08-10,A,2.5,10,2,31
2025-08-10,A,2.5,11,2,33
2025-08-10,A,2.5,12,2,34
2025-08-10,A,3.0,4,4,4
2025-08-10,A,3.0,5,5,5
2025-08-10,A,3.0,6,4,10
2025-08-10,A,3.0,7,3,17
2025-08-10,A,3.0,8,3,18
2025-08-10,A,3.0,9,2,26
2025-08-10,A,3.0,10,2,27
2025-08-10,A,3.0,11,2,28
2025-08-10,A,3.0,12,2,29
2025-08-10,A,3.5,4,4,0
2025-08-10,A,3.5,5,4,2
2025-08-10,A,3.5,6,4,8
2025-08-10,A,3.5,7,3,16
2025-08-10,A,3.5,8,3,16
2025-08-10,A,3.5,9,2,25
2025-08-10,A,3.5,10,2,26
2025-08-10,A,3.5,11,2,26
2025-08-10,A,3.5,12,2,26
2025-08-10,A,4.0,4,1,0
2025-08-10,A,4.0,5,2,0
2025-08-10,A,4.0,6,2,0
2025-08-10,A,4.0,7,2,4
2025-08-10,A,4.0,8,3,9
2025-08-10,A,4.0,9,3,9
2025-08-10,A,4.0,10,3,10
2025-08-10,A,4.0,11,2,24
2025-08-10,A,4.0,12,2,24
2025-08-11,A,1.0,4,4,14
2025-08-11,A,1.0,5,13,46
2025-08-11,A,1.0,6,0,480
2025-08-11,A,1.0,7,0,480
2025-08-11,A,1.0,8,0,480
2025-08-11,A,1.0,9,0,480
2025-08-11,A,1.0,10,0,480
2025-08-11,A,1.0,11,0,480
2025-08-11,A,1.0,12,0,480
2025-08-11,A,1.5,4,4,7
2025-08-11,A,1.5,5,4,8
2025-08-11,A,1.5,6,4,13
2025-08-11,A,1.5,7,2,27
2025-08-11,A,1.5,8,4,42
2025-08-11,A,1.5,9,4,105
2025-08-11,A,1.5,10,0,480
2025-08-11,A,1.5,11,0,480
2025-08-11,A,1.5,12,0,480
2025-08-11,A,2.0,4,4,7
2025-08-11,A,2.0,5,4,7
2025-08-11,A,2.0,6,4,7
2025-08-11,A,2.0,7,3,16
2025-08-11,A,2.0,8,3,16
2025-08-11,A,2.0,9,2,30
2025-08-11,A,2.0,10,3,34
2025-08-11,A,2.0,11,2,68
2025-08-11,A,2.0,12,3,104
2025-08-11,A,2.5,4,4,6
2025-08-11,A,2.5,5,4,6
2025-08-11,A,2.5,6,4,7
2025-08-11,A,2.5,7,4,7
2025-08-11,A,2.5,8,3,14
2025-08-11,A,2.5,9,2,22
2025-08-11,A,2.5,10,2,23
2025-08-11,A,2.5,11,2,23
2025-08-11,A,2.5,12,2,24
2025-08-11,A,3.0,4,2,4
2025-08-11,A,3.0,5,2,4
2025-08-11,A,3.0,6,2,4
2025-08-11,A,3.0,7,2,5
2025-08-11,A,3.0,8,3,11
2025-08-11,A,3.0,9,2,19
2025-08-11,A,3.0,10,2,20
2025-08-11,A,3.0,11,2,20
2025-08-11,A,3.0,12,2,20
2025-08-11,A,3.5,4,2,3
2025-08-11,A,3.5,5,2,4
2025-08-11,A,3.5,6,2,4
2025-08-11,A,3.5,7,2,4
2025-08-11,A,3.5,8,2,5
2025-08-11,A,3.5,9,2,11
2025-08-11,A,3.5,10,2,13
2025-08-11,A,3.5,11,2,19
2025-08-11,A,3.5,12,2,19
2025-08-11,A,4.0,4,2,1
2025-08-11,A,4.0,5,2,2
2025-08-11,A,4.0,6,2,2
2025-08-11,A,4.0,7,2,2
2025-08-11,A,4.0,8,2,4
2025-08-11,A,4.0,9,2,4
2025-08-11,A,4.0,10,2,4
2025-08-11,A,4.0,11,2,8
2025-08-11,A,4.0,12,2,8
2025-08-12,A,1.0,4,9,10
2025-08-12,A,1.0,5,9,88
2025-08-12,A,1.0,6,0,465
2025-08-12,A,1.0,7,0,465
2025-08-12,A,1.0,8,0,465
2025-08-12,A,1.0,9,0,465
2025-08-12,A,1.0,10,0,465
2025-08-12,A,1.0,11,0,465
2025-08-12,A,1.0,12,0,465
2025-08-12,A,1.5,4,5,5
2025-08-12,A,1.5,5,6,6
2025-08-12,A,1.5,6,7,9
2025-08-12,A,1.5,7,3,54
2025-08-12,A,1.5,8,5,71
2025-08-12,A,1.5,9,4,122
2025-08-12,A,1.5,10,0,465
2025-08-12,A,1.5,11,0,465
2025-08-12,A,1.5,12,0,465
2025-08-12,A,2.0,4,5,5
2025-08-12,A,2.0,5,5,5
2025-08-12,A,2.0,6,5,5
2025-08-12,A,2.0,7,4,11
2025-08-12,A,2.0,8,3,29
2025-08-12,A,2.0,9,2,51
2025-08-12,A,2.0,10,3,67
2025-08-12,A,2.0,11,4,79
2025-08-12,A,2.0,12,3,123
2025-08-12,A,2.5,4,5,5
2025-08-12,A,2.5,5,5,5
2025-08-12,A,2.5,6,5,5
2025-08-12,A,2.5,7,4,11
2025-08-12,A,2.5,8,3,18
2025-08-12,A,2.5,9,2,26
2025-08-12,A,2.5,10,2,27
2025-08-12,A,2.5,11,1,48
2025-08-12,A,2.5,12,1,48
2025-08-12,A,3.0,4,3,3
2025-08-12,A,3.0,5,3,3
2025-08-12,A,3.0,6,3,3
2025-08-12,A,3.0,7,2,9
2025-08-12,A,3.0,8,2,15
2025-08-12,A,3.0,9,2,23
2025-08-12,A,3.0,10,2,23
2025-08-12,A,3.0,11,1,33
2025-08-12,A,3.0,12,1,34
2025-08-12,A,3.5,4,3,3
2025-08-12,A,3.5,5,3,3
2025-08-12,A,3.5,6,3,3
2025-08-12,A,3.5,7,2,9
2025-08-12,A,3.5,8,2,9
2025-08-12,A,3.5,9,1,17
2025-08-12,A,3.5,10,1,23
2025-08-12,A,3.5,11,1,33
2025-08-12,A,3.5,12,1,33
2025-08-12,A,4.0,4,3,0
2025-08-12,A,4.0,5,3,1
2025-08-12,A,4.0,6,3,1
2025-08-12,A,4.0,7,2,9
2025-08-12,A,4.0,8,2,9
2025-08-12,A,4.0,9,1,17
2025-08-12,A,4.0,10,1,17
2025-08-12,A,4.0,11,1,21
2025-08-12,A,4.0,12,1,21
2025-08-13,A,1.0,4,8,25
2025-08-13,A,1.0,5,5,84
2025-08-13,A,1.0,6,0,458
2025-08-13,A,1.0,7,0,458
2025-08-13,A,1.0,8,0,458
2025-08-13,A,1.0,9,0,458
2025-08-13,A,1.0,10,0,458
2025-08-13,A,1.0,11,0,458
2025-08-13,A,1.0,12,0,458
2025-08-13,A,1.5,4,6,5
2025-08-13,A,1.5,5,7,13
2025-08-13,A,1.5,6,6,28
2025-08-13,A,1.5,7,4,49
2025-08-13,A,1.5,8,3,69
2025-08-13,A,1.5,9,2,108
2025-08-13,A,1.5,10,0,458
2025-08-13,A,1.5,11,0,458
2025-08-13,A,1.5,12,0,458
2025-08-13,A,2.0,4,3,5
2025-08-13,A,2.0,5,6,5
2025-08-13,A,2.0,6,6,11
2025-08-13,A,2.0,7,5,28
2025-08-13,A,2.0,8,4,38
2025-08-13,A,2.0,9,3,49
2025-08-13,A,2.0,10,2,69
2025-08-13,A,2.0,11,2,78
2025-08-13,A,2.0,12,1,109
2025-08-13,A,2.5,4,2,2
2025-08-13,A,2.5,5,2,4
2025-08-13,A,2.5,6,2,4
2025-08-13,A,2.5,7,3,10
2025-08-13,A,2.5,8,5,11
2025-08-13,A,2.5,9,4,32
2025-08-13,A,2.5,10,3,42
2025-08-13,A,2.5,11,2,53
2025-08-13,A,2.5,12,2,55
2025-08-13,A,3.0,4,2,2
2025-08-13,A,3.0,5,2,2
2025-08-13,A,3.0,6,2,2
2025-08-13,A,3.0,7,1,8
2025-08-13,A,3.0,8,1,8
2025-08-13,A,3.0,9,1,12
2025-08-13,A,3.0,10,1,13
2025-08-13,A,3.0,11,3,14
2025-08-13,A,3.0,12,2,31
2025-08-13,A,3.5,4,2,2
2025-08-13,A,3.5,5,2,2
2025-08-13,A,3.5,6,2,2
2025-08-13,A,3.5,7,1,8
2025-08-13,A,3.5,8,1,8
2025-08-13,A,3.5,9,1,8
2025-08-13,A,3.5,10,1,8
2025-08-13,A,3.5,11,1,11
2025-08-13,A,3.5,12,2,14
2025-08-13,A,4.0,4,2,2
2025-08-13,A,4.0,5,2,2
2025-08-13,A,4.0,6,2,2
2025-08-13,A,4.0,7,1,8
2025-08-13,A,4.0,8,1,8
2025-08-13,A,4.0,9,1,8
2025-08-13,A,4.0,10,1,8
2025-08-13,A,4.0,11,1,8
2025-08-13,A,4.0,12,1,8
2025-08-14,A,1.0,4,7,29
2025-08-14,A,1.0,5,7,80
2025-08-14,A,1.0,6,0,463
2025-08-14,A,1.0,7,0,463
2025-08-14,A,1.0,8,0,463
2025-08-14,A,1.0,9,0,463
2025-08-14,A,1.0,10,0,463
2025-08-14,A,1.0,11,0,463
2025-08-14,A,1.0,12,0,463
2025-08-14,A,1.5,4,6,5
2025-08-14,A,1.5,5,6,21
2025-08-14,A,1.5,6,5,35
2025-08-14,A,1.5,7,4,52
2025-08-14,A,1.5,8,4,61
2025-08-14,A,1.5,9,3,126
2025-08-14,A,1.5,10,0,463
2025-08-14,A,1.5,11,0,463
2025-08-14,A,1.5,12,0,463
2025-08-14,A,2.0,4,5,4
2025-08-14,A,2.0,5,5,12
2025-08-14,A,2.0,6,6,18
2025-08-14,A,2.0,7,3,39
2025-08-14,A,2.0,8,3,40
2025-08-14,A,2.0,9,4,46
2025-08-14,A,2.0,10,3,60
2025-08-14,A,2.0,11,3,76
2025-08-14,A,2.0,12,3,109
2025-08-14,A,2.5,4,4,3
2025-08-14,A,2.5,5,3,7
2025-08-14,A,2.5,6,3,11
2025-08-14,A,2.5,7,3,17
2025-08-14,A,2.5,8,3,26
2025-08-14,A,2.5,9,2,37
2025-08-14,A,2.5,10,3,37
2025-08-14,A,2.5,11,3,37
2025-08-14,A,2.5,12,2,51
2025-08-14,A,3.0,4,3,2
2025-08-14,A,3.0,5,3,3
2025-08-14,A,3.0,6,3,6
2025-08-14,A,3.0,7,2,12
2025-08-14,A,3.0,8,2,13
2025-08-14,A,3.0,9,2,17
2025-08-14,A,3.0,10,2,19
2025-08-14,A,3.0,11,2,20
2025-08-14,A,3.0,12,2,28
2025-08-14,A,3.5,4,3,2
2025-08-14,A,3.5,5,3,2
2025-08-14,A,3.5,6,3,5
2025-08-14,A,3.5,7,2,11
2025-08-14,A,3.5,8,2,11
2025-08-14,A,3.5,9,2,12
2025-08-14,A,3.5,10,2,12
2025-08-14,A,3.5,11,2,14
2025-08-14,A,3.5,12,2,16
2025-08-14,A,4.0,4,2,1
2025-08-14,A,4.0,5,2,1
2025-08-14,A,4.0,6,3,1
2025-08-14,A,4.0,7,2,8
2025-08-14,A,4.0,8,2,8
2025-08-14,A,4.0,9,2,8
2025-08-14,A,4.0,10,2,8
2025-08-14,A,4.0,11,2,8
2025-08-14,A,4.0,12,2,9
2025-08-15,A,1.0,4,10,32
2025-08-15,A,1.0,5,8,82
2025-08-15,A,1.0,6,0,418
2025-08-15,A,1.0,7,0,418
2025-08-15,A,1.0,8,0,418
2025-08-15,A,1.0,9,0,418
2025-08-15,A,1.0,10,0,418
2025-08-15,A,1.0,11,0,418
2025-08-15,A,1.0,12,0,418
2025-08-15,A,1.5,4,8,9
2025-08-15,A,1.5,5,6,27
2025-08-15,A,1.5,6,5,41
2025-08-15,A,1.5,7,4,60
2025-08-15,A,1.5,8,5,75
2025-08-15,A,1.5,9,4,121
2025-08-15,A,1.5,10,0,418
2025-08-15,A,1.5,11,0,418
2025-08-15,A,1.5,12,0,418
2025-08-15,A,2.0,4,6,8
2025-08-15,A,2.0,5,5,17
2025-08-15,A,2.0,6,5,28
2025-08-15,A,2.0,7,3,45
2025-08-15,A,2.0,8,4,48
2025-08-15,A,2.0,9,4,56
2025-08-15,A,2.0,10,2,81
2025-08-15,A,2.0,11,2,92
2025-08-15,A,2.0,12,2,114
2025-08-15,A,2.5,4,4,6
2025-08-15,A,2.5,5,3,10
2025-08-15,A,2.5,6,4,14
2025-08-15,A,2.5,7,4,27
2025-08-15,A,2.5,8,2,36
2025-08-15,A,2.5,9,2,39
2025-08-15,A,2.5,10,3,42
2025-08-15,A,2.5,11,3,54
2025-08-15,A,2.5,12,2,66
2025-08-15,A,3.0,4,4,1
2025-08-15,A,3.0,5,3,9
2025-08-15,A,3.0,6,3,9
2025-08-15,A,3.0,7,2,15
2025-08-15,A,3.0,8,2,22
2025-08-15,A,3.0,9,2,25
2025-08-15,A,3.0,10,2,32
2025-08-15,A,3.0,11,2,34
2025-08-15,A,3.0,12,1,45
2025-08-15,A,3.5,4,4,1
2025-08-15,A,3.5,5,3,7
2025-08-15,A,3.5,6,3,7
2025-08-15,A,3.5,7,2,13
2025-08-15,A,3.5,8,2,15
2025-08-15,A,3.5,9,2,20
2025-08-15,A,3.5,10,3,20
2025-08-15,A,3.5,11,3,22
2025-08-15,A,3.5,12,1,42
2025-08-15,A,4.0,4,3,1
2025-08-15,A,4.0,5,3,1
2025-08-15,A,4.0,6,3,4
2025-08-15,A,4.0,7,2,11
2025-08-15,A,4.0,8,2,11
2025-08-15,A,4.0,9,2,12
2025-08-15,A,4.0,10,2,12
2025-08-15,A,4.0,11,2,12
2025-08-15,A,4.0,12,2,14
