centroid_id,new_event_id,event_id,date,v3_type,event_type_name,centroid_lon,centroid_lat,x_km,y_km,nearest_grid_id,nearest_grid_lon,nearest_grid_lat,mean_tmax,std_tmax,cv_tmax,mean_tmax_z,cv_tmax_z,nearest_grid_dist_km
1,1,1,1983-07-13,2,Spatially clustered,31.05047508761103,21.39001819850779,-1443.3393536997733,-653.8508510907247,562,31.5,21.5,38.06414353352124,3.372840466504642,0.08860938808551795,1.2334254222605223,-0.6919403678136266,47.85286794235469
2,1,1,1983-07-13,2,Spatially clustered,45.03410415656309,12.320740202907068,3.743615148959467,-1730.6872395097705,126,45.5,12.5,30.31014818278061,1.537659840045807,0.05073085854853595,-0.06483935050888398,-1.1716830208926465,54.77629163116942
3,1,1,1983-07-13,2,Spatially clustered,55.446508551209625,42.23210486470455,866.8343435596972,1616.1061795418973,1636,55.5,42.5,29.3032750631321,7.215447203194012,0.2462334734820178,-0.2334218480162154,1.3044147663908743,29.876362680370054
4,1,1,1983-07-13,2,Spatially clustered,46.68117614252466,30.989532814657984,160.62951282665279,332.4542169869537,1027,46.5,30.5,40.51764192749636,5.325464040949175,0.1314356854843315,1.644218876584682,-0.149532787931239,56.95532956169633
5,2,2,1987-07-23,3,Temporally clustered,34.155341651027406,30.88215545753578,-1034.692515452805,366.38316929652837,1015,34.5,30.5,30.22308652800001,4.078317464783799,0.13494046880372276,-0.07941623305110339,-0.10514368231745676,53.66593142887674
6,2,2,1987-07-24,3,Temporally clustered,34.715571445340466,30.16504381139904,-988.6027553994352,282.23792957732354,1015,34.5,30.5,30.22308652800001,4.078317464783799,0.13494046880372276,-0.07941623305110339,-0.10514368231745676,42.541473061611995
7,2,2,1987-07-25,3,Temporally clustered,35.275562383416585,29.177030535174,-944.0759025811501,168.31473675962252,966,35.5,29.5,31.03725939818661,4.166964532825407,0.13425684527638632,0.05690213038547761,-0.11380197419733092,41.99356245399147
8,2,2,1987-07-26,3,Temporally clustered,35.28637751421265,29.20811023124321,-942.7482461592524,171.67338462209443,966,35.5,29.5,31.03725939818661,4.166964532825407,0.13425684527638632,0.05690213038547761,-0.11380197419733092,38.50351632177889
9,2,2,1987-07-27,3,Temporally clustered,36.10871272404261,29.16578693084553,-863.5714467768761,160.8560922544218,967,36.5,29.5,32.98242833778264,4.377421830784094,0.13271981632018248,0.38258511020845887,-0.1332688953878322,53.10801376425538
10,3,3,1991-06-04,3,Temporally clustered,26.65588666559593,21.226201746430476,-1895.07894634871,-615.0303840885966,557,26.5,21.5,34.27863431058673,3.3365231421952024,0.0973353579948411,0.5996111047603012,-0.5814234072515951,34.77873825574655
11,3,3,1991-06-04,3,Temporally clustered,62.86702913919701,20.51692078997292,1855.8961059375622,-700.4967705662191,543,62.5,20.5,27.565127879331946,1.228807424825579,0.04457833209425908,-0.5244428193404441,-1.2496065675665446,38.11291177169923
12,3,3,1991-06-05,3,Temporally clustered,27.369001758250544,20.515073923701475,-1831.6992464671584,-704.0613964221247,508,27.5,20.5,35.123034731498564,3.3405830440906072,0.09511088861278695,0.740990518984064,-0.6095969624577915,13.710900684469106
13,3,3,1991-06-05,3,Temporally clustered,63.34064888910381,21.502542363022727,1890.875692742277,-584.4799426609741,594,63.5,21.5,27.719895655900707,1.1741411692237504,0.04235734447917419,-0.49852978442227425,-1.277736025175932,16.377761749495686
14,4,4,1998-05-24,3,Temporally clustered,29.776947505980985,14.437650008881077,-1645.850529013367,-1407.1641220988254,210,29.5,14.5,36.37199237928682,2.943983490776115,0.08094094654140144,0.95010564524598,-0.7890634223863767,30.853062899141097
15,4,4,1998-05-24,3,Temporally clustered,62.09882411592492,17.632195034404848,1811.881609250528,-1030.4088761704909,393,62.5,17.5,27.540887515719714,1.2858709186921102,0.046689523638559736,-0.528501425095718,-1.2228677093003615,44.524295205060355
16,4,4,1998-05-25,3,Temporally clustered,30.041193869026472,14.70771334034666,-1615.0809122641085,-1380.531939426743,211,30.5,14.5,36.71176886513085,3.0099178261626807,0.08198781805421329,1.0069950064376332,-0.7758044885489672,55.11959489239765
17,4,4,1998-05-25,3,Temporally clustered,61.6659049337068,18.033032868394308,1761.9578893238647,-991.9163742879297,442,61.5,18.5,27.454664288156142,1.3020952112446784,0.04742710373648234,-0.5429379283275098,-1.213526041675957,54.38699415855144
18,4,4,1998-05-26,3,Temporally clustered,29.17025410250766,15.146852413823988,-1704.0528256628972,-1321.5116194874527,260,29.5,15.5,36.70652288680974,2.7821583394222618,0.07579465775065317,1.0061166632680885,-0.8542426748062453,52.01007562170638
19,4,4,1998-05-26,3,Temporally clustered,61.08328815619943,18.173961726234214,1699.4178498774836,-983.9438046512813,442,61.5,18.5,27.454664288156142,1.3020952112446784,0.04742710373648234,-0.5429379283275098,-1.213526041675957,57.532311743948355
20,5,5,1998-08-01,4,Mixed,31.843236411127688,35.9541178773414,-1185.1507736431533,949.2671425397933,1262,31.5,35.5,24.000692202608896,3.8576729281349182,0.1607317362169907,-1.1212424129138407,0.2215102613904507,59.619732866659334
21,5,5,1998-08-01,4,Mixed,47.1768903491874,25.792305329741936,218.33869752727134,-242.7040029074893,778,47.5,25.5,39.094487184429276,4.395576278928185,0.11243468313555151,1.4059376311687666,-0.3901860389784994,45.82440606146032
22,5,5,1998-08-02,4,Mixed,36.35417728781264,32.47933928430957,-812.0156631396391,526.1450728480269,1117,36.5,32.5,29.617343733764873,5.011234081962552,0.1691993085878785,-0.18083679052400292,0.32875454156722506,13.888242170107361
23,5,5,1998-08-03,4,Mixed,36.4058103767787,31.74247621024345,-813.5074477179637,444.1960111704561,1067,36.5,31.5,30.399127029678784,4.7333494069366315,0.1557067544181596,-0.049941469194251784,0.15786739749597517,28.336249100048043
24,5,5,1998-08-04,4,Mixed,36.20478344429391,32.02180485041656,-830.0304120615885,476.5210047943159,1117,36.5,32.5,29.617343733764873,5.011234081962552,0.1691993085878785,-0.18083679052400292,0.32875454156722506,60.05427360452144
25,5,5,1998-08-05,4,Mixed,36.88051891932417,32.21192926369727,-764.9119770791517,493.0238246618451,1117,36.5,32.5,29.617343733764873,5.011234081962552,0.1691993085878785,-0.18083679052400292,0.32875454156722506,47.87093666239216
26,5,5,1998-08-06,4,Mixed,38.69243149846711,31.59847326657092,-598.4094117552689,414.6655995714682,1069,38.5,31.5,33.345989065137566,5.167466396565077,0.1549651559733623,0.44345670784776303,0.1484748363333521,21.307420723105643
27,5,5,1998-08-07,4,Mixed,38.85545662109036,28.110581414312428,-603.2918723091666,27.390579853052447,919,38.5,28.5,34.47245775933701,4.342280094182139,0.12596375125025758,0.6320632980189842,-0.2188364351165276,55.48543489198958
28,5,5,1998-08-07,4,Mixed,36.95622249949766,42.82160164250247,-662.3950727199763,1664.09831705768,1617,36.5,42.5,19.68609815959419,5.201190014777235,0.264206242019696,-1.8436423114786094,1.5320451355429463,52.16678364952974
29,5,5,1998-08-07,4,Mixed,49.59804277226645,41.435564400658514,386.8358351707426,1494.9860975515262,1580,49.5,41.5,21.137906598202502,5.883098708251558,0.27831983649468095,-1.6005635285548496,1.7107979366858745,10.931592194572879
30,5,5,1998-08-08,4,Mixed,39.76973575317651,27.829777969571523,-514.9680939772593,-7.894432564398169,870,39.5,27.5,33.805158960514746,4.276577785676728,0.1265066610298113,0.5203363128668023,-0.21196032400003448,45.216040526527664
31,5,5,1998-08-08,4,Mixed,50.88927738247682,39.80837841454539,506.666001124507,1320.726593938231,1481,50.5,39.5,22.005643976948164,5.423158619287927,0.24644398614141502,-1.4552767673584872,1.3070809707805495,47.61694609159508
32,5,5,1998-08-09,4,Mixed,39.40555351988267,27.804056406527984,-550.9094937337861,-9.163536540375599,870,39.5,27.5,33.805158960514746,4.276577785676728,0.1265066610298113,0.5203363128668023,-0.21196032400003448,34.9879353244884
33,5,5,1998-08-09,4,Mixed,50.86882297787124,39.87207165063906,504.4722660120568,1327.6617535696284,1481,50.5,39.5,22.005643976948164,5.423158619287927,0.24644398614141502,-1.4552767673584872,1.3070809707805495,51.74929449727335
34,5,5,1998-08-10,4,Mixed,39.9213363045259,27.694433788084343,-500.6775518539033,-23.518186951996594,870,39.5,27.5,33.805158960514746,4.276577785676728,0.1265066610298113,0.5203363128668023,-0.21196032400003448,46.818876452030196
35,5,5,1998-08-10,4,Mixed,51.10416833399216,39.28944684773325,528.8030618114491,1264.4515023938725,1482,51.5,39.5,21.991946497204676,5.3771856615814375,0.24450703634918872,-1.457570159941576,1.2825489352564075,41.21061473846787
36,5,5,1998-08-11,4,Mixed,41.126125203646914,27.14067236411224,-383.9070462680913,-89.20350387222086,872,41.5,27.5,35.225103146452085,4.502734962481154,0.12782744577810198,0.7580800091826763,-0.1952321989371903,54.35069838418303
37,5,5,1998-08-11,4,Mixed,51.60950068433424,38.70959128487251,576.8997875342847,1202.9238460505514,1432,51.5,38.5,22.54771741558506,5.081720093723756,0.22537625428156438,-1.3645164795580775,1.0402519861196144,25.008593434973196
38,6,6,1999-08-18,4,Mixed,36.436754343710064,37.4873777979399,-758.727465267645,1079.4827661951906,1367,36.5,37.5,27.23272030234473,5.967611851258166,0.21913388692000615,-0.5800983914530732,0.961190578083593,5.786619233224456
39,6,6,1999-08-18,4,Mixed,36.86062157997889,24.371360011592984,-825.0694767394218,-375.3690813058112,717,36.5,24.5,28.730085489149698,2.272563685409464,0.07910048462152082,-0.3293919638544948,-0.8123734107921405,39.2551889974866
40,6,6,1999-08-18,4,Mixed,50.20285818094221,23.762297472165887,530.408410080956,-458.5270296131021,681,50.5,23.5,41.44297123488575,3.907932637808259,0.09429663273077896,1.7991483534098147,-0.6199097513092786,41.92620095803273
41,6,6,1999-08-18,4,Mixed,65.28595217874003,43.364958392842446,1641.947544420178,1854.2322498849728,1696,65.5,43.5,29.889572381337,6.921418149880056,0.2315663155556477,-0.13525708002704043,1.1186509222623462,22.479498075664637
42,6,6,1999-08-19,4,Mixed,36.369756709471496,36.370257781427,-775.2980714570449,956.5048389215436,1317,36.5,36.5,28.497632473756433,5.19717836003577,0.18237228530552035,-0.3683119718707848,0.49559414375662914,18.624247307742635
43,6,6,1999-08-19,4,Mixed,52.02784075186592,25.26348954469391,707.4012790574039,-283.3474810683692,783,52.5,25.5,31.322325531962807,3.324399637241108,0.1061351473998548,0.10463124326866484,-0.4699715011902415,54.28083536048094
44,6,6,1999-08-19,4,Mixed,65.23968325194552,43.35808770222461,1638.4562278926971,1852.779041584469,1696,65.5,43.5,29.889572381337,6.921418149880056,0.2315663155556477,-0.13525708002704043,1.1186509222623462,25.80916492884798
45,6,6,1999-08-20,4,Mixed,36.86996528046988,35.358391546361084,-739.4053028949252,841.3326872884221,1267,36.5,35.5,28.562087698197303,5.028059639362673,0.17603964011636372,-0.35752012282685486,0.4153893406349039,36.970811688354466
46,6,6,1999-08-20,4,Mixed,65.27719049488609,43.35909451354572,1641.4016665265794,1853.4602721452552,1696,65.5,43.5,29.889572381337,6.921418149880056,0.2315663155556477,-0.13525708002704043,1.1186509222623462,23.42461112790472
47,6,6,1999-08-21,4,Mixed,36.98714067179596,35.14263229497727,-730.6273591748239,816.7223396478582,1267,36.5,35.5,28.562087698197303,5.028059639362673,0.17603964011636372,-0.35752012282685486,0.4153893406349039,59.209488698636555
48,6,6,1999-08-22,4,Mixed,38.35644760977115,33.83177911374344,-615.2084828140306,663.7279556754814,1169,38.5,33.5,31.83097562233637,5.352660287040181,0.1681588510056262,0.18979540240565707,0.31557684203592296,39.07251452143744
49,7,7,2000-07-07,4,Mixed,36.0605715954815,31.956598092281613,-844.1727907071815,470.3191855598067,1067,36.5,31.5,30.399127029678784,4.7333494069366315,0.1557067544181596,-0.049941469194251784,0.15786739749597517,65.44039832823053
50,7,7,2000-07-07,4,Mixed,33.926137253363464,20.390696821487253,-1155.6606402111152,-793.2189193582633,514,33.5,20.5,39.56212090215806,2.896377740524022,0.07321088138037687,1.4842343485157121,-0.8869669580873325,46.16248442300525
51,7,7,2000-07-08,4,Mixed,39.196798047507066,29.47062922299907,-562.5304932848746,176.46241957966433,970,39.5,29.5,34.4901033253148,4.842675092001291,0.14040767133471876,0.6350177254680994,-0.03589996353530119,29.56339258832872
52,7,7,2000-07-08,4,Mixed,34.80699177028674,21.00878885453835,-1059.442806313808,-732.3708389380553,565,34.5,21.5,38.4838308874148,2.9064631746318645,0.07552426844236947,1.3036943974778945,-0.8576672344632821,63.341568049944506
53,7,7,2000-07-09,4,Mixed,40.46840630560699,28.094137673413584,-445.1563237733099,18.664368976919157,921,40.5,28.5,34.25310512164115,4.723528751727466,0.13790074607697786,0.5953367087636284,-0.0676509050032168,45.113718476508424
54,8,8,2000-07-28,4,Mixed,41.43108677507978,37.35697062918053,-317.19291350291456,1041.425626989805,1372,41.5,37.5,31.411450741024115,7.159039130568961,0.2279117634391551,0.11955363025190603,1.0723649510376723,16.992625213649646
55,8,8,2000-07-28,4,Mixed,52.342775203635405,25.284823773738555,738.9011863419793,-279.1671517105752,783,52.5,25.5,31.322325531962807,3.324399637241108,0.1061351473998548,0.10463124326866484,-0.4699715011902415,28.65910263775118
56,8,8,2000-07-29,4,Mixed,43.50884179126104,36.36599857661639,-134.1930235601896,927.6978286655683,1324,43.5,36.5,35.29658260495739,7.028319720491377,0.19912181865176523,0.7700479378125549,0.7077318815090347,14.848470156589093
57,8,8,2000-07-29,4,Mixed,53.76655116061848,26.184164217155228,875.01439589128,-170.34278742432096,834,53.5,26.5,31.19328935222987,3.0628752963513537,0.09819019923695231,0.08302649384822379,-0.5705965929463723,43.943126058739196
58,8,8,2000-07-30,4,Mixed,43.82524778676246,34.47554261133818,-108.10119619493098,718.0955025770829,1224,43.5,34.5,37.25374903456503,5.847453435281516,0.1569628181543847,1.097739678015078,0.1737758120151992,30.043553492623268
59,8,8,2000-07-31,4,Mixed,44.06972832831982,33.65947663588692,-86.39592882912862,627.5081060635684,1175,44.5,33.5,39.86924847164001,5.872625063849648,0.14729710965148973,1.5356572455086315,0.05135678736589292,43.71432210687677
60,8,8,2000-08-01,4,Mixed,44.14665031844167,32.32952371447101,-80.40767627657257,480.1101053668762,1125,44.5,32.5,39.94829000816486,5.583450670555047,0.13976695046055462,1.548891305862559,-0.04401488076709363,38.26064138809113
61,8,8,2000-08-02,4,Mixed,46.430086318641365,32.36687747010387,134.69366313109083,484.77277680842724,1127,46.5,32.5,40.96496327196965,5.877550854770364,0.14347750822449995,1.7191146583550498,0.0029804183598195967,16.146946306482292
62,9,9,2001-07-28,4,Mixed,40.800075316540536,34.867222370972634,-384.5989669695087,767.881456864634,1221,40.5,34.5,34.553374926249184,5.629064313256945,0.16290924765733117,0.6456113983933727,0.24908908053333584,49.21936696540501
63,9,9,2001-07-29,4,Mixed,39.8946890750669,35.43019589765749,-464.35355730026646,833.5122210388286,1270,39.5,35.5,33.169084910956194,5.740328463498018,0.17306261173343104,0.4138373411675514,0.3776844056182142,36.65671326295333
64,9,9,2001-07-29,4,Mixed,53.93903723618648,24.868902431025084,902.184647877394,-314.7897661396685,734,53.5,24.5,33.71618021990356,3.261838794914782,0.09674401944824199,0.5054384493479841,-0.5889128828643264,60.475877586938054
65,9,9,2001-07-30,4,Mixed,40.47259376808489,34.93969821432145,-414.21212928390486,777.0316998794056,1221,40.5,34.5,34.553374926249184,5.629064313256945,0.16290924765733117,0.6456113983933727,0.24908908053333584,48.77531687173722
66,9,9,2001-07-30,4,Mixed,53.808819195519966,25.08146016551357,887.5130373613459,-292.17876509476554,784,53.5,25.5,31.08224057381664,3.1573592024135415,0.1015808109108218,0.0644334059559028,-0.5276535046093574,55.78852275538151
67,10,10,2001-08-07,4,Mixed,37.68795343568742,33.49592949720652,-679.5060390978163,630.243599215591,1168,37.5,33.5,32.05338064684076,5.3200387062847305,0.16597434027006708,0.2270330580322344,0.28790937477235,17.46040489591812
68,10,10,2001-08-07,4,Mixed,25.81684606106649,18.505348672042704,-2018.4223628362122,-903.642718156479,406,25.5,18.5,35.83233954894647,2.85810591527623,0.07976330742713848,0.8597506440543345,-0.8039785661354113,33.21684892614385
69,10,10,2001-08-07,4,Mixed,51.80124347944548,39.13522412990466,590.2727051322594,1250.906460640548,1482,51.5,39.5,21.991946497204676,5.3771856615814375,0.24450703634918872,-1.457570159941576,1.2825489352564075,48.26814359591946
70,10,10,2001-08-08,4,Mixed,37.0817583764274,33.90590486372263,-732.3290263723892,679.2838020625474,1168,37.5,33.5,32.05338064684076,5.3200387062847305,0.16597434027006708,0.2270330580322344,0.28790937477235,59.24792454668517
71,10,10,2001-08-08,4,Mixed,25.810804577124877,18.505246374923864,-2019.0505805056387,-903.5613971389279,406,25.5,18.5,35.83233954894647,2.85810591527623,0.07976330742713848,0.8597506440543345,-0.8039785661354113,32.58339026052969
72,10,10,2001-08-08,4,Mixed,51.65227406612645,39.11133226965212,577.5553671318187,1247.494252412892,1482,51.5,39.5,21.991946497204676,5.3771856615814375,0.24450703634918872,-1.457570159941576,1.2825489352564075,45.0995449962435
73,10,10,2001-08-09,4,Mixed,36.685396023893,33.88625664179784,-769.044030189239,679.6571528288566,1167,36.5,33.5,29.50221986039831,5.386619652475449,0.182583537034312,-0.2001121785705407,0.49826970867630427,46.294434620218574
74,10,10,2001-08-09,4,Mixed,26.03655227481119,19.002583280402938,-1989.0179354690388,-851.9570031134505,457,26.5,19.5,35.76587923413266,3.019981898416657,0.08443751315736088,0.8486230792819759,-0.7447783837242986,72.71069448752587
75,10,10,2001-08-09,4,Mixed,51.64753863247648,39.09335224499321,577.2829164358976,1245.4852576873443,1482,51.5,39.5,21.991946497204676,5.3771856615814375,0.24450703634918872,-1.457570159941576,1.2825489352564075,46.88859990318741
76,10,10,2001-08-10,4,Mixed,36.699519432875725,33.67664664877774,-769.5439709301446,656.3652652311225,1167,36.5,33.5,29.50221986039831,5.386619652475449,0.182583537034312,-0.2001121785705407,0.49826970867630427,27.04689239017692
77,10,10,2001-08-10,4,Mixed,51.71680449034683,38.50276773203843,587.8317479354798,1180.6409778714226,1432,51.5,38.5,22.54771741558506,5.081720093723756,0.22537625428156438,-1.3645164795580775,1.0402519861196144,18.967079057824822
78,10,10,2001-08-11,4,Mixed,37.43062122437205,33.17955403746269,-705.8156694622352,596.7361242799699,1168,37.5,33.5,32.05338064684076,5.3200387062847305,0.16597434027006708,0.2270330580322344,0.28790937477235,36.17844400439118
79,10,10,2001-08-12,4,Mixed,39.87945871618216,32.11686247174234,-483.3040739234132,466.6906358026659,1120,39.5,32.5,32.45086693251689,5.354480651119233,0.1650026996891679,0.29358487022838003,0.2756032626867499,55.43193498195696
80,11,11,2002-07-16,4,Mixed,27.802712911067047,36.55547055190488,-1533.3631712801082,1063.7415228072384,1308,27.5,36.5,22.547099934067838,3.5156087282805766,0.15592287870994093,-1.364619865550122,0.16060467485075663,27.736437446430955
81,11,11,2002-07-16,4,Mixed,43.56598806288703,22.7293196423725,-147.44747920416071,-582.87450672478,624,43.5,22.5,37.78905544906366,3.5013520648440792,0.0926551887374797,1.1873669513296907,-0.6406991194777861,26.25667487261929
82,11,11,2002-07-16,4,Mixed,58.94330466261413,40.04118081178802,1191.0440717797273,1407.8715491032399,1539,58.5,40.5,31.529886762498066,6.888314843813977,0.21846938099400348,0.13938357695053338,0.9527744162150071,64.05270052416395
83,11,11,2002-07-17,4,Mixed,29.86586992060762,35.2273746910096,-1373.313687375243,891.0876058332889,1260,29.5,35.5,23.37129977564752,3.7036275425325127,0.15846904442993912,-1.226622669054148,0.19285260824791217,44.624519857970824
84,11,11,2002-07-17,4,Mixed,59.04206448889688,38.65522178651602,1221.940129016141,1256.4603743457078,1440,59.5,38.5,33.54099775302939,6.615578535266573,0.19723857304361378,0.4761073477336579,0.6838800251804541,43.69994499677032
85,11,11,2002-07-18,4,Mixed,46.06924804685561,34.43107287561349,98.4431367038021,713.0773287168529,1227,46.5,34.5,29.2349802983854,6.7330514012679155,0.2303080533165186,-0.24485655789474914,1.102714663060954,40.36123541427325
86,11,11,2002-07-19,4,Mixed,45.38080818436792,32.48894861445038,35.821459798493905,497.5430590757634,1126,45.5,32.5,40.85578879250824,5.711264125452841,0.13979081775799956,1.700835387558654,-0.04371259446564461,11.277647484380838
87,11,11,2002-07-20,4,Mixed,24.02449537722921,27.739456167004438,-2048.9936468195215,147.88744862066088,855,24.5,27.5,34.420297885792486,4.212926835618481,0.12239658266750306,0.6233300807146308,-0.26401566833359225,53.68408730006558
88,11,11,2002-07-20,4,Mixed,43.20722728200316,30.340417321748625,-172.4150055032333,260.6698792475233,1024,43.5,30.5,37.52047249867571,5.240712626549124,0.13967608288339375,1.1423976461802048,-0.04516574520346138,33.240906600809495
89,11,11,2002-07-20,4,Mixed,63.69674091480725,29.50513682837008,1799.433393516957,306.8751550684598,994,63.5,29.5,34.953563079732184,4.426104312582919,0.12662812951247865,0.712615588961657,-0.21042189014706728,18.890226775306637
90,12,12,2002-07-31,1,Independent,33.806139003448365,30.896018131355483,-1067.678950147906,370.99230403374384,1014,33.5,30.5,29.964878304423696,4.042553287114467,0.13490971817221323,-0.1226484798535827,-0.10553314805766816,52.96323605753664
91,13,13,2002-08-06,3,Temporally clustered,25.94412851101665,33.85413474675237,-1751.3409755645591,792.6578073910466,1156,25.5,33.5,23.051164073582935,3.4949737458161643,0.151618102003858,-1.2802235400498407,0.10608341905932782,57.21543155825076
92,13,13,2002-08-06,3,Temporally clustered,43.47141281585606,21.140680030018665,-159.03847639786585,-758.4427248291212,574,43.5,21.5,38.630417002945634,3.332623982395838,0.08626942810743461,1.328237562822018,-0.721576645190456,39.83063770902289
93,13,13,2002-08-06,3,Temporally clustered,51.89890236856987,25.03970548435333,695.748983043373,-308.8520706599404,782,51.5,25.5,36.688080472069935,3.6339521247335322,0.09904993878052583,1.0030288180607516,-0.5597077402207613,64.85907402435146
94,13,13,2002-08-06,3,Temporally clustered,60.83804902567948,40.23046121628152,1347.4712642471643,1450.3739448648969,1541,60.5,40.5,31.295010117324672,6.739063344455937,0.21533986789559287,0.10005777643328773,0.9131382176869933,41.98809047157912
95,13,13,2002-08-07,3,Temporally clustered,25.77883684588748,33.04722644343183,-1782.2479700927247,706.1635576765163,1156,25.5,33.5,23.051164073582935,3.4949737458161643,0.151618102003858,-1.2802235400498407,0.10608341905932782,56.6508816341366
96,13,13,2002-08-07,3,Temporally clustered,43.59244721677583,20.744786174092223,-146.86259846986923,-802.3391998752625,524,43.5,20.5,37.87532416115966,3.090531910290511,0.08159750388248256,1.2018110701149471,-0.7807479316701587,28.70784329079627
97,13,13,2002-08-07,3,Temporally clustered,60.83972684521787,39.75319973586858,1356.4742783546542,1397.9851125622702,1491,60.5,39.5,32.3975417989987,6.632981663999655,0.2047371897890308,0.2846565514432426,0.7788521990172675,40.04677740483952
98,14,14,2006-08-20,3,Temporally clustered,32.41985090438441,33.104238807316044,-1171.3453966973298,628.4930226751721,1163,32.5,33.5,23.69407434423507,3.4404527333290114,0.1452030867863845,-1.172579968099596,0.02483537544220927,44.74458504740076
99,14,14,2006-08-20,3,Temporally clustered,48.7570243350719,41.86902515104832,314.16800066964845,1540.0824680482995,1579,48.5,41.5,19.11788604650038,5.8451227589283254,0.3057410607381616,-1.9387790424827231,2.0580957602827064,45.92591048648861
100,14,14,2006-08-21,3,Temporally clustered,32.93676722185646,32.362950325129994,-1132.597091212855,541.4242269118206,1113,32.5,32.5,23.72910080363266,3.3315752465601705,0.14040040008807006,-1.1667154277827918,-0.03599205600037526,43.57469250310254
101,14,14,2006-08-21,3,Temporally clustered,45.13615415464567,17.656881479586264,14.503634367879593,-1143.9699361843045,376,45.5,17.5,37.18727288613978,2.8679837424297467,0.07712272290605866,1.0866094621939335,-0.8374223412583449,42.451920221973914
102,14,14,2006-08-21,3,Temporally clustered,49.24196576513162,41.78305190233853,355.12689702887974,1532.0833260601069,1580,49.5,41.5,21.137906598202502,5.883098708251558,0.27831983649468095,-1.6005635285548496,1.7107979366858745,38.1411201457217
103,14,14,2006-08-21,3,Temporally clustered,60.09519423344051,44.43495067458742,1207.3883222971267,1902.134099745289,1741,60.5,44.5,26.10118487078499,7.293404218662319,0.27942808936715413,-0.7695533141716072,1.7248342833926187,32.85407401560701
104,14,14,2006-08-22,3,Temporally clustered,35.02580909205152,32.05199367264768,-940.5302316582671,488.6767015501487,1116,35.5,32.5,30.31113976228796,4.474955107518959,0.1476340098925128,-0.06467332864717706,0.055623727435294666,67.00683138557231
105,14,14,2006-08-22,3,Temporally clustered,44.41210899051735,17.451239527314563,-62.70468612447213,-1166.5089733625941,375,44.5,17.5,33.97324324302562,2.707629494082688,0.07969888169680527,0.5484789532695008,-0.8047945368495446,10.801175179073992
106,14,14,2006-08-22,3,Temporally clustered,59.72967625322075,44.40027034352142,1179.1396024042629,1894.2813642849896,1740,59.5,44.5,24.61015172803973,7.487112548506465,0.30422862204364126,-1.019199556746789,2.0389402819471454,21.70477532668819
107,14,14,2006-08-23,3,Temporally clustered,35.20688268336332,28.646735203328056,-955.5336361999538,110.10725709421062,916,35.5,28.5,33.1370298376167,3.83414810276886,0.11570584694999995,0.4084703051270632,-0.34875579271016394,32.91291500337332
108,14,14,2006-08-23,3,Temporally clustered,54.60643411141143,41.96844013917587,800.5548614769302,1580.7266735927399,1585,54.5,41.5,26.726728632756423,6.564295014723917,0.24560787460829311,-0.6648174466274527,1.2964913737166444,52.417454485836856
109,15,15,2007-07-25,4,Mixed,32.9808771984905,36.09612438108297,-1081.5491960271502,953.6893261374731,1313,32.5,36.5,23.653285724869193,4.824093328569511,0.203950241191964,-1.1794092767665867,0.7688852649147956,61.84341274823518
110,15,15,2007-07-25,4,Mixed,40.67099322899447,18.317541235617725,-459.0420494237693,-1063.6662652628654,421,40.5,18.5,30.965038196182203,1.573558828840416,0.050817273948476065,0.044810010366289205,-1.1705885445826916,27.16526050332319
111,15,15,2007-07-26,4,Mixed,33.99114194646723,32.92495964169244,-1027.912131933626,593.9338310134015,1114,33.5,32.5,23.921175528548243,3.3602505695988607,0.1404717993724279,-1.134556026362277,-0.03508776318530354,66.11530581945308
112,15,15,2007-07-27,4,Mixed,34.8068549970866,31.22830911927731,-969.3817744272965,399.23947906725596,1065,34.5,31.5,28.00561439353215,3.6615783355682847,0.13074443874417982,-0.45069140495360277,-0.1582876300306086,41.86092019109679
113,15,15,2007-07-28,4,Mixed,36.287112911579776,30.07116068878453,-838.8601077701072,259.8975292824852,1017,36.5,30.5,31.28073190191465,4.557143945009023,0.14568533624144794,0.09766715027911085,0.030943205810655093,51.88462177064257
114,15,15,2007-07-29,4,Mixed,38.89714826707464,31.922633875959885,-577.0599672761904,449.5633687617951,1069,38.5,31.5,33.345989065137566,5.167466396565077,0.1549651559733623,0.44345670784776303,0.1484748363333521,60.212343577615975
115,15,15,2007-07-29,4,Mixed,27.44462468572525,20.987172547177785,-1817.759098251235,-652.8638879262426,508,27.5,20.5,35.123034731498564,3.3405830440906072,0.09511088861278695,0.740990518984064,-0.6095969624577915,54.71598201945013
116,15,15,2007-07-30,4,Mixed,39.57708154061058,32.251469494548374,-511.0777040781734,482.87099510356666,1120,39.5,32.5,32.45086693251689,5.354480651119233,0.1650026996891679,0.29358487022838003,0.2756032626867499,28.47921690852113
117,15,15,2007-07-30,4,Mixed,27.167539380881024,19.314119495033925,-1867.928822896402,-834.1268122773577,458,27.5,19.5,35.578001040033165,3.1240909934613756,0.08780962679567293,0.8171663102309586,-0.7020695784168404,40.02083843223723
118,15,15,2007-07-31,4,Mixed,27.07022931428376,19.168534580880944,-1879.8534528134148,-848.8456640277466,458,27.5,19.5,35.578001040033165,3.1240909934613756,0.08780962679567293,0.8171663102309586,-0.7020695784168404,57.47950560100731
119,15,15,2007-07-31,4,Mixed,42.33107021984584,31.57578627381744,-253.44803722107068,399.1352053333132,1073,42.5,31.5,37.333369053278176,5.3701262965555445,0.14384253103147152,1.111070594636358,0.007603538950599595,18.1035335622705
120,15,15,2007-08-01,4,Mixed,43.50794528732035,32.048435131915646,-141.00502681955106,449.55953254838744,1124,43.5,32.5,37.32679275576201,5.409136393174337,0.14491296984896584,1.1099695138368089,0.021160959593397193,50.04487505887187
121,16,16,2010-06-18,3,Temporally clustered,25.360214729586904,28.71695141357277,-1903.1713331587366,234.21014172816305,906,25.5,28.5,33.359966686499405,4.2072433380109535,0.1261165329554601,0.4457970050236507,-0.21690141014349543,27.841475863111977
122,16,16,2010-06-18,3,Temporally clustered,35.05592298239377,18.153546091383262,-1054.0019285747314,-1049.8669206882876,416,35.5,18.5,38.93729802028759,2.537296352805904,0.06516364724341916,1.3796191791662484,-0.9888875316154818,60.24409527688903
123,16,16,2010-06-18,3,Temporally clustered,46.89558827927067,21.83848953535433,196.21373833503046,-680.7912619679768,577,46.5,21.5,39.471529176992966,3.619613044621994,0.09170187018575865,1.4690664202198804,-0.6527731777060916,55.55281147436
124,16,16,2010-06-18,3,Temporally clustered,58.91145363277153,40.91042467965667,1174.0463604785493,1503.0523268514246,1539,58.5,40.5,31.529886762498066,6.888314843813977,0.21846938099400348,0.13938357695053338,0.9527744162150071,56.71119337742601
125,16,16,2010-06-18,3,Temporally clustered,64.76358710148692,20.66213599595169,2047.9355680580168,-655.7791513625283,545,64.5,20.5,27.8299185557383,1.1296052299450363,0.04058959884063768,-0.480108461143632,-1.3001250406146752,33.04775461729526
126,16,16,2010-06-19,3,Temporally clustered,27.178828115833078,25.90883956160068,-1774.192346625232,-104.03326674236573,758,27.5,25.5,33.93347224457198,4.004898111692008,0.11802205453149978,0.5418200266214089,-0.3194203463817741,55.955634999716516
127,16,16,2010-06-19,3,Temporally clustered,46.73779188804428,21.88921752842353,179.81446995209205,-675.4112753514144,577,46.5,21.5,39.471529176992966,3.619613044621994,0.09170187018575865,1.4690664202198804,-0.6527731777060916,49.62165625462906
128,16,16,2010-06-19,3,Temporally clustered,60.51944054929661,37.493504621735546,1369.4446571620874,1145.5492097862402,1391,60.5,37.5,33.33868057722663,6.403323063819338,0.1920688807400912,0.44223303515158724,0.6184043604276107,1.8707279661038267
129,16,16,2010-06-19,3,Temporally clustered,65.67991365117024,20.344179060379847,2146.2193328900457,-676.1215874823796,546,65.5,20.5,27.94591184304136,1.0783889989971445,0.03858843486853937,-0.4606875056269513,-1.3254703675044972,25.174950226380627
130,16,16,2010-06-20,3,Temporally clustered,33.22279845278893,23.58725768256529,-1199.6309678273963,-433.08122062375327,664,33.5,23.5,37.841453635385065,3.3470547134506146,0.0884494223107969,1.1961400697520006,-0.6939663811278866,29.900802968640175
131,16,16,2010-06-20,3,Temporally clustered,61.306466743661,35.53322579537472,1473.0762341953096,939.3592222354234,1292,61.5,35.5,30.054285514701622,6.0623400386868385,0.20171299815865962,-0.10767887692180747,0.7405499276802257,17.88804959261685
132,16,16,2010-06-20,3,Temporally clustered,65.92709128837457,20.364711288403623,2171.123254241871,-669.7184583218236,546,65.5,20.5,27.94591184304136,1.0783889989971445,0.03858843486853937,-0.4606875056269513,-1.3254703675044972,46.308147347674954
133,16,16,2010-06-21,3,Temporally clustered,31.388487665867316,22.737713143108024,-1394.4237951668802,-508.42445865191894,612,31.5,22.5,37.85970101675852,3.50689152848865,0.09262861127551777,1.1991952601874944,-0.6410357308053529,28.90606677611897
134,16,16,2010-06-21,3,Temporally clustered,61.4958733603415,32.55153153133924,1541.2415935331585,612.6804642373203,1142,61.5,32.5,36.854571234242165,5.421277589648411,0.14709919036071747,1.0309046526134626,0.04885008167242354,5.7742279398561625
135,16,16,2010-06-21,3,Temporally clustered,66.15495147777673,20.898037102519865,2185.9596058787433,-606.7788690540715,547,66.5,20.5,28.039174240476857,1.0369333145558364,0.036981592455705696,-0.4450724220812844,-1.345821496538165,56.32420681522967
136,16,16,2010-06-22,3,Temporally clustered,29.903603180794683,21.982819316231662,-1554.1398621163491,-574.8718903804396,560,29.5,21.5,36.78667561291952,3.492060568719824,0.0949273211166004,1.0195367720046526,-0.6119218984760608,67.46212890030945
137,16,16,2010-06-22,3,Temporally clustered,47.75435305904237,12.77067848823929,301.622788541012,-1678.3917441133137,128,47.5,12.5,30.869430716874895,1.794954694903085,0.05814667304252767,0.02880228573100142,-1.0777595617832858,40.83211101814428
138,16,16,2010-06-22,3,Temporally clustered,61.7697431601065,31.19376028634405,1589.1561305421226,466.238684464275,1092,61.5,31.5,38.28567220865052,5.112490763062749,0.13353535325697113,1.270516349204546,-0.12293988160294024,42.773788146020806
139,16,16,2010-06-22,3,Temporally clustered,66.13720317516463,20.84995260277301,2184.9195853952197,-612.4081005600159,547,66.5,20.5,28.039174240476857,1.0369333145558364,0.036981592455705696,-0.4450724220812844,-1.345821496538165,53.491547834482276
140,17,17,2010-07-08,4,Mixed,50.76873494093843,34.841724195750984,528.2248623112215,771.2294818048433,1231,50.5,34.5,28.856558244554677,6.094002292709266,0.211182575588661,-0.3082164129764971,0.8604848949384091,45.08721640317044
141,17,17,2010-07-08,4,Mixed,37.08422930431458,18.012667133816116,-840.3406103037336,-1079.8310414299601,418,37.5,18.5,36.408397917433,3.28653680346192,0.09026864656102505,0.9562010870886656,-0.6709253740186205,69.21962275381945
142,17,17,2010-07-08,4,Mixed,47.33669360831891,15.95082247291858,251.4827010850878,-1329.7569980251544,278,47.5,15.5,34.97471060251732,2.429382639534468,0.06946112198451221,0.7161563550598282,-0.9344587573459008,52.58067672738177
143,17,17,2010-07-09,4,Mixed,50.82739185460008,35.16317525699358,531.5969315577872,807.0728282484433,1281,50.5,35.5,29.901614257501276,6.315795495504859,0.21121921516061445,-0.1332408879976453,0.860948945831395,47.895730316159735
144,17,17,2010-07-09,4,Mixed,37.096866471138654,18.013254198025077,-838.9990024900877,-1079.8457832021795,418,37.5,18.5,36.408397917433,3.28653680346192,0.09026864656102505,0.9562010870886656,-0.6709253740186205,68.33570843538146
145,17,17,2010-07-10,4,Mixed,48.97510489842964,34.48358051127957,365.63643837310053,724.6827971564323,1229,48.5,34.5,27.1746633680913,6.978207846099879,0.2567909582384651,-0.5898189637705459,1.4381283980658932,43.737085406227884
146,17,17,2010-07-11,4,Mixed,46.67879597055472,35.09364191888751,153.3808632149056,787.103243680536,1277,46.5,35.5,27.4864248661638,7.273758314022738,0.2646309350684906,-0.5376202001467467,1.5374239971952717,47.87594269310578
147,17,17,2010-07-11,4,Mixed,64.05563786172364,30.519945234059083,1814.9854507398973,424.5149210340617,1045,64.5,30.5,36.80923055951061,4.732361764112638,0.12856453917073013,1.0233131854903939,-0.18589669557766317,42.2557156198552
148,17,17,2010-07-12,4,Mixed,46.4258376518487,34.882295310889816,130.59213703452738,763.3937247991413,1227,46.5,34.5,29.2349802983854,6.7330514012679155,0.2303080533165186,-0.24485655789474914,1.102714663060954,42.88889677788772
149,17,17,2010-07-13,4,Mixed,46.78161818944116,33.169582486489574,166.3499833096617,574.1550165373332,1177,46.5,33.5,34.21055273380102,6.33472900073668,0.18516885856912166,0.588212089308604,0.5310135619180459,45.07011954257834
150,18,18,2010-07-16,3,Temporally clustered,24.863073424383053,37.58394360892962,-1767.8047129660827,1219.7972888411643,1355,24.5,37.5,22.82280608516649,3.867883825774665,0.16947450770694525,-1.3184579106589533,0.3322400188843209,33.334738303856795
151,18,18,2010-07-16,3,Temporally clustered,33.04300005495908,43.81951592133374,-967.8122992928617,1803.0750743342237,1664,33.5,43.5,19.44628033436213,5.227451514955461,0.26881498286941824,-1.88379542226829,1.5904161860991917,50.567579794788486
152,18,18,2010-07-16,3,Temporally clustered,53.81029445907816,28.675044707850663,859.7421748692955,105.91396709217464,934,53.5,28.5,35.70508334239475,4.858219225038692,0.13606519773251002,0.8384439186038755,-0.09089866153954311,35.980470242767296
153,18,18,2010-07-17,3,Temporally clustered,24.827511825012472,37.64749362036788,-1769.428174010038,1227.3336780093484,1355,24.5,37.5,22.82280608516649,3.867883825774665,0.16947450770694525,-1.3184579106589533,0.3322400188843209,33.39140063055633
154,18,18,2010-07-17,3,Temporally clustered,28.184280803265437,23.49529913657882,-1709.1768394947762,-385.3487672150898,659,28.5,23.5,35.84077346683957,3.716512624661292,0.10369510100276898,0.8611627494273402,-0.5008754023311496,32.01520632412752
155,18,18,2010-07-17,3,Temporally clustered,33.308085428875344,43.70614831804012,-948.1734460497637,1788.299753930858,1664,33.5,43.5,19.44628033436213,5.227451514955461,0.26881498286941824,-1.88379542226829,1.5904161860991917,27.298454282732717
156,18,18,2010-07-17,3,Temporally clustered,54.20384649765305,27.815027171701825,905.2347717576945,13.478617585752477,885,54.5,27.5,36.75536539170108,4.080946245288962,0.11102994628943046,1.0142944478353937,-0.4079774419097565,45.53409666197466
157,18,18,2010-07-17,3,Temporally clustered,49.421402674818985,42.62734977357128,365.57732911642756,1625.670132135131,1630,49.5,42.5,20.225193554631847,6.055603228974305,0.2994089135719291,-1.753380642638075,1.977897264766948,15.525297716041067
158,18,18,2010-07-18,3,Temporally clustered,26.54271288014977,23.251374949845587,-1877.4767150153516,-389.065737165004,657,26.5,23.5,32.81100147926969,3.4455455106585537,0.10501189708688054,0.3538828165589492,-0.48419779486650466,28.179230649713343
159,18,18,2010-07-18,3,Temporally clustered,24.43969316433935,37.57872822175788,-1804.33839773269,1225.9559835167363,1355,24.5,37.5,22.82280608516649,3.867883825774665,0.16947450770694525,-1.3184579106589533,0.3322400188843209,10.185232686370444
160,18,18,2010-07-18,3,Temporally clustered,33.290312011527284,43.71509488579289,-949.4732318793334,1789.4364488055357,1664,33.5,43.5,19.44628033436213,5.227451514955461,0.26881498286941824,-1.88379542226829,1.5904161860991917,28.910883029032313
161,18,18,2010-07-18,3,Temporally clustered,53.27746632644016,28.264956400730306,811.017763435357,56.82975669715662,934,53.5,28.5,35.70508334239475,4.858219225038692,0.13606519773251002,0.8384439186038755,-0.09089866153954311,33.980706676970954
162,19,19,2010-08-01,3,Temporally clustered,38.5879903843515,36.70845280441804,-574.0976498481465,980.8138695634414,1319,38.5,36.5,33.36738222807907,6.232083649471968,0.1867717283565503,0.4470386018996368,0.5513143764892782,24.46085795837783
163,19,19,2010-08-01,3,Temporally clustered,48.84211767802019,21.302933686040006,399.17968727046036,-735.5341040693842,579,48.5,21.5,41.516073410173796,3.580875221644562,0.08625274327525985,1.8113879763005114,-0.7217879634689516,41.6102630580719
164,19,19,2010-08-02,3,Temporally clustered,38.08911984860139,36.589470257823166,-619.5704019454855,970.2622915510485,1319,38.5,36.5,33.36738222807907,6.232083649471968,0.1867717283565503,0.4470386018996368,0.5513143764892782,38.079812362973136
165,19,19,2010-08-02,3,Temporally clustered,48.47330519338966,21.24771137062738,361.02505773303307,-742.7188031013743,579,48.5,21.5,41.516073410173796,3.580875221644562,0.08625274327525985,1.8113879763005114,-0.7217879634689516,28.045618000538894
166,19,19,2010-08-03,3,Temporally clustered,37.75407444170599,36.81970819414256,-647.699467669909,997.5717325148271,1318,37.5,36.5,31.8954623668708,6.094293018751478,0.1910708472776837,0.2005925289130428,0.6057639747798639,42.27172835083035
167,19,19,2010-08-03,3,Temporally clustered,46.27612528599974,19.472620690669125,134.33099223206946,-943.0012094399675,477,46.5,19.5,38.99525708554736,3.192882630350608,0.08187874292881563,1.3893233651098484,-0.7771859569080309,23.761190083956123
168,19,19,2010-08-03,3,Temporally clustered,54.2380413570318,25.658406485996483,926.0927271189084,-225.16848215562914,785,54.5,25.5,31.245895908572408,3.072938427199214,0.09834694566578722,0.09183450002141604,-0.5686113535891659,31.55822745221725
169,20,20,2010-08-05,4,Mixed,38.20134583477368,36.43070686048932,-610.7142528758955,952.1056304392421,1319,38.5,36.5,33.36738222807907,6.232083649471968,0.1867717283565503,0.4470386018996368,0.5513143764892782,27.94139733092464
170,20,20,2010-08-05,4,Mixed,45.8453657097263,19.184167439525947,89.16166848081791,-975.2096498251229,476,45.5,19.5,38.37551751053762,3.115387219632214,0.08118163406595762,1.2855593025676424,-0.7860150445056866,50.37664053056439
171,20,20,2010-08-05,4,Mixed,54.85059463755709,25.984605875189917,984.5058771003348,-184.3406445134749,785,54.5,25.5,31.245895908572408,3.072938427199214,0.09834694566578722,0.09183450002141604,-0.5686113535891659,64.34172429443718
172,20,20,2010-08-05,4,Mixed,64.60577990216305,44.39954232682509,1562.5516230994926,1956.6282764623882,1745,64.5,44.5,28.78054414017862,6.989952840370459,0.24287076736024066,-0.32094358516078597,1.26182511003129,14.263112381081482
173,20,20,2010-08-06,4,Mixed,40.809264935257616,36.91282142907324,-374.4809290351529,994.1955158413979,1321,40.5,36.5,34.25416454448983,6.503834021814491,0.1898698773799376,0.5955140897526152,0.5905533398355947,53.564219321363296
174,20,20,2010-08-06,4,Mixed,45.51596369268708,18.78000398691805,54.5659524580594,-1019.9941721678338,426,45.5,18.5,37.57981288719395,2.9794093241353035,0.07928217559461545,1.1523331094518365,-0.810072241487566,30.94185485229352
175,20,20,2010-08-06,4,Mixed,54.04173267044508,26.310667221370583,901.3975027861449,-154.36171959766054,835,54.5,26.5,32.64889976941641,2.9107565017457446,0.08915327996664599,0.3267418485819563,-0.6850518180935073,50.26434111518441
176,20,20,2010-08-07,4,Mixed,41.004390462322014,36.17433634920638,-360.2939306850471,911.8815483170677,1322,41.5,36.5,34.62760734230882,6.662492395093895,0.1924040644573645,0.658040259439644,0.6226495602217732,57.4694764181357
177,20,20,2010-08-07,4,Mixed,46.08185437248409,17.406533413474275,115.42144076465422,-1171.1092742984417,377,46.5,17.5,38.17869465389584,2.817817507972806,0.07380602017741508,1.2526049132888997,-0.8794293511915154,45.78998715016045
178,20,20,2010-08-07,4,Mixed,53.53415160237167,23.61023581979485,870.2762527569953,-456.9908590557223,684,53.5,23.5,40.48309956791895,3.6451059003263024,0.09004018810888893,1.638435389933067,-0.673818867121068,12.729411652218573
179,20,20,2010-08-08,4,Mixed,40.88497839231069,36.458985697443175,-369.77453919819885,943.7520063114684,1321,40.5,36.5,34.25416454448983,6.503834021814491,0.1898698773799376,0.5955140897526152,0.5905533398355947,34.8525492086567
180,20,20,2010-08-08,4,Mixed,46.18189210585344,17.182752432894244,126.26893293426842,-1195.6824560409689,377,46.5,17.5,38.17869465389584,2.817817507972806,0.07380602017741508,1.2526049132888997,-0.8794293511915154,48.78396134716229
181,20,20,2010-08-08,4,Mixed,52.624198892068605,22.502718271689325,784.4253372471112,-585.4617662742304,633,52.5,22.5,41.60759175276723,3.5172869140023115,0.08453473911448828,1.8267110497454735,-0.7435469885463284,12.777511484610038
182,20,20,2010-08-09,4,Mixed,42.30578049949862,34.32210480137758,-248.32357880974843,703.4269747998769,1223,42.5,34.5,36.48467937444759,5.88036270222675,0.16117347892455708,0.9689730225848745,0.2271050619568059,26.640086363115884
183,20,20,2010-08-10,4,Mixed,41.55407501571238,34.274943018020025,-317.74418337137865,700.0290751389617,1222,41.5,34.5,35.47514366894517,5.731464591348775,0.16156282959231766,0.799944723750325,0.2320363020184662,25.41105806007937
184,20,20,2010-08-11,4,Mixed,41.00341277476369,33.83174495022366,-370.3304612553906,652.5713139031166,1172,41.5,33.5,34.909590920009464,5.571554636312094,0.15959953953853387,0.7052532546593615,0.20717065937924217,58.87645065398401
185,20,20,2010-08-12,4,Mixed,40.01497853483296,33.582807904244014,-463.1103681106699,628.5200461010689,1171,40.5,33.5,33.6057809942907,5.492090465333949,0.1634269552094922,0.4869541171977828,0.25564599807022925,45.96534521093098
186,20,20,2010-08-13,4,Mixed,39.29770283163754,33.789274539156686,-528.436756926372,654.4197449043294,1170,39.5,33.5,32.293922201319745,5.424033343237539,0.16795833313229067,0.2673073440540121,0.31303722453440863,37.09468847908798
187,20,20,2010-08-14,4,Mixed,38.14278385567125,34.91272962915172,-627.1787247700723,784.5098470161741,1219,38.5,34.5,31.86904297209495,5.475366670548852,0.171808318039019,0.1961690842237062,0.36179840919615075,56.1104045528168
188,20,20,2010-08-15,4,Mixed,37.8613151328171,34.47752951197666,-656.1437526424787,737.9050270936716,1218,37.5,34.5,29.83241306779527,5.334893395216123,0.17882875860871125,-0.14482736216550257,0.4507143419384569,33.26534628061597
189,20,20,2010-08-16,4,Mixed,36.2911570071645,33.01338826573381,-813.2035458995759,585.7044193459659,1167,36.5,33.5,29.50221986039831,5.386619652475449,0.182583537034312,-0.2001121785705407,0.49826970867630427,57.53389299740047
190,20,20,2010-08-16,4,Mixed,51.455035038636616,40.80238465521628,547.6774478874315,1433.0342733985376,1532,51.5,40.5,21.402613077249743,5.629242917801703,0.2630166184607336,-1.5562432676666313,1.516978205297285,33.67759517568781
191,20,20,2010-08-17,4,Mixed,37.727921315728366,32.68030864859774,-681.8528286083375,539.7035769669585,1118,37.5,32.5,32.548745113159015,5.254213452993763,0.16142599153137724,0.30997278229210035,0.2303032079622766,29.35169787812874
192,20,20,2010-08-17,4,Mixed,51.18838039675349,23.803910501116317,630.5279473804144,-449.4149971572943,682,51.5,23.5,41.59905734336699,3.825256539417217,0.09195536590751997,1.8252821189066555,-0.6495625802624071,46.21704706587968
193,20,20,2010-08-18,4,Mixed,37.971354995223535,32.44329026815452,-660.7594962639727,512.0711210398059,1118,37.5,32.5,32.548745113159015,5.254213452993763,0.16142599153137724,0.30997278229210035,0.2303032079622766,44.69220586734442
194,20,20,2010-08-19,4,Mixed,38.32023491962296,32.27414201965258,-629.1630776323194,491.43466244322195,1119,38.5,32.5,32.732802784083866,5.234029263724875,0.1599016527319772,0.340789874579484,0.21099701131856904,30.28433534338144
195,20,20,2010-08-20,4,Mixed,37.77906261681878,31.827658208303127,-683.2372359050094,444.97659077000736,1068,37.5,31.5,33.358897493124644,4.9302094678029365,0.14779293796562268,0.44561798813868475,0.057636597955203074,45.04144901456502
196,20,20,2010-08-21,4,Mixed,38.37246187825978,30.0682004721673,-638.5475307233862,246.77624084415936,1019,38.5,30.5,34.854260622796055,4.864261798405293,0.13956003402418685,0.6959892078693194,-0.04663553794048829,49.48705502136492
197,20,20,2010-08-21,4,Mixed,32.702384199983534,42.54361151907368,-1014.6487675946568,1666.261523728578,1613,32.5,42.5,19.65639004832772,5.058865250820761,0.2573649199259326,-1.8486163916241554,1.4453977906763567,17.47449386946484
198,21,21,2011-07-26,4,Mixed,38.01955379462291,34.61522293863528,-640.6205702921526,752.2606693752509,1219,38.5,34.5,31.86904297209495,5.475366670548852,0.171808318039019,0.1961690842237062,0.36179840919615075,45.84700339556108
199,21,21,2011-07-26,4,Mixed,48.87967084305304,17.817614781549093,412.74267412128387,-1120.275317191449,379,48.5,17.5,38.93804336481922,2.685555008409971,0.06896995268222407,1.3797439734826262,-0.9406795601878016,53.62714155410906
200,21,21,2011-07-26,4,Mixed,66.9494733240329,33.905024291413014,2010.5985829419196,845.3665884220635,1197,66.5,33.5,23.956963074587552,6.276881506805012,0.2620065609844864,-1.128564056000538,1.5041855319981794,60.99078482583788
201,21,21,2011-07-27,4,Mixed,38.17004777642071,34.06812364828645,-630.7555402994176,690.8857061137422,1219,38.5,34.5,31.86904297209495,5.475366670548852,0.171808318039019,0.1961690842237062,0.36179840919615075,56.86944520556803
202,21,21,2011-07-27,4,Mixed,48.89088163062102,20.84237865055728,405.5860747436227,-786.2917323980155,529,48.5,20.5,41.07444759244794,3.389776823923125,0.08252763025707445,1.7374458063656018,-0.7689676091470833,55.74400120554322
203,21,21,2011-07-27,4,Mixed,66.85540898889867,33.78942256374624,2004.798429720249,831.0006292706089,1197,66.5,33.5,23.956963074587552,6.276881506805012,0.2620065609844864,-1.128564056000538,1.5041855319981794,45.744637275552634
204,21,21,2011-07-28,4,Mixed,38.73981251117796,32.20563079512518,-590.1441549607197,481.68570522417633,1119,38.5,32.5,32.732802784083866,5.234029263724875,0.1599016527319772,0.340789874579484,0.21099701131856904,39.624622428986726
205,21,21,2011-07-29,4,Mixed,41.11226262183626,32.80835025055125,-364.33074354081526,538.8780789621696,1122,41.5,32.5,35.41211810859159,5.465692853888577,0.15434526782972932,0.7893922458225054,0.14062377172567334,49.86705204053878
206,21,21,2011-07-30,4,Mixed,43.50814248815614,34.42965977844067,-137.35060077369369,713.3484835156044,1224,43.5,34.5,37.25374903456503,5.847453435281516,0.1569628181543847,1.097739678015078,0.1737758120151992,7.825179582717107
207,21,21,2011-07-31,4,Mixed,45.5534385935522,34.922643413772754,50.66764926021582,767.1801478821008,1226,45.5,34.5,37.60644726650826,6.580536926737149,0.17498427543826178,1.1567925493720632,0.40202283837551206,47.054834677823294
208,21,21,2011-08-01,4,Mixed,29.125507729376213,19.830111264244223,-1659.0403657976542,-803.444999615026,460,29.5,19.5,38.485445041125665,3.1190795676411205,0.08104569310054911,1.3039646580088677,-0.7877367765846346,54.13347927807827
209,21,21,2011-08-01,4,Mixed,25.95940237884393,36.80660334770022,-1689.7534444597452,1117.5759531386752,1306,25.5,36.5,22.043243794932664,3.3571942524155194,0.1523003730143962,-1.4489813651891843,0.11472458091844723,53.751320600042945
210,21,21,2011-08-01,4,Mixed,48.92038506103119,35.81271970568157,355.0531327397392,871.6353356861721,1279,48.5,35.5,27.36051772749398,6.941806001932938,0.2537161785852199,-0.5587010488423301,1.3991854146261307,51.41602569246476
211,21,21,2011-08-02,4,Mixed,25.391237038568512,18.83015422903941,-2058.113310555132,-861.0876378868799,406,25.5,18.5,35.83233954894647,2.85810591527623,0.07976330742713848,0.8597506440543345,-0.8039785661354113,38.84057866121121
212,21,21,2011-08-02,4,Mixed,35.33349975526882,21.690228648760375,-999.9371066596641,-661.1901576044677,566,35.5,21.5,38.14981466594623,2.829665849954474,0.07417246649117606,1.2477694872540621,-0.8747882014709836,27.338197477171054
213,21,21,2011-08-02,4,Mixed,50.907404979595256,35.11452108283147,539.1906221954072,802.0587143381836,1281,50.5,35.5,29.901614257501276,6.315795495504859,0.21121921516061445,-0.1332408879976453,0.860948945831395,56.73591228653286
214,21,21,2011-08-03,4,Mixed,24.50309648990707,19.076283159853563,-2146.320999163966,-819.5798216508044,455,24.5,19.5,34.835931629612844,2.900326037245712,0.08325673813127601,0.6929203530282058,-0.7597332447135654,47.34438419641919
215,21,21,2011-08-03,4,Mixed,52.38433705596356,34.292530453846894,680.1001814225598,718.8411565549303,1233,52.5,34.5,33.907518821441926,5.876357156492161,0.173305430793602,0.5374746003658578,0.3807597800207721,25.293194458795245
216,21,21,2011-08-04,4,Mixed,24.499775972489733,19.07135465218357,-2146.7347084406897,-820.0711335152583,455,24.5,19.5,34.835931629612844,2.900326037245712,0.08325673813127601,0.6929203530282058,-0.7597332447135654,47.88451767901434
217,21,21,2011-08-04,4,Mixed,25.83135840300177,35.90439967133375,-1719.8260135685553,1020.2430546917716,1256,25.5,35.5,24.393175478280916,3.9506728922124723,0.16195812208746885,-1.0555282632841976,0.23704279706154613,54.58384130633937
218,21,21,2011-08-04,4,Mixed,35.32137968007579,21.65992731088705,-1001.4103681541387,-664.4480624242971,566,35.5,21.5,38.14981466594623,2.829665849954474,0.07417246649117606,1.2477694872540621,-0.8747882014709836,25.714489432166765
219,21,21,2011-08-04,4,Mixed,53.71499058708812,33.90004204463613,805.8270970405835,683.8830157755215,1184,53.5,33.5,33.70053153620361,5.601237900431582,0.16620621827327312,0.5028183633318226,0.2908461774890479,48.55712331426124
220,21,21,2011-08-05,4,Mixed,24.671954189854137,18.91756284007985,-2131.1974668260173,-839.9162239263128,405,24.5,18.5,34.939052099435635,2.8581438342255843,0.08180370280485519,0.7101859905823439,-0.778136362021329,49.49113688576595
221,21,21,2011-08-05,4,Mixed,26.065605641076505,35.02285718575145,-1717.0931675021973,919.6509274883216,1257,26.5,35.5,22.377584753110426,3.4209832555773994,0.15287544627004002,-1.3930020837398218,0.12200805186491043,66.72287026173645
222,21,21,2011-08-05,4,Mixed,35.06256472314047,21.82149230456799,-1026.8582554630784,-644.5402039592102,566,35.5,21.5,38.14981466594623,2.829665849954474,0.07417246649117606,1.2477694872540621,-0.8747882014709836,57.81453610791088
223,21,21,2011-08-05,4,Mixed,54.66804332918772,32.74639538959545,905.0345658480816,563.153533184613,1135,54.5,32.5,33.20988498592728,5.430058272158648,0.16350728930436345,0.42066856786621776,0.2566634528731834,31.501845717990562
224,22,22,2012-07-13,4,Mixed,40.90887439782426,34.0962963245247,-377.95877043706355,682.1700848573369,1221,40.5,34.5,34.553374926249184,5.629064313256945,0.16290924765733117,0.6456113983933727,0.24908908053333584,58.38240989952395
225,22,22,2012-07-13,4,Mixed,47.09103641444084,17.951158715964322,222.31215060363914,-1109.7928130790924,378,47.5,17.5,38.30402659727546,2.721512924544864,0.07105030897034839,1.2735894560481302,-0.914331239457981,66.00704076510212
226,22,22,2012-07-14,4,Mixed,40.76443960807252,30.41569853614528,-406.9072793204084,274.896151225983,1021,40.5,30.5,34.96351006755472,5.18340839607424,0.1482519457016507,0.7142810302343209,0.06345006515568896,27.041942077253108
227,22,22,2012-07-14,4,Mixed,58.651444358752585,44.67469017514284,1088.9473247386811,1912.8799947721025,1739,58.5,44.5,26.558992587167225,7.538822474343094,0.2838519740385674,-0.6929017811236422,1.7808640763946757,22.495452187934866
228,22,22,2012-07-15,4,Mixed,38.065745613035965,29.829863142485465,-669.6096239148712,222.0321679012297,969,38.5,29.5,34.6904132138639,4.6011381010685435,0.13263428350371206,0.6685559544942263,-0.13435219352005714,55.66379662273072
229,22,22,2012-07-15,4,Mixed,60.02482856166655,44.08292652208375,1208.5159936713508,1862.8791216148263,1741,60.5,44.5,26.10118487078499,7.293404218662319,0.27942808936715413,-0.7695533141716072,1.7248342833926187,58.92740596547249
230,22,22,2012-07-15,4,Mixed,64.3628236876992,28.70580235596672,1876.968818494973,228.63581915131218,945,64.5,28.5,38.802915311099035,4.111146105314934,0.10594941313955857,1.357119251126937,-0.47232387990956826,26.591992046117113
231,22,22,2012-07-16,4,Mixed,37.74342290389664,29.499051994359835,-702.9322057876368,187.20896749203285,968,37.5,29.5,32.99385056960445,4.490652531563234,0.13610574255616723,0.3844975541202595,-0.09038514949175001,23.567761609625503
232,22,22,2012-07-16,4,Mixed,60.37681246535997,43.72037582643608,1243.4862688340484,1827.255520672704,1691,60.5,43.5,29.4867775283573,7.166393980243959,0.24303754363636618,-0.20269771477367168,1.2639373803373741,26.699014389241377
233,22,22,2012-07-17,4,Mixed,38.75643713607258,28.24239056816768,-612.2485977192522,42.487563664521915,919,38.5,28.5,34.47245775933701,4.342280094182139,0.12596375125025758,0.6320632980189842,-0.2188364351165276,38.03738859720813
234,22,22,2012-07-17,4,Mixed,61.372794385242166,42.97681508882928,1338.086845279252,1757.8528881819373,1642,61.5,42.5,30.277602215373147,6.994764919939438,0.23102109837442533,-0.07028857778715061,1.1117455872289863,54.360242365812255
235,22,22,2012-07-18,4,Mixed,39.97324802252758,28.91156505266173,-489.97663783914584,111.143747547427,920,39.5,28.5,34.099148075861464,4.556397487529616,0.1336220329432528,0.5695594158953371,-0.12184205802918643,64.97204568656885
236,22,22,2012-07-18,4,Mixed,61.511320676316544,42.899212579775416,1350.8321687067307,1751.0863315345593,1642,61.5,42.5,30.277602215373147,6.994764919939438,0.23102109837442533,-0.07028857778715061,1.1117455872289863,44.391516952778005
237,22,22,2012-07-19,4,Mixed,41.07672340295431,29.051162275295844,-381.988556721999,122.65852816656462,972,41.5,29.5,35.78263938652695,5.051449194878893,0.14117039104669538,0.8514292604125431,-0.026239895347541238,64.57876488690951
238,22,22,2012-07-19,4,Mixed,62.052198801254654,43.01068354638024,1392.0759958420144,1770.1195660357591,1693,62.5,43.5,29.618232856970575,7.100441366060897,0.2397321069204109,-0.18068792309703122,1.222073057749324,64.45208127380229
239,22,22,2012-07-20,4,Mixed,40.82074336691557,30.147288639682376,-402.5766506234763,244.96221003891918,1021,40.5,30.5,34.96351006755472,5.18340839607424,0.1482519457016507,0.7142810302343209,0.06345006515568896,49.77225948046531
240,22,22,2012-07-20,4,Mixed,64.99525480332406,42.93625706269022,1629.5458786498589,1803.131397583542,1645,64.5,42.5,29.818859733579604,6.801259393929418,0.22808583073585426,-0.14709662021504308,1.0745695642513722,62.17921546071008
241,22,22,2012-07-21,4,Mixed,41.21974718548983,30.683912391612544,-362.21790523065874,303.1610889623247,1022,41.5,30.5,36.23888505782237,5.206655897308243,0.14367594060911532,0.9278192575660489,0.005493622536851568,33.713838643531254
242,22,22,2012-07-21,4,Mixed,68.07380208048609,44.08068890432419,1840.9925079993343,1977.29626979727,1749,68.5,44.5,27.74953013027558,7.0762761163040295,0.25500525893891074,-0.4935680334280902,1.4155119942603243,56.664926107110006
243,22,22,2012-07-22,4,Mixed,40.687114224315216,31.600153997346908,-409.35474291900107,406.4091388358392,1071,40.5,31.5,34.27770867531326,5.323810868805216,0.15531408237445624,0.5994561240550483,0.15289409123675815,20.97189716493872
244,22,22,2012-07-22,4,Mixed,51.77650069421412,41.96291548472124,565.432333986793,1562.5083502674734,1582,51.5,41.5,21.012988374229913,5.693001937335167,0.2709277631503855,-1.6214788015624664,1.6171751661798381,55.84745180527358
245,22,22,2012-07-23,4,Mixed,41.5435233727119,32.98390321925809,-323.32263737145377,557.0675355369114,1122,41.5,32.5,35.41211810859159,5.465692853888577,0.15434526782972932,0.7893922458225054,0.14062377172567334,53.79957360149947
246,22,22,2012-07-24,4,Mixed,41.46196124036286,32.62130827976449,-332.24842703796224,517.1255521463804,1122,41.5,32.5,35.41211810859159,5.465692853888577,0.15434526782972932,0.7893922458225054,0.14062377172567334,13.905412601730081
247,22,22,2012-07-25,4,Mixed,40.61282068696384,31.82627888948592,-415.41855501767577,431.7209373866182,1071,40.5,31.5,34.27770867531326,5.323810868805216,0.15531408237445624,0.5994561240550483,0.15289409123675815,37.75181587640279
248,22,22,2012-07-26,4,Mixed,40.08499870445838,31.625247822824697,-466.32518060381534,411.40362623425915,1071,40.5,31.5,34.27770867531326,5.323810868805216,0.15531408237445624,0.5994561240550483,0.15289409123675815,41.74022800130636
249,22,22,2012-07-27,4,Mixed,39.42550198305124,31.97765922646335,-526.8679551018514,453.2021853986131,1070,39.5,31.5,33.35618427284852,5.297756213131364,0.15882380819690053,0.4451637090031014,0.19734579509700068,53.43081472702745
250,22,22,2012-07-28,4,Mixed,38.77948950977239,32.132811056839685,-586.8632183435614,473.4225190769112,1119,38.5,32.5,32.732802784083866,5.234029263724875,0.1599016527319772,0.340789874579484,0.21099701131856904,48.41048481262017
251,22,22,2012-07-29,4,Mixed,30.00426452375095,39.57821515888573,-1288.0840620074541,1368.7159016960745,1461,30.5,39.5,23.226582583031004,6.1513494450625865,0.2648409176456579,-1.2508529174215473,1.5400834879384977,43.227669342380445
252,22,22,2012-07-29,4,Mixed,35.98612874103812,21.58861289999264,-933.3468746805834,-677.3159566657172,566,35.5,21.5,38.14981466594623,2.829665849954474,0.07417246649117606,1.2477694872540621,-0.8747882014709836,51.181568274177906
253,22,22,2012-07-29,4,Mixed,45.20250270387312,26.412179415291927,20.20423903034456,-175.92150605549378,826,45.5,26.5,38.286873558089034,4.556053392995133,0.11899779139925505,1.2707174932064784,-0.3070623536252996,31.22570979176399
254,23,23,2015-07-16,2,Spatially clustered,21.719686681513835,43.30300048207389,-1879.6466187248686,1896.5859750687762,1652,21.5,43.5,22.907141742204555,6.124189138721898,0.2673484630969291,-1.3043374466054867,1.5718422843388322,27.707365219506727
255,23,23,2015-07-16,2,Spatially clustered,48.09959578481335,24.222290019893748,314.9366017135128,-414.6135218973611,729,48.5,24.5,40.1477062309208,4.223205861603744,0.10519170976575326,1.5822799068884856,-0.4819204147075039,50.99797195011383
256,23,23,2015-07-16,2,Spatially clustered,63.24000584200597,38.81009464777792,1578.7546253496328,1326.0642601626796,1444,63.5,38.5,33.39660335147619,6.3720448485742835,0.19079918941195642,0.45193114482895363,0.6023233484718509,41.75105988207526
257,24,24,2015-07-28,4,Mixed,40.199551699776734,32.83717750400089,-449.64311847156426,545.2211501891031,1121,40.5,32.5,33.722192074325704,5.413585560900536,0.16053480595118708,0.5064450244698712,0.21901608198742128,46.75286743225983
258,24,24,2015-07-29,4,Mixed,40.2695251005656,33.93409340691685,-437.7674615108252,666.4408142713899,1171,40.5,33.5,33.6057809942907,5.492090465333949,0.1634269552094922,0.4869541171977828,0.25564599807022925,52.58037563351548
259,24,24,2015-07-30,4,Mixed,39.859372991702536,34.94474232799232,-470.223843210372,779.9283910123308,1220,39.5,34.5,33.121362555631464,5.554783156933865,0.16770998317487432,0.4058471051680207,0.309891799700885,59.42385231688815
260,24,24,2015-07-31,4,Mixed,40.43520451991168,34.86465358405104,-417.9928484552124,768.85877381243,1221,40.5,34.5,34.553374926249184,5.629064313256945,0.16290924765733117,0.6456113983933727,0.24908908053333584,40.816834038566604
261,24,24,2015-08-01,4,Mixed,40.89190466985743,34.04033632863823,-379.7648430779869,676.0284303115311,1221,40.5,34.5,34.553374926249184,5.629064313256945,0.16290924765733117,0.6456113983933727,0.24908908053333584,62.338974543033466
262,24,24,2015-08-02,4,Mixed,41.66358764906046,33.95266859297772,-308.77276894372665,664.0466018057941,1172,41.5,33.5,34.909590920009464,5.571554636312094,0.15959953953853387,0.7052532546593615,0.20717065937924217,52.4451452808933
263,24,24,2015-08-03,4,Mixed,42.17264891674258,33.96289174034437,-261.64964244643323,663.9369609745808,1173,42.5,33.5,36.60313526492423,5.66685522909899,0.15481884784141378,0.9888062959847821,0.14662180105859338,59.54792228225287
264,24,24,2015-08-04,4,Mixed,41.53716438150847,34.08844864074337,-319.9771228622361,679.4234754189689,1222,41.5,34.5,35.47514366894517,5.731464591348775,0.16156282959231766,0.799944723750325,0.2320363020184662,45.71482077787106
265,24,24,2015-08-05,4,Mixed,39.8482717064335,33.12027579595426,-481.02416953967287,577.9655529532372,1170,39.5,33.5,32.293922201319745,5.424033343237539,0.16795833313229067,0.2673073440540121,0.31303722453440863,53.052608579076384
266,24,24,2015-08-06,4,Mixed,37.68243789510396,32.2771282583215,-689.0778055498482,495.3176724863269,1118,37.5,32.5,32.548745113159015,5.254213452993763,0.16142599153137724,0.30997278229210035,0.2303032079622766,30.039515229218303
267,24,24,2015-08-07,4,Mixed,36.020066591894064,30.248589964062667,-862.9600591403807,281.44156370583636,1017,36.5,30.5,31.28073190191465,4.557143945009023,0.14568533624144794,0.09766715027911085,0.030943205810655093,53.91046570364528
268,24,24,2015-08-08,4,Mixed,36.39030423980138,26.2140387020398,-859.1835646859292,-168.12822442689875,817,36.5,26.5,32.287689485063936,2.6814942596944604,0.08305005103988321,0.2662637896555933,-0.7623509971657867,33.555918086203235
269,24,24,2015-08-08,4,Mixed,34.525482827915894,43.21893139606532,-856.4124851918111,1724.7157076106769,1665,34.5,43.5,19.499772232783798,5.24325878770357,0.26888820674984054,-1.874839181748649,1.5913435879569706,31.09020510329315
270,24,24,2015-08-09,4,Mixed,30.920237941047763,29.004592062676057,-1366.1277750349832,190.77500164012045,961,30.5,29.5,33.13608863244958,3.9969893970307124,0.12062345201227317,0.40831271752774795,-0.28647288658345094,68.51484019941157
271,24,24,2015-08-09,4,Mixed,52.46965027979739,25.03805431705037,753.1936087067736,-305.74155279152944,783,52.5,25.5,31.322325531962807,3.324399637241108,0.1061351473998548,0.10463124326866484,-0.4699715011902415,51.34343199494364
272,24,24,2015-08-10,4,Mixed,29.565563950293875,25.19618301551768,-1548.4904637180166,-214.90110743887905,760,29.5,25.5,34.87268320137671,3.9640912514306152,0.11367325045048786,0.6990737318744255,-0.3744992217512258,34.55541358601042
273,24,24,2015-08-10,4,Mixed,35.56356537899455,43.147137882148286,-772.7911090996743,1709.0513635135853,1666,35.5,43.5,19.57105136029768,5.257516647589515,0.26863741506779976,-1.8629047948810873,1.588167237967066,39.21569199530672
274,24,24,2015-08-10,4,Mixed,51.483723648790416,23.169285065518373,663.8824562124056,-518.1558326669149,682,51.5,23.5,41.59905734336699,3.825256539417217,0.09195536590751997,1.8252821189066555,-0.6495625802624071,36.68757541244906
275,24,24,2015-08-10,4,Mixed,50.99341018071761,40.787530142735406,508.68978333719815,1429.1967560946841,1531,50.5,40.5,21.33703856420329,5.80746544708222,0.2721776702801337,-1.5672225211261508,1.6330056054777078,52.36973515126563
276,24,24,2015-08-11,4,Mixed,29.71594046049221,24.653985956103607,-1540.5034288798602,-276.8072691102351,710,29.5,24.5,35.68757828394814,3.8226298176478153,0.10711373540768357,0.8355130165722756,-0.4575773979110018,27.583232421930745
277,24,24,2015-08-11,4,Mixed,44.36928882897623,33.20819750392391,-58.868386420548276,577.3314206437673,1175,44.5,33.5,39.86924847164001,5.872625063849648,0.14729710965148973,1.5356572455086315,0.05135678736589292,34.54975786665312
278,24,24,2015-08-12,4,Mixed,33.73198854625139,31.64976388296417,-1066.3847284379606,455.1025221416567,1064,33.5,31.5,25.808722984080305,3.3477471300190396,0.12971378444737633,-0.8185207106828915,-0.171341168085011,27.622064987205437
279,24,24,2015-08-12,4,Mixed,48.39708882381973,15.29870620534946,366.9470047316677,-1399.1188992226541,279,48.5,15.5,34.402456538561175,2.407314632710126,0.06997507954153812,0.6203428732736378,-0.9279493345939724,24.838378941518428
280,24,24,2015-08-12,4,Mixed,52.42574479864887,27.18905774346715,734.9691787733698,-67.73739342716901,883,52.5,27.5,32.46880832489843,3.3797828462828967,0.1040932211759413,0.29658882840088113,-0.49583309391905833,35.287499503223714
281,24,24,2015-08-13,4,Mixed,33.733975925404486,32.03332392725973,-1061.9062691490158,497.53996145782963,1114,33.5,32.5,23.921175528548243,3.3602505695988607,0.1404717993724279,-1.134556026362277,-0.03508776318530354,56.25491339643414
282,24,24,2015-08-13,4,Mixed,45.84626292824584,12.410579628148351,92.85160464886248,-1720.5600312732224,126,45.5,12.5,30.31014818278061,1.537659840045807,0.05073085854853595,-0.06483935050888398,-1.1716830208926465,39.214778757556914
283,24,24,2015-08-14,4,Mixed,35.058920471129014,31.619043079303697,-941.6947926797146,440.479473360558,1066,35.5,31.5,31.009850542614096,4.355176946614976,0.14044495121413247,0.05231301857380752,-0.035427802961091534,43.76648062982719
284,24,24,2015-08-15,4,Mixed,34.46469451459285,33.46801641174992,-978.0688856515549,649.9686930010063,1165,34.5,33.5,24.014257903686243,3.433280028990707,0.14296839997140576,-1.1189710842593867,-0.0034675865397732725,4.851117588679506
285,24,24,2015-08-15,4,Mixed,43.52332666561178,15.255253380818706,-159.57362229511628,-1407.588197612469,274,43.5,15.5,32.16194785257839,2.4682380226241505,0.07674404653405574,0.24521065194499295,-0.8422183882428418,27.04880280767152
286,24,24,2015-08-16,4,Mixed,36.72751816768586,30.343934634513293,-794.4296978937729,287.1237659996069,1017,36.5,30.5,31.28073190191465,4.557143945009023,0.14568533624144794,0.09766715027911085,0.030943205810655093,27.82913052691858
287,24,24,2015-08-17,4,Mixed,39.27908977865592,29.36376804034882,-555.1386045344799,164.2414193851588,970,39.5,29.5,34.4901033253148,4.842675092001291,0.14040767133471876,0.6350177254680994,-0.03589996353530119,26.226714843175397
288,24,24,2015-08-18,4,Mixed,41.19889075416731,30.34811813403,-365.4441393121622,266.01198945967957,1022,41.5,30.5,36.23888505782237,5.206655897308243,0.14367594060911532,0.9278192575660489,0.005493622536851568,33.48798895711832
289,24,24,2015-08-19,4,Mixed,41.562257073429855,31.05175383032717,-328.1893281342486,342.9371580567016,1072,41.5,31.5,36.153773510436395,5.347835842271694,0.14791916093427845,0.9135688848576677,0.05923524876352737,50.037436311521475
290,24,24,2015-08-20,4,Mixed,41.50598643192887,30.768018968104016,-334.5217532203965,311.6502527509835,1022,41.5,30.5,36.23888505782237,5.206655897308243,0.14367594060911532,0.9278192575660489,0.005493622536851568,29.721763907822357
291,25,25,2016-06-07,3,Temporally clustered,29.02238341538269,21.650324833660605,-1648.0615389001957,-600.6848447957195,560,29.5,21.5,36.78667561291952,3.492060568719824,0.0949273211166004,1.0195367720046526,-0.6119218984760608,52.19897549719817
292,25,25,2016-06-07,3,Temporally clustered,64.25140357392623,28.3519772835717,1872.6156178141287,187.75998150320385,945,64.5,28.5,38.802915311099035,4.111146105314934,0.10594941313955857,1.357119251126937,-0.47232387990956826,29.272143147784902
293,25,25,2016-06-08,3,Temporally clustered,30.2740314597332,20.521023627395486,-1532.6019591498564,-741.0794031620088,511,30.5,20.5,38.9250054163708,3.2313146249315534,0.08301385164541429,1.3775610073581814,-0.7628094730822137,23.629616764276545
294,25,25,2016-06-08,3,Temporally clustered,64.16667386050513,28.377833395901867,1864.0490971047836,189.31232757182428,945,64.5,28.5,38.802915311099035,4.111146105314934,0.10594941313955857,1.357119251126937,-0.47232387990956826,35.09889493867089
295,26,26,2016-07-17,1,Independent,42.68231802379214,32.667728201865074,-217.5738257871038,519.4286149032356,1123,42.5,32.5,36.89267835812188,5.532689045448141,0.1499671287549695,1.0372849938809956,0.0851733600822242,25.296507764014784
296,27,27,2016-08-03,2,Spatially clustered,40.92372359353712,31.89574848015944,-385.7207027428643,438.3700354062723,1071,40.5,31.5,34.27770867531326,5.323810868805216,0.15531408237445624,0.5994561240550483,0.15289409123675815,59.55645374779572
297,27,27,2016-08-03,2,Spatially clustered,50.67713894321192,41.75893058272816,475.2708753022398,1534.8397423668496,1581,50.5,41.5,20.525475263141104,6.030808115963894,0.2938206320997496,-1.7031039599176832,1.9071200457886284,32.07234943171795
298,28,28,2017-06-30,4,Mixed,28.154713982838448,37.03867528760232,-1493.4298922466135,1112.2472691302044,1359,28.5,37.5,27.5898628260314,5.999354015318684,0.2174477652588477,-0.520301404688556,0.9398353541869421,60.314610220730266
299,28,28,2017-06-30,4,Mixed,45.20823372501688,21.48195820416035,21.612538437547013,-721.6338500916928,576,45.5,21.5,39.15037554521424,3.4922685044557205,0.08920140498837736,1.4152951155020546,-0.6844423006204926,30.346498992477162
300,28,28,2017-06-30,4,Mixed,57.09293105788462,44.75784941753149,964.3702602235494,1907.0587689321333,1738,57.5,44.5,27.556310781909605,7.481848612747644,0.27151125823633077,-0.5259190811208188,1.6245653020697923,43.7928222869623
301,28,28,2017-07-01,4,Mixed,29.298686731454605,35.551335453601055,-1418.7474625129796,933.7241135091035,1260,29.5,35.5,23.37129977564752,3.7036275425325127,0.15846904442993912,-1.226622669054148,0.19285260824791217,18.963514834710534
302,28,28,2017-07-01,4,Mixed,45.358935348979074,20.93950531625764,37.40027271700603,-781.5611000711888,526,45.5,20.5,39.684458627893505,3.3253463849363403,0.08379467680577134,1.5047175642669166,-0.7529200940962947,50.74331170549568
303,28,28,2017-07-01,4,Mixed,45.59332938684691,44.1960722068698,47.92188459918658,1791.0796752062608,1726,45.5,44.5,26.541291930348585,6.77468830654302,0.25525088696969256,-0.6958654325269573,1.418622945097072,34.26505966513467
304,28,28,2017-07-01,4,Mixed,59.08218927782285,43.68766642696833,1140.5071408725698,1809.3764698137268,1690,59.5,43.5,29.20659746986163,7.032393598364151,0.24078099496597977,-0.24960874367216807,1.2353575315637786,40.217936871241385
305,28,28,2017-07-02,4,Mixed,37.28810657438733,29.98574817850106,-743.3780869959111,243.85928755697017,968,37.5,29.5,32.99385056960445,4.490652531563234,0.13610574255616723,0.3844975541202595,-0.09038514949175001,57.649011520112445
306,28,28,2017-07-02,4,Mixed,58.52065207682465,43.048052102261856,1106.2434297957627,1733.503427669184,1689,58.5,43.5,28.945487345139096,7.162704919238125,0.24745497748342388,-0.29332686077270437,1.3198854717626087,50.163008868372195
307,28,28,2017-07-03,4,Mixed,42.76654882045875,31.653752550826187,-211.93198087095965,406.9242167288407,1073,42.5,31.5,37.333369053278176,5.3701262965555445,0.14384253103147152,1.111070594636358,0.007603538950599595,30.530682567699007
308,28,28,2017-07-04,4,Mixed,46.94964511471891,31.506879919295955,185.289004394509,390.1754946463724,1077,46.5,31.5,41.43325772990204,5.537427450064918,0.13364692407637072,1.7975220045702747,-0.12152680454954784,42.740328378184195
309,28,28,2017-07-05,4,Mixed,30.3213904141227,20.982577581027343,-1522.6713240712388,-690.5677712097554,511,30.5,20.5,38.9250054163708,3.2313146249315534,0.08301385164541429,1.3775610073581814,-0.7628094730822137,57.02489526874917
310,28,28,2017-07-05,4,Mixed,50.66441014526739,31.64716566529393,537.2108380607646,416.9913009504135,1081,50.5,31.5,29.664657721481294,6.173503191325224,0.20810970580842936,-0.1729149282152246,0.8215661005988512,22.54911646457216
311,28,28,2017-07-06,4,Mixed,45.59771840618521,26.17507221672101,59.758600999585894,-202.06208203650363,826,45.5,26.5,38.286873558089034,4.556053392995133,0.11899779139925505,1.2707174932064784,-0.3070623536252996,37.29483770941764
312,28,28,2017-07-06,4,Mixed,62.66409506280089,39.9057601698498,1507.2623947426475,1438.294049445643,1493,62.5,39.5,32.41397210321246,6.522868263838087,0.20123631386699514,0.28740750552584554,0.7345125817336008,47.066705267493106
313,29,29,2017-07-17,3,Temporally clustered,40.01901852450898,27.55455485753552,-491.6835233565712,-39.4115885973648,871,40.5,27.5,34.919459644486814,4.4152644415399385,0.12644137356338025,0.7069055921655849,-0.21278720885383703,47.868452655473725
314,29,29,2017-07-18,3,Temporally clustered,40.97938350292181,28.42385746771232,-393.7878417857289,53.45059851068006,921,40.5,28.5,34.25310512164115,4.723528751727466,0.13790074607697786,0.5953367087636284,-0.0676509050032168,47.67620043906406
315,30,30,2017-07-22,3,Temporally clustered,23.16112907156457,43.21097676237208,-1768.7834709039073,1862.1062795538082,1654,23.5,43.5,23.427620269546576,5.878565231440211,0.2509245567327947,-1.2171928319306142,1.3638287075351578,43.136008977698886
316,30,30,2017-07-22,3,Temporally clustered,47.00560042412786,33.02424173780482,187.55708619009528,558.3903569541654,1178,47.5,33.5,31.46952944011545,6.604391005430315,0.2098662141738744,0.12927784669360845,0.8438127926878716,69.97817219499088
317,30,30,2017-07-23,3,Temporally clustered,23.371716100464678,42.67423640470497,-1766.4902167322625,1800.2814119585846,1604,23.5,42.5,20.293923614803482,5.570576703984745,0.2744948098612762,-1.7418730504981552,1.6623528558541094,21.795879507066427
318,30,30,2017-07-23,3,Temporally clustered,48.08020343332232,32.851726887415815,288.55534080228796,541.4484560313792,1129,48.5,32.5,39.468860579561074,6.388090485531519,0.16185140365667378,1.468619612363825,0.2356911769287722,55.48359467013235
319,30,30,2017-07-23,3,Temporally clustered,42.049657625178526,11.97292306364228,-324.3665648971725,-1765.4227288918014,73,42.5,11.5,36.55600402927532,3.225022571707076,0.08822141963668582,0.9809150321688679,-0.6968541016683676,71.91834197151421
320,30,30,2017-07-24,3,Temporally clustered,23.57046932537253,42.45290629565311,-1756.4686584313888,1772.9507475211376,1604,23.5,42.5,20.293923614803482,5.570576703984745,0.2744948098612762,-1.7418730504981552,1.6623528558541094,7.660470741923568
321,30,30,2017-07-24,3,Temporally clustered,44.0248995467829,27.694410016026545,-96.17986732184595,-33.483337170471046,875,44.5,27.5,38.314541477611066,4.766550428781644,0.12440578028493324,1.2753499805406165,-0.23856859297643201,51.61491859987857
322,30,30,2017-07-24,3,Temporally clustered,60.45093451953485,42.245422553272725,1277.596496115398,1666.7123652262596,1641,60.5,42.5,29.82467530173349,6.91856805286853,0.23197463116946002,-0.14612290964051877,1.1238223589115082,28.467710404547233
323,30,30,2017-07-25,3,Temporally clustered,42.08207048851733,28.532122904941847,-285.54478876927146,62.38269321833949,923,42.5,28.5,36.38841348452465,4.883761880306427,0.13421200356490962,0.9528550591282273,-0.11436990758585998,41.05632933765386
324,30,30,2017-07-25,3,Temporally clustered,62.2731273050706,41.08648006250302,1450.273078055697,1562.4713042191584,1593,62.5,41.5,31.04540258115031,6.744074947602841,0.21723264596019795,0.058265557509402516,0.9371108053640536,49.33335630805414
325,30,30,2017-07-26,3,Temporally clustered,41.86522918846856,29.39755805644748,-304.2379748542588,158.8194733783011,972,41.5,29.5,35.78263938652695,5.051449194878893,0.14117039104669538,0.8514292604125431,-0.026239895347541238,37.192894140554316
326,30,30,2017-07-26,3,Temporally clustered,62.27995057574552,40.53950087395858,1462.0851354816205,1502.6213133421634,1543,62.5,40.5,31.758886133311044,6.6159526997793074,0.20831815927070604,0.1777253353170059,0.8242062246548415,19.20258155350099
327,30,30,2017-07-27,3,Temporally clustered,25.085892103964586,26.236364708816637,-1973.6600888170851,-35.96175703266295,806,25.5,26.5,34.03440555682069,4.129228208010452,0.12132511617153634,0.5587194646226084,-0.2775861048247579,50.249110913865465
328,30,30,2017-07-27,3,Temporally clustered,46.94395251082414,32.153508248063936,183.50093045752172,461.82029431024927,1127,46.5,32.5,40.96496327196965,5.877550854770364,0.14347750822449995,1.7191146583550498,0.0029804183598195967,56.81036449173205
329,30,30,2017-07-28,3,Temporally clustered,23.63363939939763,23.55304693563728,-2163.142291476464,-308.9918131401044,654,23.5,23.5,34.96119744999767,3.600177634393604,0.10297638230334252,0.7138938247007346,-0.5099781848281235,14.643370496492029
330,30,30,2017-07-28,3,Temporally clustered,47.30887204665524,31.636462493848065,219.12644740035282,405.14474478610316,1078,47.5,31.5,41.817190632279,5.662355308333335,0.13540735813951404,1.8618045504987444,-0.09923039235122072,23.6411560840105
331,30,30,2017-07-29,3,Temporally clustered,23.60861392441017,22.48318474234678,-2183.9024658451776,-427.0957344532869,604,23.5,22.5,35.045482218954824,3.4044356575346337,0.09714335320782941,0.7280057684753243,-0.5838552040254094,11.240975922116554
332,30,30,2017-07-29,3,Temporally clustered,47.40465351242512,30.38720198904812,231.1401457494356,266.8809937308995,1028,47.5,30.5,41.43001592148667,5.391425389283956,0.13013331685657945,1.7969792230137527,-0.16602766744219347,15.493069510229962
333,30,30,2017-07-29,3,Temporally clustered,68.10960111821788,36.41467881898173,2052.371119115898,1141.8647686760967,1349,68.5,36.5,28.79664775185701,5.876873941461935,0.2040818775887882,-0.3182473297710515,0.7705524783738753,35.61961800710124
334,30,30,2017-07-30,3,Temporally clustered,23.08751893505645,20.93969689211425,-2262.110447508581,-589.0494013731247,504,23.5,20.5,35.318059795465444,2.9713762035775706,0.08413192063169539,0.773643900744361,-0.7486488024236504,65.83715228785002
335,30,30,2017-07-30,3,Temporally clustered,21.37209705470668,43.04032006871943,-1914.5866758650466,1874.2367092378224,1652,21.5,43.5,22.907141742204555,6.124189138721898,0.2673484630969291,-1.3043374466054867,1.5718422843388322,53.054155452182286
336,30,30,2017-07-30,3,Temporally clustered,46.821325652000354,29.692019896411463,176.2844859996904,188.84957186624405,977,46.5,29.5,39.32914150701967,5.1221919614852665,0.13023909918224458,1.4452262078337086,-0.16468790335462738,37.70291124385328
337,30,30,2017-07-30,3,Temporally clustered,67.52959640368287,35.44243145512569,2025.8865803922263,1024.6915885301169,1298,67.5,35.5,15.649442267093715,5.386239412810174,0.34418091845585386,-2.5195065476526546,2.5449477989148015,7.039021877730718
338,31,31,2017-08-01,4,Mixed,21.947205080736843,41.68968881392838,-1907.379097815065,1717.3110460935638,1552,21.5,41.5,22.604895450181438,5.937536150533453,0.2626659417036054,-1.3549430629212493,1.5125367816228636,43.24289888202528
339,31,31,2017-08-01,4,Mixed,45.14642496180935,30.13459184515621,14.111824418509297,236.58244789617794,1026,45.5,30.5,39.362326616555556,5.297502363969179,0.13458305997951558,1.4507824477773938,-0.10967036959003419,52.88471661905438
340,31,31,2017-08-01,4,Mixed,68.47898165134617,35.290430471979626,2112.900184071643,1025.2458435783437,1299,68.5,35.5,18.169643408159303,5.332423088682974,0.2934797876268933,-2.0975449377032502,1.9028031508696805,23.655108062441727
341,31,31,2017-08-02,4,Mixed,42.012647188215205,31.673626376922087,-283.3863359364684,410.6945595250987,1073,42.5,31.5,37.333369053278176,5.3701262965555445,0.14384253103147152,1.111070594636358,0.007603538950599595,50.08932844520129
342,31,31,2017-08-02,4,Mixed,25.1560124734469,21.72011774481352,-2040.2610362075673,-537.3106289676844,556,25.5,21.5,34.84947401905532,3.166329189804765,0.0908573021237982,0.6951877785755546,-0.6634698791806071,43.41220703724899
343,31,31,2017-08-03,4,Mixed,41.31107436513294,32.43646220573333,-347.0965657054146,497.0804983415382,1122,41.5,32.5,35.41211810859159,5.465692853888577,0.15434526782972932,0.7893922458225054,0.14062377172567334,19.12812545155165
344,31,31,2017-08-03,4,Mixed,25.291161166835632,21.49142792942014,-2030.0298116720994,-564.7917612755499,556,25.5,21.5,34.84947401905532,3.166329189804765,0.0908573021237982,0.6951877785755546,-0.6634698791806071,21.44415855479254
345,31,31,2017-08-04,4,Mixed,40.57032997084418,33.08304115303832,-413.83730336780786,571.0956117217386,1171,40.5,33.5,33.6057809942907,5.492090465333949,0.1634269552094922,0.4869541171977828,0.25564599807022925,46.66186109511035
346,31,31,2017-08-04,4,Mixed,25.495675128141524,21.306789087517487,-2012.0205969345593,-588.466218976965,556,25.5,21.5,34.84947401905532,3.166329189804765,0.0908573021237982,0.6951877785755546,-0.6634698791806071,21.587588947575725
347,31,31,2017-08-05,4,Mixed,40.94010109936584,33.515528953913325,-377.5190690237994,617.75262483194,1171,40.5,33.5,33.6057809942907,5.492090465333949,0.1634269552094922,0.4869541171977828,0.25564599807022925,40.96072326005636
348,31,31,2017-08-06,4,Mixed,41.77282980430426,34.295934913594,-297.5121099333451,701.7764946202492,1222,41.5,34.5,35.47514366894517,5.731464591348775,0.16156282959231766,0.799944723750325,0.2320363020184662,33.74486783885528
349,31,31,2017-08-07,4,Mixed,43.29567123294514,35.32484329639765,-155.29282944727902,812.7330148107488,1274,43.5,35.5,37.50356929283127,6.45516139366367,0.17212125446677312,1.1395675133645327,0.36576184056296923,26.891168793417442
350,31,31,2017-08-07,4,Mixed,68.58934513653203,34.29442796594231,2147.475029384939,917.8523175227429,1249,68.5,34.5,18.575091150516265,6.526583485102792,0.3513621242672285,-2.0296601251271564,2.6358998704542147,24.641990687123542
351,31,31,2017-08-08,4,Mixed,43.21836935831347,35.48476896667921,-162.0300236717398,830.5426055812527,1274,43.5,35.5,37.50356929283127,6.45516139366367,0.17212125446677312,1.1395675133645327,0.36576184056296923,25.66851732967675
352,31,31,2017-08-08,4,Mixed,68.60517671572354,34.33259545508654,2147.9331729140845,922.3451379176227,1249,68.5,34.5,18.575091150516265,6.526583485102792,0.3513621242672285,-2.0296601251271564,2.6358998704542147,21.247276075028385
353,31,31,2017-08-09,4,Mixed,42.01481956885417,34.99953168686216,-272.997281348643,779.0862335413599,1223,42.5,34.5,36.48467937444759,5.88036270222675,0.16117347892455708,0.9689730225848745,0.2271050619568059,70.91124273767524
354,31,31,2017-08-09,4,Mixed,68.66563195338101,35.00262630169771,2136.5256011620004,997.1127951319542,1299,68.5,35.5,18.169643408159303,5.332423088682974,0.2934797876268933,-2.0975449377032502,1.9028031508696805,58.21225927794793
355,31,31,2017-08-09,4,Mixed,68.054989786648,43.04807633033608,1869.2552107459328,1864.9902435098759,1699,68.5,43.5,28.093000049011756,6.7798050833118895,0.24133432070208488,-0.43606027441730416,1.2423655638158437,60.87879362327396
356,31,31,2017-08-10,4,Mixed,39.80035370483971,34.01477376535541,-480.6982494901217,677.218315035794,1220,39.5,34.5,33.121362555631464,5.554783156933865,0.16770998317487432,0.4058471051680207,0.309891799700885,60.38095870598368
357,31,31,2017-08-11,4,Mixed,37.12925727913583,33.352677302896154,-732.4438681808891,617.7488594048316,1168,37.5,33.5,32.05338064684076,5.3200387062847305,0.16597434027006708,0.2270330580322344,0.28790937477235,38.22240005730023
358,31,31,2017-08-11,4,Mixed,53.36965052980937,25.54809711758337,840.0885325215979,-243.52815761938234,784,53.5,25.5,31.08224057381664,3.1573592024135415,0.1015808109108218,0.0644334059559028,-0.5276535046093574,14.111291613200677
359,31,31,2017-08-12,4,Mixed,38.26127506245199,33.21075205265515,-628.3138109468955,595.4737378472191,1169,38.5,33.5,31.83097562233637,5.352660287040181,0.1681588510056262,0.18979540240565707,0.31557684203592296,39.11507821178692
360,31,31,2017-08-12,4,Mixed,26.907155031688823,19.235362811165203,-1895.8809609463094,-839.0998134346402,457,26.5,19.5,35.76587923413266,3.019981898416657,0.08443751315736088,0.8486230792819759,-0.7447783837242986,52.29067104997424
361,31,31,2017-08-13,4,Mixed,40.597328316745504,32.80134507005585,-412.5784740993987,539.7978453870381,1121,40.5,32.5,33.722192074325704,5.413585560900536,0.16053480595118708,0.5064450244698712,0.21901608198742128,34.66077533669646
362,31,31,2017-08-13,4,Mixed,26.91998690175683,19.23748789018795,-1894.5257496524662,-839.0503455391234,457,26.5,19.5,35.76587923413266,3.019981898416657,0.08443751315736088,0.8486230792819759,-0.7447783837242986,53.266693404775786
363,32,32,2018-07-09,4,Mixed,54.12091604868829,34.881136164500944,833.8317211041708,795.2868446736546,1235,54.5,34.5,35.000691067628594,5.598777217288083,0.15996190493696494,0.7205063090007873,0.21176012311377362,54.95145827434277
364,32,32,2018-07-10,4,Mixed,52.78329821071002,34.98256856345792,711.0808145977592,797.5855660845219,1233,52.5,34.5,33.907518821441926,5.876357156492161,0.173305430793602,0.5374746003658578,0.3807597800207721,59.328757592704434
365,32,32,2018-07-11,4,Mixed,51.99870166162997,34.98038587335909,639.5877825315291,792.7694418455668,1232,51.5,34.5,32.95324708509815,5.909073030032023,0.1793168671594787,0.37769924290110435,0.4568963794673189,69.96531644350182
366,32,32,2018-07-12,4,Mixed,51.70040310078696,33.8380519821836,620.4187057267579,664.7228373143629,1182,51.5,33.5,27.69566983106494,5.856854408238283,0.21147184538100333,-0.5025859559252085,0.8641485814471063,41.766148023583774
367,32,32,2018-07-13,4,Mixed,27.03372450641,36.19284040222509,-1608.0218068486438,1034.4311984505468,1308,27.5,36.5,22.547099934067838,3.5156087282805766,0.15592287870994093,-1.364619865550122,0.16060467485075663,54.359891566205235
368,32,32,2018-07-13,4,Mixed,52.4761574301348,33.26162523122182,696.517304406684,605.2660437149613,1183,52.5,33.5,30.78175316615607,5.704613258180538,0.18532450791180563,0.014122282672954359,0.5329849063583392,26.534731747591024
369,32,32,2018-07-14,4,Mixed,28.66720898886729,35.83036986663954,-1470.1909534926533,972.4589943226798,1259,28.5,35.5,22.964307707954898,3.5280598570722774,0.15363231942107047,-1.2947660506762997,0.13159407164862771,40.04737698039909
370,32,32,2018-07-14,4,Mixed,35.56586369250092,43.77629480419424,-765.1968004095262,1778.1168486434344,1666,35.5,43.5,19.57105136029768,5.257516647589515,0.26863741506779976,-1.8629047948810873,1.588167237967066,31.07716301649119
371,32,32,2018-07-14,4,Mixed,49.77129124362958,21.44454453269671,495.12921021024596,-716.6737294637472,580,49.5,21.5,41.414880832430214,3.5381324528388127,0.08543142903524313,1.794445129031758,-0.7321901484886342,28.779111227477486
372,32,32,2018-07-14,4,Mixed,58.96505614528577,37.64108596821006,1231.3366261319204,1143.9190402363506,1389,58.5,37.5,23.828214034932376,5.581339107009539,0.23423237254908175,-1.1501207290640887,1.1524173136963425,43.640119912488295
373,32,32,2018-07-15,4,Mixed,29.129090171539406,35.658507652416674,-1432.0605357800987,947.6533224041577,1260,29.5,35.5,23.37129977564752,3.7036275425325127,0.15846904442993912,-1.226622669054148,0.19285260824791217,37.598530109398375
374,32,32,2018-07-15,4,Mixed,41.8486622367605,11.85695259126091,-346.6531057107072,-1777.654088669532,72,41.5,11.5,37.30901015639563,3.2203027035812584,0.08631434310591657,1.106992142651845,-0.7210077836005747,54.59515144877823
375,32,32,2018-07-15,4,Mixed,57.07100365784017,31.81143640272026,1139.9703760822842,480.4692795730667,1088,57.5,31.5,37.69359024162743,4.867183014074261,0.12912495156004322,1.1713830475183815,-0.17879890879042992,53.47508161257335
376,33,33,2019-06-26,3,Temporally clustered,43.60321734809289,28.67897785644405,-136.51760666298895,76.02835253371202,924,43.5,28.5,37.04221519010163,4.93266491409508,0.13316333509701062,1.0623222027532329,-0.12765160038491635,22.25974968327765
377,33,33,2019-06-26,3,Temporally clustered,66.47468433285314,45.120023671295606,1688.2901977992856,2063.3737524857847,1797,66.5,45.5,28.440903004704353,7.161052822553671,0.2517871117302139,-0.37781028440732667,1.3747532188070237,42.42810730593659
378,33,33,2019-06-27,3,Temporally clustered,41.271818500659165,25.813156945538704,-373.79414358669527,-236.7171211911727,772,41.5,25.5,37.45696663671686,3.9979158626592843,0.10673357246019925,1.1317647505288475,-0.4623922728086771,41.598622338576526
379,33,33,2019-06-27,3,Temporally clustered,65.31912285217692,22.864695583416054,2070.151907761996,-402.83657588050903,646,65.5,22.5,28.066214465840464,1.0963255005867842,0.03906210799896537,-0.44054503065926565,-1.3194711587954857,44.47994736643137
380,33,33,2019-06-27,3,Temporally clustered,66.16354294225178,45.05198029262518,1666.2685458462918,2051.081981765489,1797,66.5,45.5,28.440903004704353,7.161052822553671,0.2517871117302139,-0.37781028440732667,1.3747532188070237,55.502713490924016
381,34,34,2019-07-18,3,Temporally clustered,28.39240419203306,23.022314146843406,-1694.558028016183,-440.5264101500374,659,28.5,23.5,35.84077346683957,3.716512624661292,0.10369510100276898,0.8611627494273402,-0.5008754023311496,54.258963374754956
382,34,34,2019-07-18,3,Temporally clustered,60.02642985570475,37.88658951325464,1319.7933685854696,1182.9601197851982,1391,60.5,37.5,33.33868057722663,6.403323063819338,0.1920688807400912,0.44223303515158724,0.6184043604276107,60.43899332857101
383,34,34,2019-07-19,3,Temporally clustered,29.171968594516727,22.97165285568133,-1616.4660125771031,-456.30277545044544,610,29.5,22.5,37.00114011079781,3.6160059279336236,0.09772687860713748,1.0554449316063317,-0.5764646842078506,62.66305745027944
384,34,34,2019-07-19,3,Temporally clustered,59.58463406535849,37.66731289823347,1284.9898372782916,1153.7092113824742,1390,59.5,37.5,28.478072140749777,6.119412834405831,0.21488156937594996,-0.37158699205554074,0.9073337329194151,19.946729512583484
385,34,34,2019-07-20,3,Temporally clustered,30.15191215882209,22.38854824275468,-1524.1185708051014,-532.9429647045853,611,30.5,22.5,37.42131230403635,3.605854168974807,0.0963583035164128,1.1257950843088023,-0.5937980879325411,37.60850090727917
386,34,34,2019-07-20,3,Temporally clustered,59.04913581391072,37.61162402882072,1239.143803348598,1141.5913749133197,1390,59.5,37.5,28.478072140749777,6.119412834405831,0.21488156937594996,-0.37158699205554074,0.9073337329194151,41.81963030242119
387,35,35,2020-07-19,3,Temporally clustered,51.59970977757416,37.57986450027257,584.4861533786142,1078.0868925168515,1382,51.5,37.5,22.929469580389156,4.89102222216898,0.21330725532142772,-1.3005990582707045,0.88739458505575,12.445933266307144
388,35,35,2020-07-19,3,Temporally clustered,65.20197763826354,23.333848465645577,2050.8318264955647,-352.7751747852818,696,65.5,23.5,28.126089484737978,1.160781191819714,0.041270621443823076,-0.4305200533040599,-1.29149969019974,35.657002203885895
389,35,35,2020-07-20,3,Temporally clustered,50.157283030384434,36.75967181170512,461.623607395961,980.7942651339339,1331,50.5,36.5,23.581073746685455,5.9251779861973946,0.25126837097611954,-1.1914998524256224,1.368183215465514,42.20871198044063
390,35,35,2020-07-20,3,Temporally clustered,65.56680308310834,23.50962627318224,2084.325680016488,-327.31154790468264,696,65.5,23.5,28.126089484737978,1.160781191819714,0.041270621443823076,-0.4305200533040599,-1.29149969019974,6.849047215708607
391,35,35,2020-07-21,3,Temporally clustered,49.58141952171606,35.54732605692872,416.17611808421464,844.4767579771697,1280,49.5,35.5,26.430109837500897,6.539932020362548,0.24744248361326268,-0.7144808414842433,1.3197272332435421,9.046157841434443
392,35,35,2020-07-21,3,Temporally clustered,65.72788509313901,23.429273670621196,2101.71535943132,-333.53333896453455,696,65.5,23.5,28.126089484737978,1.160781191819714,0.041270621443823076,-0.4305200533040599,-1.29149969019974,24.226312334795082
393,36,36,2020-07-29,3,Temporally clustered,39.4384748883336,33.021276239555846,-519.7976837288264,568.7436711176683,1170,39.5,33.5,32.293922201319745,5.424033343237539,0.16795833313229067,0.2673073440540121,0.31303722453440863,53.41724855371814
394,36,36,2020-07-29,3,Temporally clustered,63.90616700030736,32.900525027770186,1756.347627322461,685.1946830019315,1144,63.5,32.5,35.209660544512396,5.3853769913541285,0.1529516873514268,0.755494427789945,0.1229736674551989,58.34929231057407
395,36,36,2020-07-29,3,Temporally clustered,65.88326983087157,23.353025896030957,2118.4796323708792,-339.37550419781417,696,65.5,23.5,28.126089484737978,1.160781191819714,0.041270621443823076,-0.4305200533040599,-1.29149969019974,41.83600250489347
396,36,36,2020-07-30,3,Temporally clustered,39.10151557486251,32.20486639156841,-556.1055498487694,479.8509434455366,1120,39.5,32.5,32.45086693251689,5.354480651119233,0.1650026996891679,0.29358487022838003,0.2756032626867499,49.862960969914575
397,36,36,2020-07-30,3,Temporally clustered,65.6446543538312,23.76693269643533,2087.7662007950253,-297.5148765653559,696,65.5,23.5,28.126089484737978,1.160781191819714,0.041270621443823076,-0.4305200533040599,-1.29149969019974,33.47680338572697
398,36,36,2020-07-30,3,Temporally clustered,66.76189925719916,33.628429231898444,2000.0387337388051,811.6488898613607,1197,66.5,33.5,23.956963074587552,6.276881506805012,0.2620065609844864,-1.128564056000538,1.5041855319981794,27.865059816835515
399,36,36,2020-07-31,3,Temporally clustered,37.98690036504856,31.119081779291943,-668.5075154377075,365.3061179812005,1068,37.5,31.5,33.358897493124644,4.9302094678029365,0.14779293796562268,0.44561798813868475,0.057636597955203074,62.598119671175326
400,36,36,2020-07-31,3,Temporally clustered,65.64401297555237,23.760302557937347,2087.8140025497887,-298.2600149539173,696,65.5,23.5,28.126089484737978,1.160781191819714,0.041270621443823076,-0.4305200533040599,-1.29149969019974,32.78051689187914
401,37,37,2021-06-28,4,Mixed,23.47338109774135,36.6674421949937,-1909.054452804121,1141.847740105202,1304,23.5,36.5,23.271091264241655,4.017768736408994,0.17265063725579105,-1.2434007524041033,0.37246662838874467,18.908042692397146
402,37,37,2021-06-28,4,Mixed,35.214370670966126,20.21841461551105,-1022.9821214795829,-823.014051663615,516,35.5,20.5,38.512604748828544,2.6578495670100954,0.06901245928038509,1.308512054564373,-0.9401412016922528,42.92609454880767
403,37,37,2021-06-28,4,Mixed,49.391288279695466,35.63545903131416,398.50413463217797,853.5586013053545,1280,49.5,35.5,26.430109837500897,6.539932020362548,0.24744248361326268,-0.7144808414842433,1.3197272332435421,17.99861959963742
404,37,37,2021-06-29,4,Mixed,23.88997383946927,37.323337467411335,-1857.5743247356318,1206.8834683295702,1354,23.5,37.5,24.613694585949723,4.449468946708486,0.18077208730981753,-1.0186063699557975,0.4753271682088933,39.10345563617231
405,37,37,2021-06-29,4,Mixed,34.14925147072002,21.012017063261336,-1127.4798118469782,-726.4704652645199,565,34.5,21.5,38.4838308874148,2.9064631746318645,0.07552426844236947,1.3036943974778945,-0.8576672344632821,64.89058874605246
406,37,37,2021-06-29,4,Mixed,51.11544223709516,35.494623931550066,555.660974216723,845.1028733633295,1282,51.5,35.5,31.400225571595907,6.209923500008391,0.19776684361228852,0.1176741808354683,0.690570726410346,34.927436752949156
407,37,37,2021-06-30,4,Mixed,24.08373949096359,37.38877991082589,-1839.360267838267,1210.8800981534057,1355,24.5,37.5,22.82280608516649,3.867883825774665,0.16947450770694525,-1.3184579106589533,0.3322400188843209,38.787068748607766
408,37,37,2021-06-30,4,Mixed,42.63599431921105,28.312655504918997,-231.82808819559463,36.88857746869234,923,42.5,28.5,36.38841348452465,4.883761880306427,0.13421200356490962,0.9528550591282273,-0.11436990758585998,24.670799833772744
409,37,37,2021-06-30,4,Mixed,61.00910986538651,41.82321954107633,1331.3761765572808,1627.1326988126373,1591,60.5,41.5,30.582488083872743,6.609664390990948,0.21612578979394628,-0.01924101264379209,0.9230921483500316,54.80440776095594
410,37,37,2021-07-01,4,Mixed,23.76802944183732,35.44226744135116,-1911.7711493535248,1002.2588503919794,1254,23.5,35.5,22.83903930747444,3.7367267177936014,0.16361137907279216,-1.315739954338676,0.25798178022841023,24.786411770830384
411,37,37,2021-07-01,4,Mixed,44.22128831010527,28.118554715603658,-76.51075317382242,13.381324671933125,925,44.5,28.5,38.1016686473812,4.959804631933185,0.1301728981435064,1.2397083165898177,-0.1655263588688476,50.342838365508634
412,37,37,2021-07-01,4,Mixed,62.68677367956615,41.39121782315855,1477.9958645644742,1601.3658842330426,1593,62.5,41.5,31.04540258115031,6.744074947602841,0.21723264596019795,0.058265557509402516,0.9371108053640536,20.001352723839943
413,37,37,2021-07-02,4,Mixed,23.18947087562325,33.56636561021316,-2005.8092268201067,805.6548840634122,1154,23.5,33.5,22.813143249024034,3.400606683242238,0.14906348704875289,-1.3200757759272885,0.07372847362880577,29.34292209526071
414,37,37,2021-07-02,4,Mixed,49.93446297013855,31.01806022209712,471.10874846685465,344.2035504784863,1080,49.5,31.5,39.91456881961975,5.849651342108208,0.1465542912048908,1.5432453092886964,0.04194877452369745,67.658107557169
415,37,37,2021-07-03,4,Mixed,21.289533900851456,29.73057660637086,-2266.348887961001,417.16563791270534,952,21.5,29.5,33.75466835151892,4.460351205617415,0.13214027639577458,0.511882583395751,-0.14060893800034208,32.83440466634698
416,37,37,2021-07-03,4,Mixed,49.92654396801589,30.332295237601905,473.6188843577949,268.1834314090967,1030,49.5,30.5,38.67340009090391,5.068546975101682,0.1310602885494368,1.3354342951383136,-0.15428729988578252,45.01764859407388
417,37,37,2021-07-04,4,Mixed,51.0471452270937,31.46817372370949,574.5200765196755,398.9480184082619,1082,51.5,31.5,25.064072000918266,6.089843946087997,0.24297105218437312,-0.9431989050482051,1.2630952466543577,43.133791301008706
418,37,37,2021-07-05,4,Mixed,43.91775855871661,20.43169804694988,-113.17182273676495,-837.2575190173599,524,43.5,20.5,37.87532416115966,3.090531910290511,0.08159750388248256,1.2018110701149471,-0.7807479316701587,44.33085491974144
419,37,37,2021-07-05,4,Mixed,58.5376180392302,39.01115094374155,1172.9161216645903,1290.250501622905,1489,58.5,39.5,32.92273561696052,6.758924073457718,0.2052965510550035,0.3725906553334356,0.7859366730200237,54.501316112635486
420,37,37,2021-07-06,4,Mixed,42.253199965337664,20.87332214817221,-286.3052871663015,-785.9093121698909,523,42.5,20.5,36.29585237244909,2.9963914209977776,0.08255465087995105,0.9373573929960727,-0.7686253850569424,48.69532623059778
421,37,37,2021-07-06,4,Mixed,59.19481669896583,38.213853703560645,1242.2347450601262,1209.537395360254,1440,59.5,38.5,33.54099775302939,6.615578535266573,0.19723857304361378,0.4761073477336579,0.6838800251804541,41.11563741140519
422,37,37,2021-07-07,4,Mixed,22.955783802124454,39.62810595332152,-1879.9886820339316,1475.0005249922501,1453,22.5,39.5,26.554981358458207,5.709139118108644,0.2149931510417042,-0.6935733880427697,0.9087469473450608,41.70420991275373
423,37,37,2021-07-07,4,Mixed,56.13612154228063,33.7349379954142,1030.4737087914605,684.6590402710638,1187,56.5,33.5,35.22479147807451,5.455016130483858,0.154862978646142,0.7580278260103771,0.14718073060526873,42.790715088071444
424,37,37,2021-07-08,4,Mixed,22.897550667432,39.85245057302299,-1879.0482346568392,1500.5102012833854,1453,22.5,39.5,26.554981358458207,5.709139118108644,0.2149931510417042,-0.6935733880427697,0.9087469473450608,52.749104917022834
425,37,37,2021-07-08,4,Mixed,54.31604988123594,31.37826350899608,884.9323362674617,409.017114536109,1085,54.5,31.5,30.116945285751065,5.23259769822633,0.17374264383652407,-0.09718764372606949,0.38629721105983617,22.033252224770255
426,38,38,2021-07-18,3,Temporally clustered,41.43804731158432,38.02246032526996,-313.91540150773113,1114.977287145395,1422,41.5,38.5,26.78744371026122,7.392991322053706,0.2759871901932076,-0.6546518168153441,1.6812542891619864,53.11554893426347
427,38,38,2021-07-19,3,Temporally clustered,42.45415709196629,37.41552887706404,-226.13334274981347,1045.4595515376718,1373,42.5,37.5,29.97508510105309,7.260456632371256,0.24221638096754497,-0.12093953834570603,1.2535371150112051,10.20385593426287
428,38,38,2021-07-20,3,Temporally clustered,42.93875648689915,36.28954011313606,-185.65966165370526,920.0317365822325,1323,42.5,36.5,35.307913752459015,6.851186251064565,0.19404109512382092,0.771945131320029,0.6433830323152651,45.773763216388566
429,38,38,2021-07-21,3,Temporally clustered,44.37471426611093,35.76293496550283,-56.682953067848956,860.2381265955139,1275,44.5,35.5,36.74534073256525,6.715204638583951,0.18274982636458875,1.0126160019212076,0.5003758116708205,31.24276103047332
430,39,39,2021-07-26,3,Temporally clustered,26.339129545699485,41.798864886698055,-1548.8105129227915,1659.449581371586,1557,26.5,41.5,25.956842873084042,5.878273684711009,0.22646335355392883,-0.7937207430092328,1.0540204162952158,35.542049967083784
431,39,39,2021-07-26,3,Temporally clustered,32.405209640684326,34.733351596950826,-1151.3756787749098,808.7364512128789,1213,32.5,34.5,23.949023930298388,3.662648802747945,0.15293520159350857,-1.1298933205783885,0.12276487051037578,27.29279368489343
432,39,39,2021-07-26,3,Temporally clustered,54.607296521843125,32.98712383399924,897.022685980203,589.3333428224654,1135,54.5,32.5,33.20988498592728,5.430058272158648,0.16350728930436345,0.42066856786621776,0.2566634528731834,54.990615378288716
433,39,39,2021-07-27,3,Temporally clustered,27.85254621935853,40.16826453792262,-1458.5529626198088,1460.1608280165349,1508,27.5,40.5,23.65837296180371,5.130265240887362,0.21684776248857612,-1.1785575119403175,0.9322361436477944,46.91681071443694
434,39,39,2021-07-27,3,Temporally clustered,50.94816265864824,29.56051428102327,576.0581620512268,187.10433856887406,981,50.5,29.5,32.49060998136865,3.998891549350039,0.12307837715706647,0.30023911722657654,-0.2553805417519633,43.91341571575625
435,39,39,2021-07-28,3,Temporally clustered,27.45722930587966,39.2845312852949,-1509.7510269350307,1368.480528754953,1458,27.5,39.5,25.638434615033997,5.556126991561983,0.21671085130540507,-0.8470323850836325,0.9305021234771713,24.416683180521844
436,39,39,2021-07-28,3,Temporally clustered,48.59602589125363,26.16858355312074,359.45029216131644,-197.73396642964906,829,48.5,26.5,40.5040245200373,4.669941117350295,0.11529573104618482,1.6419388906418397,-0.35395003055865487,37.952461538936475
437,39,39,2021-07-28,3,Temporally clustered,66.43716524425055,32.95998914806622,1985.5460498799202,732.4108062961824,1147,66.5,32.5,28.594552145053964,5.52009892631348,0.1930472244611916,-0.3520845446745644,0.6307953697440009,52.07422845155965
438,40,40,2021-07-31,3,Temporally clustered,28.392722949352283,37.463051289152645,-1464.7680906911644,1155.8460927993904,1359,28.5,37.5,27.5898628260314,5.999354015318684,0.2174477652588477,-0.520301404688556,0.9398353541869421,10.370832184123456
439,40,40,2021-07-31,3,Temporally clustered,48.84233722398605,22.361140589162176,396.08465528189737,-618.5107123552461,629,48.5,22.5,41.07037019323615,3.830028033891157,0.09325525959154664,1.7367631204054308,-0.6330990466374612,38.43203630026109
440,40,40,2021-07-31,3,Temporally clustered,50.531964308800525,43.05289756805496,454.36691307773134,1676.6778418710571,1681,50.5,43.5,20.64738662919454,6.058267213643543,0.29341569092707387,-1.6826921303010645,1.9019913474232197,49.374589120325616
441,40,40,2021-08-01,3,Temporally clustered,31.379486717143216,37.76210377997072,-1199.382101677639,1153.5488230155972,1362,31.5,37.5,24.30364771443138,5.88010590791332,0.24194334846376758,-1.070518050707731,1.250079078510314,30.867891705334213
442,40,40,2021-08-01,3,Temporally clustered,50.156189416786894,23.325391160625244,527.4714392126764,-507.0790803706503,681,50.5,23.5,41.44297123488575,3.907932637808259,0.09429663273077896,1.7991483534098147,-0.6199097513092786,40.16227299496513
443,40,40,2021-08-02,3,Temporally clustered,36.087819876762886,38.46930516171875,-779.6552525986402,1190.2650334771424,1417,36.5,38.5,21.326890629845813,6.4817123324576755,0.30392205056778765,-1.5689216072226404,2.0350574645573953,36.23129002878043
444,40,40,2021-08-02,3,Temporally clustered,37.93913139045336,21.020347634125752,-734.5973961983815,-752.728482222627,568,37.5,21.5,31.193516544744888,2.4547191897257994,0.07869324980415975,0.08306453308161832,-0.8175311588381995,70.2097896203201
445,40,40,2021-08-02,3,Temporally clustered,50.82934315358678,22.993653988194307,597.7886204499766,-540.8243954096557,631,50.5,22.5,41.5127759970557,3.7010160880786955,0.08915366412357466,1.810835884753012,-0.68504695263367,64.39898145902988
446,40,40,2021-08-03,3,Temporally clustered,37.53213670153116,38.17855683463614,-656.1441782298609,1148.976954427291,1418,37.5,38.5,23.23606455506356,6.598510012527097,0.28397709073713007,-1.2492653345420865,1.7824487159687739,35.67981205432765
447,40,40,2021-08-03,3,Temporally clustered,37.7521847115364,21.993603833221854,-748.6485997009132,-644.0288759891662,568,37.5,21.5,31.193516544744888,2.4547191897257994,0.07869324980415975,0.08306453308161832,-0.8175311588381995,60.42249998023866
448,40,40,2021-08-03,3,Temporally clustered,50.63525936932907,23.11837091890895,577.3523788329492,-527.9156173094259,681,50.5,23.5,41.44297123488575,3.907932637808259,0.09429663273077896,1.7991483534098147,-0.6199097513092786,44.43113105731642
449,40,40,2021-08-04,3,Temporally clustered,37.51065100702926,37.3642123679124,-664.8802117052749,1059.148727187202,1368,37.5,37.5,28.835459587488867,6.7137643777815175,0.2328301498858193,-0.31174899740326845,1.1346577536261906,15.066161744440759
450,40,40,2021-08-04,3,Temporally clustered,51.03915925136041,23.226873436559817,618.1530502760452,-514.016176548044,682,51.5,23.5,41.59905734336699,3.825256539417217,0.09195536590751997,1.8252821189066555,-0.6495625802624071,56.08175909984353
451,40,40,2021-08-05,3,Temporally clustered,37.232664118424864,37.015330258187305,-692.4997298027865,1022.2545940438936,1368,37.5,37.5,28.835459587488867,6.7137643777815175,0.2328301498858193,-0.31174899740326845,1.1346577536261906,58.934894521572375
452,40,40,2021-08-05,3,Temporally clustered,51.23219722412998,23.152984607139,638.2495025097157,-521.2430197395535,682,51.5,23.5,41.59905734336699,3.825256539417217,0.09195536590751997,1.8252821189066555,-0.6495625802624071,47.287025516519755
453,40,40,2021-08-06,3,Temporally clustered,38.68864554331418,36.55894295897679,-566.1393183957296,963.7811382045968,1319,38.5,36.5,33.36738222807907,6.232083649471968,0.1867717283565503,0.4470386018996368,0.5513143764892782,18.182947424487445
454,40,40,2021-08-06,3,Temporally clustered,51.20469538545007,22.912601541874004,636.6222195980745,-547.981580151375,632,51.5,22.5,41.7968838574517,3.6206795701345817,0.08662558631124062,1.8584045522766237,-0.7170657973909675,54.73839630838216
455,40,40,2021-08-07,3,Temporally clustered,41.52369744279364,36.66264801148574,-311.6384276154486,964.3813662808386,1322,41.5,36.5,34.62760734230882,6.662492395093895,0.1924040644573645,0.658040259439644,0.6226495602217732,18.13704692143235
456,40,40,2021-08-07,3,Temporally clustered,50.7680460214988,22.457795531134632,593.9447545761279,-600.3995780522305,631,50.5,22.5,41.5127759970557,3.7010160880786955,0.08915366412357466,1.810835884753012,-0.68504695263367,27.96371572524775
457,40,40,2021-08-08,3,Temporally clustered,40.55156554329171,37.37908813353378,-395.18571968429575,1046.623202266072,1371,40.5,37.5,31.692842654767404,7.120576437603494,0.22467459025902112,0.16666756215801487,1.031365206092519,14.1168418577569
458,40,40,2021-08-08,3,Temporally clustered,50.580652056535904,22.957406037347685,572.4782696748855,-545.9737010158045,631,50.5,22.5,41.5127759970557,3.7010160880786955,0.08915366412357466,1.810835884753012,-0.68504695263367,51.353432265819585
459,40,40,2021-08-09,3,Temporally clustered,26.487992863598365,38.57025954999581,-1606.9830371018488,1303.6152736174945,1407,26.5,38.5,23.422193136856325,4.075811879647178,0.17401495478378692,-1.2181015060876377,0.3897461088364722,7.899883283720117
460,40,40,2021-08-09,3,Temporally clustered,24.51380586979905,23.30801398490545,-2079.627460172419,-350.97933565589886,655,24.5,23.5,35.16383942419729,3.522521100520099,0.10017453037554673,0.7478225188368083,-0.5454644588151579,21.571235259433017
461,40,40,2021-08-09,3,Temporally clustered,37.40993212508484,22.802833165738093,-779.1312766050452,-552.462100886155,618,37.5,22.5,29.498782476516553,2.205592390197181,0.07476892959745078,-0.2006877056636468,-0.8672338218114297,34.85698314040526
462,40,40,2021-08-09,3,Temporally clustered,51.450384813376346,41.23502631539789,543.9493629929112,1480.6926795451657,1582,51.5,41.5,21.012988374229913,5.693001937335167,0.2709277631503855,-1.6214788015624664,1.6171751661798381,29.513307252782756
463,40,40,2021-08-09,3,Temporally clustered,50.569274023171,24.09174975207675,566.223397197186,-420.47229129974755,731,50.5,24.5,40.90248424941119,4.112209557668661,0.10053691439849055,1.7086536881899117,-0.5408747591957263,45.76230886632021
464,41,41,2021-08-28,1,Independent,39.68312424152008,32.55522171000261,-499.4733583629173,516.065549871664,1120,39.5,32.5,32.45086693251689,5.354480651119233,0.1650026996891679,0.29358487022838003,0.2756032626867499,18.28021415073485
465,42,42,2022-07-19,3,Temporally clustered,33.66506413456441,34.86686964293277,-1035.3238719371982,811.5862534065336,1214,33.5,34.5,24.284325779400874,3.6688447743670336,0.15107871668725195,-1.0737531555094706,0.09925194629669556,43.635851607190645
466,42,42,2022-07-19,3,Temporally clustered,53.744307709852734,35.11027702006072,797.3972760111005,817.9759446453513,1284,53.5,35.5,29.880013677364595,5.9092269484151885,0.1977652022593177,-0.13685751026711276,0.6905499381950039,48.786727541446396
467,42,42,2022-07-20,3,Temporally clustered,23.08702918069004,44.987236904601566,-1725.5900137862093,2056.040488058354,1704,23.5,44.5,24.806172934825575,5.932981434600857,0.2391735899845921,-0.9863793890816768,1.2149992774348672,62.24683807540997
468,42,42,2022-07-20,3,Temporally clustered,33.655195836749854,34.59879282812148,-1039.434681641696,782.040543050667,1214,33.5,34.5,24.284325779400874,3.6688447743670336,0.15107871668725195,-1.0737531555094706,0.09925194629669556,18.045339203495406
469,42,42,2022-07-20,3,Temporally clustered,45.175408030319865,29.380417446999967,17.030214299398622,152.99954030286582,976,45.5,29.5,38.85090865669537,5.1229561746021615,0.13186193970058657,1.365154859493547,-0.144134153636508,34.170083677105445
470,42,42,2022-07-20,3,Temporally clustered,62.08923963595324,39.22931093888826,1472.3819404694673,1356.3413054249743,1493,62.5,39.5,32.41397210321246,6.522868263838087,0.20123631386699514,0.28740750552584554,0.7345125817336008,45.85259953763553
471,42,42,2022-07-21,3,Temporally clustered,23.28572508292532,43.48593274694068,-1751.515149195906,1889.9425811549718,1654,23.5,43.5,23.427620269546576,5.878565231440211,0.2509245567327947,-1.2171928319306142,1.3638287075351578,17.34788251418028
472,42,42,2022-07-21,3,Temporally clustered,54.95038347627528,34.40333692101164,914.3445189698265,748.6894083885787,1235,54.5,34.5,35.000691067628594,5.598777217288083,0.15996190493696494,0.7205063090007873,0.21176012311377362,42.79018811558083
473,42,42,2022-07-22,3,Temporally clustered,23.53707437256193,42.58856236908517,-1755.569610497858,1788.2614002054122,1604,23.5,42.5,20.293923614803482,5.570576703984745,0.2744948098612762,-1.7418730504981552,1.6623528558541094,10.474868282341102
474,42,42,2022-07-22,3,Temporally clustered,33.6195761757476,34.965700861229315,-1038.2603885978963,822.9180522993851,1214,33.5,34.5,24.284325779400874,3.6688447743670336,0.15107871668725195,-1.0737531555094706,0.09925194629669556,53.031345901679444
475,42,42,2022-07-22,3,Temporally clustered,55.5954811012702,33.78945387950564,980.1101614247837,686.03283858291,1186,55.5,33.5,35.59899611478537,5.543379690742651,0.15571730373712175,0.8206815516928776,0.1580010077054777,33.302651167706365
476,42,42,2022-07-23,3,Temporally clustered,23.398566223934573,42.10821207235997,-1779.311853486056,1738.2191286999466,1604,23.5,42.5,20.293923614803482,5.570576703984745,0.2744948098612762,-1.7418730504981552,1.6623528558541094,44.96285032890132
477,42,42,2022-07-23,3,Temporally clustered,31.65990414748582,35.75128676186862,-1204.4552023107228,928.7871260431093,1262,31.5,35.5,24.000692202608896,3.8576729281349182,0.1607317362169907,-1.1212424129138407,0.2215102613904507,31.64781075542186
478,42,42,2022-07-23,3,Temporally clustered,43.98615163875602,24.678755138313644,-102.64807276839298,-367.5178234762746,724,43.5,24.5,37.33096886396196,3.914288929497479,0.10485366569942416,1.110668726812575,-0.48620184165888564,53.07388486645784
479,42,42,2022-07-23,3,Temporally clustered,61.31861521767574,36.74655877311347,1452.609791187388,1073.237605574612,1342,61.5,36.5,32.781328912580584,6.36921550075037,0.19429399942068967,0.348914687703102,0.6465861391897397,32.13755625947527
480,43,43,2023-07-12,2,Spatially clustered,24.173981988348405,40.555983260544025,-1755.7245389105851,1556.2974690639246,1505,24.5,40.5,22.260800554452697,4.5030131826993145,0.20228442241708164,-1.4125554629044035,0.7477871830098298,27.922965892961503
481,43,43,2023-07-12,2,Spatially clustered,35.1342140502224,33.40637297207702,-916.8217589854224,637.7295070928516,1166,35.5,33.5,25.71089703519518,4.095235600322695,0.15928015248619298,-0.8348998774937364,0.20312552896573158,35.5760556991432
482,43,43,2023-07-12,2,Spatially clustered,45.24122651128141,19.465175920142315,25.39467629260968,-944.4495579676545,476,45.5,19.5,38.37551751053762,3.115387219632214,0.08118163406595762,1.2855593025676424,-0.7860150445056866,27.51021469549817
483,43,43,2023-07-12,2,Spatially clustered,60.47793292198978,36.669945454937206,1379.9596887009498,1054.3177228399543,1341,60.5,36.5,29.334852556637546,6.218020956846082,0.21196700903271254,-0.22813477398842943,0.8704199738924583,19.085682558100146
484,44,44,2023-07-15,4,Mixed,40.10123301006798,29.014563517280425,-477.0460123606442,122.04886542012213,971,40.5,29.5,35.10745700860905,4.992229380547365,0.1421985471440774,0.7383823140583952,-0.013217997719338794,66.35196199897133
485,44,44,2023-07-16,4,Mixed,40.10361450296493,29.297878401171477,-475.5206554325563,153.43556969054433,971,40.5,29.5,35.10745700860905,4.992229380547365,0.1421985471440774,0.7383823140583952,-0.013217997719338794,44.52785236050975
486,44,44,2023-07-17,4,Mixed,24.509976515774344,18.081201571001323,-2159.821393547173,-929.880157060621,405,24.5,18.5,34.939052099435635,2.8581438342255843,0.08180370280485519,0.7101859905823439,-0.778136362021329,46.79060497162091
487,44,44,2023-07-17,4,Mixed,41.66257740960627,28.821812473746437,-325.6865363923232,95.53797892218074,922,41.5,28.5,35.45642983115057,4.817477133819564,0.13587033880064048,0.7968114337142754,-0.09336660689259517,39.06115989348961
488,44,44,2023-07-18,4,Mixed,40.508877903107546,27.15283563904979,-444.98093157451854,-85.78420485950251,871,40.5,27.5,34.919459644486814,4.4152644415399385,0.12644137356338025,0.7069055921655849,-0.21278720885383703,38.501928238126354
489,44,44,2023-07-19,4,Mixed,40.13232923180847,26.954307983830734,-483.10962032283805,-106.36634339820866,821,40.5,26.5,35.83409123100158,4.053159307525467,0.1131090302080525,0.8600439311924319,-0.3816452361117503,62.2578717537169
490,44,44,2023-07-20,4,Mixed,40.44226641968651,27.453777822632684,-450.3531067961213,-52.19755314791744,871,40.5,27.5,34.919459644486814,4.4152644415399385,0.12644137356338025,0.7069055921655849,-0.21278720885383703,7.666216919676589
491,44,44,2023-07-21,4,Mixed,39.88476434235672,28.241052793755262,-501.74598402117925,37.20140065480268,920,39.5,28.5,34.099148075861464,4.556397487529616,0.1336220329432528,0.5695594158953371,-0.12184205802918643,47.374213998745105
492,44,44,2023-07-22,4,Mixed,39.63745604478203,29.53563286072728,-519.5426175257185,181.69649574216217,970,39.5,29.5,34.4901033253148,4.842675092001291,0.14040767133471876,0.6350177254680994,-0.03589996353530119,13.894663953650044
493,44,44,2023-07-22,4,Mixed,65.8533344933127,32.449794921962976,1943.346647623657,666.3085036623594,1146,65.5,32.5,32.08355902280237,5.4658042496593096,0.17036153145524358,0.2320858754041985,0.3434744340412574,33.334319632756895
494,44,44,2023-07-22,4,Mixed,67.95297026210086,40.30749534474607,1937.2155295157884,1564.95264840629,1548,67.5,40.5,27.651482163125184,5.939167627688926,0.21478659236607367,-0.5099843731387986,0.9061308213160204,44.332363155925634
495,44,44,2023-07-23,4,Mixed,42.33862861884391,31.530239585837737,-252.85001760959852,394.0720018971576,1073,42.5,31.5,37.333369053278176,5.3701262965555445,0.14384253103147152,1.111070594636358,0.007603538950599595,15.690982170550214
496,44,44,2023-07-24,4,Mixed,43.577580477845245,31.81420566022793,-134.75613918500696,423.52349453123213,1074,43.5,31.5,37.57190216964681,5.388472313629317,0.14341760737316353,1.1510086044122765,0.002221756561352233,35.59701563530417
497,44,44,2023-07-25,4,Mixed,44.133898790947455,31.436957064176905,-82.37704934905562,381.2107219687212,1075,44.5,31.5,39.13058815494488,5.406372736171069,0.13816231728394998,1.4119820787294322,-0.06433802917789283,35.50601969558438
498,44,44,2023-07-26,4,Mixed,43.79585287207801,30.738561786223077,-115.34812436816252,304.09088472494125,1024,43.5,30.5,37.52047249867571,5.240712626549124,0.13967608288339375,1.1423976461802048,-0.04516574520346138,38.79403923204579
499,44,44,2023-07-27,4,Mixed,42.34222213523972,28.73191347736924,-259.60578854100146,83.94298356990151,923,42.5,28.5,36.38841348452465,4.883761880306427,0.13421200356490962,0.9528550591282273,-0.11436990758585998,29.977534622607156
500,44,44,2023-07-28,4,Mixed,41.58532097716641,26.65774304295021,-339.8776682241594,-144.05293339425532,822,41.5,26.5,36.8589420485851,4.217232538629513,0.11441545264838655,1.0316364655735006,-0.3650990138790231,19.433844720102446
501,44,44,2023-07-28,4,Mixed,68.23995653384394,39.06759521056327,1994.3664241937013,1434.6979848892695,1499,68.5,39.5,15.006856712184241,5.724404178963856,0.3814525778950195,-2.627095751887832,3.017004264743166,52.87861012623159
502,44,44,2023-07-29,4,Mixed,40.43606807619652,25.285439029998685,-459.5736436017205,-292.38476596612946,771,40.5,25.5,36.42720792835588,3.856795982556439,0.10587679380044414,0.9593504795569299,-0.47324362507490225,24.62282281055311
503,44,44,2023-07-29,4,Mixed,59.600548478130726,41.67060739758536,1218.2685846852555,1593.9935557939496,1590,59.5,41.5,30.60002022550648,6.814926679548933,0.22270987500421285,-0.01630557602760811,1.0064815128655606,20.530649537178547
504,44,44,2023-07-30,4,Mixed,24.53295700320019,20.103214279078017,-2128.109438771154,-706.3290828247824,505,24.5,20.5,34.59908471463187,2.9712808314262196,0.08587744028297002,0.6532646668496557,-0.7265412856129336,44.57156333153051
505,44,44,2023-07-30,4,Mixed,27.261036216921926,34.23567278367214,-1625.0718733259475,815.5252724497527,1208,27.5,34.5,22.588702675468785,3.3333610135633283,0.14756761649633562,-1.3576542470311057,0.054782835657860025,36.95399336944275
506,44,44,2023-07-30,4,Mixed,45.374726939088085,23.712173302031363,38.23746452203377,-474.8809464028027,676,45.5,23.5,39.13679744055347,3.797742591125529,0.09703764333027197,1.4130217100943039,-0.5851940505365061,26.739353886856712
507,44,44,2023-07-30,4,Mixed,62.69546522444895,41.86798023530173,1468.522363510035,1653.6531398679067,1593,62.5,41.5,31.04540258115031,6.744074947602841,0.21723264596019795,0.058265557509402516,0.9371108053640536,43.66012958734547
508,44,44,2023-07-31,4,Mixed,24.701955773201004,19.92399555943824,-2113.471967294358,-728.9434689841596,455,24.5,19.5,34.835931629612844,2.900326037245712,0.08325673813127601,0.6929203530282058,-0.7597332447135654,51.31838905468521
509,44,44,2023-07-31,4,Mixed,26.7190860087986,34.4394809952094,-1670.0554521685294,845.7340310882294,1207,26.5,34.5,22.91338957072607,3.531817912755351,0.1541377325189621,-1.3032913619344384,0.1379952763270375,20.983209428871433
510,44,44,2023-07-31,4,Mixed,46.12499456793975,24.944701868703707,113.65096218078895,-337.97332925891186,727,46.5,24.5,38.48758515634172,4.0775945733017025,0.10594571098025422,1.3043229811789236,-0.4723707688397484,62.155901505853535
511,44,44,2023-07-31,4,Mixed,62.762667863340994,41.309314015131264,1485.9844647638438,1593.4273439539056,1593,62.5,41.5,31.04540258115031,6.744074947602841,0.21723264596019795,0.058265557509402516,0.9371108053640536,30.95505674055044
512,44,44,2023-08-01,4,Mixed,27.6691866647646,35.284317963450974,-1568.9727480662543,925.5032344262422,1258,27.5,35.5,22.382650595575416,3.352426662859065,0.14977791162597023,-1.3921539010263684,0.0827768698123081,28.34020453300511
513,44,44,2023-08-01,4,Mixed,26.19524268660872,20.461478995233065,-1952.774767821612,-692.8416232208012,507,26.5,20.5,34.89196422076132,3.2198133463617653,0.09227950957389557,0.7023019860992269,-0.6454572059412113,31.754049077771594
514,44,44,2023-08-01,4,Mixed,46.72859863732046,25.914343220581205,173.20092511698152,-229.88864455485503,777,46.5,25.5,38.65453755408658,4.323788811540286,0.11185721224811736,1.3322761081692347,-0.39749987663270603,51.32345897414252
515,44,44,2023-08-01,4,Mixed,62.50451777127138,41.11319408372452,1468.8419648070421,1568.474545060812,1593,62.5,41.5,31.04540258115031,6.744074947602841,0.21723264596019795,0.058265557509402516,0.9371108053640536,43.13767753431336
516,44,44,2023-08-02,4,Mixed,26.91508593014977,36.45031906258147,-1613.3885763735825,1064.4571860581016,1307,26.5,36.5,22.157233631857803,3.3245971666321315,0.15004567907123595,-1.4298958508137465,0.08616822280753317,37.22447003957608
517,44,44,2023-08-02,4,Mixed,27.12120011107635,22.325785220914376,-1832.5011028222802,-500.0341157025034,608,27.5,22.5,35.311482123247565,3.5582670662552918,0.1007679896821063,0.772542589776141,-0.5379481231573717,43.045848075161665
518,44,44,2023-08-02,4,Mixed,48.76598263528922,29.07838995025972,366.5877323837789,125.19166046577399,979,48.5,29.5,34.57316095914754,4.596657827006488,0.13295451441185857,0.6489242078990353,-0.13029637542600686,53.42693705178058
519,44,44,2023-08-02,4,Mixed,67.70448374725241,39.97956307213906,1925.5449089144133,1524.795625190565,1498,67.5,39.5,22.64706662813459,5.781350970742967,0.2552803444999256,-1.3478822700930029,1.418996033331486,56.11561454797587
520,44,44,2023-08-03,4,Mixed,41.07890168541336,30.053909650187855,-378.0752144208718,233.7780084408597,1022,41.5,30.5,36.23888505782237,5.206655897308243,0.14367594060911532,0.9278192575660489,0.005493622536851568,63.97116182769783
521,44,44,2023-08-03,4,Mixed,67.42558131811734,38.96132462643817,1929.003969488592,1408.659071296178,1448,67.5,38.5,22.850088865576108,5.854325614429988,0.2562058138535115,-1.313889907828564,1.4307173733217078,52.40862282894344
522,44,44,2023-08-04,4,Mixed,39.65598261893869,30.29840685171341,-513.8789556397724,266.14169211342687,1020,39.5,30.5,34.30676521008465,5.12857505945901,0.1494916535573409,0.6043211096277885,0.07915132766512854,26.893680404433077
523,44,44,2023-08-05,4,Mixed,37.062474590364815,30.559730793192152,-760.7053944828727,308.8595339154589,1018,37.5,30.5,33.22400534781678,4.662537824306841,0.14033641565775953,0.42303276433406034,-0.03680243752067562,42.428871232728895
524,44,44,2023-08-06,4,Mixed,37.84938424922829,30.504023056887423,-685.8517773287584,297.9440612523543,1018,37.5,30.5,33.22400534781678,4.662537824306841,0.14033641565775953,0.42303276433406034,-0.03680243752067562,33.49831663950183
525,44,44,2023-08-07,4,Mixed,39.48614588066192,30.76719641331369,-527.6989710821899,318.8232542665636,1020,39.5,30.5,34.30676521008465,5.12857505945901,0.1494916535573409,0.6043211096277885,0.07915132766512854,29.667721553071175
526,44,44,2023-08-08,4,Mixed,40.39241497584234,39.21524142580226,-399.706097807533,1250.0640734839797,1471,40.5,39.5,21.084648307691705,7.269173118510164,0.3447614118305384,-1.609480655700339,2.5522999172538743,32.88860659188379
527,44,44,2023-08-08,4,Mixed,41.23960313627376,21.519957599149876,-390.0759925853034,-711.7887715812325,572,41.5,21.5,35.712869618108364,3.0265790138550765,0.08474757268792639,0.8397475881332993,-0.7408513891016403,27.107813919240318
528,44,44,2023-08-09,4,Mixed,41.71089752990022,31.12324595298466,-313.7765973866303,350.4606785958722,1072,41.5,31.5,36.153773510436395,5.347835842271694,0.14791916093427845,0.9135688848576677,0.05923524876352737,46.31414841708199
529,44,44,2023-08-10,4,Mixed,27.9471198364837,22.662615231435066,-1744.3359954773482,-474.33240203188416,608,27.5,22.5,35.311482123247565,3.5582670662552918,0.1007679896821063,0.772542589776141,-0.5379481231573717,48.87208631785256
530,44,44,2023-08-10,4,Mixed,43.307239549275735,32.114586398396625,-159.85851337330732,457.14400834578856,1124,43.5,32.5,37.32679275576201,5.409136393174337,0.14491296984896584,1.1099695138368089,0.021160959593397193,46.42868675083179
531,44,44,2023-08-11,4,Mixed,26.86201731760096,21.997133374077208,-1863.3591493783438,-532.6781966291842,557,26.5,21.5,34.27863431058673,3.3365231421952024,0.0973353579948411,0.5996111047603012,-0.5814234072515951,66.23955943749459
532,44,44,2023-08-11,4,Mixed,43.840054050123975,32.09891833925831,-109.56317104048014,454.8030003939295,1124,43.5,32.5,37.32679275576201,5.409136393174337,0.14491296984896584,1.1099695138368089,0.021160959593397193,54.77488972152112
533,45,45,2023-08-13,4,Mixed,42.65977114017928,33.434654676059424,-217.8604610585246,604.4319067288002,1173,42.5,33.5,36.60313526492423,5.66685522909899,0.15481884784141378,0.9888062959847821,0.14662180105859338,16.524551353977177
534,45,45,2023-08-14,4,Mixed,42.37888161416299,32.05574192766382,-247.66136819351237,452.21754047477015,1123,42.5,32.5,36.89267835812188,5.532689045448141,0.1499671287549695,1.0372849938809956,0.0851733600822242,50.5602670972254
535,45,45,2023-08-15,4,Mixed,41.775663512104366,31.025265463773056,-307.9089750317052,339.43456591036403,1072,41.5,31.5,36.153773510436395,5.347835842271694,0.14791916093427845,0.9135688848576677,0.05923524876352737,58.779744644609046
536,45,45,2023-08-16,4,Mixed,41.29041821738787,31.18909447697441,-353.62831833064814,358.93144081749574,1072,41.5,31.5,36.153773510436395,5.347835842271694,0.14791916093427845,0.9135688848576677,0.05923524876352737,39.85309690683709
537,45,45,2023-08-17,4,Mixed,39.525291667202985,32.316353074883466,-515.5960387986058,490.28300847494313,1120,39.5,32.5,32.45086693251689,5.354480651119233,0.1650026996891679,0.29358487022838003,0.2756032626867499,20.49860125798777
538,45,45,2023-08-17,4,Mixed,52.34264064121018,26.50172777297153,731.2082855615424,-144.37591714865715,833,52.5,26.5,30.922693463440755,3.34450549131637,0.10815699141054799,0.037720158961451034,-0.44436425556432907,15.66351251777675
539,45,45,2023-08-18,4,Mixed,38.7262270392181,32.22435459783637,-591.3050317361411,483.8274377653093,1119,38.5,32.5,32.732802784083866,5.234029263724875,0.1599016527319772,0.340789874579484,0.21099701131856904,37.191924626433526
540,45,45,2023-08-19,4,Mixed,38.05676279090544,32.65680507750195,-651.2527982847803,535.2427306655378,1119,38.5,32.5,32.732802784083866,5.234029263724875,0.1599016527319772,0.340789874579484,0.21099701131856904,45.02045799645962
541,45,45,2023-08-20,4,Mixed,37.641552394179655,33.418241324638785,-684.3955165116487,621.9127121456394,1168,37.5,33.5,32.05338064684076,5.3200387062847305,0.16597434027006708,0.2270330580322344,0.28790937477235,15.937688756296978
542,45,45,2023-08-21,4,Mixed,37.214791204701385,34.03080438351401,-719.0484083920477,692.2803963445592,1218,37.5,34.5,29.83241306779527,5.334893395216123,0.17882875860871125,-0.14482736216550257,0.4507143419384569,58.45956637125158
543,45,45,2023-08-22,4,Mixed,37.00914380138377,35.65180941408453,-724.267431200424,872.9000848233238,1268,37.5,35.5,31.77748126210426,5.531105334074975,0.1740573863753956,0.18083874970086106,0.3902835173521022,47.46379352597274
544,45,45,2023-08-23,4,Mixed,36.74672496768616,33.47204291008662,-766.9224547649135,633.4086826794836,1167,36.5,33.5,29.50221986039831,5.386619652475449,0.182583537034312,-0.2001121785705407,0.49826970867630427,23.098209364728614
545,45,45,2023-08-23,4,Mixed,49.36296464490144,13.242774218427892,476.5250923933121,-1622.1139364910907,180,49.5,13.5,30.073029419354462,1.4248738585733631,0.047380456378509704,-0.10454055273998979,-1.2141168441053667,32.078389010830044
546,45,45,2023-08-24,4,Mixed,37.40061832117663,29.221892807826677,-738.0329165603794,158.5393143548634,968,37.5,29.5,32.99385056960445,4.490652531563234,0.13610574255616723,0.3844975541202595,-0.09038514949175001,32.357003027493164
547,45,45,2023-08-25,4,Mixed,36.69094665375143,26.72759237877953,-825.5450196194332,-113.28148445551084,817,36.5,26.5,32.287689485063936,2.6814942596944604,0.08305005103988321,0.2662637896555933,-0.7623509971657867,31.576749834752682
548,45,45,2023-08-26,4,Mixed,35.426984334457295,26.136362254210347,-955.6150562297349,-169.69706883906636,816,35.5,26.5,28.37558095842081,2.2894321883631266,0.08068318290003888,-0.3887472669226744,-0.7923280742798418,41.02577534395302
549,45,45,2023-08-27,4,Mixed,35.39400241285863,25.46874203214153,-964.3958060475618,-243.3896976610086,766,35.5,25.5,28.46338135497151,2.333984659840657,0.0819995569301184,-0.3740466955757917,-0.7756558122529303,11.173197812550576
550,45,45,2023-08-28,4,Mixed,39.185565979395896,19.880085137474808,-609.983410770972,-885.1578164477347,470,39.5,19.5,30.685438644417907,1.764715847060856,0.05750987846419075,-0.0020038232921265817,-1.0858247513302934,53.596219794918404
551,45,45,2023-08-28,4,Mixed,28.251401764300542,40.08524519918343,-1426.7422381375375,1445.850510565964,1509,28.5,40.5,23.10078843798233,5.035150631756778,0.21796444936390053,-1.2719148474008757,0.9463793094669323,51.281966224995536
552,46,46,2024-05-20,4,Mixed,25.337593323098627,21.446305666780685,-2025.996361229731,-570.5246085038411,556,25.5,21.5,34.84947401905532,3.166329189804765,0.0908573021237982,0.6951877785755546,-0.6634698791806071,17.61205120859745
553,46,46,2024-05-20,4,Mixed,62.13775640828242,16.101475539534416,1833.1675757882556,-1199.0484108804258,343,62.5,16.5,27.53081683952573,1.2947430345178217,0.047028863766184065,-0.5301875757250664,-1.2185698673536796,59.55700638751041
554,46,46,2024-05-21,4,Mixed,25.43522565714666,21.63152003716221,-2013.3186615526402,-551.5484066427038,556,25.5,21.5,34.84947401905532,3.166329189804765,0.0908573021237982,0.6951877785755546,-0.6634698791806071,16.251019202829298
555,46,46,2024-05-21,4,Mixed,62.34182395847856,16.578726868085337,1849.4298607691487,-1143.525157317625,343,62.5,16.5,27.53081683952573,1.2947430345178217,0.047028863766184065,-0.5301875757250664,-1.2185698673536796,18.740834461162823
556,46,46,2024-05-22,4,Mixed,25.399696320708703,22.28690956212025,-2006.9810728263922,-478.3914441445639,606,25.5,22.5,34.09528384606801,3.2630489873578368,0.09570382232597673,0.5689124212573725,-0.6020872835937287,25.767355878023256
557,46,46,2024-05-22,4,Mixed,62.44140792654318,17.124548056431372,1853.6900150429358,-1081.820009214569,393,62.5,17.5,27.540887515719714,1.2858709186921102,0.046689523638559736,-0.528501425095718,-1.2228677093003615,42.361494423977916
558,46,46,2024-05-23,4,Mixed,25.82996880775675,21.199312401614243,-1979.5958249742553,-605.5641389546453,556,25.5,21.5,34.84947401905532,3.166329189804765,0.0908573021237982,0.6951877785755546,-0.6634698791806071,48.21601408006965
559,46,46,2024-05-23,4,Mixed,59.4773413969854,16.6813711880676,1545.5617281428752,-1168.3784478925415,340,59.5,16.5,27.28619134148886,1.4322944892122897,0.052491550443482936,-0.5711456434381335,-1.1493833431791305,20.184261700652883
560,46,46,2024-05-24,4,Mixed,25.299142459317533,19.613891001853727,-2056.655271101529,-772.862008109611,456,25.5,19.5,35.5696851200972,2.9737180828716934,0.08360259790974409,0.8157739614587859,-0.7553528294824621,24.739365058325745
561,46,46,2024-05-24,4,Mixed,58.02668613564862,16.758694366657625,1391.0546055329346,-1175.678662957037,339,58.5,16.5,27.21644442222945,1.484802016072829,0.054555326663467255,-0.582823490043372,-1.12324501386067,57.52707057906311
562,46,46,2024-05-25,4,Mixed,48.14361452438421,17.070732437680423,336.0316608508984,-1204.661926139545,379,48.5,17.5,38.93804336481922,2.685555008409971,0.06896995268222407,1.3797439734826262,-0.9406795601878016,60.857674767905124
563,46,46,2024-05-26,4,Mixed,48.3139824494978,17.11188048538513,354.14606528573347,-1199.6911077000054,379,48.5,17.5,38.93804336481922,2.685555008409971,0.06896995268222407,1.3797439734826262,-0.9406795601878016,47.25735969614699
564,46,46,2024-05-27,4,Mixed,48.55270677475866,16.71689027141363,380.5628002269965,-1242.5633570701643,329,48.5,16.5,36.70766028104766,2.545221756003025,0.06933761881078362,1.0063070991408278,-0.9360229611561459,24.584674821713655
565,46,46,2024-05-28,4,Mixed,47.70914078596511,16.76593171090572,290.1424082289328,-1239.253127454223,328,47.5,16.5,36.64688011748255,2.5568338928810848,0.06976948336896313,0.9961305718577412,-0.9305532702403579,36.95782715644404
566,46,46,2024-05-29,4,Mixed,47.42126261754285,16.980988965384757,258.97858944909404,-1216.1445548158345,328,47.5,16.5,36.64688011748255,2.5568338928810848,0.06976948336896313,0.9961305718577412,-0.9305532702403579,53.627532826241186
567,46,46,2024-05-30,4,Mixed,48.05409619623513,17.44396080193658,325.71211975148816,-1163.7461518938326,379,48.5,17.5,38.93804336481922,2.685555008409971,0.06896995268222407,1.3797439734826262,-0.9406795601878016,47.96838512850582
568,46,46,2024-05-31,4,Mixed,47.84838395855457,17.41898651975016,303.82751533566096,-1166.9810795958701,378,47.5,17.5,38.30402659727546,2.721512924544864,0.07105030897034839,1.2735894560481302,-0.914331239457981,38.17574473596921
569,46,46,2024-06-01,4,Mixed,44.51755361639547,18.414877817619796,-51.14330395296558,-1060.2925843464436,425,44.5,18.5,35.49137353066917,2.867156793967406,0.08078461070236713,0.8026621174022537,-0.7910434615036932,9.574302824858007
570,46,46,2024-06-02,4,Mixed,44.14898143330291,18.610650569986984,-90.09915522698316,-1038.4984010593187,425,44.5,18.5,35.49137353066917,2.867156793967406,0.08078461070236713,0.8026621174022537,-0.7910434615036932,39.13945035861408
571,46,46,2024-06-03,4,Mixed,41.5879898820821,18.84755751137818,-360.60106044052435,-1008.0078786101427,422,41.5,18.5,33.362144861428554,1.5390312593592645,0.04613106458687572,0.4461617005969043,-1.2299407564953249,39.43652671918618
572,46,46,2024-06-03,4,Mixed,29.70766361763564,39.54096709283509,-1313.931515374585,1368.0899324532115,1460,29.5,39.5,23.347203575378604,6.0658724340250085,0.2598115193727925,-1.2306571372929946,1.476384688108906,18.482020184117555
573,46,46,2024-06-04,4,Mixed,40.44570902121074,19.76271421827776,-478.28741134131906,-903.3394798344193,471,40.5,19.5,31.01647024534,1.3958901830390607,0.04500480460857028,0.05342136678224751,-1.2442051684630977,29.609376673119908
574,46,46,2024-06-05,4,Mixed,40.52533177676513,20.94841464371193,-466.0426769130016,-772.6182699432256,521,40.5,20.5,35.489046554793276,2.4205236023132106,0.06820480788561185,0.8022725078306576,-0.9503703427816181,49.6387433888076
575,46,46,2024-06-06,4,Mixed,40.84357175067807,20.93067780814462,-432.9754346867166,-775.6776108635198,521,40.5,20.5,35.489046554793276,2.4205236023132106,0.06820480788561185,0.8022725078306576,-0.9503703427816181,59.4763944783635
576,46,46,2024-06-07,4,Mixed,42.344080110724754,20.20616134825745,-278.14137946206057,-859.8234176897347,523,42.5,20.5,36.29585237244909,2.9963914209977776,0.08255465087995105,0.9373573929960727,-0.7686253850569424,36.297218481452596
577,46,46,2024-06-08,4,Mixed,43.56753853498586,20.15647796002297,-150.0807677336541,-867.3099469370068,524,43.5,20.5,37.87532416115966,3.090531910290511,0.08159750388248256,1.2018110701149471,-0.7807479316701587,38.61533575133156
578,46,46,2024-06-09,4,Mixed,45.88060293316816,18.769806770384985,93.13389276391852,-1020.9165937467702,426,45.5,18.5,37.57981288719395,2.9794093241353035,0.07928217559461545,1.1523331094518365,-0.810072241487566,50.114507793898575
579,46,46,2024-06-10,4,Mixed,26.349612512569987,19.10678161744645,-1955.2448518590904,-845.1344965887579,457,26.5,19.5,35.76587923413266,3.019981898416657,0.08443751315736088,0.8486230792819759,-0.7447783837242986,46.20701872896286
580,46,46,2024-06-10,4,Mixed,25.63737028887378,42.38499061214,-1592.1390372590672,1733.5996215386795,1606,25.5,42.5,23.745000890013618,5.663780389949844,0.23852517067421328,-1.1640532489835211,1.2067868572572285,16.783067241500756
581,46,46,2024-06-10,4,Mixed,51.94779148836432,17.98868154082121,737.8896084330967,-1088.2001192657037,382,51.5,17.5,36.153392819137856,2.670095592335536,0.0738546339396981,0.9135051450590431,-0.878813643676496,72.28521263722205
582,46,46,2024-06-10,4,Mixed,60.307935601851085,37.89509824164134,1344.0940103800904,1187.2245721361107,1391,60.5,37.5,33.33868057722663,6.403323063819338,0.1920688807400912,0.44223303515158724,0.6184043604276107,47.448102814453996
583,46,46,2024-06-11,4,Mixed,24.45312648682275,19.064681212776907,-2151.638487702445,-820.0435468745555,455,24.5,19.5,34.835931629612844,2.900326037245712,0.08325673813127601,0.6929203530282058,-0.7597332447135654,48.74464390025499
584,46,46,2024-06-11,4,Mixed,21.98037637010488,31.07299250311875,-2172.092653812748,552.401559830688,1052,21.5,31.5,32.42328655227407,4.7140748701961535,0.14539164197916643,0.28896703974626414,0.02722348209636846,65.74010210074164
585,46,46,2024-06-11,4,Mixed,27.714400993279146,40.76157355886095,-1458.0012669677337,1527.0368940641843,1508,27.5,40.5,23.65837296180371,5.130265240887362,0.21684776248857612,-1.1785575119403175,0.9322361436477944,34.726706219962935
586,46,46,2024-06-11,4,Mixed,54.412848639262805,17.542615718322455,1001.774040829797,-1121.380843322336,385,54.5,17.5,31.362341905158303,2.427510209153209,0.07740207081773907,0.11133125343165048,-0.8338843182696013,10.33991415942536
587,46,46,2024-06-11,4,Mixed,60.287954493767074,37.28579887631611,1352.7923321582252,1119.8861984018388,1391,60.5,37.5,33.33868057722663,6.403323063819338,0.1920688807400912,0.44223303515158724,0.6184043604276107,30.063214322887966
588,46,46,2024-06-12,4,Mixed,23.668561545507966,18.59459749933829,-2239.4513015212156,-858.9582064808045,404,23.5,18.5,35.12283358899319,2.685846205865608,0.07647008886855017,0.7409568413485712,-0.8456881421875576,20.278786707059236
589,46,46,2024-06-12,4,Mixed,27.01131569677171,36.17126684833256,-1610.419464812909,1032.3725129078293,1308,27.5,36.5,22.547099934067838,3.5156087282805766,0.15592287870994093,-1.364619865550122,0.16060467485075663,57.47031690705908
590,46,46,2024-06-12,4,Mixed,34.99204313727396,18.57819570201713,-1057.8229802137398,-1002.4737397764088,415,34.5,18.5,39.570154076989624,2.566144920220476,0.0648505162559554,1.4855793567889406,-0.9928534271379162,52.56989157999224
591,46,46,2024-06-12,4,Mixed,56.42900631770629,17.771820851881948,1213.6419276808897,-1079.3768344167565,387,56.5,17.5,26.573834507600797,1.7234347221160609,0.06485457420994754,-0.6904167728682128,-0.9928020319639732,30.888209715502548
592,46,46,2024-06-12,4,Mixed,60.42158738871407,36.11878334019891,1384.290947007273,992.8767528187394,1341,60.5,36.5,29.334852556637546,6.218020956846082,0.21196700903271254,-0.22813477398842943,0.8704199738924583,42.98148309231734
593,46,46,2024-06-13,4,Mixed,23.865018485283528,18.2737569420645,-2223.8821858249835,-897.830320991324,404,23.5,18.5,35.12283358899319,2.685846205865608,0.07647008886855017,0.7409568413485712,-0.8456881421875576,46.47725403122018
594,46,46,2024-06-13,4,Mixed,44.30006902824804,24.214181801521967,-71.13462294012417,-419.1702955675351,725,44.5,24.5,37.59696771762531,3.937932999563075,0.1047407075256494,1.1552053722047073,-0.48763248996113173,37.58885521110505
595,46,46,2024-06-14,4,Mixed,41.81972477648077,23.43559797504291,-325.1630412160181,-501.4906112978334,672,41.5,23.5,37.8181585536583,3.55166006048293,0.0939141459107179,1.1922397341680033,-0.6247540587326885,33.460077345091825
596,46,46,2024-06-15,4,Mixed,41.2407515189274,21.70747567650579,-389.41991150075995,-691.0579308071293,572,41.5,21.5,35.712869618108364,3.0265790138550765,0.08474757268792639,0.8397475881332993,-0.7408513891016403,35.39137773394694
597,46,46,2024-06-16,4,Mixed,41.77129878877237,20.93284689754203,-336.3730821864738,-778.1786804807765,522,41.5,20.5,32.7105045328299,2.8288673930313455,0.08648192479550881,0.3370564400353663,-0.7188853124974144,55.512750537163704
598,46,46,2024-06-17,4,Mixed,37.04347545204743,22.584929782043258,-818.0213437089885,-574.288646007838,618,37.5,22.5,29.498782476516553,2.205592390197181,0.07476892959745078,-0.2006877056636468,-0.8672338218114297,47.91628157425087
599,46,46,2024-06-17,4,Mixed,57.16444808392374,43.96766836447084,982.2092619132267,1821.1817463000086,1688,57.5,43.5,28.921076743207962,7.332745310468172,0.2535433025393928,-0.2974139698223972,1.3969958889530727,59.055412190874115
600,46,46,2024-06-17,4,Mixed,64.4558961222751,17.41601186239115,2061.171471979782,-1019.9866358188116,395,64.5,17.5,27.73600112729855,1.1877629346605754,0.04282387101187221,-0.4958332176565142,-1.2718273302169636,10.576692200932825
601,46,46,2024-06-18,4,Mixed,45.11593631479999,22.3966770362539,11.951452140322042,-620.4914605017641,626,45.5,22.5,39.393261031920275,3.637633696617332,0.09234152241597275,1.4559618501264544,-0.6446717951624207,41.195836001922515
602,46,46,2024-06-18,4,Mixed,26.174068961465576,40.50382489238171,-1591.4517109650362,1520.14127506945,1507,26.5,40.5,24.327747348848906,5.071764026562574,0.208476516704805,-1.0664830074834784,0.8262118678648094,27.465518300588275
603,46,46,2024-06-18,4,Mixed,57.12757849966192,43.91948574566002,979.9903807539862,1815.567763067333,1688,57.5,43.5,28.921076743207962,7.332745310468172,0.2535433025393928,-0.2974139698223972,1.3969958889530727,55.993103925280074
604,46,46,2024-06-19,4,Mixed,44.2107557831971,24.34123374924911,-80.1289320286814,-405.05092722178415,725,44.5,24.5,37.59696771762531,3.937932999563075,0.1047407075256494,1.1552053722047073,-0.48763248996113173,34.204305458936204
605,46,46,2024-06-19,4,Mixed,57.2266002250641,43.91080202013004,988.0631864737242,1815.5190256046885,1688,57.5,43.5,28.921076743207962,7.332745310468172,0.2535433025393928,-0.2974139698223972,1.3969958889530727,51.070515162330096
606,46,46,2024-06-20,4,Mixed,44.17705836867503,23.98035859871965,-83.79345054034376,-444.97992790341095,675,44.5,23.5,38.27175759560181,3.747180481795259,0.09790980914411636,1.2681866016188543,-0.5741478154642069,62.5591674240642
607,46,46,2024-06-20,4,Mixed,59.78898941238208,43.76501256770639,1195.6781756122332,1825.4889910629004,1690,59.5,43.5,29.20659746986163,7.032393598364151,0.24078099496597977,-0.24960874367216807,1.2353575315637786,37.00793301159167
608,46,46,2024-06-21,4,Mixed,45.097229690543934,22.45088683788446,10.01894308082652,-614.4966448271599,626,45.5,22.5,39.393261031920275,3.637633696617332,0.09234152241597275,1.4559618501264544,-0.6446717951624207,41.85052452566118
609,46,46,2024-06-21,4,Mixed,24.567749348883822,41.13908826526747,-1709.0505112601882,1613.7785180122219,1555,24.5,41.5,21.16521885598353,5.176595050718969,0.2445802751175198,-1.5959905902774856,1.283476525673905,40.60550809289009
610,46,46,2024-06-22,4,Mixed,44.31590600886611,22.17343586589754,-70.63879238987967,-645.0013050655377,625,44.5,22.5,37.79354304385043,3.5593494397395258,0.09417877110938623,1.1881183170402165,-0.6214025032094794,40.799920686295
611,46,46,2024-06-22,4,Mixed,24.45242815381043,41.530529529153625,-1708.8290786986204,1658.323774048836,1555,24.5,41.5,21.16521885598353,5.176595050718969,0.2445802751175198,-1.5959905902774856,1.283476525673905,5.1321189210794085
612,46,46,2024-06-23,4,Mixed,44.33822606504103,21.154411213587952,-68.84849952594007,-757.6846419490519,575,44.5,21.5,38.22848469136343,3.4290807653336492,0.08969962563303867,1.2609413448645086,-0.6781321904654721,41.73032014129143
613,46,46,2024-06-23,4,Mixed,23.35399175566656,42.5640749265273,-1770.8319339360141,1788.5835157656932,1604,23.5,42.5,20.293923614803482,5.570576703984745,0.2744948098612762,-1.7418730504981552,1.6623528558541094,13.672444647262175
614,46,46,2024-06-23,4,Mixed,32.788516473871034,38.52607779623187,-1065.6896302882753,1223.5823479390829,1413,32.5,38.5,24.993848775935636,6.083966273731014,0.2434185438294212,-0.9549565003395799,1.268762859195031,25.361380792527186
615,46,46,2024-06-24,4,Mixed,44.83365461125354,21.00623149421861,-17.324565546765964,-774.2269090135986,575,44.5,21.5,38.22848469136343,3.4290807653336492,0.08969962563303867,1.2609413448645086,-0.6781321904654721,64.67979228804558
616,46,46,2024-06-24,4,Mixed,23.135537238930404,42.341521045864674,-1794.2213881630805,1767.9619817146008,1604,23.5,42.5,20.293923614803482,5.570576703984745,0.2744948098612762,-1.7418730504981552,1.6623528558541094,35.205854075649405
617,46,46,2024-06-24,4,Mixed,32.76792693556603,38.54579627503215,-1067.1983033860997,1225.9507895547958,1413,32.5,38.5,24.993848775935636,6.083966273731014,0.2434185438294212,-0.9549565003395799,1.268762859195031,23.98045585216661
618,46,46,2024-06-25,4,Mixed,28.5191541779674,21.932140738280665,-1695.8559071505215,-562.9258913430709,559,28.5,21.5,36.09551423143471,3.5270094880362888,0.09771323565089153,0.9038144336111108,-0.5766374762381982,48.16416079915809
619,46,46,2024-06-25,4,Mixed,32.60882162922183,38.27902123496068,-1084.7379420689222,1198.0708802929234,1413,32.5,38.5,24.993848775935636,6.083966273731014,0.2434185438294212,-0.9549565003395799,1.268762859195031,26.178387733992803
620,46,46,2024-06-25,4,Mixed,51.22413096536792,20.31113284485482,650.9517787873128,-835.563430664279,532,51.5,20.5,41.433488547688356,3.2386396394978,0.07816478295739568,1.7975606507890753,-0.8242243459874886,35.70488122213639
621,46,46,2024-06-26,4,Mixed,25.996975403013327,19.347504509808488,-1988.4592501223478,-813.173737417612,457,26.5,19.5,35.76587923413266,3.019981898416657,0.08443751315736088,0.8486230792819759,-0.7447783837242986,54.75911783485169
622,46,46,2024-06-26,4,Mixed,22.292674808096244,30.18079899180597,-2162.9324179971954,448.187707722073,1003,22.5,30.5,33.25046480842733,4.490307465340701,0.13504495324235685,0.42746291731498515,-0.1038203563486688,40.97267848401231
623,46,46,2024-06-26,4,Mixed,35.72859111806801,30.28587133549009,-890.5364473208136,287.6982604780126,1016,35.5,30.5,30.57488768860321,4.287928646047726,0.1402434798688092,-0.02051355989088547,-0.0379794964641464,32.303656228059246
624,46,46,2024-06-26,4,Mixed,51.29876106574209,20.003565426300344,660.156965543871,-869.1732061510211,532,51.5,20.5,41.433488547688356,3.2386396394978,0.07816478295739568,1.7975606507890753,-0.8242243459874886,58.93012702249924
625,46,46,2024-06-27,4,Mixed,25.997958097980987,19.34306357739681,-1988.418070708391,-813.6803176654565,457,26.5,19.5,35.76587923413266,3.019981898416657,0.08443751315736088,0.8486230792819759,-0.7447783837242986,54.80717156281107
626,46,46,2024-06-27,4,Mixed,22.3059314762324,30.164459775091814,-2162.0538585037434,446.1417471562834,1003,22.5,30.5,33.25046480842733,4.490307465340701,0.13504495324235685,0.42746291731498515,-0.1038203563486688,42.02972900730664
627,46,46,2024-06-27,4,Mixed,35.72021892845686,30.28292984063082,-891.3637590972482,287.43454308375163,1016,35.5,30.5,30.57488768860321,4.287928646047726,0.1402434798688092,-0.02051355989088547,-0.0379794964641464,32.011540467750955
628,46,46,2024-06-27,4,Mixed,51.83890033205957,20.836814749548072,712.4835223964648,-774.2525011209494,532,51.5,20.5,41.433488547688356,3.2386396394978,0.07816478295739568,1.7975606507890753,-0.8242243459874886,51.52278373741035
629,46,46,2024-06-28,4,Mixed,24.75747442362709,19.49270804154177,-2114.0916626401836,-777.612614818108,455,24.5,19.5,34.835931629612844,2.900326037245712,0.08325673813127601,0.6929203530282058,-0.7597332447135654,26.825764287496227
630,46,46,2024-06-28,4,Mixed,35.46889825686784,29.9353129759142,-918.5720441956475,250.8208877839862,966,35.5,29.5,31.03725939818661,4.166964532825407,0.13425684527638632,0.05690213038547761,-0.11380197419733092,48.466074440642586
631,46,46,2024-06-28,4,Mixed,52.48889960436186,20.969314835550648,779.3212912520936,-755.8778604044519,533,52.5,20.5,41.526100561903306,3.180844225664024,0.07659867366843927,1.8130668395539427,-0.8440595780960133,51.94877049873983
632,47,47,2024-07-08,4,Mixed,33.76630128931869,41.17835341876536,-946.0670102943243,1506.754344685583,1564,33.5,41.5,20.477263623929748,5.815927886750648,0.28401880219748454,-1.7111761175595617,1.7829770038114876,41.68328024411313
633,47,47,2024-07-08,4,Mixed,25.258764368030278,18.496703963343563,-2076.410911340694,-895.9176219434844,406,25.5,18.5,35.83233954894647,2.85810591527623,0.07976330742713848,0.8597506440543345,-0.8039785661354113,25.284222926802144
634,47,47,2024-07-08,4,Mixed,49.698344592166606,20.269442167383843,491.6766355664648,-846.8306124642703,530,49.5,20.5,41.085354616899835,3.331757058366394,0.08109354511926073,1.7392719882216792,-0.7871307167746969,32.782179320770354
635,47,47,2024-07-08,4,Mixed,65.21528340144724,24.13521397551793,2038.9716830514444,-263.7881540128126,746,65.5,24.5,28.325539110697335,1.2539649006113924,0.04426976290586554,-0.3971258595223555,-1.2535146865697868,50.178495373431346
636,47,47,2024-07-09,4,Mixed,41.30218157353203,30.743728483580984,-354.10996821501,309.54360867003015,1022,41.5,30.5,36.23888505782237,5.206655897308243,0.14367594060911532,0.9278192575660489,0.005493622536851568,32.99276456069777
637,47,47,2024-07-09,4,Mixed,25.255540660199298,18.49927552934147,-2076.709728110219,-895.5820671803198,406,25.5,18.5,35.83233954894647,2.85810591527623,0.07976330742713848,0.8597506440543345,-0.8039785661354113,25.62733161329623
638,47,47,2024-07-10,4,Mixed,41.05180367702103,30.081533875648056,-380.5823402656997,236.9245941121595,1022,41.5,30.5,36.23888505782237,5.206655897308243,0.14367594060911532,0.9278192575660489,0.005493622536851568,63.373649470962484
639,47,47,2024-07-10,4,Mixed,65.27401764943959,23.949812966046768,2047.883471699529,-283.3669339519426,696,65.5,23.5,28.126089484737978,1.160781191819714,0.041270621443823076,-0.4305200533040599,-1.29149969019974,54.98634016267164
640,47,47,2024-07-11,4,Mixed,39.91991738482889,29.1373017939812,-494.1032253719681,136.37477407501834,970,39.5,29.5,34.4901033253148,4.842675092001291,0.14040767133471876,0.6350177254680994,-0.03589996353530119,57.24165270172103
641,47,47,2024-07-11,4,Mixed,65.27855596397184,23.946156975187453,2048.3949730505947,-283.69776594247713,696,65.5,23.5,28.126089484737978,1.160781191819714,0.041270621443823076,-0.4305200533040599,-1.29149969019974,54.430872492727815
642,47,47,2024-07-12,4,Mixed,39.30934717286896,28.292644442586216,-557.8465732803984,45.410799480199586,920,39.5,28.5,34.099148075861464,4.556397487529616,0.1336220329432528,0.5695594158953371,-0.12184205802918643,29.62831067527463
643,47,47,2024-07-13,4,Mixed,38.42141850793101,27.14737503677838,-651.5250504123259,-77.11682013924292,869,38.5,27.5,34.10098457384903,4.0905660486313,0.11995448517836126,0.5698669039108276,-0.29494554715517246,39.882629939375725
644,47,47,2024-07-14,4,Mixed,37.7514344588897,26.969504214162185,-718.8818944586064,-93.10499982148797,818,37.5,26.5,35.39277688531928,3.6626185292150253,0.10348491561096633,0.7861539115572788,-0.5035374617810394,57.75093001346458
645,47,47,2024-07-15,4,Mixed,25.17723116710817,20.97326431851314,-2049.3626741683934,-620.3773090831636,506,25.5,20.5,34.58159734478959,3.0562328510326924,0.08837743440712333,0.6503367264514902,-0.6948781289787169,63.11212326504034
646,47,47,2024-07-15,4,Mixed,41.40560361142705,29.56666266855987,-348.25153326444627,178.79807417465432,972,41.5,29.5,35.78263938652695,5.051449194878893,0.14117039104669538,0.8514292604125431,-0.026239895347541238,11.75595044106631
647,47,47,2024-07-16,4,Mixed,24.19234206162929,20.77068443022989,-2152.6677782278543,-626.7439149803464,505,24.5,20.5,34.59908471463187,2.9712808314262196,0.08587744028297002,0.6532646668496557,-0.7265412856129336,44.383743121198236
648,47,47,2024-07-16,4,Mixed,41.2697586988498,30.440302983721622,-358.30476176141843,276.0146516501642,1022,41.5,30.5,36.23888505782237,5.206655897308243,0.14367594060911532,0.9278192575660489,0.005493622536851568,23.084573898333694
649,47,47,2024-07-17,4,Mixed,24.65005227001644,20.09260377096036,-2116.287005908627,-709.421826627752,505,24.5,20.5,34.59908471463187,2.9712808314262196,0.08587744028297002,0.6532646668496557,-0.7265412856129336,48.46928179909158
650,47,47,2024-07-17,4,Mixed,36.29442343455268,31.605657880557093,-825.194024891238,429.8121762708779,1067,36.5,31.5,30.399127029678784,4.7333494069366315,0.1557067544181596,-0.049941469194251784,0.15786739749597517,22.705924896904243
651,47,47,2024-07-17,4,Mixed,56.84234897866096,29.53608235937519,1144.575132818401,226.3802313354678,987,56.5,29.5,27.03484496120153,4.930388120799458,0.182371607008481,-0.6132290000213916,0.49558555292627726,33.29333216109929
652,47,47,2024-07-18,4,Mixed,26.06456932822138,19.86132588734393,-1974.4807975214796,-757.3153480100234,457,26.5,19.5,35.76587923413266,3.019981898416657,0.08443751315736088,0.8486230792819759,-0.7447783837242986,61.347424297857664
653,47,47,2024-07-18,4,Mixed,39.6247842234458,31.322549047445467,-511.537712251305,379.7537849912156,1070,39.5,31.5,33.35618427284852,5.297756213131364,0.15882380819690053,0.4451637090031014,0.19734579509700068,22.9546860373264
654,47,47,2024-07-19,4,Mixed,39.68304587300592,31.00714725521558,-507.6393247916728,344.5590980424933,1070,39.5,31.5,33.35618427284852,5.297756213131364,0.15882380819690053,0.4451637090031014,0.19734579509700068,57.338836745558524
655,47,47,2024-07-19,4,Mixed,26.544324026382416,19.52351028499032,-1929.6146337410332,-801.899213533863,457,26.5,19.5,35.76587923413266,3.019981898416657,0.08443751315736088,0.8486230792819759,-0.7447783837242986,5.2593218119441065
656,47,47,2024-07-20,4,Mixed,39.721774218689184,29.75103991262604,-510.31068856720884,205.2075589383738,970,39.5,29.5,34.4901033253148,4.842675092001291,0.14040767133471876,0.6350177254680994,-0.03589996353530119,35.17968715142101
657,47,47,2024-07-20,4,Mixed,27.58175082858432,19.45398167688695,-1823.3076421227777,-824.4921407075738,458,27.5,19.5,35.578001040033165,3.1240909934613756,0.08780962679567293,0.8171663102309586,-0.7020695784168404,10.049275099288701
658,47,47,2024-07-20,4,Mixed,49.490009062240304,42.93369397372662,369.5477579856824,1659.6241167841172,1630,49.5,42.5,20.225193554631847,6.055603228974305,0.2994089135719291,-1.753380642638075,1.977897264766948,47.81975683943905
659,47,47,2024-07-21,4,Mixed,39.48341414962443,28.47728998777395,-539.8729612008374,65.08944709061616,920,39.5,28.5,34.099148075861464,4.556397487529616,0.1336220329432528,0.5695594158953371,-0.12184205802918643,2.9970480125419927
660,47,47,2024-07-22,4,Mixed,39.78295212017555,28.816970553821065,-508.9614024310826,101.44210496253626,920,39.5,28.5,34.099148075861464,4.556397487529616,0.1336220329432528,0.5695594158953371,-0.12184205802918643,44.73339265603999
661,47,47,2024-07-23,4,Mixed,40.85795242725716,28.660004567010574,-404.77389587043507,80.01711143000458,921,40.5,28.5,34.25310512164115,4.723528751727466,0.13790074607697786,0.5953367087636284,-0.0676509050032168,39.246677954364436
662,47,47,2024-07-24,4,Mixed,43.15788528553191,28.896424489738788,-179.66741689568295,100.70498097590499,924,43.5,28.5,37.04221519010163,4.93266491409508,0.13316333509701062,1.0623222027532329,-0.12765160038491635,55.20443980177524
663,47,47,2024-07-25,4,Mixed,46.36961543101005,28.10239592107289,134.58533212622902,12.099438365815391,927,46.5,28.5,39.447713982454474,4.9626163570396375,0.12580238133056093,1.4650790012536024,-0.22088023233750562,45.88343360607658
664,47,47,2024-07-25,4,Mixed,34.32211977982133,43.13362664146766,-874.0735477950084,1716.971240075946,1665,34.5,43.5,19.499772232783798,5.24325878770357,0.26888820674984054,-1.874839181748649,1.5913435879569706,43.3136725435816
665,47,47,2024-07-26,4,Mixed,52.03919091841551,27.606320946626404,694.1670861535454,-23.75121146670621,883,52.5,27.5,32.46880832489843,3.3797828462828967,0.1040932211759413,0.29658882840088113,-0.49583309391905833,46.942652705291636
666,47,47,2024-07-26,4,Mixed,27.558048856399527,34.80579180529087,-1587.7765057625777,874.2695365295838,1208,27.5,34.5,22.588702675468785,3.3333610135633283,0.14756761649633562,-1.3576542470311057,0.054782835657860025,34.66731822528249
667,47,47,2024-07-26,4,Mixed,34.750257810077734,43.474016599015975,-834.8795265851613,1750.9627938122114,1665,34.5,43.5,19.499772232783798,5.24325878770357,0.26888820674984054,-1.874839181748649,1.5913435879569706,20.498867971044483
668,47,47,2024-07-27,4,Mixed,29.392213841866702,37.7638768221926,-1372.4192006774879,1176.3919298543367,1360,29.5,37.5,24.930059369356634,5.949534126801137,0.23864901557812357,-0.9656368703541779,1.2083553891801542,30.737277786100982
669,47,47,2024-07-27,4,Mixed,25.690572211637654,19.79627283526689,-2013.8377060994283,-758.785874633085,456,25.5,19.5,35.5696851200972,2.9737180828716934,0.08360259790974409,0.8157739614587859,-0.7553528294824621,38.14046118361587
670,47,47,2024-07-27,4,Mixed,37.4731118405491,22.74765733114762,-772.9879062862534,-558.9507915150047,618,37.5,22.5,29.498782476516553,2.205592390197181,0.07476892959745078,-0.2006877056636468,-0.8672338218114297,27.59552333737039
671,47,47,2024-07-27,4,Mixed,57.380362463867975,29.191662539819173,1200.2386792048444,193.4605042251346,988,57.5,29.5,26.05451682368657,4.732472082241432,0.18163729975368675,-0.7773670255321689,0.4862853368171427,36.210673898417454
672,47,47,2024-07-28,4,Mixed,29.21093641817833,37.908755927464576,-1385.5939377975938,1194.5582658882954,1360,29.5,37.5,24.930059369356634,5.949534126801137,0.23864901557812357,-0.9656368703541779,1.2083553891801542,51.74511249914248
673,47,47,2024-07-28,4,Mixed,37.95447189273949,21.713816851494467,-729.3080533014903,-676.1335781215793,568,37.5,21.5,31.193516544744888,2.4547191897257994,0.07869324980415975,0.08306453308161832,-0.8175311588381995,52.54468597727708
674,47,47,2024-07-28,4,Mixed,57.461625219807445,28.936694867300154,1211.0240674735255,166.03414153464232,938,57.5,28.5,34.77995909207172,4.319789051442803,0.12420339655970217,0.6835487748359114,-0.24113184203781848,48.76922102433421
675,47,47,2024-07-29,4,Mixed,29.2033352275055,37.87187640639925,-1386.9092484228338,1190.5927379497305,1360,29.5,37.5,24.930059369356634,5.949534126801137,0.23864901557812357,-0.9656368703541779,1.2083553891801542,48.55268459788259
676,47,47,2024-07-29,4,Mixed,55.24506343601201,27.25013387723919,1012.4032305350579,-40.972310868344096,886,55.5,27.5,37.587892662874395,3.791494376802924,0.10087009694341784,1.1536859201853116,-0.5366549048345115,37.48359197430795
677,48,48,2024-08-05,4,Mixed,46.58253735366067,35.629785690949866,143.67910087570908,846.3312192617974,1277,46.5,35.5,27.4864248661638,7.273758314022738,0.2646309350684906,-0.5376202001467467,1.5374239971952717,16.196413751625894
678,48,48,2024-08-05,4,Mixed,48.241288634437865,16.613914712503764,347.43353231798415,-1254.7449970282285,329,48.5,16.5,36.70766028104766,2.545221756003025,0.06933761881078362,1.0063070991408278,-0.9360229611561459,30.38548796305157
679,48,48,2024-08-06,4,Mixed,47.32465414117659,35.9841835875311,210.15186559469115,886.6946774221742,1278,47.5,35.5,26.640233954505856,7.1419979848398905,0.26809066305635476,-0.6792993993144645,1.5812424638601192,55.949948283073645
680,48,48,2024-08-06,4,Mixed,48.23555609047756,16.61158263439384,346.82417355570675,-1255.0165832103917,329,48.5,16.5,36.70766028104766,2.545221756003025,0.06933761881078362,1.0063070991408278,-0.9360229611561459,30.844417973779095
681,48,48,2024-08-07,4,Mixed,47.99583467873804,36.34088034912897,269.64204179496636,927.5658898502027,1328,47.5,36.5,24.57408302429292,7.056418269650858,0.28714879259890086,-1.0252386018268802,1.8226192475216423,47.98794337257597
682,48,48,2024-08-07,4,Mixed,48.24058450668354,16.609341186599284,347.36766658780175,-1255.2505894877854,329,48.5,16.5,36.70766028104766,2.545221756003025,0.06933761881078362,1.0063070991408278,-0.9360229611561459,30.252828294019825
683,48,48,2024-08-08,4,Mixed,46.9178191907216,36.17657911953099,172.97958399315038,907.3080945678969,1327,46.5,36.5,26.61271584959584,7.179903589415278,0.2697922162470433,-0.6839068029305414,1.6027931325907785,51.97129270149813
684,48,48,2024-08-08,4,Mixed,48.235163222054624,16.60984156844886,346.78571847485745,-1255.2093723063272,329,48.5,16.5,36.70766028104766,2.545221756003025,0.06933761881078362,1.0063070991408278,-0.9360229611561459,30.80824944928546
685,48,48,2024-08-09,4,Mixed,45.37239798445289,35.223989656514604,33.97398523118494,800.4784000064457,1276,45.5,35.5,32.86968774840374,7.00526130808328,0.2131222347380978,0.36370875949747883,0.8850512452638961,32.686774563443564
686,48,48,2024-08-09,4,Mixed,49.2086882739539,43.059336342053705,345.76091964419646,1672.5300670299964,1680,49.5,43.5,20.224163281688817,6.290227890917021,0.31102537115156026,-1.7535531430082414,2.12502309691392,53.8889517384013
687,48,48,2024-08-10,4,Mixed,43.349531519256665,33.507192185187755,-153.53455153941732,611.3758842193506,1174,43.5,33.5,37.95253746451076,5.669670942005461,0.1493884551805566,1.214739026245372,0.07784429004574023,14.019321227139203
688,48,48,2024-08-10,4,Mixed,49.62005284787585,42.83577538823247,380.79833068855373,1649.2932970242985,1630,49.5,42.5,20.225193554631847,6.055603228974305,0.2994089135719291,-1.753380642638075,1.977897264766948,38.23172727809859
689,48,48,2024-08-11,4,Mixed,41.67683536564228,33.641739555267165,-308.61771559987596,629.5756838903194,1172,41.5,33.5,34.909590920009464,5.571554636312094,0.15959953953853387,0.7052532546593615,0.20717065937924217,22.76239143824132
690,48,48,2024-08-12,4,Mixed,31.328127270946585,34.05057557457136,-1258.8208870024232,744.4809799764914,1212,31.5,34.5,23.580265879222015,3.6020694119244454,0.15275779460563438,-1.1916351150639666,0.12051795913134702,52.647158574446394
691,48,48,2024-08-12,4,Mixed,57.90233287119416,32.29416114407611,1211.7017168310479,542.1544229021247,1138,57.5,32.5,36.464944467776036,5.165405510996699,0.14165400733192815,0.9656687732312661,-0.020114753675310508,44.25003485099247
692,48,48,2024-08-13,4,Mixed,42.88883015619543,33.01769033732241,-197.4417487977686,557.8370755679274,1173,42.5,33.5,36.60313526492423,5.66685522909899,0.15481884784141378,0.9888062959847821,0.14662180105859338,64.53321807294684
693,48,48,2024-08-14,4,Mixed,42.93863128149922,32.68121714001769,-193.4890073025092,520.47711223603,1123,42.5,32.5,36.89267835812188,5.532689045448141,0.1499671287549695,1.0372849938809956,0.0851733600822242,45.86849479412491
694,48,48,2024-08-15,4,Mixed,43.08104351158534,32.94497946448319,-179.61061688369568,549.4742331047264,1124,43.5,32.5,37.32679275576201,5.409136393174337,0.14491296984896584,1.1099695138368089,0.021160959593397193,63.02251458001848
695,48,48,2024-08-16,4,Mixed,27.230237765277536,37.81338996481971,-1558.8101924560592,1209.980777588355,1358,27.5,37.5,25.550358751311297,4.6754836915552005,0.18299092146075033,-0.861779078372725,0.5034293515650756,41.85475175395882
696,48,48,2024-08-16,4,Mixed,26.50959469186145,21.324038943194797,-1908.6206524668842,-602.0319307127087,557,26.5,21.5,34.27863431058673,3.3365231421952024,0.0973353579948411,0.5996111047603012,-0.5814234072515951,19.686083093135856
697,48,48,2024-08-16,4,Mixed,50.28636942839486,29.013007449456403,514.7553649178809,123.45743274349653,981,50.5,29.5,32.49060998136865,3.998891549350039,0.12307837715706647,0.30023911722657654,-0.2553805417519633,57.84937573526013
698,48,48,2024-08-17,4,Mixed,38.93133723882477,32.51235231420249,-570.250267241232,514.7201563486725,1119,38.5,32.5,32.732802784083866,5.234029263724875,0.1599016527319772,0.340789874579484,0.21099701131856904,40.54575004590607
699,48,48,2024-08-18,4,Mixed,37.17313358283307,32.962087503118575,-731.496310193849,574.2327821972243,1118,37.5,32.5,32.548745113159015,5.254213452993763,0.16142599153137724,0.30997278229210035,0.2303032079622766,59.604106608484365
700,48,48,2024-08-18,4,Mixed,65.705392295103,33.62427231005608,1904.997586031529,793.3611972133506,1196,65.5,33.5,25.52606176581645,5.924263208666762,0.23208684767034116,-0.865847164427153,1.1252436137096755,23.320529759061777
701,48,48,2024-08-19,4,Mixed,36.18726406673553,33.22472467260159,-820.9690975114858,609.82090628937,1167,36.5,33.5,29.50221986039831,5.386619652475449,0.182583537034312,-0.2001121785705407,0.49826970867630427,42.314207162678095
702,48,48,2024-08-20,4,Mixed,32.648870294000105,33.00372859490206,-1151.4361824441435,615.1077895511155,1163,32.5,33.5,23.69407434423507,3.4404527333290114,0.1452030867863845,-1.172579968099596,0.02483537544220927,56.84027370368847
703,48,48,2024-08-21,4,Mixed,32.36575944395034,33.79999866613569,-1167.3008367561429,705.9688025922067,1163,32.5,33.5,23.69407434423507,3.4404527333290114,0.1452030867863845,-1.172579968099596,0.02483537544220927,35.524773327870946
704,48,48,2024-08-22,4,Mixed,33.0087159391901,34.21352211347521,-1103.1348945813093,745.414414916118,1214,33.5,34.5,24.284325779400874,3.6688447743670336,0.15107871668725195,-1.0737531555094706,0.09925194629669556,55.447611678547894
705,48,48,2024-08-23,4,Mixed,23.66041898567749,24.00985568466659,-2152.529793392547,-258.8463508620349,704,23.5,24.5,35.335618873762954,3.738280225303925,0.10579354046858466,0.7765838474124717,-0.47429805286795945,57.51375576804932
706,48,48,2024-08-23,4,Mixed,35.76354915239457,36.64932978337373,-826.7198497463305,991.5898957495509,1316,35.5,36.5,25.112573072346454,3.863391660864404,0.1538429236117866,-0.935078287272651,0.13426143530922238,28.97341240971845
707,49,49,2025-06-14,3,Temporally clustered,44.0984733862725,22.57324347548244,-92.80922911566815,-600.6395492232132,625,44.5,22.5,37.79354304385043,3.5593494397395258,0.09417877110938623,1.1881183170402165,-0.6214025032094794,42.13776021297415
708,49,49,2025-06-14,3,Temporally clustered,59.467063519073,44.43372455162282,1157.7376919188443,1895.0791311211242,1740,59.5,44.5,24.61015172803973,7.487112548506465,0.30422862204364126,-1.019199556746789,2.0389402819471454,7.7239667202204085
709,49,49,2025-06-14,3,Temporally clustered,66.17402184391428,19.683887038279327,2206.8283089166043,-740.971965985604,497,66.5,19.5,27.959363540104526,1.0494584955567594,0.03753513537786476,-0.4584352648605948,-1.3388107135612168,39.13020181745478
710,49,49,2025-06-15,3,Temporally clustered,23.114684534289065,15.075335489615895,-2347.1937775441884,-1239.0779084813585,254,23.5,15.5,34.75888893931199,2.8103911062213407,0.0808538820423231,0.680020962934113,-0.7901661197267277,61.427414042995494
711,49,49,2025-06-15,3,Temporally clustered,46.82635178785503,22.75410405641363,187.7481481749959,-579.6196640848815,627,46.5,22.5,39.04171191462872,3.770307043058459,0.09657125310751921,1.397101377011235,-0.5911010190901579,43.820139135296046
712,49,49,2025-06-15,3,Temporally clustered,60.79927388476907,44.1697982796725,1268.27850683269,1881.2907639291293,1741,60.5,44.5,26.10118487078499,7.293404218662319,0.27942808936715413,-0.7695533141716072,1.7248342833926187,44.40910157542756
713,49,49,2025-06-15,3,Temporally clustered,66.14840871767282,20.703679886206643,2188.370062725717,-628.4241389924268,547,66.5,20.5,28.039174240476857,1.0369333145558364,0.036981592455705696,-0.4450724220812844,-1.345821496538165,42.354629277835485
714,50,50,2025-07-14,4,Mixed,41.65667785534924,31.900332702394078,-316.3872221999198,436.71250355255773,1072,41.5,31.5,36.153773510436395,5.347835842271694,0.14791916093427845,0.9135688848576677,0.05923524876352737,46.8255101528246
715,50,50,2025-07-15,4,Mixed,41.95757264024076,30.8685243911952,-291.008516989191,321.6098731204437,1022,41.5,30.5,36.23888505782237,5.206655897308243,0.14367594060911532,0.9278192575660489,0.005493622536851568,59.966296241298565
716,50,50,2025-07-16,4,Mixed,45.19660865703705,31.592289303869546,18.670148341152938,398.1410263929939,1076,45.5,31.5,40.762301263095374,5.484654108290509,0.13455212140478695,1.6851826097789537,-0.11006221568607409,30.586447363574994
717,50,50,2025-07-17,4,Mixed,49.65130358966996,32.672519717179824,436.4626581090238,526.4218385169695,1130,49.5,32.5,32.621780111793036,6.533307285868151,0.20027439531131866,0.32220115768011953,0.7223296019403745,23.79438531442877
718,50,50,2025-07-18,4,Mixed,51.76115659812892,32.834291229281654,632.9943808735218,553.9064634673153,1132,51.5,32.5,28.68391995969911,5.7739567481695495,0.20129594407884122,-0.33712153782131704,0.7352678158037822,44.35732437349158
719,50,50,2025-07-19,4,Mixed,54.75294624837493,37.88022512110154,859.3897471308848,1131.3523669955434,1385,54.5,37.5,29.76782980376057,5.671738207824519,0.19053247231035997,-0.15564064909876157,0.59894529838634,47.47487084790497
720,50,50,2025-07-19,4,Mixed,45.83977760854211,18.525834666801565,88.95834702535078,-1047.8636938382408,426,45.5,18.5,37.57981288719395,2.9794093241353035,0.07928217559461545,1.1523331094518365,-0.810072241487566,36.1110227063634
721,50,50,2025-07-20,4,Mixed,26.14095355045779,39.26313184628985,-1621.5743780051675,1384.6699788063174,1457,26.5,39.5,23.67651851187214,4.524103518349388,0.19107976183579786,-1.1755193712952996,0.6058768802651875,41.07271210493545
722,50,50,2025-07-20,4,Mixed,24.393001750956007,20.098009313085612,-2142.5027794539387,-704.5992688284757,505,24.5,20.5,34.59908471463187,2.9712808314262196,0.08587744028297002,0.6532646668496557,-0.7265412856129336,46.02413963480672
723,50,50,2025-07-20,4,Mixed,49.42941717169892,37.74140166322781,391.702043276261,1086.610011358357,1380,49.5,37.5,22.807907199386964,4.909360779623258,0.2152481916339616,-1.320952456720195,0.9119771110253315,27.469767563389244
724,50,50,2025-07-20,4,Mixed,47.291861902176855,17.405774131353144,244.49817128214548,-1169.57284082767,378,47.5,17.5,38.30402659727546,2.721512924544864,0.07105030897034839,1.2735894560481302,-0.914331239457981,24.538547613618334
725,50,50,2025-07-20,4,Mixed,65.59537213097269,37.05988666699396,1819.2609746809353,1169.559534321352,1396,65.5,37.5,34.292229269432255,6.434210246403933,0.18762881222596173,0.6018873320931828,0.5621695943250505,50.23940089447992
726,50,50,2025-07-21,4,Mixed,39.48972557873039,38.28738083232235,-483.76244078726006,1151.1230563788627,1420,39.5,38.5,27.456192524403747,7.163534599906858,0.2609077931523,-0.5426820531051259,1.4902693161002964,23.549201866397535
727,50,50,2025-07-21,4,Mixed,24.58892884296395,20.04659491373828,-2123.228142205884,-713.5185267295342,505,24.5,20.5,34.59908471463187,2.9712808314262196,0.08587744028297002,0.6532646668496557,-0.7265412856129336,51.73355831696472
728,50,50,2025-07-21,4,Mixed,46.95255392136155,17.700498208677825,207.921428380413,-1137.6544118766574,377,46.5,17.5,38.17869465389584,2.817817507972806,0.07380602017741508,1.2526049132888997,-0.8794293511915154,53.09378916244463
729,50,50,2025-07-21,4,Mixed,65.5670103488317,37.08596008221011,1816.212056850587,1171.9655886543699,1396,65.5,37.5,34.292229269432255,6.434210246403933,0.18762881222596173,0.6018873320931828,0.5621695943250505,46.92910905011712
730,50,50,2025-07-22,4,Mixed,45.69466563732822,34.3386774148504,64.0245087180739,702.5839296724753,1226,45.5,34.5,37.60644726650826,6.580536926737149,0.17498427543826178,1.1567925493720632,0.40202283837551206,25.314745543577118
731,50,50,2025-07-22,4,Mixed,24.60353394474223,20.198872051384186,-2119.458989323244,-696.8904155487916,505,24.5,20.5,34.59908471463187,2.9712808314262196,0.08587744028297002,0.6532646668496557,-0.7265412856129336,35.57112806615675
732,50,50,2025-07-23,4,Mixed,44.56815907989857,33.532881542655296,-40.16281005941726,613.2158911402408,1175,44.5,33.5,39.86924847164001,5.872625063849648,0.14729710965148973,1.5356572455086315,0.05135678736589292,7.31315944033591
733,50,50,2025-07-23,4,Mixed,25.798214777784423,20.507762872616453,-1992.7652176688714,-681.6621291476973,506,25.5,20.5,34.58159734478959,3.0562328510326924,0.08837743440712333,0.6503367264514902,-0.6948781289787169,30.840755586572612
734,50,50,2025-07-24,4,Mixed,42.77487872981696,32.77514483097892,-208.6447157861895,531.1623653797673,1123,42.5,32.5,36.89267835812188,5.532689045448141,0.1499671287549695,1.0372849938809956,0.0851733600822242,39.97940627909237
735,50,50,2025-07-25,4,Mixed,37.78064893961229,30.577858059407237,-691.9159387846609,306.518783243302,1018,37.5,30.5,33.22400534781678,4.662537824306841,0.14033641565775953,0.42303276433406034,-0.03680243752067562,28.269960145508634
736,50,50,2025-07-25,4,Mixed,63.89388072966015,38.86412260793834,1633.2025773843793,1341.4118319926513,1444,63.5,38.5,33.39660335147619,6.3720448485742835,0.19079918941195642,0.45193114482895363,0.6023233484718509,52.44630271077401
737,50,50,2025-07-26,4,Mixed,37.37058425197785,30.73881960963852,-729.9335191096553,326.78299604075545,1018,37.5,30.5,33.22400534781678,4.662537824306841,0.14033641565775953,0.42303276433406034,-0.03680243752067562,29.237011414290322
738,50,50,2025-07-26,4,Mixed,66.68741740873801,39.79041657806213,1846.1772461542516,1486.7185586628389,1497,66.5,39.5,29.301230025815606,5.996774191288582,0.20465946944907001,-0.23376425213008314,0.7778678481845724,35.859296075523694
739,50,50,2025-07-27,4,Mixed,38.02573648826558,30.94346357797163,-666.0072084816459,345.63375916281905,1019,38.5,30.5,34.854260622796055,4.864261798405293,0.13956003402418685,0.6959892078693194,-0.04663553794048829,66.85909220884669
740,50,50,2025-07-28,4,Mixed,39.45828544979163,31.331182219845505,-527.3147172222585,381.43516003144504,1070,39.5,31.5,33.35618427284852,5.297756213131364,0.15882380819690053,0.4451637090031014,0.19734579509700068,19.15149894223189
741,50,50,2025-07-29,4,Mixed,42.98882911165655,32.680876229819496,-188.77877756535437,520.3581143772886,1123,42.5,32.5,36.89267835812188,5.532689045448141,0.1499671287549695,1.0372849938809956,0.0851733600822242,50.13576963747904
742,50,50,2025-07-29,4,Mixed,33.12762273960406,21.58596710707303,-1227.931100636404,-653.6778002179852,564,33.5,21.5,39.07556470707845,3.090342909443866,0.07908632754535874,1.4027694082531108,-0.8125527143015655,39.746095852332154
743,50,50,2025-07-30,4,Mixed,44.01968493741499,31.49404492872311,-93.18471219762544,387.62124095570755,1075,44.5,31.5,39.13058815494488,5.406372736171069,0.13816231728394998,1.4119820787294322,-0.06433802917789283,45.66051252569278
744,50,50,2025-07-31,4,Mixed,44.8989599643206,30.778972826715293,-9.675216170456256,307.99480210060386,1025,44.5,30.5,38.11024595431019,5.264563423213916,0.1381403685907859,1.2411444298356256,-0.06461601579508373,49.19127425046028
745,50,50,2025-08-01,4,Mixed,29.857183631721725,34.82368392700943,-1380.59691106062,846.6359045674317,1210,29.5,34.5,22.9235933236934,3.383765228903604,0.14761059407759633,-1.3015829300321342,0.05532715929209192,48.915920171754976
746,50,50,2025-08-01,4,Mixed,46.52330715643504,30.284752827557003,146.58398930780285,254.1436156391699,1027,46.5,30.5,40.51764192749636,5.325464040949175,0.1314356854843315,1.644218876584682,-0.149532787931239,23.96378459252676
747,51,51,2025-08-07,4,Mixed,40.879768250763,34.9834710516289,-376.79888426460576,780.4884762066591,1221,40.5,34.5,34.553374926249184,5.629064313256945,0.16290924765733117,0.6456113983933727,0.24908908053333584,64.0069209782367
748,51,51,2025-08-08,4,Mixed,39.87618746782435,34.79868475267277,-469.4807351442181,763.6935594374698,1220,39.5,34.5,33.121362555631464,5.554783156933865,0.16770998317487432,0.4058471051680207,0.309891799700885,47.94276401506701
749,51,51,2025-08-09,4,Mixed,38.14915381951588,34.97334189271228,-626.156634958,791.1823454137924,1219,38.5,34.5,31.86904297209495,5.475366670548852,0.171808318039019,0.1961690842237062,0.36179840919615075,61.38215610218627
750,51,51,2025-08-09,4,Mixed,66.68416239939839,40.27378760665384,1833.61146034748,1539.4852892604986,1547,66.5,40.5,27.245283990579544,5.974291251250825,0.21927799516850413,-0.5779948315315732,0.9630157511911576,30.12802796303208
751,51,51,2025-08-10,4,Mixed,35.702335855516665,33.64759953815078,-861.928987377089,660.105872373043,1166,35.5,33.5,25.71089703519518,4.095235600322695,0.15928015248619298,-0.8348998774937364,0.20312552896573158,24.998032575517247
752,51,51,2025-08-10,4,Mixed,66.67100200691314,40.172501581625646,1835.1088011960326,1528.2006562618606,1547,66.5,40.5,27.245283990579544,5.974291251250825,0.21927799516850413,-0.5779948315315732,0.9630157511911576,39.85823031052132
753,51,51,2025-08-11,4,Mixed,35.2845799888027,32.297813637261186,-913.8439392709959,513.861998126774,1116,35.5,32.5,30.31113976228796,4.474955107518959,0.1476340098925128,-0.06467332864717706,0.055623727435294666,30.31280879591756
754,51,51,2025-08-11,4,Mixed,66.68138830041212,40.15891599835957,1836.3138605764389,1526.8896973517067,1547,66.5,40.5,27.245283990579544,5.974291251250825,0.21927799516850413,-0.5779948315315732,0.9630157511911576,41.62098447499837
755,51,51,2025-08-12,4,Mixed,35.2095426652567,30.981093302311518,-933.6142387889892,368.6511858176934,1016,35.5,30.5,30.57488768860321,4.287928646047726,0.1402434798688092,-0.02051355989088547,-0.0379794964641464,60.15722956261518
756,51,51,2025-08-13,4,Mixed,36.02641064073113,29.837314280117507,-865.8689463788536,235.8373415068099,967,36.5,29.5,32.98242833778264,4.377421830784094,0.13271981632018248,0.38258511020845887,-0.1332688953878322,59.07955460112675
757,51,51,2025-08-14,4,Mixed,37.65087057599208,28.6334251319291,-717.7981433920949,91.83912245037115,918,37.5,28.5,33.997093270248854,4.211486520983204,0.12387784118793214,0.5524722043320718,-0.24525509602064777,20.900355398729623
758,51,51,2025-08-14,4,Mixed,21.92062783770963,43.95221324912034,-1845.1545569564275,1963.4725841960694,1652,21.5,43.5,22.907141742204555,6.124189138721898,0.2673484630969291,-1.3043374466054867,1.5718422843388322,62.02563648885189
759,51,51,2025-08-15,4,Mixed,37.935950170346665,28.17844637149036,-692.9581639756598,39.780108797740674,918,37.5,28.5,33.997093270248854,4.211486520983204,0.12387784118793214,0.5524722043320718,-0.24525509602064777,55.626575864735585
760,51,51,2025-08-15,4,Mixed,22.090990669206587,44.29310987408493,-1822.073296900268,1997.4748608684997,1703,22.5,44.5,23.074836883661266,5.895886424438698,0.255511510402634,-1.2762599607585243,1.4219238170871478,40.605268176198734
