"grid_id","lon","lat","x_km","y_km","n_days","mean_tmax","std_tmax","cv_tmax","mean_tmax_z","cv_tmax_z","std_tmax_z","pred_intensity_x1e6_baseline","pred_intensity_x1e6_variant1","pred_intensity_x1e6_variant2","pred_intensity_x1e6_variant3"
1,20.5,10.5,-2685.15333540328,-1697.61557415483,15738,33.1881061394706,4.38564139978028,0.132144973303084,0.417022098160312,-0.140549450295787,0.155040823436617,14.7520160135694,19.4490853281742,12.8749689797446,19.080423890498
2,21.5,10.5,-2577.67841698691,-1716.26173806613,15738,33.098594455862,4.44687948422638,0.134352517299683,0.402035003079159,-0.112590260045734,0.190127156955855,14.3134349115848,18.9820203371725,12.5229829246764,18.614530174665
3,22.5,10.5,-2469.9370979758,-1734.12101111299,15738,32.8301182448872,4.42951447310807,0.134922282035884,0.357083569493121,-0.10537402305034,0.180177881481724,13.748088871231,18.226855749506,12.3252975897842,17.8739126126428
4,23.5,10.5,-2361.94093446113,-1751.19471149142,15738,32.7031005696248,4.41589343002827,0.135029809195824,0.335816781746542,-0.104012160126457,0.172373710846724,13.3792149567659,17.7285211543686,12.1712265233467,17.3859116527293
5,24.5,10.5,-2253.70145188029,-1767.48409003169,15738,32.9798152662775,4.34244747784725,0.131669854509085,0.38214759915378,-0.1465669687567,0.130292884884101,13.6009330724729,17.8892277026498,12.3233352150695,17.5541410031707
6,25.5,10.5,-2145.23014682844,-1782.990331571,15738,33.5566725713323,4.36287901567158,0.130015245295769,0.478731809511324,-0.167523078286507,0.141999125484199,14.1055501659815,18.5513026386732,12.3248770309891,18.2067019517815
7,26.5,10.5,-2036.53848880533,-1797.71455625645,15738,33.7112738714389,4.40749243768385,0.130742387679927,0.504616970989219,-0.158313607359149,0.167560365982089,14.0269368426323,18.5125701192027,12.1165633526764,18.1651856575331
8,27.5,10.5,-1927.63792190104,-1811.65782077921,15738,33.5832182874157,4.36671490110901,0.130026695587579,0.48317640439437,-0.167378056992429,0.144196894356572,13.6820885079046,18.004723011705,12.0363264842901,17.670565096391
9,28.5,10.5,-1818.53986642469,-1824.82111954108,15738,33.3121122211646,4.38554221741592,0.131650079355508,0.437784649617998,-0.146817426859424,0.154983996944629,13.0986484638881,17.2843008232577,11.756677704236,16.9595716706167
10,29.5,10.5,-1709.25572047931,-1837.20538575408,15738,33.0299021943519,4.42912114589015,0.134094285833142,0.39053373963413,-0.115860837081883,0.179952524825406,12.4986766369789,16.5759444249882,11.4157697064942,16.2581336317343
11,30.5,10.5,-1599.79686148688,-1848.81149247426,15738,32.4382296504143,4.27442426236153,0.131771194310752,0.291468988359071,-0.145283470534664,0.0913190135233178,11.785428809,15.4551286069942,11.4723558019615,15.1694935303402
12,31.5,10.5,-1490.17464766642,-1859.6402535703,15738,32.7845147390168,4.16017979306919,0.12689465823077,0.349448096100608,-0.207046225991197,0.0258626951460376,12.103431468521,15.6942878636358,11.7434329368399,15.4180185974258
13,32.5,10.5,-1380.4004194689,-1869.69242462788,15738,33.0385321684874,4.13861129235453,0.125266197397898,0.391978671040865,-0.22767115863635,0.013505032158544,12.2191912272848,15.8038733772981,11.7426882684851,15.5298586522503
14,33.5,10.5,-1270.48550097181,-1878.96870379036,15738,32.5664112210077,4.06657478131999,0.12487021531856,0.312930649101974,-0.232686387464804,-0.0277682551198096,11.5719885038629,14.8964711019203,11.6380707817596,14.6417413257453
15,34.5,10.5,-1160.44120123674,-1887.46973253671,15738,29.8835612035401,3.5305249265299,0.118142710719219,-0.136263541860407,-0.317892200481863,-0.33489778339003,9.28872494359791,11.4820589402386,12.0731056477597,11.3095345787973
16,35.5,10.5,-1050.2788156329,-1895.196096397,15738,29.3082400759591,3.7286311459671,0.127221257103923,-0.232590547382397,-0.202909755758216,-0.221392912192984,8.48479553038988,10.7216206144296,11.1754982655336,10.5446814554978
17,36.5,10.5,-940.009627129647,-1902.14832560639,15738,26.1864346645887,3.58811023589894,0.137021716849108,-0.755279794627822,-0.0787840672211578,-0.301904305742816,6.25876618382595,7.94047019693919,10.2909250880753,7.80489288299691
18,37.5,10.5,-829.644907560793,-1908.32689569779,15738,23.5665505803484,3.30784586002981,0.140361901872399,-1.19393149113464,-0.0364796471595456,-0.462481656491919,4.90463476703168,6.15561497913014,9.92817941620654,6.05373989140502
19,38.5,10.5,-719.195918863707,-1913.73222803402,15738,23.7777594657119,3.35254076151171,0.140994813508234,-1.15856842433358,-0.0284636362147826,-0.436873732367779,4.90164543653704,6.17449270431336,9.7670075631064,6.07129379051031
20,39.5,10.5,-608.67391429589,-1918.36469027966,15738,21.8256102543893,2.7035478148544,0.123870434015044,-1.48542012305271,-0.245348910031291,-0.808713955392581,4.30909996425598,5.08651189642601,10.9207645807912,5.0173397731312
21,40.5,10.5,-498.090139631823,-1922.22459681308,15738,34.1709595387069,2.86022499192695,0.0837033852879389,0.581582932582686,-0.754076327865237,-0.718945835776453,13.2935153636536,15.3948705829043,14.4176060972946,15.259648731932
22,41.5,10.5,-387.455834342808,-1925.31220907899,15738,35.6285868998722,2.93851711714732,0.0824763868801619,0.825635987714443,-0.769616621500342,-0.674088397104783,14.8155252983168,17.2970904731348,14.3750247902902,17.1487983422473
23,42.5,10.5,-276.782232762449,-1927.62773588178,15738,34.0552360191932,2.74159026020835,0.080504221396769,0.562207144750779,-0.794594674050931,-0.786917553077761,12.8622644673193,14.7490687718993,14.4097760470246,14.6300128728459
24,43.5,10.5,-166.080565240448,-1929.17133361993,15738,33.8295326518928,2.90520114483495,0.0858776612355123,0.524417241919128,-0.726538487184375,-0.693176768771575,12.2264056211797,14.2175447838478,13.6995447269196,14.0870025214061
25,44.5,10.5,-55.3620592873244,-1929.94310646158,15738,33.501454773148,2.5892499048903,0.077287685637032,0.469486598627139,-0.835333040031933,-0.874200892579216,12.0006078392718,13.5780702739001,14.4037541214649,13.4781918271157
26,45.5,10.5,55.3620592873244,-1929.94310646158,15738,34.114429476422,2.46312201148901,0.0722017647456593,0.572118007064012,-0.899747715353343,-0.946465813567256,12.6083412199754,14.1269524302646,14.7663706502556,14.0384034585562
27,46.5,10.5,166.080565240448,-1929.17133361993,15738,33.7308954302397,2.1078482967102,0.0624901375971334,0.507902242313955,-1.02274831307716,-1.15001973201678,12.3587836697465,13.4236281776026,15.6514766619246,13.3670170413725
28,47.5,10.5,276.78223276245,-1927.62773588178,15738,27.9653095791218,1.84079308442426,0.0658241625831507,-0.457439709325093,-0.980521911688953,-1.30302889830712,7.45663537797389,7.81546809051379,15.1004470795986,7.77443789932922
29,48.5,10.5,387.455834342808,-1925.31220907899,15738,29.4220039479417,1.79465364808625,0.0609969888951701,-0.213542866705798,-1.04165947801618,-1.32946446804101,8.39709502496184,8.78041676962631,15.4517513933168,8.74299329083107
30,49.5,10.5,498.090139631823,-1922.22459681308,15738,32.7806104996226,1.69733111809615,0.051778508460533,0.348794402586401,-1.15841422840194,-1.38522536874609,11.2179716846396,11.7287612509837,16.3198130566268,11.7046469222352
31,50.5,10.5,608.67391429589,-1918.36469027966,15738,34.4246403417467,1.82754226666695,0.0530882021866961,0.624057145580895,-1.14182657437759,-1.31062094850661,12.6043326895373,13.4034651998946,15.9767346955799,13.3755676457937
32,51.5,10.5,719.195918863708,-1913.73222803402,15738,27.850139589197,1.26849172232356,0.0455470507880546,-0.476722818746272,-1.23733746203553,-1.6309287117288,7.33850540173686,7.24983618581631,16.6714597712481,7.23772749012816
33,52.5,10.5,829.644907560794,-1908.32689569779,15738,26.6401355716503,1.52937503015629,0.0574086804492018,-0.679315871725114,-1.08710645378259,-1.48145573537734,6.3076772942005,6.38971882753864,15.1254202080299,6.36505876711788
34,53.5,10.5,940.009627129647,-1902.14832560639,15738,26.8542984639967,1.46027136487197,0.0543775651719126,-0.643458210456191,-1.12549641513248,-1.52104864997449,6.37286210156763,6.41103790993348,15.2781841770649,6.38980148010824
35,54.5,10.5,1050.2788156329,-1895.196096397,15738,26.9562554337015,1.44575352326951,0.0536333218397237,-0.626387379727166,-1.13492247456734,-1.52936664092816,6.33670455869769,6.36707226033959,15.1801351985866,6.34695416984774
36,55.5,10.5,1160.44120123674,-1887.46973253671,15738,27.05350902808,1.41392497597094,0.0522640140509449,-0.610104043215396,-1.15226515812714,-1.54760279308824,6.30973763134457,6.32070180938324,15.1508384980558,6.30236645734751
37,56.5,10.5,1270.48550097181,-1878.96870379036,15738,27.1625798983228,1.35885619778952,0.0500267722313604,-0.591842119888608,-1.18060047998959,-1.57915442529957,6.30493891604771,6.28142136080184,15.2165176677936,6.26577502268533
38,57.5,10.5,1380.4004194689,-1869.69242462788,15738,27.2800332491273,1.28104244129045,0.0469589765375904,-0.572176703429644,-1.21945500954034,-1.62373778282301,6.31976669795072,6.24714931462677,15.3742669052443,6.23506485869935
39,58.5,10.5,1490.17464766642,-1859.6402535703,15738,27.4066386344639,1.20755181854152,0.0440605589998558,-0.550978946094161,-1.2561643152151,-1.66584420276785,6.33633128361008,6.21824168612913,15.5146942212205,6.20953395505669
40,59.5,10.5,1599.79686148688,-1848.81149247426,15738,27.503426411234,1.15002382418684,0.0418138382829677,-0.534773602225434,-1.28461969008374,-1.69880484180282,6.32522536021452,6.17269344297494,15.5830156035485,6.16664312096351
41,60.5,10.5,1709.25572047931,-1837.20538575408,15738,27.622691091338,1.07665033307173,0.0389770254285378,-0.514804911787692,-1.32054875442992,-1.74084415122965,6.33680152708114,6.14002676879039,15.7183668335151,6.13726481761382
42,61.5,10.5,1818.53986642469,-1824.82111954108,15738,27.7509201005933,0.997541966357749,0.0359462663847468,-0.493335308308071,-1.35893420397837,-1.78616925510568,6.35671195362978,6.11251802990711,15.8770786775489,6.11325781866815
43,62.5,10.5,1927.63792190104,-1811.65782077921,15738,27.8511336124569,0.939617900979746,0.0337371510278306,-0.476556387722872,-1.38691329596635,-1.81935682285906,6.34668404276623,6.06963636791115,15.9426729235358,6.07295010704463
44,63.5,10.5,2036.53848880533,-1797.71455625645,15738,27.9401296750611,0.896322980145187,0.0320801295688055,-0.46165562395299,-1.40789995729346,-1.84416262868774,6.32061966524636,6.02090536681692,15.9449448686228,6.02616689789169
45,64.5,10.5,2145.23014682844,-1782.990331571,15738,28.0147503520652,0.860394144352715,0.0307121831727938,-0.449161755709255,-1.42522539841577,-1.86474803933497,6.28186708433133,5.96475642203418,15.914015935586,5.97160891254767
46,65.5,10.5,2253.70145188029,-1767.48409003169,15738,28.0720589736287,0.836238422370341,0.0297889949275155,-0.439566474672008,-1.43691784750223,-1.8785880496086,6.22632352373479,5.89982774665003,15.8322988508436,5.90774348161341
47,66.5,10.5,2361.94093446113,-1751.19471149142,15738,28.1042118637273,0.826497732337285,0.0294083227220474,-0.434183061003367,-1.44173917230119,-1.88416897367405,6.148681195734,5.82226032954213,15.68951449758,5.83059834303325
48,67.5,10.5,2469.9370979758,-1734.12101111299,15738,28.1309245471079,0.817564874689342,0.0290628512162923,-0.429710510498691,-1.44611466994484,-1.88928705053015,6.0686412349515,5.74286851481169,15.5440725343157,5.75156809970064
49,68.5,10.5,2577.67841698691,-1716.26173806613,15738,28.1258411893458,0.827280649238066,0.0294135433556897,-0.430561625828459,-1.44167305144948,-1.88372040178048,5.96176320413776,5.64819034378979,15.3228791006256,5.65646701915996
50,69.5,10.5,2685.15333540328,-1697.61557415483,15738,28.1381456734098,0.84295233460001,0.0299576363127791,-0.428501464906915,-1.43478195504351,-1.87474131655286,5.86194373337325,5.56387115294487,15.0837866530879,5.57158658510952
51,20.5,11.5,-2672.34475045726,-1586.99488364598,15738,33.8823878838125,4.64351010108653,0.13704789984135,0.533266884271758,-0.0784524519679394,0.302786582306108,16.7203031839697,22.1140176269298,13.4524200571471,21.689471483346
52,21.5,11.5,-2565.40849433815,-1605.73656736487,15738,33.6202687039159,4.68811829314212,0.139443213093537,0.489379819328583,-0.0481151091881089,0.328344826302623,15.983381194624,21.2465415980459,13.0669459641041,20.830525778531
53,22.5,11.5,-2458.2038030686,-1623.68733325841,15738,32.9607298350846,4.56779257592942,0.13858287115558,0.378952092596191,-0.0590115914147374,0.259404259607044,14.9229402234549,19.6879291204782,12.9939594865525,19.3112539300418
54,23.5,11.5,-2350.74233044076,-1640.84850444147,15738,32.5782371521723,4.37952639574065,0.134431042885592,0.314910685088814,-0.111595710537636,0.151537234564651,14.3944317951685,18.7095193455426,13.231675755217,18.3701862335858
55,24.5,11.5,-2243.03569810361,-1657.22133669333,15738,33.3728645369306,4.17121080255944,0.124988096180463,0.447956514296211,-0.231193391877913,0.0321829071763361,15.5490704322949,19.7903395834702,13.9976503409771,19.464403342606
56,25.5,11.5,-2135.09549744933,-1672.8070197947,15738,34.2809937056933,4.01342073220388,0.117074223888013,0.600006142339422,-0.331424898647516,-0.0582228441562606,16.8803850032368,21.1509679442118,14.6456201937009,20.8324647771216
57,26.5,11.5,-2026.93329143361,-1687.60667879735,15738,34.37119670356,4.00913938160147,0.116642414757302,0.615108985355357,-0.336893887558196,-0.0606758420987627,16.7530061877476,20.983459044456,14.518889745014,20.669203742023
58,27.5,11.5,-1918.56061633399,-1701.62137522727,15738,34.2346449369759,4.11537835114431,0.120210925473902,0.592245888307132,-0.291697655823518,0.000193728722000444,16.127604813712,20.3920543974309,13.9840735616809,20.0722551685911
59,28.5,11.5,-1809.98898344976,-1714.85210822225,15738,33.6596449787636,4.25388618940165,0.126379413451494,0.495972656724694,-0.213571951789346,0.0795517336642158,14.8572557270923,19.0420779908978,13.2188367394894,18.7223370631939
60,29.5,11.5,-1701.22988074741,-1727.29981560469,15738,32.7498251279559,4.39506005594502,0.134201023632133,0.343639954879943,-0.114508971645248,0.160437238339012,13.2475201037453,17.2477827372594,12.3474338805683,16.9361028922532
61,30.5,11.5,-1592.29477445497,-1738.9653748904,15738,31.9722634845229,4.23980483940559,0.132608842081449,0.213451472083226,-0.13467441657263,0.0714838303842286,12.2739168328652,15.8117513506755,12.3434219579895,15.5356552308127
62,31.5,11.5,-1483.19511060874,-1749.84960423423,15738,32.8009404876754,4.16522372796438,0.126984887202531,0.35219828743877,-0.205903449678969,0.0287526154233055,13.1493271556406,16.7770837026023,12.7033502605183,16.4985423510234
63,32.5,11.5,-1373.94231655583,-1759.95326331315,15738,34.1102804847375,4.19521023891967,0.122989614254178,0.571423334253045,-0.256504749873224,0.0459333736715728,14.5921936241217,18.5973956939933,12.9211576709291,18.2967748725134
64,33.5,11.5,-1264.54780241569,-1769.27705414743,15738,33.502426396999,4.19895706410354,0.125332924079781,0.469649279279006,-0.226826045697982,0.0480801155108841,13.5559457344331,17.3143768220364,12.5556132165846,17.0294360829008
65,34.5,11.5,-1155.02296250385,-1777.8216218607,15738,32.9497633486937,4.10075879485502,0.124454878520929,0.37711595492543,-0.237946749460174,-0.00818253961670821,12.7701522472985,16.2010489669238,12.4870765267803,15.9403058201414
66,35.5,11.5,-1045.37917672101,-1785.58755537916,15738,31.600530423935,4.32710476615344,0.136931396660228,0.151211566640302,-0.0799279988248838,0.121502284974786,10.8306859449284,14.0991648460656,11.2789669579881,13.8439189795648
67,36.5,11.5,-935.627811910372,-1792.57538807081,15738,27.0537478702316,3.84250125518331,0.142032123372133,-0.610064053463325,-0.0153258034568892,-0.156151083256477,7.19436137710232,9.17179003337501,10.7441513179526,9.01389160760443
68,37.5,11.5,-825.780223186359,-1798.78559832494,15738,22.4792046278492,3.05933660442637,0.136096301229279,-1.37598769340053,-0.0905047266576332,-0.604864925067106,4.92325217276291,5.9513778332127,11.0823355813393,5.8651098963685
69,38.5,11.5,-715.847755237494,-1804.21861007243,15738,22.8978188404787,3.01847889407055,0.131823861263785,-1.30589839607002,-0.144616428173547,-0.628274332225135,5.07766474748273,6.08338730346546,11.2948972357996,5.99801406150114
70,39.5,11.5,-605.841743606344,-1808.87479324725,15738,22.1368389184176,2.2382551765325,0.101109972601838,-1.43331057274902,-0.533616809475843,-1.07530316764294,5.12691822971008,5.58531402928052,13.9291217133296,5.53204059881113
71,40.5,11.5,-495.773515949325,-1812.75446418949,15738,34.8499261338824,3.02056457407331,0.086673485690307,0.695263476938355,-0.716459137748287,-0.627079342785913,15.1327739735195,17.4799083096108,15.2756335090835,17.3325608409294
72,41.5,11.5,-385.654393279154,-1815.8578859902,15738,37.3090101563956,3.22030270358126,0.0863143431059166,1.10699214265184,-0.721007783600575,-0.512639469432391,18.2832285747204,21.5139790003554,15.1355199543288,21.3310019259011
73,42.5,11.5,-275.495691192642,-1818.18526877842,15738,36.5560040292753,3.22502257170708,0.0882214196366858,0.980915032168868,-0.696854101668368,-0.509935223067941,16.8024506379903,19.7668765273525,14.7536586680423,19.5914727858256
74,43.5,11.5,-165.308721086569,-1819.73676995053,15738,33.7224507191869,2.70671729844685,0.0802645490087948,0.506488329823665,-0.797630194929962,-0.806898001163863,13.3669277282873,15.0285670806997,15.4414112551145,14.9239206446951
75,44.5,11.5,-55.1047913642836,-1820.51249434201,15738,30.8904909645834,1.72087553118094,0.0557089083871784,0.0323284392130419,-1.10863456399787,-1.37173560763616,11.1607169257652,11.4277330637339,18.215723778158,11.4034448756383
76,45.5,11.5,55.1047913642836,-1820.51249434201,15738,30.8514519128037,1.76667148937362,0.057263803803037,0.0257920636549839,-1.08894135887131,-1.34549683355439,10.8950725241608,11.2046519757427,17.8012921696799,11.1775753227122
77,46.5,11.5,165.308721086569,-1819.73676995053,15738,31.2520111681228,1.95892397601311,0.0626815332131719,0.0928583884417006,-1.02032423163186,-1.2353458559863,10.9084596565927,11.4343809539638,16.9184961627381,11.3953159057948
78,47.5,11.5,275.495691192643,-1818.18526877842,15738,32.4807166261827,2.42382963125409,0.0746236500613487,0.298582655758464,-0.869073829619009,-0.968978365521758,11.4804822257709,12.5823301449396,15.3406430562479,12.5102628988443
79,48.5,11.5,385.654393279154,-1815.8578859902,15738,32.0192155584718,1.96287853477752,0.0613031425205597,0.221312738547675,-1.03778195282474,-1.23308009328349,11.2983999096535,11.8713662915613,16.6887893933689,11.8351388464661
80,49.5,11.5,495.773515949325,-1812.75446418949,15738,32.4167140743029,1.78634031027322,0.0551055330956346,0.287866598459705,-1.11627648850513,-1.33422759128048,11.6975728025524,12.1113905612916,17.2466080357031,12.0902537698002
81,50.5,11.5,605.841743606344,-1808.87479324725,15738,33.2211853910362,1.70400381944462,0.0512926856578814,0.422560614122028,-1.16456731626251,-1.38140224744658,12.4410511896104,12.8225300704232,17.5192559058506,12.8118191580201
82,51.5,11.5,715.847755237495,-1804.21861007243,15738,29.1605579178917,1.11073350403026,0.0380902692999834,-0.257317225012813,-1.33177978010454,-1.72131621343635,9.07481750445795,8.71867909103033,19.0426406437485,8.72722753438669
83,52.5,11.5,825.78022318636,-1798.78559832494,15738,26.7330430520809,1.50935425426502,0.0564602485143393,-0.66376021254377,-1.09911862157944,-1.49292663010876,6.91729029976322,6.87827758128323,16.4847659994679,6.8600381385172
84,53.5,11.5,935.627811910372,-1792.57538807081,15738,26.8081189675621,1.51259184156089,0.0564229009648581,-0.651190122939146,-1.09959163921484,-1.49107165589316,6.84861256477272,6.81441540787664,16.2957117268447,6.79654343382627
85,54.5,11.5,1045.37917672101,-1785.58755537916,15738,26.9414015629495,1.46995046565129,0.0545610243111035,-0.628874388844962,-1.12317285148724,-1.51550301344485,6.84971632220965,6.78700620746987,16.3221227011447,6.77153876428008
86,55.5,11.5,1155.02296250385,-1777.8216218607,15738,27.08583277701,1.41178448880062,0.0521226170309563,-0.60469202235887,-1.15405599273281,-1.54882918426998,6.86866742256355,6.76656969756356,16.4166715978287,6.75416872180382
87,56.5,11.5,1264.54780241569,-1769.27705414743,15738,27.2127798076566,1.34556304019869,0.0494459974214064,-0.583437062761756,-1.18795616278865,-1.58677073408804,6.88242981159545,6.73546797238932,16.5401500921416,6.72641568781508
88,57.5,11.5,1373.94231655583,-1759.95326331315,15738,27.2960631034474,1.30044161255844,0.0476420943060539,-0.569492797361213,-1.21080312324449,-1.6126230361868,6.85383546664775,6.67791819883664,16.5600342637771,6.67118739527754
89,58.5,11.5,1483.19511060874,-1749.84960423423,15738,27.3606447827515,1.27194497256571,0.0464881212656056,-0.558679775762129,-1.22541852924819,-1.62895017352308,6.80190197138951,6.60960027323246,16.5024349156361,6.60441289900627
90,59.5,11.5,1592.29477445497,-1738.9653748904,15738,27.4302658056089,1.22360170422109,0.0446077231949715,-0.547023008207925,-1.24923432068143,-1.65664842783478,6.76745800467947,6.54498245122803,16.5313882526738,6.54213645485029
91,60.5,11.5,1701.22988074741,-1727.29981560469,15738,27.5415373976825,1.15956645915845,0.0421024593658313,-0.528392614241361,-1.28096421967029,-1.69333739329762,6.76881714014633,6.50561111931404,16.6351657178373,6.5058285776011
92,61.5,11.5,1809.98898344976,-1714.85210822225,15738,27.658256477194,1.08630518305975,0.0392759819822872,-0.50885013808739,-1.31676238225538,-1.7353124091802,6.77956684245622,6.46968349397254,16.7784054499763,6.47332206549366
93,62.5,11.5,1918.56061633399,-1701.62137522727,15738,27.7587032402951,1.02210167624984,0.0368209446746106,-0.49203216384649,-1.34785614766259,-1.77209778013706,6.77384122183274,6.42443256311594,16.877620881755,6.4310308709838
94,63.5,11.5,2026.93329143362,-1687.60667879735,15738,27.8566787958236,0.969356799765777,0.0347980032677516,-0.475627948138129,-1.37347729213184,-1.80231793389414,6.75824075109381,6.37806344645574,16.9246166247475,6.38711246748475
95,64.5,11.5,2135.09549744933,-1672.8070197947,15738,27.930606571294,0.920020659179316,0.0329395158974055,-0.463250093589477,-1.39701557813878,-1.83058505391962,6.72599724486969,6.3181853029981,16.9516326608582,6.32941785732949
96,65.5,11.5,2243.03569810361,-1657.22133669333,15738,28.0055214574913,0.88628601141951,0.0316468312423597,-0.450706965394704,-1.41338780730361,-1.84991330549967,6.68346113938893,6.25943163324083,16.9095732879748,6.27219686115854
97,66.5,11.5,2350.74233044076,-1640.84850444147,15738,28.0619558150621,0.858596592614869,0.0305964629932894,-0.441258063880853,-1.42669102832825,-1.86577794581167,6.62633334691749,6.19080267957809,16.8381762212791,6.20475796418063
98,67.5,11.5,2458.2038030686,-1623.68733325841,15738,28.0816970903487,0.849130038728725,0.0302378462383088,-0.437952748219081,-1.4312330143973,-1.87120180369246,6.53653647886546,6.10251219634156,16.6836672197106,6.11677421563384
99,68.5,11.5,2565.40849433815,-1605.73656736487,15738,28.1006634511401,0.845127665965292,0.0300750075682289,-0.434777177823514,-1.43329541377137,-1.87349496140496,6.44387482685288,6.01505662626391,16.5072598865006,6.02940388434906
100,69.5,11.5,2672.34475045726,-1586.99488364598,15738,28.1173789462711,0.853192091419119,0.0303439411279929,-0.431978473735316,-1.42988929159503,-1.86887445239209,6.34337585988943,5.92763992256527,16.2819547238545,5.94160792362809
101,20.5,12.5,-2658.95835598338,-1476.30889620697,15738,34.9114658563197,4.67337248490544,0.133863542256833,0.705567178469298,-0.118783271950194,0.319896221966246,19.9492834020982,25.9220659395338,14.8996694705004,25.4585385263
102,21.5,12.5,-2552.58415496267,-1495.13966195795,15738,33.9919900079742,4.60529714493182,0.135481833921799,0.551617756355559,-0.0982871347902655,0.280892485903078,18.0968061308015,23.458858289881,14.5540288453259,23.0395192595921
103,22.5,12.5,-2445.93950923053,-1513.17577278305,15738,33.2785698971522,4.46270226508527,0.134101383529319,0.43216860064037,-0.115770942684281,0.199192812281914,16.8460795692367,21.6316126354883,14.5271074589617,21.2570749707239
104,23.5,12.5,-2339.03616897366,-1530.41855385468,15738,31.6328898118524,4.25420922435596,0.134486897961563,0.156629554593754,-0.110888289667235,0.0797368163990493,14.4382082173345,18.3240506935109,14.3167907753142,18.0165744908186
105,24.5,12.5,-2231.88585078152,-1546.86926318658,15738,32.2823076803237,3.70525707474468,0.114776710247485,0.265362704835168,-0.360523580746978,-0.23478507600787,15.8758212287359,19.1281251335064,16.3092349228691,18.878106115599
106,25.5,12.5,-2124.50023960499,-1562.52909293212,15738,34.5961730296282,3.48399779560296,0.100704716461536,0.652777158423532,-0.538749496998335,-0.361555482567937,19.721085190267,23.2334624092023,17.838889937177,22.9871017565008
107,26.5,12.5,-2016.89099064807,-1577.39917061767,15738,35.1459875390405,3.63980597870404,0.103562489876288,0.744833547012836,-0.502554961026358,-0.272285252665136,20.1410574309026,24.0340983491614,17.27004616596,23.7625235189389
108,27.5,12.5,-1909.06973119638,-1591.48056031195,15738,35.0128911393224,3.7422947349912,0.10688333962768,0.722548987979674,-0.460495427837402,-0.213564364877933,19.4087078540943,23.3640600445427,16.6636156132404,23.0840757984797
109,28.5,12.5,-1801.04806238656,-1604.77426373209,15738,34.3741660953735,3.9030386504038,0.113545697067227,0.615606155731868,-0.376114722649571,-0.12146620932053,17.7599502352964,21.6911616532342,15.6957629122343,21.4034528516667
110,29.5,12.5,-1692.83756092005,-1617.28122128711,15738,33.7142598428119,3.87517374374566,0.114941682297435,0.505116917309884,-0.358434161493007,-0.137431395320929,16.4727928043374,20.0992604825217,15.3562469551659,19.8302204593239
111,30.5,12.5,-1584.44978072503,-1629.0023130595,15738,34.1761665573295,3.84046614636517,0.112372642494087,0.582454752662924,-0.390971801844654,-0.157317097957739,16.9665172604677,20.6262009824174,15.4597540944474,20.3592710937837
112,31.5,12.5,-1475.89625456997,-1639.93835972568,15738,34.217374693652,3.764674214583,0.110022298562883,0.589354301775235,-0.420739595024258,-0.200742051899869,16.8637897436002,20.3718026320123,15.5394384262546,20.1184022886311
113,32.5,12.5,-1367.18849563211,-1650.09012341581,15738,35.3988012722751,4.08326952245979,0.115350502720494,0.787162585022823,-0.353256331287121,-0.0182030105347383,18.0214791485308,22.3207656024076,14.7783470172481,22.0117072079158
114,33.5,12.5,-1258.33799902436,-1659.45830851363,15738,35.0289610393591,4.17321738734357,0.119136202260024,0.725239598971273,-0.305309339599367,0.0333325790448669,17.004814378047,21.2359548580726,14.2117027678271,20.9267327454204
115,34.5,12.5,-1149.35624328364,-1668.04356239685,15738,34.6832268573472,4.52115404939777,0.130355634670135,0.667352730467357,-0.163211947323021,0.232682736366459,15.7341701075512,20.2482428036449,12.9536068264418,19.9069137597608
116,35.5,12.5,-1040.254691824,-1675.84647611858,15738,33.7979452392776,4.87523970984413,0.144246630241251,0.519128507117746,0.0127215736097217,0.435555959609334,13.8123451215008,18.3812988481747,11.5816493238917,18.0240409604478
117,36.5,12.5,-931.044794357397,-1682.8675850304,15738,30.0255634545644,4.43472943996679,0.147698458571063,-0.112487860831503,0.0564399887953036,0.18316579444719,9.83195322310307,12.8305906505521,11.1644169184037,12.5937222387036
118,37.5,12.5,-821.737988285391,-1689.10736934725,15738,23.705500326279,3.15194635907165,0.132962659116607,-1.17066689628165,-0.130193220358682,-0.551804206920721,5.97022529607936,7.10255993677254,12.2701173602392,7.00689502679869
119,38.5,12.5,-712.345700064466,-1694.56625465482,15738,26.6941458598709,3.31636143880175,0.124235532997039,-0.670272836310189,-0.240724824661569,-0.457602659384084,7.72325848360784,9.17336078055261,12.9136113401491,9.05338813331111
120,39.5,12.5,-602.879346548053,-1699.24461235962,15738,24.6544133580342,2.30604080262984,0.0935346045002676,-1.01178875593923,-0.629561061682077,-1.03646542301762,7.01155172693954,7.49696274152076,15.9238684556361,7.43888898611598
121,40.5,12.5,-493.350336308024,-1703.14276008207,15738,36.762145389761,2.95566702899676,0.080399742660829,1.01542963456719,-0.79591792779343,-0.66426236266204,19.6056325677442,22.2049108358341,17.3000985721165,22.0696158877604
122,41.5,12.5,-383.770070938506,-1706.26096199296,15738,38.0435573421783,3.06305383543904,0.0805143905941488,1.2299786408508,-0.794465878192425,-0.602735139195154,21.4488447395793,24.5516555305614,17.0829635115937,24.4007507646683
123,42.5,12.5,-274.149946344791,-1708.59942909346,15738,36.7671142249205,3.03185677355885,0.0824611024681365,1.01626157518071,-0.769810203048133,-0.62060948206282,18.8702552039413,21.5084046424952,16.6472115399578,21.3677834565113
124,43.5,12.5,-164.50135402008,-1710.15831943885,15738,33.3060639029098,2.31966723303319,0.069646994006714,0.436771969293924,-0.932104633831756,-1.02865816571796,14.4515066257898,15.4448839656171,18.0441815490944,15.3876272909565
125,44.5,12.5,-54.8356823127998,-1710.93773830623,15738,32.0901517977116,2.01324892989805,0.062737282845811,0.233189715042004,-1.0196181462321,-1.20422039757812,13.1113374745722,13.6051920081296,18.7432845889402,13.5732212345337
126,45.5,12.5,54.8356823127998,-1710.93773830623,15738,30.3101481827806,1.53765984004581,0.0507308585485359,-0.064839350508884,-1.17168302089265,-1.47670895719908,11.5198897865599,11.3848642535617,20.1981903251343,11.382625533578
127,46.5,12.5,164.50135402008,-1710.15831943885,15738,30.516370254727,1.62303644852132,0.0531857634107027,-0.0303112344519228,-1.14059093294656,-1.4277924669658,11.4473396410808,11.4145968401522,19.6109913891429,11.4075124212869
128,47.5,12.5,274.149946344792,-1708.59942909346,15738,30.8694307168749,1.79495469490309,0.0581466730425277,0.0288022857310014,-1.07775956178329,-1.32929198339986,11.4314044825589,11.59838118699,18.6999359999973,11.5807818568604
129,48.5,12.5,383.770070938506,-1706.26096199296,15738,30.816383530397,1.74715707316649,0.0566957206851708,0.0199205040966914,-1.09613629767875,-1.35667760972774,11.2440988452845,11.3574795300584,18.6748355305121,11.343520800369
130,49.5,12.5,493.350336308024,-1703.14276008207,15738,30.7965569632498,1.66753496478747,0.0541467985131384,0.0166009078720476,-1.12841914234696,-1.40229706166455,11.125879825325,11.1552590205737,18.797984604767,11.1471671994244
131,50.5,12.5,602.879346548053,-1699.24461235962,15738,30.5024602941886,1.51507339067711,0.0496705307068548,-0.0326402030598202,-1.1851123830701,-1.48964985341968,10.8211875109683,10.686519467173,19.1867085833255,10.6876500211378
132,51.5,12.5,712.345700064467,-1694.56625465482,15738,28.9520179902694,1.04338032804339,0.0360382591774456,-0.292233423630614,-1.35776908835818,-1.75990618596129,9.7367670828395,9.13131515519086,20.9198183150815,9.15276165573541
133,52.5,12.5,821.737988285391,-1689.10736934725,15738,27.2587750323741,1.3349929995366,0.0489747979485905,-0.5757360032092,-1.19392404190068,-1.59282683423122,8.01448468726969,7.70168765875915,18.8332857207625,7.69960350206105
134,53.5,12.5,931.044794357397,-1682.8675850304,15738,27.6291191929071,1.51379906567052,0.054789986430662,-0.513728643690356,-1.12027297928961,-1.4903799773711,7.99496651888434,7.83801112549488,17.8480940340226,7.82858455573766
135,54.5,12.5,1040.254691824,-1675.84647611858,15738,27.5863972579165,1.49459688976324,0.0541787633879715,-0.520881650716275,-1.12801429785999,-1.50138185560214,7.851540876016,7.68242955388055,17.7165537346389,7.6740666323837
136,55.5,12.5,1149.35624328364,-1668.04356239685,15738,27.0972091109072,1.43546955250351,0.0529748117833177,-0.602787263215496,-1.14326269699416,-1.53525883745034,7.44258475325238,7.230092081574,17.6612944253621,7.22333066197518
137,56.5,12.5,1258.33799902436,-1659.45830851363,15738,27.2393102895533,1.37487944220952,0.0504740915828843,-0.578995018564784,-1.17493504959678,-1.56997391446444,7.46308183115012,7.20679290431904,17.7715828250776,7.2033755895911
138,57.5,12.5,1367.18849563211,-1650.09012341581,15738,27.3007471541738,1.34648981470708,0.0493206214138805,-0.568708538694955,-1.18954408658659,-1.58623973904153,7.404585234084,7.13102301178573,17.7097052447686,7.12921798182426
139,58.5,12.5,1475.89625456997,-1639.93835972568,15738,27.3376763336903,1.32757565923772,0.0485621251430814,-0.562525422677354,-1.19915066365682,-1.59707659608948,7.32318797920801,7.04032841324539,17.5978600098419,7.03960285903404
140,59.5,12.5,1584.44978072503,-1629.0023130595,15738,27.3939277594631,1.28588720815981,0.0469405928003738,-0.553107149748948,-1.21968784494799,-1.62096197577844,7.27253993114378,6.96302170813048,17.5958651401852,6.96440791708518
141,60.5,12.5,1692.83756092005,-1617.28122128711,15738,27.4688332488961,1.23151601554852,0.0448332116762918,-0.540565594870575,-1.24637844312785,-1.65211392664453,7.2436671332627,6.89826571672473,17.6556058727036,6.90233401752209
142,61.5,12.5,1801.04806238656,-1604.77426373209,15738,27.5744988940422,1.17582490254202,0.0426417505195742,-0.522873814236217,-1.27413393950785,-1.68402212531987,7.23514726281738,6.8532716331746,17.7262915515867,6.86014846882635
143,62.5,12.5,1909.06973119638,-1591.48056031195,15738,27.6627829241804,1.11508534293923,0.040309948062547,-0.508092267286287,-1.30366689949507,-1.71882282924964,7.21914684332471,6.7978085497909,17.8152766724809,6.80760268388425
144,63.5,12.5,2016.89099064807,-1577.39917061767,15738,27.7480225781804,1.04642441394399,0.0377116751651643,-0.493820445467269,-1.33657478553105,-1.75816207828491,7.20693662143792,6.74092627950378,17.9391390698542,6.75391376241503
145,64.5,12.5,2124.50023960499,-1562.52909293212,15738,27.8178803700476,0.991883285042197,0.0356563214683384,-0.482124035270691,-1.36260644113079,-1.78941139407381,7.17422852553814,6.67516841143589,17.9932947821715,6.69063269037453
146,65.5,12.5,2231.88585078152,-1546.86926318658,15738,27.9035935566134,0.949902353573234,0.0340422946473179,-0.467772929080051,-1.38304856279502,-1.81346435027404,7.14192402437483,6.61959764825657,17.9902815744824,6.63704272727203
147,66.5,12.5,2339.03616897366,-1530.41855385468,15738,27.9898657529111,0.909669421479957,0.0324999565739377,-0.45332822692892,-1.40258272550706,-1.83651579100165,7.10861461146501,6.56482350728142,17.9779746129866,6.5841465158598
148,67.5,12.5,2445.93950923053,-1513.17577278305,15738,28.048013863592,0.878990646089082,0.0313387839283003,-0.443592388785433,-1.4172893166158,-1.85409318185347,7.05112638554316,6.49385901767122,17.9163733115725,6.51449699524065
149,68.5,12.5,2552.58415496267,-1495.13966195795,15738,28.0819921669261,0.867817320863923,0.0309029827978516,-0.437903343040398,-1.42280886537051,-1.86049493362142,6.96537092917996,6.40954641666721,17.7618518035289,6.43056030147654
150,69.5,12.5,2658.95835598338,-1476.30889620697,15738,28.1115639669981,0.868324923107625,0.0308885312865198,-0.432952085712505,-1.42299189798746,-1.8602041031394,6.86972378448257,6.32379178779733,17.5552532660037,6.34468159543271
151,20.5,13.5,-2644.9966416414,-1365.56612991079,15738,35.8532151561451,4.39847985007948,0.122680206807774,0.863245882858354,-0.260423485659292,0.162396607882561,24.1852662286264,30.1453083372119,17.4822908003122,29.7015152894526
152,21.5,13.5,-2539.20776311118,-1384.47947515825,15738,34.2609989779743,4.33355009659002,0.126486390527491,0.596658390701141,-0.212217055839453,0.125195134210434,20.6148044078197,25.6605278274664,16.8094869318351,25.2743725578403
153,22.5,13.5,-2433.14645839626,-1402.59472089352,15738,33.1793502394831,3.98037979958354,0.119965574095147,0.415556082771661,-0.294805102781447,-0.0771536319526102,18.8916217257703,22.881929260844,17.4118655970044,22.5763460144902
154,23.5,13.5,-2326.82457261404,-1419.9131914942,15738,32.8931899175572,3.95745085176304,0.120312163754318,0.367643768085374,-0.290415443397802,-0.090290762510363,18.1305472531526,21.9362789929375,17.1646009875912,21.6438109708972
155,24.5,13.5,-2220.25391586938,-1436.43614450184,15738,31.3566566304401,3.19393061059712,0.101858136479275,0.110379358111066,-0.524141095188966,-0.527749348495576,16.5629189253548,18.7676455890259,19.3770863867305,18.5930865370675
156,25.5,13.5,-2113.44626528297,-1452.1647718784,15738,34.754940630081,3.07039815603005,0.0883442210047271,0.679359890731373,-0.695298786432375,-0.598527213946364,22.4788650912518,25.1602608508731,21.1093723975632,24.9860475570194
157,26.5,13.5,-2006.4133669519,-1467.10020120068,15738,35.0804261103233,3.17897683189189,0.0906196755391291,0.733856484285052,-0.666479489362543,-0.536317109420341,22.5716034669083,25.5012802562422,20.5222174398413,25.3117087318423
158,27.5,13.5,-1899.16693784614,-1481.2434967931,15738,35.3340714645289,3.28798893088853,0.0930543465445037,0.776324762023999,-0.635643669129538,-0.473858675300075,22.5193654131619,25.678473592488,19.9285053492779,25.4735694313092
159,28.5,13.5,-1791.71866764499,-1494.59566079974,15738,35.3283842165326,3.32850183495086,0.0942160789055626,0.775372536314074,-0.620929989061308,-0.450646824756073,22.0695893455701,25.2537446788376,19.530387100842,25.0461446648786
160,29.5,13.5,-1684.08022051726,-1507.15763419613,15738,34.9555568416323,3.31430223842586,0.0948147458626237,0.712949407944396,-0.61334769698709,-0.458782477332752,21.0130557743242,24.019857093538,19.2180793168446,23.8206543312802
161,30.5,13.5,-1576.26323684873,-1518.93029774143,15738,35.556946371483,3.27239479354446,0.0920325035607936,0.813641090876996,-0.648585609326994,-0.482793329424997,21.9088190061149,24.9645029074037,19.3773788762508,24.771367199732
162,31.5,13.5,-1468.27933492052,-1529.91447287159,15738,36.0656115148585,3.41664524180061,0.0947341552878703,0.89880777036398,-0.614368400182752,-0.400145098612533,22.3090944548046,25.7282537115099,18.7806030700802,25.5126075351536
163,32.5,13.5,-1360.14011254177,-1540.11092253395,15738,36.3440334968698,3.83630232804769,0.105555216604621,0.945424441494086,-0.47731649429606,-0.159702755829339,21.7664861816388,25.9655111074355,17.1672789282696,25.6839110228596
164,33.5,13.5,-1251.85714864004,-1549.52035196394,15738,36.2816405025457,4.12599670268289,0.1137213379972,0.934977875184145,-0.373890178910292,0.00627750856059651,20.8037381099335,25.4045817199726,15.9958100955186,25.0830414087772
165,34.5,13.5,-1143.44200481258,-1558.14340940421,15738,35.8721505402761,4.57543330021625,0.127548341298331,0.866416266778416,-0.198767138789616,0.263782009222842,19.0029744958032,24.0828300346152,14.3082429179007,23.7068011755796
166,35.5,13.5,-1034.90622684179,-1565.98068676671,15738,34.9365441275909,4.77208053880757,0.13659280441075,0.709766076544512,-0.0842163686761436,0.376450957986651,16.8478201797753,21.7624200487104,13.2477131821402,21.3870389960842
167,36.5,13.5,-926.261346177967,-1573.03272023809,15738,32.8332415600262,4.83369571852355,0.147219570437068,0.357606511516663,0.0503747305411201,0.411753348074727,13.4932318360961,17.6828121356192,12.1266600155086,17.3540532051073
168,37.5,13.5,-817.518881392322,-1579.29999082896,15738,28.2495537272007,4.19609145640352,0.148536557317832,-0.409848222920416,0.067054754501154,0.0464382668409319,9.03429463119019,11.4644518275137,11.8711067457502,11.2720985724154
169,38.5,13.5,-708.690339603327,-1584.78292486704,15738,26.0233558352285,3.10500211542768,0.11931597658225,-0.782584363403784,-0.30303244523851,-0.578700890646195,8.04097339306764,9.21169934563829,14.482948398079,9.10988889012409
170,39.5,13.5,-599.787217879336,-1589.4818944349,15738,25.6477306852924,2.6169820812204,0.102035619187202,-0.84547592805784,-0.521893224793326,-0.85831175436183,8.0623561981774,8.75938874917229,16.2120108119928,8.68772004522769
171,40.5,13.5,-490.821004620371,-1593.39721775224,15738,38.5031164913199,2.77711014536035,0.0721268925331385,1.30692341929685,-0.900695993819157,-0.766566450519928,25.187416179038,27.770902359878,19.8772958711576,27.6842281716609
172,41.5,13.5,-381.803180921922,-1596.52915950314,15738,38.284942731907,2.88466004185169,0.0753471165427025,1.27039421165921,-0.859910915075573,-0.704945784681242,24.1075836927483,26.7884520253449,19.1932318964997,26.684448552003
173,42.5,13.5,-272.745221923605,-1598.87793110847,15738,33.7604845359435,1.76478682488608,0.0522737410065065,0.512856397153533,-1.15214196339058,-1.34657665124268,17.4118687925853,17.4618699383596,22.4009508243949,17.4795215432171
174,43.5,13.5,-163.658598145458,-1600.44369094359,15738,33.0591007947225,1.84913155077525,0.0559341151550755,0.395422511494387,-1.10578225442717,-1.29825137768288,15.9888193796208,16.1193875221933,21.5615070570961,16.1220211242872
175,44.5,13.5,-54.5547768146475,-1601.22654450149,15738,31.5865818063191,2.60295495570968,0.0824069844489772,0.148876125611452,-0.770495623586053,-0.866348589746817,12.8874025176769,13.8715714062794,17.6061289471329,13.7989527331935
176,45.5,13.5,54.5547768146475,-1601.22654450149,15738,31.1708364195829,2.0488919610616,0.0657310549348749,0.0792671607325387,-0.981701147281036,-1.18379873856718,12.8560564491016,13.1423756207001,19.6223611085176,13.116704937258
177,46.5,13.5,163.658598145458,-1600.44369094359,15738,30.8541839633301,1.43578640492023,0.0465345771784677,0.0262494955717476,-1.22483015152709,-1.5350772969977,13.0258999879039,12.56431845099,22.270537745449,12.5863978512213
178,47.5,13.5,272.745221923606,-1598.87793110847,15738,31.0687699353684,1.4620240448476,0.047057673924298,0.0621779938008832,-1.21820497827646,-1.52004445275418,13.0257708499445,12.6067243066376,21.9263554751367,12.6282572688291
179,48.5,13.5,381.803180921922,-1596.52915950314,15738,30.0701405161262,1.43681096015707,0.0477819835722591,-0.105024246774289,-1.20903138478138,-1.53449027852588,11.7692466576261,11.3268933971326,21.5561989286231,11.3428348455363
180,49.5,13.5,490.821004620371,-1593.39721775224,15738,30.0730294193545,1.42487385857336,0.0473804563785097,-0.10454055273999,-1.21411684410537,-1.54132963562216,11.5949492994564,11.1482418995749,21.3650054203452,11.1649391386338
181,50.5,13.5,599.787217879336,-1589.4818944349,15738,29.9315924677799,1.35515569160575,0.0452750949707913,-0.12822158471013,-1.24078186198688,-1.58127462868817,11.3430227439028,10.8292202417505,21.4372308206148,10.8496103845122
182,51.5,13.5,708.690339603327,-1584.78292486704,15738,28.8856997438422,1.1322133366516,0.0391963271339123,-0.303337201648747,-1.31777123420283,-1.70900935279388,10.4124237627208,9.68807667983397,22.134791733716,9.71523323657405
183,52.5,13.5,817.518881392323,-1579.29999082896,15738,27.6399416589634,1.36360909209009,0.0493347311986051,-0.511916619591825,-1.18936538203705,-1.57643125660284,8.96803525907465,8.51094670432611,20.3331576775208,8.51752027516367
184,53.5,13.5,926.261346177967,-1573.03272023809,15738,27.4339655882098,1.482361359612,0.0540337981705812,-0.546403547246132,-1.12985032472917,-1.50839219721478,8.55542777275327,8.21897455709551,19.4251889400618,8.21851036024618
185,54.5,13.5,1034.90622684179,-1565.98068676671,15738,27.9675520032678,1.37868883251627,0.049296013907659,-0.457064256395,-1.18985574784865,-1.56779132596553,8.92054282601473,8.48965586313964,19.8643002997885,8.49696281096872
186,55.5,13.5,1143.44200481258,-1558.14340940421,15738,27.3112005563897,1.45455889253389,0.0532586947077134,-0.566958307589752,-1.13966723674324,-1.52432160848529,8.21497972643977,7.86915073702178,19.0782872779359,7.8698416974444
187,56.5,13.5,1251.85714864005,-1549.52035196394,15738,27.2057104206461,1.43036287206425,0.052575832424459,-0.584620702383097,-1.14831588724421,-1.53818470775946,8.02729510954728,7.66901411175014,18.9474641095034,7.67057624540476
188,57.5,13.5,1360.14011254177,-1540.11092253395,15738,27.2686614583023,1.40645004128233,0.0515775240171944,-0.574080701918622,-1.16095975514897,-1.55188555362674,7.96178862455884,7.58943041244246,18.8603822824173,7.59244733747835
189,58.5,13.5,1468.27933492052,-1529.91447287159,15738,27.3036575994856,1.38559730579752,0.0507476809928801,-0.568221237832557,-1.17146995971579,-1.56383311924095,7.87463315431155,7.49158750253509,18.7509126072345,7.49577482093864
190,59.5,13.5,1576.26323684873,-1518.93029774143,15738,27.3570064552434,1.34004025930456,0.0489834390870539,-0.55928894719206,-1.19381459935519,-1.58993500896956,7.82152701686988,7.40736862030179,18.7680871682111,7.41391817187113
191,60.5,13.5,1684.08022051726,-1507.15763419613,15738,27.4244533180812,1.29461112022556,0.0472064513086215,-0.547996202987911,-1.21632066919831,-1.61596361420166,7.77817631166182,7.33350023522618,18.7870037663617,7.34241359563858
192,61.5,13.5,1791.71866764499,-1494.59566079974,15738,27.5131141365915,1.23312421679,0.044819507187301,-0.53315156971303,-1.24655201448841,-1.65119250845135,7.76246156002741,7.27440015048218,18.8888213497564,7.28645920207122
193,62.5,13.5,1899.16693784614,-1481.2434967931,15738,27.5923475184788,1.17485775618869,0.0425791156552329,-0.519885388360239,-1.27492722838051,-1.68457625139716,7.73741512531839,7.20958764184115,18.9711355398417,7.22455132148144
194,63.5,13.5,2006.4133669519,-1467.10020120068,15738,27.6843969590147,1.11142400982018,0.0401462242961474,-0.504473392273672,-1.30574050887286,-1.72092058844805,7.72498919310353,7.15369210998178,19.0802705398094,7.17180572564112
195,64.5,13.5,2113.44626528297,-1452.1647718784,15738,27.7752148917525,1.05237357198849,0.0378889443732434,-0.489267589655033,-1.33432961917342,-1.75475351080282,7.70786009255282,7.09743437403698,19.1657524818552,7.11844736218829
196,65.5,13.5,2220.25391586938,-1436.43614450184,15738,27.8505154075337,0.999361513495933,0.0358830527504565,-0.476659894836031,-1.35973482314168,-1.78512674637403,7.67524763491657,7.03168115272085,19.2167572208239,7.05519531394833
197,66.5,13.5,2326.82457261404,-1419.9131914942,15738,27.9316355615214,0.952964977630416,0.034117764981268,-0.463077807986586,-1.3820927089464,-1.811709621169,7.64112786902814,6.97022803746136,19.2345034961942,6.99593887261343
198,67.5,13.5,2433.14645839626,-1402.59472089352,15738,28.002155105682,0.916573846703185,0.0327322609007762,-0.451270599465803,-1.39964052327689,-1.83255990361013,7.59207792688521,6.90264905272989,19.1996239050511,6.93002051036726
199,68.5,13.5,2539.20776311118,-1384.47947515825,15738,28.040577517878,0.891306170408318,0.031786298618138,-0.4448374689334,-1.41162141220613,-1.8470370076175,7.51364286677232,6.81578522589194,19.1041719957017,6.84411703445078
200,69.5,13.5,2644.9966416414,-1365.56612991079,15738,28.0845815180096,0.87559511191295,0.0311770752699827,-0.437469803536704,-1.41933740406047,-1.85603865166457,7.43219409171062,6.73343424876392,18.963101019863,6.76232538800788
201,20.5,14.5,-2630.46204385538,-1254.77512210896,15738,36.9225641610071,3.92748868791165,0.106370962503719,1.04228882523977,-0.466984833942415,-0.107457571096172,30.0779692220275,35.466103976245,21.2848066587735,35.1016822351071
202,21.5,14.5,-2525.28163170225,-1273.76447967438,15738,34.6810741047648,3.96408949628412,0.114301231971922,0.666992291401329,-0.366545652147023,-0.0864871540551158,24.0012935163803,28.4574178431854,19.8661156047793,28.1290996917312
203,22.5,14.5,-2419.82684310396,-1291.95258828221,15738,33.5068247651248,3.39246885099613,0.101247100397503,0.470385705616272,-0.531880045844639,-0.413996951078688,22.2446426103294,25.1629943550341,21.5704984712576,24.9485382324618
204,23.5,14.5,-2314.10961648631,-1309.34076867497,15738,34.256044612632,3.2575066471736,0.0950929006547474,0.595828872793991,-0.609824785206427,-0.491323486332678,23.710814280415,26.5068495105529,22.2845116384907,26.3128937435421
205,24.5,14.5,-2208.14185388946,-1325.93027522602,15738,33.0181422517781,3.02597850225118,0.0916459345040294,0.388564752230504,-0.653481619471984,-0.623977435020246,21.2577491099561,23.3028440668976,22.5771687098876,23.1527237332317
206,25.5,14.5,-2101.9354230633,-1341.72229715144,15738,33.5687725306133,2.91259082235322,0.0867648889960769,0.480757726496814,-0.715301488152428,-0.688942856291282,22.2056183375223,24.1076607780469,23.1113897752757,23.9759799336751
207,26.5,14.5,-1995.5021594942,-1356.71795966262,15738,34.5720679654844,2.88314868186092,0.0833953203129001,0.648741206090859,-0.7579780608589,-0.705811717722475,23.9796223923353,25.9892477591233,23.401844063893,25.8646961873737
208,27.5,14.5,-1888.85386836696,-1370.91832506008,15738,34.9665403487283,2.94732271014967,0.0842898004994326,0.714788395421074,-0.746649207731305,-0.669043236471341,24.3143831289148,26.5074163312232,22.9785698044806,26.3750502873716
209,28.5,14.5,-1782.00232646597,-1384.32439376899,15738,36.0365477103959,2.91593731477492,0.0809161115600905,0.893941567614341,-0.78937796468696,-0.687025484931784,26.4031775793662,28.7503382764194,23.2680460428629,28.6272896512057
210,29.5,14.5,-1674.95928401943,-1396.93710531701,15738,36.3719923792868,2.94398349077612,0.0809409465414014,0.95010564524598,-0.789063422386377,-0.670956440741102,26.70813341714,29.1664425081314,22.9908888709675,29.0415155950412
211,30.5,14.5,-1567.73646649016,-1408.7573392549,15738,36.7117688651308,3.00991782616268,0.0819878180542133,1.00699500643763,-0.775804488548967,-0.633179392313366,26.946208697111,29.6002368307285,22.5502585271594,29.4664078407267
212,31.5,14.5,-1460.34557631674,-1419.78591602042,15738,37.1581870275496,3.15151425250964,0.084813455784941,1.08173956688379,-0.740016960412322,-0.552051782185161,27.2870828971284,30.3334729466703,21.8362379081317,30.1763060579726
213,32.5,14.5,-1352.79829460832,-1430.02359774585,15738,37.4806458134711,3.48013067164334,0.092851406268793,1.13572939580366,-0.638213967065495,-0.363771149537842,26.9379707709728,30.7361413744531,20.3649762320273,30.5189892638994
214,33.5,14.5,-1245.10628279657,-1439.4710890098,15738,37.5555617821718,3.81080956693577,0.101471243834377,1.14827270524383,-0.52904120367229,-0.174308822083526,26.0077173745698,30.4503247897286,18.9133325608735,30.1740165216022
215,34.5,14.5,-1137.28118424811,-1448.12903753343,15738,36.8825962442594,4.16642928339639,0.112964642071391,1.03559692822314,-0.383473954084751,0.0294433378772484,23.3999850839925,28.1820773520752,17.2050065984309,27.8556312321102
216,35.5,14.5,-1029.33462584047,-1455.99803482177,15738,36.0139059321764,4.39843463282919,0.122131563322029,0.890150615759771,-0.267372215841358,0.162370700678913,20.8544548781767,25.6222735274862,15.9157104166344,25.2786047984768
217,36.5,14.5,-921.278219505023,-1463.07861675018,15738,35.1471455053266,4.65833438563877,0.132538057320553,0.745027427298965,-0.135570926268369,0.311280149612936,18.5219924908774,23.2990710772219,14.5920397588653,22.9400239298974
218,37.5,14.5,-813.123563739688,-1469.37126409652,15738,31.9940041921269,4.62295803264279,0.144494512311792,0.217091556135459,0.0158610725191425,0.291011283740691,13.5420198329741,17.206232085439,13.2297890103845,16.9198221248732
219,38.5,14.5,-704.882245094667,-1474.87640301924,15738,28.2089968603893,3.9797076933833,0.141079376664101,-0.416638728858781,-0.0273926191176544,-0.0775387149040977,9.82346377762239,11.9965724178548,13.400457055357,11.8235674750779
220,39.5,14.5,-596.565839634076,-1479.59440548163,15738,25.9242509194017,2.46838742843698,0.0952153810002526,-0.799177669848571,-0.608273535814728,-0.943448995245368,9.13199761860835,9.58803062361964,18.4330565589897,9.52962156363349
221,40.5,14.5,-488.185914376452,-1483.52558962249,15738,38.988728114104,2.70555565384643,0.0693932781271647,1.38823020819603,-0.935318019638203,-0.807563564926183,28.6866027631979,30.9820647869127,21.9443236905042,30.9385558510737
222,41.5,14.5,-379.754028717031,-1486.67022007355,15738,33.4361645417014,1.84422056781808,0.0551564628627778,0.458554942924645,-1.11563144811131,-1.3010651232058,18.5398769093228,18.3914329905739,24.0310368017969,18.416952059589
223,42.5,14.5,-271.281735834661,-1489.02850822355,15738,31.0605140681915,1.54016763983668,0.0495860318491619,0.0607956997653954,-1.18618258581206,-1.47527211441313,15.2154485821835,14.5778883040173,24.7222285987529,14.6097699883942
224,43.5,14.5,-162.780584086168,-1490.60061242947,15738,32.8673067216513,2.229732810222,0.0678404479291627,0.363310100094699,-0.954985068176701,-1.080186053668,16.4962579583156,16.9080330792748,21.4192900028948,16.886516823586
225,44.5,14.5,-54.2621183910088,-1491.38663817475,15738,25.8500860277012,2.23777324031146,0.0865673420936954,-0.811595225175297,-0.717803477438034,-1.07557929278858,8.5772229560457,8.78425229978351,18.4945238309511,8.74368500369355
226,45.5,14.5,54.2621183910088,-1491.38663817475,15738,29.9073060934115,2.45908189274614,0.082223450185233,-0.132287894125398,-0.772820138705722,-0.94878059782205,11.9729446182706,12.5041999992278,18.8589653948453,12.4532311247184
227,46.5,14.5,162.780584086168,-1490.60061242947,15738,32.3540578482945,2.43157840648684,0.0751552840106894,0.277375958816272,-0.862340530189459,-0.964538708164066,14.735179765712,15.3726961804764,19.6120283002315,15.3306222425393
228,47.5,14.5,271.281735834662,-1489.02850822355,15738,32.3948795333389,2.58908030234401,0.0799225167569919,0.284210803726677,-0.801962133416601,-0.874298066283435,14.3457463587302,15.1825592114462,18.7270556701622,15.1265537865104
229,48.5,14.5,379.754028717031,-1486.67022007355,15738,31.0278994330822,2.10877979775333,0.0679639884195621,0.0553349753357552,-0.953420391739907,-1.14948602890428,13.0428956934643,13.1914867202836,20.1737342699726,13.1741551963386
230,49.5,14.5,488.185914376452,-1483.52558962249,15738,30.577742956057,1.62116132003786,0.0530176907552534,-0.0200354975521227,-1.14271962227586,-1.42886682100474,12.9089749381429,12.4589599919104,22.2053720687394,12.4782335326974
231,50.5,14.5,596.565839634076,-1479.59440548163,15738,29.3305137808554,1.25868385108991,0.0429138016638315,-0.22886122267715,-1.27068833221225,-1.63654812723355,11.7903159558187,10.943694145534,23.6030329748087,10.9792539295563
232,51.5,14.5,704.882245094668,-1474.87640301924,15738,28.8786371535033,1.24745703284593,0.0431965340405478,-0.304519703291667,-1.26710744398414,-1.64298052780308,11.1626009338308,10.3343698728618,23.2785626924382,10.3666088930285
233,52.5,14.5,813.123563739689,-1469.37126409652,15738,27.9762533050675,1.40565436623651,0.050244553868902,-0.455607382474818,-1.17784221186611,-1.55234143529389,9.98173245078499,9.36692099785333,21.8656207155172,9.3829456647723
234,53.5,14.5,921.278219505023,-1463.07861675018,15738,27.4482967802342,1.55583208118369,0.0566822813685131,-0.544004051126337,-1.09630651055416,-1.46629717964068,9.22429488239112,8.78435142246566,20.6290076652403,8.78901978288907
235,54.5,14.5,1029.33462584047,-1455.99803482177,15738,27.6140513675218,1.44339071571661,0.0522701539338139,-0.516251475600237,-1.15218739471517,-1.53072041047522,9.31951359739112,8.77491389702394,21.0458610106209,8.78658471508231
236,55.5,14.5,1137.28118424811,-1448.12903753343,15738,27.6233802714937,1.40974741749042,0.0510345730187562,-0.514689521169329,-1.16783638831469,-1.5499963233802,9.20869966690449,8.64157668219826,20.9850020909254,8.65505586049817
237,56.5,14.5,1245.10628279657,-1439.4710890098,15738,27.2579012115872,1.47495510589891,0.0541111032155297,-0.575882308525877,-1.12887123372925,-1.5126356070186,8.71027813826839,8.22485175206192,20.2838197673542,8.23300292018495
238,57.5,14.5,1352.79829460832,-1430.02359774585,15738,27.2205824505981,1.45668518360243,0.0535141077986163,-0.582130652839224,-1.1364323552587,-1.52310335095381,8.55750910893859,8.06555693091194,20.1322630096061,8.07444590639031
239,58.5,14.5,1460.34557631674,-1419.78591602042,15738,27.2696929700888,1.42222204420036,0.0521539441518592,-0.573907994126772,-1.15365922558585,-1.54284899149953,8.48683441508969,7.97180989094581,20.0920843904798,7.98261819184425
240,59.5,14.5,1567.73646649016,-1408.7573392549,15738,27.3377040713242,1.37325477911846,0.050232995994676,-0.56252077851763,-1.17798859572295,-1.57090476446709,8.44372299579347,7.89271804736198,20.1332208064575,7.90621232075382
241,60.5,14.5,1674.95928401943,-1396.93710531701,15738,27.4222393194653,1.32992831479688,0.0484981660069187,-0.54836689658263,-1.19996072481934,-1.59572864312277,8.40782958921357,7.82617210325577,20.1473888020835,7.84210697962644
242,61.5,14.5,1782.00232646597,-1384.32439376899,15738,27.4709822805853,1.28724620007465,0.046858397232646,-0.540205778800099,-1.220728875849,-1.62018334195923,8.34491257062841,7.73494870292644,20.1477537184008,7.75306066619977
243,62.5,14.5,1888.85386836696,-1370.91832506008,15738,27.5472076173386,1.22291028578752,0.0443932576678955,-0.527443239615727,-1.25195058929616,-1.65704457572185,8.32133909464274,7.66393437714923,20.2683692100701,7.68536585964007
244,63.5,14.5,1995.5021594942,-1356.71795966262,15738,27.6493282950747,1.16390959520736,0.0420954022023996,-0.510344998969566,-1.28105360070881,-1.69084899541076,8.31167176536032,7.61149001614465,20.3651305837274,7.63607627693045
245,64.5,14.5,2101.9354230633,-1341.72229715144,15738,27.740965730248,1.1052264579387,0.0398409510572154,-0.495001985649202,-1.30960688371236,-1.72447147306966,8.29373856017951,7.55219535721308,20.4559516658653,7.57981453356359
246,65.5,14.5,2208.14185388946,-1325.93027522602,15738,27.8230829369781,1.05169430214314,0.0377993446853222,-0.481252960544912,-1.33546442542181,-1.75514269816162,8.26418553039758,7.48687260064009,20.5156718151458,7.51717400359733
247,66.5,14.5,2314.10961648631,-1309.34076867497,15738,27.895799506921,1.00285913534146,0.0359501843670996,-0.469077900220107,-1.35888458158617,-1.7831227854777,8.22370631003026,7.41576726623525,20.5470383812516,7.44842275960484
248,67.5,14.5,2419.82684310396,-1291.95258828221,15738,27.9633858907721,0.960215003438088,0.0343382953405137,-0.457761795772822,-1.37929962745875,-1.80755572207481,8.17429946495892,7.34190835740257,20.5432808881026,7.376550659792
249,68.5,14.5,2525.28163170225,-1273.76447967438,15738,28.0193090860597,0.918277278390928,0.0327730164784039,-0.448398479038865,-1.39912434196843,-1.83158392317469,8.11621695778818,7.2610732194036,20.5326231334828,7.29754881477006
250,69.5,14.5,2630.46204385538,-1254.77512210896,15738,28.0511259199446,0.887241640009047,0.0316294484057843,-0.443071331839859,-1.41360796601195,-1.84936577852008,8.03256809038199,7.16538979519779,20.4596714181323,7.2029960650406
251,20.5,15.5,-2615.35694726242,-1143.94443052955,15738,37.7953826465818,3.4372632200221,0.0909439984286803,1.18842632488829,-0.662371845127419,-0.388332037068973,36.7060992297889,40.9863244961759,25.7500800515564,40.7493826550495
252,21.5,15.5,-2510.80802370246,-1163.00316865998,15738,36.681595234514,3.41959687430361,0.0932237775495131,1.0019429835869,-0.63349777590584,-0.398453962069593,32.7011969292805,36.4414527623843,25.0330637961457,36.2162227521608
253,22.5,15.5,-2405.98280780784,-1181.25780612981,15738,34.4155380824937,2.9773518685971,0.0865118500097376,0.622533138664931,-0.718506300908433,-0.651838043361225,27.1730354011311,29.1747152724229,25.9658916078774,29.0442212036724
254,23.5,15.5,-2300.89332953104,-1198.70965722134,15738,34.758888939312,2.81039110622134,0.0808538820423231,0.680020962934113,-0.790166119726728,-0.747498138648787,27.9628447676911,29.6182664477897,26.7295984767371,29.5218983558806
255,24.5,15.5,-2195.55158111139,-1215.35997045737,15738,34.5556302404507,2.72888376312464,0.0789707420798312,0.645989009527616,-0.814016638022138,-0.794197734986986,27.1975113374364,28.6092722376553,26.7770245785441,28.528429226923
256,25.5,15.5,-2089.9695192345,-1231.20992976575,15738,33.8763870180358,2.6836689395486,0.0792194556674483,0.532262148997656,-0.810866607705788,-0.820103548246031,25.269939694098,26.463040756052,26.4153994052375,26.3876389959118
257,26.5,15.5,-1984.15906712241,-1246.26065558766,15738,34.0924895519616,2.63332608656743,0.077240650981322,0.568444567790994,-0.83592874770044,-0.848947463694789,25.4572505061876,26.5560214587514,26.4805254464648,26.4917975628874
258,27.5,15.5,-1878.13211655828,-1260.51320592986,15738,34.8431204424863,2.67842249204824,0.0768709133405366,0.694123988327105,-0.840611583040191,-0.823109498031263,26.6860780754787,27.9778654635381,26.2396408952883,27.9126045797935
259,28.5,15.5,-1771.90052984978,-1273.96857736148,15738,36.4742730669455,2.72713730682344,0.0747687911920275,0.967230676628567,-0.867235574756588,-0.795198366355767,30.2503475816549,31.9352650416446,26.327730370649,31.8760641112168
260,29.5,15.5,-1665.47614173482,-1286.62770595573,15738,36.7065228868097,2.78215833942226,0.0757946577506532,1.00611666326809,-0.854242674806245,-0.763674089954958,30.2502756431856,32.0946056520073,25.8270588947385,32.0280172287539
261,30.5,15.5,-1558.8707612334,-1298.49146817683,15738,36.8599289770365,2.85477344184309,0.0774492388094832,1.03180170870091,-0.833286921861232,-0.722069298996596,29.9977566695047,32.0241128045851,25.2213265250785,31.9458775164517
262,31.5,15.5,-1452.09617344922,-1309.56068171272,15738,37.406857962226,2.92404477150297,0.0781686816480475,1.12337496900861,-0.824174967930323,-0.682380321169297,30.8201091892553,33.1189796752472,24.7964149407201,33.0327184853399
263,32.5,15.5,-1345.16414132452,-1319.83610625377,15738,37.9639532142801,3.08017434654928,0.081134183502014,1.21665038485599,-0.786616019773594,-0.592925949892994,31.4856406091931,34.2829852933775,23.987073211512,34.1696919332803
264,33.5,15.5,-1238.08640735146,-1329.31844421799,15738,37.9282814342922,3.28006021827338,0.0864805916386121,1.21067779740327,-0.718902197319355,-0.47840142770178,30.4080148625104,33.6240493819055,22.8092393586451,33.470832639014
265,34.5,15.5,-1130.87469524363,-1338.00834142285,15738,37.728141503983,3.4551509026557,0.0915802041903107,1.17716802477746,-0.654314113116182,-0.378083297180298,28.989302954227,32.4878121259994,21.7278664406172,32.3016581312126
266,35.5,15.5,-1023.54071157072,-1345.90638770433,15738,37.707912309816,3.70998163170578,0.098387351737317,1.17378101601867,-0.568099598877641,-0.232078143177313,27.9143582051413,31.908195662471,20.4445202401061,31.6748176313831
267,36.5,15.5,-916.096147359595,-1353.01311748316,15738,36.3562957296106,3.94901211645969,0.108619759995059,0.947477528203946,-0.438503156118054,-0.0951257321866984,23.8250082045933,27.7624814514173,18.7677399375133,27.500921780963
268,37.5,15.5,-808.552679664966,-1359.32901027888,15738,34.3204579289706,4.09285942870634,0.119254219660381,0.606613705092311,-0.30381461471302,-0.012708477973374,19.1880598898511,22.697033855252,17.1786160176708,22.4416084344318
269,38.5,15.5,-700.921973112695,-1364.85449117157,15738,29.597039260651,3.73622820228552,0.126236552561283,-0.184236403366294,-0.215381326739448,-0.217040182120458,12.4915602578953,14.529408216455,16.1435667011377,14.3661493311024
270,39.5,15.5,-593.215681418708,-1369.58993121187,15738,31.6146782096875,2.22294488131265,0.0703136962700914,0.153580354732676,-0.923660654708063,-1.08407519454777,17.0971697387856,17.1783132300565,23.8765953463704,17.1639395392209
271,40.5,15.5,-485.445448886541,-1373.53564777919,15738,32.3995610747469,1.80012863912433,0.0555602785781997,0.284994642253437,-1.11051700399112,-1.32632757433647,18.7405788221113,18.1545697831847,26.2446166725175,18.1945712024275
272,41.5,15.5,-377.622911886424,-1376.69190488847,15738,31.2402132608518,1.67471834759087,0.0536077757730778,0.0908830445435641,-1.13524602297162,-1.3981813456503,16.8385197889175,16.0746602942684,26.3043332014943,16.1141464811214
273,42.5,15.5,-269.75970031882,-1379.05891344555,15738,31.7718244021299,1.52315101726891,0.0479403070466045,0.179891611909688,-1.20702617168162,-1.48502178082063,17.6017243539688,16.6010736805278,27.0798491035192,16.662107888502
274,43.5,15.5,-161.867439065256,-1380.6368314513,15738,32.1619478525784,2.46823802262415,0.0767440465340557,0.245210651944993,-0.842218388242842,-0.943534597240042,16.4514352922899,16.9253620242645,21.7436700532647,16.890507268046
275,44.5,15.5,-53.9577494293276,-1381.42576415468,15738,26.7682570939689,2.20561076836052,0.0823965027165501,-0.657864264968103,-0.770628377792326,-1.0940067669312,10.1688275040345,10.1934909938277,20.6304227965999,10.1634560500056
276,45.5,15.5,53.9577494293276,-1381.42576415468,15738,35.3775578638334,2.55947573664868,0.0723474397667577,0.783605764624331,-0.897902698612636,-0.89125998916319,21.0693951118831,21.9585742837574,21.9202862739736,21.9347610295976
277,46.5,15.5,161.867439065256,-1380.6368314513,15738,37.243457980222,2.51662446063803,0.0675722555616203,1.09601662909334,-0.958381802936815,-0.915811608885352,24.543968693951,25.6058354387021,22.4218449210419,25.607891747415
278,47.5,15.5,269.75970031882,-1379.05891344555,15738,34.9747106025173,2.42938263953447,0.0694611219845122,0.716156355059828,-0.934458757345901,-0.965796771872597,19.8870272457147,20.4947940143363,21.8590230777503,20.4859535032075
279,48.5,15.5,377.622911886424,-1376.69190488847,15738,34.4024565385612,2.40731463271013,0.0699750795415381,0.620342873273638,-0.927949334593972,-0.97844062666569,18.6282686649472,19.1427996183716,21.5226186773548,19.1322797248461
280,49.5,15.5,485.445448886541,-1373.53564777919,15738,33.7162887243837,2.50138376956395,0.0741891787085967,0.505456616439647,-0.874576536350341,-0.924543756125515,17.0999213579695,17.6955750443863,20.6335526527056,17.6699261629579
281,50.5,15.5,593.215681418708,-1369.58993121187,15738,32.8486465098276,2.09829219561083,0.0638775845751534,0.360185788747158,-1.00517589138133,-1.15549489593395,16.1284566104643,16.0898045645589,21.9651468739688,16.1007841833104
282,51.5,15.5,700.921973112695,-1364.85449117157,15738,31.4498128484992,1.75385688022534,0.0557668463298674,0.125976663861195,-1.10790076301142,-1.35283895822341,14.4623450391824,13.9392836100738,23.0145847072562,13.9699217865111
283,52.5,15.5,808.552679664966,-1359.32901027888,15738,28.5216940916059,1.50451465186497,0.0527498348111012,-0.364283293825887,-1.14611209613537,-1.49569947817291,11.2525487086253,10.5070812550865,23.2446640978534,10.5322126382511
284,53.5,15.5,916.096147359595,-1353.01311748316,15738,27.604471599939,1.58599633771279,0.0574543269908593,-0.517855432556804,-1.08652832698448,-1.44901458214416,10.1184216878829,9.5106110295364,22.2058146816478,9.52448650749652
285,54.5,15.5,1023.54071157072,-1345.90638770433,15738,27.4556603799525,1.57247486528712,0.0572732487044933,-0.542771150965498,-1.08882173643247,-1.45676170381671,9.83735839348636,9.23225390718154,21.9739074524699,9.24598591694554
286,55.5,15.5,1130.87469524363,-1338.00834142285,15738,27.580608090386,1.45519796666525,0.0527616346201045,-0.521850940989029,-1.14596264810382,-1.52395545124313,9.90811368238393,9.18814687185152,22.4340226012199,9.2092594143893
287,56.5,15.5,1238.08640735146,-1329.31844421799,15738,27.4508884652686,1.45690396962486,0.0530731080514267,-0.543570120845223,-1.14201774601463,-1.5229779975986,9.63439408714366,8.93473924061893,22.1210384699249,8.95474917590863
288,57.5,15.5,1345.16414132452,-1319.83610625377,15738,27.2577977642835,1.49171603546764,0.0547262126004275,-0.575899628885784,-1.12108069349836,-1.50303243980232,9.28276422229943,8.6383533986642,21.6024548411732,8.65513904714312
289,58.5,15.5,1452.09617344922,-1309.56068171272,15738,27.2469384496041,1.45055388250318,0.0532373163754205,-0.577717822612626,-1.13993799957321,-1.52661627721891,9.16374982625159,8.4914745429715,21.5793608304102,8.51024739219556
290,59.5,15.5,1558.8707612334,-1298.49146817683,15738,27.2984067538988,1.40213579426026,0.0513632830992969,-0.569100395936776,-1.16367317902278,-1.5543573995584,9.10343065755874,8.39457822271835,21.6162296378594,8.41601535409169
291,60.5,15.5,1665.47614173482,-1286.62770595573,15738,27.3742646434162,1.36222923426622,0.0497631352663147,-0.556399379074843,-1.18393951924499,-1.57722184553545,9.05465324850113,8.31722970133803,21.6104472336874,8.34097303827928
292,61.5,15.5,1771.90052984978,-1273.96857736148,15738,27.4396007819981,1.32077087973554,0.0481337498394668,-0.545460037061752,-1.20457616214321,-1.600975391509,8.9990283303642,8.2327062184568,21.6092209288693,8.25872660346804
293,62.5,15.5,1878.13211655828,-1260.51320592986,15738,27.5103906524092,1.27109557453162,0.0462041993729487,-0.533607567352074,-1.22901448304353,-1.62943683575271,8.95560714787929,8.15308762492275,21.6548064923488,8.18179401745735
294,63.5,15.5,1984.15906712241,-1246.26065558766,15738,27.6082467865589,1.21769807685558,0.0441063167201335,-0.517223346570478,-1.25558478030725,-1.66003090853438,8.93683889029283,8.09415375567561,21.7268400624243,8.12586390252154
295,64.5,15.5,2089.9695192345,-1231.20992976575,15738,27.6945088128756,1.1620011686208,0.0419578182979206,-0.502780347196745,-1.28279614109152,-1.69194242758322,8.91082975912232,8.02717090770477,21.8070696127361,8.06187667769115
296,65.5,15.5,2195.55158111139,-1215.35997045737,15738,27.7831198498048,1.10196812309319,0.0396632246144572,-0.487944048937587,-1.31185784108091,-1.7263383345847,8.89040412444149,7.96244451056363,21.9106614958833,8.00033005059963
297,66.5,15.5,2300.89332953104,-1198.70965722134,15738,27.8730810406339,1.04398851345364,0.0374550811921974,-0.472881692089695,-1.33982462323225,-1.75955772639828,8.86879298753176,7.89921065039671,22.0010285981918,7.94013172048959
298,67.5,15.5,2405.98280780784,-1181.25780612981,15738,27.9390691601347,0.991698827098057,0.0354950560956082,-0.46183318779042,-1.36464891423386,-1.78951707917168,8.82325933228676,7.81939925386372,22.052285264813,7.86284107854827
299,68.5,15.5,2510.80802370246,-1163.00316865998,15738,27.9786162061906,0.94335978451997,0.0337171709125214,-0.455211757877317,-1.38716634996936,-1.81721291233231,8.7540543389293,7.72178926856451,22.0746548696044,7.76729779499339
300,69.5,15.5,2615.35694726242,-1143.94443052955,15738,28.0093079499208,0.910785228390536,0.0325172342715133,-0.450072986457235,-1.40236389841489,-1.83587648992354,8.66444033357335,7.61925447251351,22.0051653275476,7.66594352912137
301,20.5,16.5,-2599.68368610425,-1033.0826343487,15738,37.983856662072,2.95729396243785,0.0778566007329844,1.21998285333915,-0.828127563978739,-0.663330211863334,42.0311609678583,44.5055715544677,30.6310632997974,44.4319663506178
302,21.5,16.5,-2495.78915345092,-1052.20405673734,15738,37.5636450910162,3.00986504293891,0.0801270759439358,1.14962610754103,-0.79937133149647,-0.633209634438186,39.66855155113,42.1488822114849,29.7801325726739,42.0575244564163
303,22.5,16.5,-2391.61645013691,-1070.51882708306,15738,35.1399811273125,2.87522060621497,0.081821916631031,0.74382788317058,-0.777905678586699,-0.710354105172959,31.7485442160565,33.2634492769042,29.0732472849954,33.1818059900048
304,23.5,16.5,-2287.17769569914,-1088.02825040089,15738,34.1089752543638,2.65016485956463,0.0776969944069362,0.571204797287529,-0.830149024770447,-0.839299696120441,29.0147567481986,29.7986161164201,29.5993816584206,29.7533833279802
305,24.5,16.5,-2182.4849706828,-1104.73356669715,15738,35.0645077511837,2.63615527035243,0.0751801590673532,0.731191246046387,-0.862025480322813,-0.847326484090913,31.1313689585349,31.9850333093381,29.7876797363589,31.9541731464713
306,25.5,16.5,-2077.55031886173,-1120.63595208407,15738,35.1779426632153,2.62015627492507,0.0744829309664236,0.750183848392837,-0.870856078105513,-0.856493101476391,30.9800548760921,31.7988877525381,29.5864845456968,31.773544345885
307,26.5,16.5,-1972.385749389,-1135.73651984124,15738,35.0293668555947,2.62577388865052,0.0749592163476729,0.725307545481308,-0.864823784475947,-0.853274492165923,30.0626286176413,30.8688574231716,29.1390697493879,30.8414310987895
308,27.5,16.5,-1867.00323888151,-1150.03632142403,15738,35.5227896233104,2.68698827654092,0.0756412518564615,0.807922167805858,-0.85618560531535,-0.818201735577842,30.75303582526,31.7691398483495,28.6558819276478,31.7365737469185
309,28.5,16.5,-1761.41473344281,-1163.5363474194,15738,36.9308107974554,2.68629551824577,0.0727386011907127,1.04366957375848,-0.89294852479427,-0.818598651138014,34.299575738094,35.5338027675756,28.9185049999544,35.5216757464297
310,29.5,16.5,-1655.63215062778,-1176.23752844931,15738,37.4390753876801,2.681314446343,0.0716180733252117,1.12876918794277,-0.907140337877182,-0.821452554091458,35.3150652091167,36.6195701145874,28.8109723270332,36.6175293048272
311,30.5,16.5,-1549.66738135302,-1188.14073602217,15738,37.2775191512976,2.68480019111034,0.0720219653087318,1.10171954952681,-0.902024927799235,-0.819455398161842,34.2395097705891,35.5065756255142,28.3900987266388,35.5016028927738
312,31.5,16.5,-1443.53229175651,-1199.24678333243,15738,38.076115658632,2.70121354177743,0.0709424660329042,1.2354299357511,-0.915697101796296,-0.810051376124208,36.1100339010886,37.5713061068177,28.2761656071016,37.5768909578288
313,32.5,16.5,-1337.23872501008,-1209.55642600877,15738,38.400411258857,2.76032368151781,0.0718826593525387,1.28972730564778,-0.903789278470465,-0.776184247587146,36.3963454964669,38.0764197032427,27.7555794309512,38.0743295830679
314,33.5,16.5,-1230.79850308817,-1219.07036281107,15738,38.4165965544555,2.84063333887855,0.0739428682822527,1.29243723751669,-0.87769612992643,-0.730170864764005,35.6411569463608,37.5212451602806,27.025467421951,37.5010954276622
315,34.5,16.5,-1124.22342849609,-1227.78923627646,15738,38.9698128840235,2.93351306120902,0.0752765498243301,1.38506319870332,-0.860804663198979,-0.676955468751265,36.5720348318906,38.8262640529728,26.452757463511,38.7934969206954
316,35.5,16.5,-1017.52528596133,-1235.71363331463,15738,38.7686175577734,3.1436399013064,0.0810872323889733,1.35137671932059,-0.787210669349764,-0.55656338823985,34.7907279223692,37.5106281912802,25.0697965025933,37.4265527514981
317,36.5,16.5,-910.715844090841,-1242.84408575273,15738,37.6648264262134,3.32328759633811,0.0882331849543643,1.1665670724509,-0.696705090479539,-0.453634320473331,30.5850892308866,33.3815246299259,23.531511359643,33.2522830175466
318,37.5,16.5,-803.806856997641,-1249.18107083,15738,36.1175184657089,3.6051193202662,0.0998163626243872,0.907498640386815,-0.550000758119514,-0.292158958343978,25.5827019673548,28.5316646177948,21.3922023953559,28.3506276213709
319,38.5,16.5,-696.810065899766,-1254.72501164238,15738,30.9817156343876,2.64701650192137,0.0854380219984771,0.0476023425179982,-0.732106646681353,-0.841103546245872,17.1236997253391,17.5916113944975,23.4503287156527,17.5429645677294
320,39.5,16.5,-589.737200694618,-1259.47627753719,15738,33.4964610498641,2.27779185845935,0.0680009704627763,0.468650490952178,-0.952952003348258,-1.05265064314162,21.8418722693687,21.761425493769,26.2796428751752,21.7777705160698
321,40.5,16.5,-482.599981511698,-1263.43518445819,15738,31.3424944977609,1.78233879252599,0.0568665264551076,0.108008167888101,-1.09397299265523,-1.33652025911182,18.5562850687252,17.6006574154819,28.1420658085115,17.6509715510368
322,41.5,16.5,-375.410120246718,-1266.60199524104,15738,31.1270382389481,1.58638738010722,0.0509649317718327,0.0719339560480506,-1.16871841507157,-1.44879053457645,18.2418520459966,16.9821992256077,29.0207068160174,17.0501969837779
323,42.5,16.5,-268.17932207998,-1268.97691985929,15738,31.3690234955179,1.36091482944958,0.0433840355165671,0.112449963593004,-1.26473268296091,-1.57797493319639,18.7188507667842,17.0820607896296,30.2913086080326,17.1769433267341
324,43.5,16.5,-160.919286981941,-1270.56011562111,15738,31.9306029978936,2.47227361756781,0.0774264619346805,0.206476185181355,-0.833575397641053,-0.941222404894013,17.4786217090217,17.6896481885416,23.4208074227997,17.6692423436746
325,44.5,16.5,-53.6417112088296,-1271.35168731674,15738,31.0743706058798,2.47323311197848,0.0795907709072152,0.0631157236936612,-0.806163791613613,-0.940672662993899,15.9138743955444,16.1011271818318,22.7876128698907,16.0761694685807
326,45.5,16.5,53.6417112088296,-1271.35168731674,15738,35.8413252033656,2.70773205552277,0.0755477661654236,0.861255127622473,-0.857369628929564,-0.806316596544029,23.5435350142529,24.4489980742873,23.1862993409797,24.4305724778313
327,46.5,16.5,160.919286981941,-1270.56011562111,15738,37.2350091604557,2.66066059434208,0.0714558866596911,1.09460202867409,-0.909194479422854,-0.833286169501147,26.3181527521249,27.310559044003,23.6002756295949,27.3164195327188
328,47.5,16.5,268.17932207998,-1268.97691985929,15738,36.6468801174826,2.55683389288108,0.0697694833689631,0.996130571857741,-0.930553270240358,-0.892773632386583,24.7777187129928,25.4721143363333,23.6086393511041,25.4874474686687
329,48.5,16.5,375.410120246718,-1266.60199524104,15738,36.7076602810477,2.54522175600302,0.0693376188107836,1.00630709914083,-0.936022961156146,-0.899426801097848,24.5306828298497,25.2028023590118,23.4043600892077,25.2208877330559
330,49.5,16.5,482.599981511698,-1263.43518445819,15738,36.9417020108379,2.5593194381494,0.0692799545997786,1.04549310834003,-0.936753295250775,-0.891349540319531,24.6116351903678,25.3326825847498,23.139338066398,25.3517788860885
331,50.5,16.5,589.737200694618,-1259.47627753719,15738,36.3758898254028,2.54037956921271,0.0698369051975372,0.950758201349932,-0.929699353065881,-0.902201129887261,23.0632971555704,23.6754207130348,22.7761691190799,23.6900733379585
332,51.5,16.5,696.810065899767,-1254.72501164238,15738,35.550052887755,2.61290271940472,0.0734992639154334,0.812486903044668,-0.883314508951613,-0.860649022917913,20.9602854049919,21.6090776936748,21.9223509140637,21.6044759746434
333,52.5,16.5,803.806856997641,-1249.18107083,15738,30.2247895605456,1.97532148297374,0.065354350243426,-0.079131091384027,-0.986472222354755,-1.2259509115933,13.5626241001909,13.0956162056294,22.9754043008337,13.112422794771
334,53.5,16.5,910.715844090841,-1242.84408575273,15738,27.5336121234222,1.55740268859244,0.0565636895591913,-0.529719556536433,-1.09780851049801,-1.4653973008174,10.9444632387228,10.08632956123,24.1914048387163,10.1130507589084
335,54.5,16.5,1017.52528596133,-1235.71363331463,15738,27.3489287410702,1.62791231392714,0.0595238054601562,-0.560641412763841,-1.06031777701101,-1.42499884202846,10.5123961818377,9.75920757368376,23.4027190381624,9.78001639020323
336,55.5,16.5,1124.22342849609,-1227.78923627646,15738,27.2867611680132,1.60653069500028,0.0588758293851133,-0.571050236403478,-1.06852458348351,-1.43724943117792,10.3082361973751,9.54857664824157,23.2363974352579,9.57007228824751
337,56.5,16.5,1230.79850308817,-1219.07036281107,15738,27.3569494324516,1.50536014121006,0.055026608318556,-0.559298494616134,-1.11727609388612,-1.49521505542493,10.3153569438814,9.45571449783401,23.6099272148376,9.48346585456845
338,57.5,16.5,1337.23872501008,-1209.55642600877,15738,27.2766039025785,1.5060860121419,0.0552153053041741,-0.57275088481827,-1.11488619138423,-1.49479916799414,10.0752304344781,9.236340055803,23.3011539819491,9.26318262799643
339,58.5,16.5,1443.53229175651,-1199.24678333243,15738,27.2164444222295,1.48480201607283,0.0545553266634673,-0.582823490043372,-1.12324501386067,-1.50699382417021,9.88155438289085,9.03864586818977,23.1375562850288,9.06599306397148
340,59.5,16.5,1549.66738135302,-1188.14073602217,15738,27.2861913414889,1.43229448921229,0.0524915504434829,-0.571145643438133,-1.14938334317913,-1.53707798856501,9.83685780625978,8.95038338178204,23.2088145456298,8.98084318185012
341,60.5,16.5,1655.63215062778,-1176.23752844931,15738,27.3643983006402,1.39129088278674,0.0508431015913912,-0.558051317808721,-1.17026142993262,-1.56057098681195,9.78743462820858,8.86980976618537,23.2106873869129,8.90273886418525
342,61.5,16.5,1761.41473344281,-1163.5363474194,15738,27.4523942441767,1.33838081604518,0.0487527901625221,-0.543318005693802,-1.19673583543106,-1.59088578625434,9.75870673024339,8.79779628913252,23.2866253671462,8.83388090621336
343,62.5,16.5,1867.00323888151,-1150.03632142403,15738,27.5308168395257,1.29474303451782,0.0470288637661841,-0.530187575725066,-1.21856986735368,-1.61588803396599,9.71197974303519,8.718767413758,23.3011806639774,8.75737218183309
344,63.5,16.5,1972.385749389,-1135.73651984124,15738,27.603107097537,1.2442437066839,0.0450762192200792,-0.51808389353992,-1.24330068152518,-1.64482160161273,9.66697256737518,8.63562728917126,23.3542236171221,8.67703039595531
345,64.5,16.5,2077.55031886173,-1120.63595208407,15738,27.6944017490266,1.19046011738043,0.0429855870572207,-0.502798273081056,-1.26977914921339,-1.67563688542234,9.64125046329478,8.56808713277655,23.4306853823602,8.61256415299233
346,65.5,16.5,2182.48497068279,-1104.73356669715,15738,27.7881790157012,1.129414900029,0.040643717581884,-0.487096984093489,-1.29943961093131,-1.71061271582461,9.62460404874237,8.50299627919075,23.5500154596845,8.5509082832228
347,66.5,16.5,2287.17769569914,-1088.02825040089,15738,27.8704921477843,1.06892640406663,0.0383533379460473,-0.473315154870499,-1.32844793877523,-1.74526957295214,9.59739919281923,8.42959987997143,23.6611681248697,8.48076466181255
348,67.5,16.5,2391.61645013691,-1070.51882708306,15738,27.9193286218278,1.00694476261058,0.0360662240933447,-0.465138380058408,-1.35741490452078,-1.78078192713283,9.54358689478324,8.33141371532102,23.7722856902715,8.38555353167405
349,68.5,16.5,2495.78915345092,-1052.20405673734,15738,27.966396716214,0.959556392438321,0.0343110484405738,-0.457257688092678,-1.37964471741407,-1.80793307295713,9.47402831521809,8.2330460047369,23.792504263611,8.28931098104039
350,69.5,16.5,2599.68368610426,-1033.0826343487,15738,28.0088630973922,0.928239185088084,0.033140909070833,-0.450147468880929,-1.39446487470564,-1.82587625311895,9.3854136346179,8.13243295453998,23.7125124300469,8.18989815418237
351,20.5,17.5,-2583.44454556266,-922.198335234753,15738,38.123898213239,2.68755035718202,0.0704951613853783,1.24343025101997,-0.921362345958669,-0.817879691722019,47.1445230559006,48.1144362357842,34.9636763449295,48.1695797935395
352,21.5,17.5,-2480.22718792952,-941.375680994794,15738,37.2006626640588,2.73181876613388,0.0734346802045869,1.08885133573154,-0.884132480535144,-0.792516126305178,42.5895507293963,43.5275329087419,33.828817099104,43.5469054090174
353,22.5,17.5,-2376.72982210117,-959.744126207034,15738,34.773908050955,2.62029893753531,0.0753524433807016,0.682535638618376,-0.859843449114633,-0.856411362996672,34.0555329865661,34.3418042596012,32.9727931291273,34.3421753314567
354,23.5,17.5,-2272.96465509514,-977.304963833443,15738,33.6988049563011,2.61368261566157,0.0775600980227893,0.502529279090299,-0.831882857507102,-0.86020218170095,30.4439212206852,30.641420260509,32.0713313248781,30.6278725749297
355,24.5,17.5,-2168.9438537109,-994.059422717281,15738,35.0196729475335,2.73718162663428,0.0781612561240972,0.723684477788198,-0.824269014362535,-0.789443477742827,33.3683024893551,34.0016677048654,31.5579162049573,33.9820070774696
356,25.5,17.5,-2064.67954680788,-1010.0086686454,15738,35.8523728084285,2.70310667837554,0.07539547501693,0.863104847131957,-0.859298440858428,-0.808966704343903,35.464456256014,36.0907348842326,31.8157251831238,36.0922943924753
357,26.5,17.5,-1960.18382751322,-1025.15380536048,15738,36.3414698666335,2.68315866812868,0.0738318697062991,0.944995208476058,-0.879101959349244,-0.820395908031397,36.50326373047,37.1286915530359,31.7988356638606,37.1440533091205
358,27.5,17.5,-1855.46875536342,-1039.49587552343,15738,36.7249834691119,2.74662268711459,0.0747889427758266,1.00920755030163,-0.866980349055019,-0.784034226297694,36.9724326059572,37.8312043159249,31.2095960771702,37.839180727565
359,28.5,17.5,-1750.5463583836,-1053.0358616261,15738,37.4822555268821,2.78153909891136,0.0742094908593868,1.13599891288759,-0.874319277020876,-0.764028883533016,38.8021364713256,39.8808346372223,30.9724863487674,39.8953490363832
360,29.5,17.5,-1645.42863510842,-1065.77468685446,15738,37.6127319019622,2.78735503134482,0.0741066891554189,1.15784479669108,-0.875621290663049,-0.76069664760612,38.6015512278385,39.710280886103,30.6317324056562,39.7262895501516
361,30.5,17.5,-1540.12755654833,-1077.71321590258,15738,38.4100585386795,2.7345878596963,0.0711945767263679,1.29134256629472,-0.912504046141013,-0.790929575367865,40.9233924299606,42.014603388842,30.9145723700187,42.0619050892624
362,31.5,17.5,-1434.65506810471,-1088.85225573748,15738,38.9285873008783,2.69815254421111,0.0693103123254162,1.3781607284395,-0.936368805778325,-0.811805173332024,42.2646320529161,43.3388650997263,30.9696748980115,43.408827982109
363,32.5,17.5,-1329.02309143755,-1099.1925563151,15738,38.7667109859931,2.65252441356315,0.0684227355403337,1.35105749872951,-0.947610225307853,-0.837947790695938,41.1303696425149,42.0204240169086,30.802738878911,42.0976735076342
364,33.5,17.5,-1223.24352628907,-1108.73481124753,15738,39.0504228827277,2.6503548514761,0.0678700678718737,1.39855986937654,-0.95460992294076,-0.839190840338419,41.4964650738616,42.4283449262431,30.562817822779,42.5132206309339
365,34.5,17.5,-1117.32825226663,-1117.47965842183,15738,39.6055634558345,2.66281436369068,0.0672333412617668,1.49150800996714,-0.962674251650259,-0.832052168301209,42.8315824176977,43.9117264172339,30.3431488107759,44.0082978676739
366,35.5,17.5,-1011.28913058828,-1125.4276805704,15738,38.9824406429567,2.73989215828814,0.0702852903281002,1.38717748609199,-0.924020424269887,-0.787890479825242,39.6577450299494,40.8255193891968,29.3344762650012,40.8840408390683
367,36.5,17.5,-905.138005794134,-1132.57940579324,15738,37.8715832171317,2.88114567996136,0.0760767159757408,1.20118471742466,-0.850670324905646,-0.706959336778871,34.980682378822,36.3081599614788,27.8047178556332,36.3094200621459
368,37.5,17.5,-798.886707426823,-1138.93530803217,15738,37.2596584137793,2.92012698905097,0.0783723499722438,1.09872909553673,-0.821595449047397,-0.684625012900105,32.4900754847897,33.7907686121134,27.0274001865127,33.7743722828035
369,38.5,17.5,-692.547051684018,-1144.49580749726,15738,33.8185952452363,2.41802188870277,0.0714997731623218,0.522585973118297,-0.908638644033683,-0.972305909059291,24.4968755404666,24.3088578561883,28.0670334737598,24.3344287988028
370,39.5,17.5,-586.130843046193,-1149.26127104542,15738,31.7348021235668,2.10220947239008,0.0662430307334087,0.17369290815866,-0.975216824079918,-1.15325049392813,20.5792116862538,19.7869951952389,28.809083071225,19.8278222607195
371,40.5,17.5,-479.649875882601,-1153.23201251147,15738,31.1432406628718,1.74655721306434,0.0560814217110854,0.0746467557419024,-1.10391657381972,-1.35702129930914,19.8520145652805,18.4492442455917,30.6351436123987,18.5236855362714
372,41.5,17.5,-373.115936038456,-1156.40829299167,15738,31.1061351939492,1.41504042476063,0.0454907180187362,0.0684341232859552,-1.23805093303186,-1.54696369719534,20.0787879060656,18.0922797120025,32.6778848277621,18.2030386102433
373,42.5,17.5,-266.540802406272,-1158.79032107988,15738,34.7767032445621,1.99780208173885,0.0574465632262379,0.683003642689699,-1.0866266573337,-1.21307066242942,25.8861287434608,24.8634397023914,29.627346782026,24.9680086741452
374,43.5,17.5,-159.936248484264,-1160.37825305636,15738,29.5144976564883,2.49132117542414,0.0844100822727863,-0.198056486062371,-0.745125803898814,-0.93030911500719,15.2051560940057,15.1545624336182,24.1068940656875,15.1337463947087
375,44.5,17.5,-53.3140439247294,-1161.17219302934,15738,33.9732432430256,2.70762949408269,0.0796988816968053,0.548478953269501,-0.804794536849545,-0.806375359075963,21.9686579138041,22.3751322087356,24.6471123078908,22.3615137561278
376,45.5,17.5,53.3140439247294,-1161.17219302934,15738,37.1872728861398,2.86798374242975,0.0771227229060587,1.08660946219393,-0.837422341258345,-0.714500463092187,28.4438567527122,29.4976850530224,24.8145171032919,29.4953020322397
377,46.5,17.5,159.936248484264,-1160.37825305636,15738,38.1786946538958,2.81781750797281,0.0738060201774151,1.2526049132889,-0.879429351191515,-0.743243185035255,30.6812190986966,31.7656130613921,25.116800691785,31.7883922754285
378,47.5,17.5,266.540802406273,-1158.79032107988,15738,38.3040265972755,2.72151292454486,0.0710503089703484,1.27358945604813,-0.914331239457981,-0.798420853705767,30.7456307264721,31.6149586209434,25.3201513677321,31.6590706855431
379,48.5,17.5,373.115936038456,-1156.40829299167,15738,38.9380433648192,2.68555500840997,0.0689699526822241,1.37974397348263,-0.940679560187802,-0.819022925922379,32.0778583464283,32.9560215421404,25.4011676715133,33.019812275039
380,49.5,17.5,479.649875882601,-1153.23201251147,15738,38.8567675434054,2.68006088155939,0.0689728212354667,1.3661358229684,-0.940643229122157,-0.822170783482265,31.3456286338701,32.1887098125251,25.1025769912746,32.2513373054973
381,50.5,17.5,586.130843046193,-1149.26127104542,15738,37.7294859685594,2.65461748466647,0.0703592274455741,1.17739313079296,-0.923083989056283,-0.836748566528908,27.9667825040204,28.5842560735993,24.5612778575956,28.6295737587942
382,51.5,17.5,692.547051684019,-1144.49580749726,15738,36.1533928191379,2.67009559233554,0.0738546339396981,0.913505145059043,-0.878813643676496,-0.827880391555186,23.8915880757537,24.3674477695046,23.6690129060814,24.3858649805002
383,52.5,17.5,798.886707426824,-1138.93530803217,15738,36.0439615856815,2.62582927543594,0.0728507400384938,0.895182885499843,-0.891528253495322,-0.853242758331606,23.3598769574915,23.7391921925903,23.5611797889368,23.7628353607614
384,53.5,17.5,905.138005794134,-1132.57940579324,15738,35.3181202684035,2.44577703973015,0.0692499210360923,0.773654025832345,-0.937133679117319,-0.956403607499211,21.8635500378227,21.8653779669007,23.8970953882769,21.9046789476812
385,54.5,17.5,1011.28913058828,-1125.4276805704,15738,31.3623419051583,2.42751020915321,0.0774020708177391,0.11133125343165,-0.833884318269601,-0.966869580035077,15.1196504486596,15.0099182255367,22.2686371815277,15.0107188704411
386,55.5,17.5,1117.32825226663,-1117.47965842183,15738,29.6618956028847,1.65938043858199,0.0559431690003186,-0.173377394480673,-1.10566758482963,-1.40696919386341,13.7449135191027,12.6516208811462,25.6895753100809,12.703375934641
387,56.5,17.5,1223.24352628907,-1108.73481124753,15738,26.5738345076008,1.72343472211606,0.0648545742099475,-0.690416772868213,-0.992802031963973,-1.37026932031674,10.1936403112703,9.39865623847411,23.8082871933419,9.41967536477714
388,57.5,17.5,1329.02309143755,-1099.1925563151,15738,26.9376438376955,1.58343069283799,0.0587813359764674,-0.629503551244777,-1.06972137013591,-1.45048456724548,10.520467147539,9.55932961585288,24.5820215421982,9.59091167767118
389,58.5,17.5,1434.65506810471,-1088.85225573748,15738,27.1855410610892,1.45620315862596,0.0535653550302236,-0.587997692930244,-1.1357832940846,-1.52337952695184,10.7269114217757,9.62071724174186,25.2245188225052,9.66147791852175
390,59.5,17.5,1540.12755654833,-1077.71321590258,15738,27.3019599514611,1.40722036601114,0.0515428331340671,-0.568505477960015,-1.16139912532814,-1.55144419641255,10.7186134245301,9.56732485987131,25.294680002684,9.61147591040925
391,60.5,17.5,1645.42863510842,-1065.77468685446,15738,27.3847319252353,1.37769033979773,0.050308702804141,-0.554646824083817,-1.17702974684279,-1.56836341192896,10.6559728454054,9.48513746160232,25.2212708826206,9.5311810348496
392,61.5,17.5,1750.5463583836,-1053.0358616261,15738,27.4591160641039,1.33394109634189,0.0485791710566274,-0.542192559826783,-1.19893477217717,-1.59342952170346,10.6015628507128,9.39647995691826,25.2380553362109,9.44514940292097
393,62.5,17.5,1855.46875536342,-1039.49587552343,15738,27.5408875157197,1.28587091869211,0.0466895236385597,-0.528501425095718,-1.22286770930036,-1.62097130882179,10.558820072115,9.314911917911,25.2840212055672,9.36647622431901
394,63.5,17.5,1960.18382751322,-1025.15380536048,15738,27.6601525481342,1.23302825374869,0.0445777821218799,-0.508532675670025,-1.24961353312755,-1.65124749043361,10.5558843394412,9.26561652335504,25.3706619946223,9.32065328089294
395,64.5,17.5,2064.67954680788,-1010.0086686454,15738,27.7360011272986,1.18776293466058,0.0428238710118722,-0.495833217656514,-1.27182733021696,-1.67718223507406,10.5040078432711,9.1802343849025,25.392008507538,9.23784738521514
396,65.5,17.5,2168.9438537109,-994.059422717281,15738,27.8243893106945,1.12981230313833,0.0406051069269679,-0.481034232147567,-1.29992862616641,-1.71038502388809,10.4774275980846,9.1060256622605,25.4986862584025,9.16701639115064
397,66.5,17.5,2272.96465509514,-977.304963833443,15738,27.8867435600755,1.07133261087471,0.0384172719402239,-0.470594152970054,-1.32763819604332,-1.74389093782095,10.4273862144833,9.01104019641844,25.6001030809098,9.0751180532612
398,67.5,17.5,2376.72982210117,-959.744126207034,15738,27.9357487045532,1.02356145902727,0.0366398434440543,-0.462389137377174,-1.35014984770546,-1.77126139823749,10.3537222552943,8.90621826216213,25.625987180158,8.97257272541353
399,68.5,17.5,2480.22718792952,-941.375680994794,15738,27.9829744986649,0.974556117203078,0.0348267521470805,-0.454482041475267,-1.37311317916835,-1.79933898725779,10.2801233689061,8.80119024530266,25.6584937677612,8.86981080003649
400,69.5,17.5,2583.44454556266,-922.198335234753,15738,28.016514396619,0.938199736102953,0.0334873825780474,-0.448866398696746,-1.3900766864205,-1.82016935980078,10.1814200357452,8.68657394647331,25.6034475926072,8.75655913023228
401,20.5,18.5,-2566.64176303979,-811.300158364501,15738,38.1160656934712,2.66279017275749,0.0698600478383998,1.24211883876905,-0.929406244751953,-0.832066028485729,51.2230896961746,51.320561819597,38.0199378194972,51.4407439968563
402,21.5,18.5,-2464.12424797959,-830.526601956804,15738,37.6320998837433,2.60636550450819,0.0692591035993214,1.16108761117945,-0.937017379268844,-0.864394517314435,48.4911323149489,48.3217959683179,37.7369345685163,48.4416918966449
403,22.5,18.5,-2361.32493124589,-848.942201910945,15738,37.054579546467,2.59026163733359,0.0699039543569873,1.06439238819713,-0.928850155854835,-0.87362122092132,45.3847221374349,45.1124904197714,37.1211261954319,45.2172711331751
404,23.5,18.5,-2258.25610507048,-866.548236374296,15738,35.1228335889932,2.68584620586561,0.0764700888685502,0.740956841348571,-0.845688142187558,-0.818856084468391,37.3077184895153,37.2324885806163,34.9893292298568,37.2630507750797
405,24.5,18.5,-2154.93002029605,-883.345920402774,15738,34.9390520994356,2.85814383422558,0.0818037028048552,0.710185990582344,-0.778136362021329,-0.720138234165085,35.5912851347442,36.0279138190349,33.2743222750583,36.0159006340816
406,25.5,18.5,-2051.35888870847,-899.336406968448,15738,35.8323395489465,2.85810591527623,0.0797633074271385,0.859750644054335,-0.803978566135411,-0.720159959810421,37.9380296429024,38.452932650562,33.3711736722056,38.4569014413235
407,26.5,18.5,-1947.55488529852,-914.520787920423,15738,36.2623868915113,2.82052424739316,0.0777809871101843,0.931754209986539,-0.829085232622545,-0.741692359876186,38.9053939980886,39.3467919170675,33.454296809195,39.3686890942993
408,27.5,18.5,-1843.53015045723,-928.90009489907,15738,35.9502991774376,2.93010919871066,0.0815044454636859,0.879500827456807,-0.781926543756493,-0.678905710270922,36.8939076722965,37.6317850082221,32.1860027324781,37.6218192779706
409,28.5,18.5,-1739.29679210869,-942.475300203655,15738,37.1609302629342,2.97078403597333,0.0799437477736265,1.08219887150059,-0.801693236382519,-0.655601080171087,40.3214795998588,41.3417458000833,32.1682423074874,41.3444952251008
410,29.5,18.5,-1634.86688778426,-955.247317613464,15738,38.2407393105861,2.94748570471104,0.0770771108992416,1.26299315682994,-0.83800003066261,-0.668949848809174,43.7565880108305,44.8798920058138,32.454627403,44.9129972337896
411,30.5,18.5,-1530.2524866418,-967.217003162534,15738,39.506059383131,2.8418825010544,0.0719353573965383,1.47484787200025,-0.903121842333174,-0.729455157845379,48.5420382044741,49.5504368906338,33.2850727541869,49.6502515339586
412,31.5,18.5,-1425.46561143368,-978.385155868055,15738,39.6532593408493,2.79077091433187,0.0703793574783631,1.49949381399718,-0.922829036304559,-0.758739518952757,48.5628825351602,49.4136848773787,33.2655791641559,49.5332445104326
413,32.5,18.5,-1320.51826042698,-988.752518412588,15738,39.3523094336252,2.73154481336713,0.0694125669542818,1.44910525361715,-0.9350737210023,-0.792673087422261,46.7271645110358,47.3078243591297,33.1051684438859,47.4338236484538
414,33.5,18.5,-1215.42240927951,-998.31977778018,15738,39.0736110104071,2.65807162918477,0.06802728389953,1.4024422974605,-0.95261873597716,-0.834769515948066,45.0988755605186,45.383527028458,33.0450833170483,45.5200174466816
415,34.5,18.5,-1110.19001287482,-1007.0875658465,15738,39.5701540769896,2.56614492022048,0.0648505162559554,1.48557935678894,-0.992853427137916,-0.887438883372281,46.666836135992,46.7203924462075,33.4139019269026,46.8996069393997
416,35.5,18.5,-1004.83300711975,-1015.0564599231,15738,38.9372980202876,2.5372963528059,0.0651636472434192,1.37961917916625,-0.988887531615482,-0.90396765736995,43.5187762168677,43.3983245026737,32.9473402998755,43.5602491321924
417,36.5,18.5,-899.363310707499,-1022.22698325591,15738,36.5432422909171,2.59489614652509,0.0710089194020437,0.978778312374709,-0.914855450443756,-0.8709658809207,34.4973759194053,34.3419148875329,31.2170541137205,34.4190782086021
418,37.5,18.5,-793.792826849702,-1028.59960547802,15738,36.408397917433,3.28653680346192,0.0902686465610251,0.956201087088666,-0.670925374018621,-0.474690671069753,31.7340834705768,33.3791977973886,26.8510735598675,33.3076778316441
419,38.5,18.5,-688.133444980332,-1034.17474301698,15738,33.581588988838,2.94773476299371,0.0877782991142405,0.482903608132301,-0.702466352663067,-0.668807150975782,24.8617017195318,25.3934673062544,27.0167283319562,25.359404395235
420,39.5,18.5,-582.397042434748,-1038.95275945649,15738,31.1096656950566,2.03971530942997,0.065565323955059,0.0690252411562434,-0.983800178603692,-1.18905649707889,21.2438186228686,19.9524246106876,31.3369777943685,20.0163666363713
421,40.5,18.5,-476.59548610679,-1042.9339658528,15738,30.9650381961822,1.57355882884042,0.0508172739484761,0.0448100103662892,-1.17058854458269,-1.45614064737614,21.5540877659103,19.3758323679737,34.4435683402645,19.4937998886461
422,41.5,18.5,-370.740634086987,-1046.11862100571,15738,33.3621448614286,1.53903125935926,0.0461310645868757,0.446161700596904,-1.22994075649532,-1.4759232031073,26.2353244332032,23.7133100518992,35.209079635042,23.8902590017997
423,42.5,18.5,-264.8443372848,-1048.50693168429,15738,31.0189374261261,2.54170303277872,0.0819403642962296,0.0538344511030014,-0.776405504270326,-0.901442852019862,19.143591588918,18.8518339103821,26.8785766641898,18.8527569315952
424,43.5,18.5,-158.918441037867,-1050.09905280746,15738,30.4992287824017,2.56398265116804,0.0840671306629064,-0.0331812606341246,-0.749469386324337,-0.88867775447379,17.9261861892208,17.6926327611311,26.1589788088065,17.686924515675
425,44.5,18.5,-52.9747867111435,-1050.89508757929,15738,35.4913735306692,2.86715679396741,0.0807846107023671,0.802662117402254,-0.791043461503693,-0.714974262849566,26.9620777191179,27.4219503153165,26.4711158106568,27.4260717352551
426,45.5,18.5,52.9747867111435,-1050.89508757929,15738,37.579812887194,2.9794093241353,0.0792821755946155,1.15233310945184,-0.810072241487566,-0.650659225116546,31.6920376407638,32.6309305400686,26.4453981839411,32.6455439341745
427,46.5,18.5,158.918441037867,-1050.09905280746,15738,38.5826375059379,3.02338437085559,0.078361267302949,1.32023775949226,-0.821735814294826,-0.625463741461112,33.9799679740304,35.176245720323,26.309170907741,35.1994733278982
428,47.5,18.5,264.8443372848,-1048.50693168429,15738,39.3973232319704,3.00353733599583,0.0762370914975894,1.45664199126485,-0.848639122024197,-0.636835091345027,35.9933516519643,37.2763128725559,26.4016912828235,37.3204710173599
429,48.5,18.5,370.740634086987,-1046.11862100571,15738,40.0223667348623,2.95712242618354,0.0738867455234145,1.56129409957125,-0.878406941078613,-0.663428493484711,37.5544135437063,38.8258008328232,26.537774118192,38.8951560381696
430,49.5,18.5,476.59548610679,-1042.9339658528,15738,40.7029463980943,2.90241172558673,0.0713071652651323,1.67524472268491,-0.911078079374262,-0.694774965301612,39.3907051192907,40.6446206239741,26.7186794839213,40.7448863242375
431,50.5,18.5,582.397042434748,-1038.95275945649,15738,40.4532016434683,2.82849198440724,0.0699201019819389,1.63342952903976,-0.928645641462913,-0.737127248462295,38.1098730990028,39.0942417846181,26.6705279957401,39.2047791415516
432,51.5,18.5,688.133444980333,-1034.17474301698,15738,40.0352500102801,2.80805141858769,0.0701394750342922,1.56345116852426,-0.925867217605479,-0.748838661648282,36.1894582573115,37.031713006117,26.3159071670169,37.1343583488618
433,52.5,18.5,793.792826849702,-1028.59960547802,15738,39.8673931454624,2.81442045655377,0.0705945444259401,1.53534660505692,-0.920103630688224,-0.745189524150013,35.0636871440991,35.8856076787555,25.9219156016393,35.9812835998811
434,53.5,18.5,899.363310707499,-1022.22698325591,15738,40.0243559342992,2.79489102155836,0.0698297563150355,1.56162715465293,-0.929789895753251,-0.756378905331496,35.0266119613055,35.8183811485398,25.7593748017745,35.9214466838394
435,54.5,18.5,1004.83300711975,-1015.0564599231,15738,38.9548918854586,2.64322280205467,0.067853424155988,1.38256495026039,-0.954820720469432,-0.843277144914064,31.7098272984216,31.9753002327489,25.8224231299101,32.0820528101272
436,55.5,18.5,1110.19001287482,-1007.0875658465,15738,37.5015071720313,2.80484264155896,0.0747927977585609,1.13922224893365,-0.866931524571408,-0.750677129034017,27.0944653535689,27.5643703941519,24.274082446325,27.6097654599042
437,56.5,18.5,1215.42240927951,-998.31977778018,15738,32.339125289534,2.36144020242029,0.073021152590807,0.274875774829944,-0.889369928687996,-1.00472436130097,17.4447765030138,16.9541491462375,24.2976126937796,16.9880873749147
438,57.5,18.5,1320.51826042698,-988.752518412588,15738,26.5559541346203,1.81610650836826,0.0683879215622177,-0.693410514457488,-0.948051154521046,-1.31717306118848,10.7559973837673,9.85521232276436,24.8281442679104,9.88185662537855
439,58.5,18.5,1425.46561143368,-978.385155868055,15738,26.9345044128655,1.52638815928623,0.0566703636305684,-0.630029190541579,-1.09645745219024,-1.48316706172717,11.298230707609,10.0371478659905,26.6997106913124,10.0845413111462
440,59.5,18.5,1530.2524866418,-967.217003162534,15738,27.2796120543631,1.39069674109419,0.0509793445127738,-0.572247224793159,-1.16853587349296,-1.56091140003309,11.6294388216168,10.191374764071,27.4915506455261,10.2500336412953
441,60.5,18.5,1634.86688778426,-955.247317613464,15738,27.381717224984,1.35469963117861,0.0494746045343912,-0.555151580529963,-1.18759384533736,-1.58153592830909,11.5891777977998,10.1216208240003,27.4652980222084,10.1828114932054
442,61.5,18.5,1739.29679210869,-942.475300203655,15738,27.4546642881561,1.30209521124468,0.0474271037364823,-0.54293792832751,-1.21352604167596,-1.61167560754762,11.5392808106181,10.0257027227929,27.5466522239973,10.0901320088024
443,62.5,18.5,1843.53015045723,-928.90009489907,15738,27.5643685821173,1.25515050409946,0.0455352532513208,-0.524569949778535,-1.23748688128812,-1.63857255683593,11.519546521585,9.96397169631093,27.5972610523042,10.0316188692735
444,63.5,18.5,1947.55488529852,-914.520787920423,15738,27.6761826413274,1.21449827124586,0.0438824344739044,-0.505848729606668,-1.2584203144237,-1.66186423574954,11.4938779215736,9.90452243635335,27.6003575665534,9.97497645214488
445,64.5,18.5,2051.35888870847,-899.336406968448,15738,27.7891534340398,1.16434261933042,0.0418991755936033,-0.48693383555577,-1.28353886809008,-1.69060089443012,11.4803856593893,9.84646444972074,27.6692935993623,9.92029506784114
446,65.5,18.5,2154.93002029605,-883.345920402774,15738,27.8637406147637,1.11553253388456,0.040035275568618,-0.474445575651834,-1.3071457069508,-1.71856661139442,11.4264187990906,9.75460988521457,27.7145423847746,9.83124594343247
447,66.5,18.5,2258.25610507048,-866.548236374296,15738,27.9203355450811,1.0625005980889,0.038054721669564,-0.464969789166938,-1.33223000123869,-1.74895123565769,11.3595591309249,9.64780048864955,27.7832217827886,9.7272294444027
448,67.5,18.5,2361.32493124589,-848.942201910945,15738,27.9700917268075,1.0221201948067,0.0365433265214164,-0.456639026116288,-1.35137226275428,-1.77208716993806,11.2712988339683,9.5362231963057,27.7580224602548,9.61753035361247
449,68.5,18.5,2464.12424797959,-830.526601956804,15738,28.000072574264,0.97730904131184,0.0349038038640701,-0.451619281281538,-1.37213729664111,-1.79776170060183,11.1695130362542,9.40898640311193,27.7584759681786,9.49214410185225
450,69.5,18.5,2566.64176303979,-811.300158364501,15738,28.0381969464508,0.942885642755575,0.033628611873879,-0.44523605210029,-1.38828797609032,-1.81748457164744,11.0644234170346,9.29033049152421,27.6861114507377,9.37476384351342
451,20.5,19.5,-2549.27752938415,-700.396753410778,15738,37.1293580425726,2.84024586596415,0.0764959594159295,1.07691268036436,-0.845360484139897,-0.730392867199697,50.2329717904183,50.0743599984222,39.2319147482148,50.1646218797271
452,21.5,19.5,-2447.4824094658,-719.665404526219,15738,36.7994759152784,2.78894504911767,0.0757876295721853,1.02167994863574,-0.854331688741731,-0.759785647623275,48.1818288944817,47.814270911201,38.9700492776657,47.9090720949401
453,22.5,19.5,-2345.40374175496,-738.121576846675,15738,36.0603944939873,2.74249421628055,0.076052806819344,0.897934275590048,-0.85097314136296,-0.786399631844222,44.542789583134,43.9870917189268,38.4391937823399,44.0723578151617
454,23.5,19.5,-2243.0539012675,-755.766530970798,15738,35.0260599853578,2.78924810869107,0.0796335103022459,0.724753870512148,-0.805622484677635,-0.759612009774138,39.7950966418286,39.3933116186591,37.0199975987175,39.4393476907485
455,24.5,19.5,-2140.44522051767,-772.601465568052,15738,34.8359316296128,2.90032603724571,0.083256738131276,0.692920353028206,-0.759733244713565,-0.695969959518236,38.1332265923786,38.0968150206034,35.6422699215862,38.1118678317183
456,25.5,19.5,-2037.58999190094,-788.627518329475,15738,35.5696851200972,2.97371808287169,0.0836025979097441,0.815773961458786,-0.755352829482462,-0.653920019292582,39.8349812028314,40.0749623298158,35.1363015868684,40.0868090694722
457,26.5,19.5,-1934.50047000632,-803.845766875128,15738,35.7658792341327,3.01998189841666,0.0844375131573609,0.848623079281976,-0.744778383724299,-0.627413186546831,39.7377182454536,40.1429669597316,34.5156027966652,40.1474653052127
458,27.5,19.5,-1831.18887386209,-818.257229618203,15738,35.5780010400332,3.12409099346138,0.0878096267956729,0.817166310230959,-0.70206957841684,-0.567763926381944,38.1131634404966,38.8297494064861,33.291295168693,38.8058352349335
459,28.5,19.5,-1727.66738911897,-831.862866585718,15738,37.2018124009197,3.16086653898141,0.0849653910652823,1.08904383815085,-0.738092655657669,-0.546693393769132,43.2705067661945,44.2925166464528,33.5822544205581,44.289646155752
460,29.5,19.5,-1623.94817017445,-844.66358019579,15738,38.4854450411257,3.11907956764112,0.0810456931005491,1.30396465800887,-0.787736776584635,-0.570635220599044,47.9055301201849,48.983507822159,34.1394381149764,49.0236154574099
461,30.5,19.5,-1520.04334224223,-856.660215991467,15738,39.6900249752191,3.02881865288904,0.0763118353989478,1.50564954736968,-0.847692468656775,-0.622350171962848,52.8144594901841,53.7829589916562,34.9101805541308,53.8889341323252
462,31.5,19.5,-1415.96500337005,-867.853563331134,15738,39.1153940738179,2.94435997868164,0.0752736882344862,1.40943810760365,-0.860840906071142,-0.670740732161407,49.6853181864418,50.2241549861367,34.7597169820227,50.336811424153
463,32.5,19.5,-1311.72522640985,-878.244356035507,15738,39.2414421800707,2.85389133414569,0.0727264640542462,1.43054255874401,-0.893102245176777,-0.722574702213412,49.7624390370018,49.9892156553434,34.9885076475976,50.1334801474491
464,33.5,19.5,-1207.33606094333,-887.833272991232,15738,39.6325484238369,2.74643000172153,0.0692973354211484,1.49602614955417,-0.936533162065601,-0.784144625308802,51.0806600954756,50.9702729350444,35.4434448446173,51.1620228035349
465,34.5,19.5,-1102.80953516665,-896.620938711142,15738,39.7557045823511,2.60824424050646,0.0656067919788385,1.51664639691262,-0.983274973956386,-0.863318096351463,51.3178322951736,50.7184921053315,35.9720297862193,50.9571320534998
466,35.5,19.5,-998.157657737329,-904.607923851188,15738,38.9439024831307,2.50700271507735,0.0643747173556454,1.38072497573491,-0.99887955934413,-0.921324383767726,47.3616092116393,46.3510539781376,35.8671017426449,46.5814960379445
467,36.5,19.5,-893.392419586692,-911.794745684096,15738,36.4297194008846,2.63260046579852,0.0722651864766929,0.959770979720308,-0.89894446058393,-0.849363207794832,36.95036226452,36.279632994454,33.4860677704709,36.3884936506413
468,37.5,19.5,-788.52579570107,-918.181868529795,15738,33.4626798200735,2.99104700995712,0.089384562923226,0.462994441569342,-0.682122551816332,-0.643991418149204,27.0282649629396,27.2499743736832,29.2506493817747,27.232477906582
469,38.5,19.5,-683.569746874847,-923.769704142649,15738,30.7843762704508,2.18904276484431,0.0711088880155588,0.0145614735348353,-0.913589318720624,-1.10349939725064,22.444071939609,21.0127154704628,32.9785714158162,21.0787326367351
470,39.5,19.5,-578.536221438472,-928.558612055547,15738,30.6854386444179,1.76471584706086,0.0575098784641907,-0.00200382329212658,-1.08582475133029,-1.34661731795639,22.7823365758661,20.4905140281514,35.94885991435,20.6090104938252
471,40.5,19.5,-473.437156964457,-932.548899880877,15738,31.01647024534,1.39589018303906,0.0450048046085703,0.0534213667822475,-1.2442051684631,-1.55793581975754,23.891107447247,20.7787261580988,38.8788309301941,20.9508798635523
472,41.5,19.5,-368.284481954403,-935.740823568439,15738,35.161251789461,2.27242894450107,0.0646287839269191,0.747389266704067,-0.995661731924442,-1.05572332233263,31.333528974973,29.8147431532599,33.3535779918228,29.9559726422344
473,42.5,19.5,-263.090117509993,-938.134587620307,15738,32.1034820067987,2.72503334485287,0.0848827969587776,0.235421614867651,-0.739138734168837,-0.796403830440398,22.5412623262009,22.2099710757624,28.4838684662784,22.2200488845523
474,43.5,19.5,-157.86597899093,-939.730345262693,15738,35.5248185550565,2.75816288302379,0.0776404495563906,0.808261875336381,-0.830865181837532,-0.777422276132857,30.0977885589597,29.8376446073193,29.6584872469,29.8937316730427
475,44.5,19.5,-52.6239776627261,-940.528198574819,15738,36.7333338125823,2.99665050139661,0.0815785062332178,1.01060566266534,-0.780988542453416,-0.640780900196259,32.3669511319773,32.7729018883935,28.4899841729285,32.8046155600616
476,45.5,19.5,52.6239776627261,-940.528198574819,15738,38.3755175105376,3.11538721963221,0.0811816340659576,1.28555930256764,-0.786015044505687,-0.572750749764944,36.5421399015851,37.4461239457817,28.2363435469991,37.4840727211514
477,46.5,19.5,157.86597899093,-939.730345262693,15738,38.9952570855474,3.19288263035061,0.0818787429288156,1.38932336510985,-0.777185956908031,-0.528349788316372,37.7742616258313,38.9838472111575,27.7651073733709,39.0163642044611
478,47.5,19.5,263.090117509994,-938.134587620307,15738,39.9177124120635,3.23108306568216,0.0809435929676597,1.54377164637623,-0.789029904623945,-0.506462865713452,40.23328165235,41.7184310374153,27.6249182125065,41.7620224060698
479,48.5,19.5,368.284481954403,-935.740823568439,15738,40.4309127917661,3.19544993615444,0.0790348205248832,1.62969766827875,-0.813205065777644,-0.526878851586495,41.5364612021267,43.0124933185506,27.6790474810724,43.0781206110727
480,49.5,19.5,473.437156964457,-932.548899880877,15738,40.8898236006517,3.13822553527018,0.076748326574345,1.70653389400107,-0.842164180281003,-0.559665546876266,42.735648512254,44.1281139163162,27.8089095243773,44.2215286744219
481,50.5,19.5,578.536221438472,-928.558612055547,15738,41.0315692478402,3.07832621256329,0.0750233605244168,1.73026661140858,-0.864011379720354,-0.593984837446498,42.755604183782,43.984486522514,27.8265000454712,44.09773739075
482,51.5,19.5,683.569746874848,-923.769704142649,15738,41.038231109782,3.02183853043004,0.0736347169142419,1.73138201840701,-0.881598957112345,-0.626349430052271,42.2566401386791,43.3056169951667,27.7766685531227,43.4332533598632
483,52.5,19.5,788.525795701071,-918.181868529795,15738,41.1598057795971,2.99411586264467,0.0727436829677377,1.75173747439357,-0.892884162602228,-0.642233120353141,42.1034136914978,43.085495624832,27.627632417343,43.2230886918659
484,53.5,19.5,893.392419586692,-911.794745684096,15738,41.149164634309,3.0134495556781,0.0732323385531275,1.74995580914301,-0.886695196719909,-0.631155889442587,41.3262362899335,42.3537492800369,27.2074133331623,42.4842307630781
485,54.5,19.5,998.157657737329,-904.607923851188,15738,40.6285056921227,3.01822290431818,0.0742883070125656,1.66278098730057,-0.873321047393336,-0.62842100144104,38.8156749998586,39.745975201401,26.6842213220349,39.857968342454
486,55.5,19.5,1102.80953516665,-896.620938711142,15738,39.8378203071229,3.02527808212716,0.0759398495902712,1.53039517389009,-0.85240377770028,-0.624378740421895,35.5868136536308,36.3932732610955,26.0589564250001,36.4810674099391
487,56.5,19.5,1207.33606094333,-887.833272991232,15738,38.9544902024176,3.10771379845144,0.0797780636404931,1.38249769577825,-0.803791674378243,-0.577147233051733,32.1712200349501,33.0435814039122,25.050295183144,33.0928001022735
488,57.5,19.5,1311.72522640985,-878.244356035507,15738,35.1807236542376,2.95883012864337,0.0841037312854412,0.750649474500976,-0.749005828737128,-0.662450066112285,22.8395388626101,23.0623112840666,23.9961968833203,23.0773425751157
489,58.5,19.5,1415.96500337005,-867.853563331134,15738,26.6479645126853,1.73668561434769,0.0651714172585666,-0.678005058667584,-0.98878912210152,-1.36267722744722,11.6803514080149,10.4378212859037,27.182834252029,10.4827762362756
490,59.5,19.5,1520.04334224223,-856.660215991467,15738,27.0694039549969,1.48124138117928,0.0547201328718525,-0.60744272827407,-1.12115769503861,-1.50903388836467,12.267785740652,10.6720898630474,28.9662463770125,10.7375355317407
491,60.5,19.5,1623.94817017445,-844.66358019579,15738,27.339598766593,1.34787532139223,0.0493012107785296,-0.562203546431271,-1.1897899279594,-1.58544591359634,12.5391140652369,10.7624424983083,29.7668543294768,10.8390433100555
492,61.5,19.5,1727.66738911897,-831.862866585718,15738,27.4464433140184,1.28844350518006,0.0469439151163889,-0.54431438016144,-1.21964576684414,-1.61949734652627,12.5316295358054,10.693391546862,29.9217814769611,10.7742122855162
493,62.5,19.5,1831.1888738621,-818.257229618203,15738,27.5948676734553,1.23076601659963,0.0446012653934033,-0.5194634344797,-1.2493161106267,-1.65254363821206,12.5669757310923,10.6650677663987,30.0743392166341,10.7504684950034
494,63.5,19.5,1934.50047000632,-803.845766875128,15738,27.7136404726099,1.19011273221831,0.0429432117875141,-0.49957710051499,-1.27031584439566,-1.67583591959801,12.5464189775675,10.6081519608929,30.0788488520661,10.6965749021477
495,64.5,19.5,2037.58999190094,-788.627518329475,15738,27.8128031960799,1.14498041345231,0.041167386306954,-0.482974115237126,-1.29280719339635,-1.70169446176248,12.509774546976,10.5327243363074,30.1089134088633,10.6241729429709
496,65.5,19.5,2140.44522051767,-772.601465568052,15738,27.9055944803422,1.09493550477902,0.0392371323804026,-0.467437910980019,-1.31725442382371,-1.73036767015122,12.4722276060405,10.4517703732253,30.1725824570327,10.5464369377562
497,66.5,19.5,2243.0539012675,-755.766530970798,15738,27.9593635401045,1.04945849555676,0.0375351353778648,-0.458435264860595,-1.33881071356122,-1.75642370256082,12.3863080356713,10.3346689627777,30.1866688687164,10.4316617053228
498,67.5,19.5,2345.40374175496,-738.121576846675,15738,28.0209045957952,1.00871383430644,0.0359986177768796,-0.44813134010074,-1.35827115828834,-1.77976833828363,12.3030132622185,10.2261105642535,30.1647526503403,10.3251681774197
499,68.5,19.5,2447.4824094658,-719.665404526219,15738,28.0625222322825,0.968866636684266,0.0345252870951743,-0.441163227671807,-1.37693132220558,-1.80259877261587,12.1978181040183,10.1003607379044,30.1291238350649,10.2010933745318
500,69.5,19.5,2549.27752938415,-700.396753410778,15738,28.0856388628687,0.938478774156526,0.0334148985799737,-0.437292770469081,-1.39099471745198,-1.82000948507085,12.0622126781149,9.95937297531801,30.0148953222602,10.0608678938717
501,20.5,20.5,-2531.35399006296,-589.496795500678,15738,35.9370878907743,2.99094223379767,0.0832271730778023,0.877288839017025,-0.760107694761265,-0.644051449603628,48.4140038921737,47.9528190890391,40.4547208006456,48.0168058157102
502,21.5,20.5,-2430.30370438812,-608.800698897764,15738,36.5071732615225,2.99705260486601,0.082094896348078,0.97273921277084,-0.774448310645185,-0.64055051519052,50.105891583896,49.6968987367227,40.3077051241913,49.7754190210552
503,22.5,20.5,-2328.96817550377,-627.29079877918,15738,35.9102598989702,2.98745599532622,0.0831922688315571,0.872796982224763,-0.760549767246709,-0.646048888400797,46.7589862279208,46.3144462182726,39.5207986914968,46.3779670411023
504,23.5,20.5,-2227.35985861478,-644.968335491255,15738,35.3180597954654,2.97137620357757,0.0841319206316954,0.773643900744361,-0.74864880242365,-0.65526179800298,43.6727495012756,43.1807284027723,38.793341538632,43.2328061372464
505,24.5,20.5,-2125.49116537338,-661.834488746051,15738,34.5990847146319,2.97128083142622,0.08587744028297,0.653264666849656,-0.726541285612934,-0.655316441435103,40.2682383024658,39.797190893906,37.8586763105922,39.8322200251301
506,25.5,20.5,-2023.37446630882,-677.890378513244,15738,34.5815973447896,3.05623285103269,0.0883774344071233,0.65033672645149,-0.694878128978717,-0.606643219207377,39.2722842757987,39.0969227176189,36.7461070297934,39.1107059543997
507,26.5,20.5,-1921.02209318666,-693.13706587224,15738,34.8919642207613,3.21981334636177,0.0922795095738956,0.702301986099227,-0.645457205941211,-0.512919846435827,39.1990896623671,39.5723487219177,35.3075196195787,39.5520488902919
508,27.5,20.5,-1818.44634130142,-707.575553824319,15738,35.1230347314986,3.34058304409061,0.095110888612787,0.740990518984064,-0.609596962457791,-0.443724901299015,38.9900881051524,39.7655260462202,34.1881440145975,39.7199172056677
509,28.5,20.5,-1715.65947170679,-721.206788064661,15738,36.0769674206859,3.36989728979218,0.093408552068596,0.900709109200496,-0.631157552589629,-0.426929317131857,41.7299659762917,42.6770319801733,34.2041888669374,42.6400735610085
510,29.5,20.5,-1612.67371338694,-734.031657714105,15738,37.4072381808685,3.320074491202,0.088754868112664,1.12343862966963,-0.690097820728346,-0.455475267646284,46.4784295422798,47.3976924773498,34.9561819232857,47.401928759843
511,30.5,20.5,-1509.50126537294,-746.050996010547,15738,38.9250054163708,3.23131462493155,0.0830138516454143,1.37756100735818,-0.762809473082214,-0.506330193943473,52.7467104409678,53.5465336906078,36.0058624501798,53.6203774567949
512,31.5,20.5,-1406.15429880758,-757.265580959868,15738,38.6081010456354,3.10827569162071,0.0805083805584396,1.32450116372246,-0.794541997052145,-0.576825296607813,50.9126705035558,51.1901573621337,36.2319470401506,51.2933657858976
513,32.5,20.5,-1302.6449589624,-767.676135946337,15738,38.3794281232734,3.00472845962009,0.0782900789967219,1.28621406318139,-0.822637435010177,-0.636152637588981,49.462851482197,49.3320418510678,36.3840445748128,49.4589696278006
514,33.5,20.5,-1198.98536721022,-777.283330302415,15738,39.5621209021581,2.89637774052402,0.0732108813803769,1.48423434851571,-0.886966958087333,-0.698232134386427,54.4868829968247,54.0578497977514,37.2982100309352,54.2648971391495
515,34.5,20.5,-1095.18762295664,-786.087779837938,15738,39.2169326259154,2.70150978447796,0.0688863101621758,1.4264388819533,-0.941738917163077,-0.809881643999381,52.7468742130205,51.5461094679195,38.0278878822607,51.7991044954162
516,35.5,20.5,-991.263805533702,-794.090047328626,15738,38.5126047488285,2.6578495670101,0.0690124592803851,1.30851205456437,-0.940141201692253,-0.834896746373266,48.9238776121005,47.5704550614308,37.547482989283,47.8017741499424
517,36.5,20.5,-887.225976059112,-801.290642963905,15738,37.4860160285658,2.71195956190915,0.0723458998641662,1.1366285401498,-0.897922201929258,-0.803894448621393,43.7687993935041,42.6324917220544,36.2257300686646,42.8050657074439
518,37.5,20.5,-783.086179264116,-807.69002475403,15738,33.142625192324,2.72821203085722,0.0823173184087145,0.409407144985612,-0.771631270206249,-0.794582603693835,29.1539588242998,28.2514599749375,33.3172679220277,28.3051152849519
519,38.5,20.5,-678.856445293178,-813.28859889649,15738,30.2938921406424,2.03988172652967,0.0673364028979611,-0.0675611275925762,-0.961368945890429,-1.18896114847489,23.6412983719798,21.4496599339183,36.6817064680639,21.5546483381295
520,39.5,20.5,-574.548791478567,-818.086720101701,15738,31.6020981873107,1.66191056336286,0.0525886146392068,0.1514740599577,-1.14815399675664,-1.40551955998426,27.0654186933825,23.7744922143537,40.3180704793795,23.9627405814424
521,40.5,20.5,-470.175224092902,-822.084691877966,15738,35.4890465547933,2.42052360231321,0.0682048078856119,0.802272507830658,-0.950370342781618,-0.970872553347734,35.1509487339553,33.3220745120138,35.6022705813437,33.4884188389025
522,41.5,20.5,-365.747740082661,-825.282766775739,15738,32.7105045328299,2.82886739303135,0.0864819247955088,0.337056440035366,-0.718885312497414,-0.736912158256415,26.0303728657741,25.4616173430139,30.8406889601953,25.4900815143921
523,42.5,20.5,-261.278328785643,-827.681146591151,15738,36.2958523724491,2.99639142099778,0.082554650879951,0.937357392996073,-0.768625385056942,-0.640929340196694,34.8959149579682,34.7204547567679,31.3540981666639,34.7821723969796
524,43.5,20.5,-156.77897363532,-829.279982528833,15738,37.8753241611597,3.09053191029051,0.0815975038824826,1.20181107011495,-0.780747931670159,-0.586991588308062,39.2563433147367,39.4455997704363,31.2007355085164,39.5224490736243
525,44.5,20.5,-52.2616538550381,-830.079375324038,15738,39.0218051838169,3.21405326013677,0.0823655708647149,1.39376835884641,-0.771020138740954,-0.516220085302177,42.3874672548342,43.0821033124326,30.6643353663213,43.1565945094795
526,45.5,20.5,52.2616538550381,-830.079375324038,15738,39.6844586278935,3.32534638493634,0.0837946768057713,1.50471756426692,-0.752920094096295,-0.452454738452496,43.8798393669283,45.0267892969569,29.9938703542439,45.0879167176943
527,46.5,20.5,156.77897363532,-829.279982528833,15738,40.0581896886512,3.40817138465055,0.085080514400183,1.56729199831337,-0.736634584956625,-0.405000191335481,44.3652961277228,45.8379121325757,29.3683839588977,45.8850447866161
528,47.5,20.5,261.278328785644,-827.681146591151,15738,40.8548207393912,3.4100817296516,0.0834682827616394,1.70067330476093,-0.757053970109834,-0.403905660008286,46.8538175091258,48.4947408169444,29.3630858115942,48.5629956883123
529,48.5,20.5,365.747740082661,-825.282766775739,15738,41.0744475924479,3.38977682392313,0.0825276302570744,1.7374458063656,-0.768967609147083,-0.415539346804823,47.0727509341372,48.6807447313785,29.2159872845598,48.7612177597098
530,49.5,20.5,470.175224092902,-822.084691877966,15738,41.0853546168998,3.33175705836639,0.0810935451192607,1.73927198822168,-0.787130716774697,-0.448781745933474,46.5459694534701,47.9479138467923,29.1732235265263,48.0455802642526
531,50.5,20.5,574.548791478567,-818.086720101701,15738,41.2670813177634,3.28701158638578,0.0796521460065285,1.76969880218415,-0.805386458033416,-0.474418644402584,46.6842439509634,47.9660778599844,29.1320584780104,48.0820803395966
532,51.5,20.5,678.856445293179,-813.28859889649,15738,41.4334885476884,3.2386396394978,0.0781647829573957,1.79756065078908,-0.824224345987489,-0.502133330073069,46.7695885476106,47.9173913891203,29.1005933097569,48.0523087390611
533,52.5,20.5,783.086179264117,-807.69002475403,15738,41.5261005619033,3.18084422566402,0.0765986736684393,1.81306683955394,-0.844059578096013,-0.535247186980839,46.5792136112135,47.5483250379636,29.0856701994396,47.7022521312929
534,53.5,20.5,887.225976059112,-801.290642963905,15738,41.6650538226976,3.15076256571732,0.0756212287430407,1.83633202290661,-0.856439203902012,-0.552482460801842,46.489073401644,47.3815221989921,28.9476390106392,47.5476701832944
535,54.5,20.5,991.263805533702,-794.090047328626,15738,41.553825523487,3.17099366479511,0.0763105111225633,1.81770887753853,-0.847709241004431,-0.540891061493316,45.2246415728664,46.1523552625334,28.466138209303,46.3065245514705
536,55.5,20.5,1095.18762295664,-786.087779837938,15738,40.8544332146993,3.17709062235627,0.0777661167310765,1.7006084208355,-0.829273570322363,-0.53739781234324,41.8022796921551,42.611848215584,27.8384169241603,42.7390113112299
537,56.5,20.5,1198.98536721022,-777.283330302415,15738,40.0677049063352,3.15473037417208,0.0787349907249936,1.56888514756941,-0.817002497869899,-0.55020910669478,38.4137012419469,39.0314552557041,27.3202402875346,39.1394057722948
538,57.5,20.5,1302.6449589624,-767.676135946337,15738,39.2138047311036,3.1849231087358,0.0812194361290727,1.42591517314727,-0.785536270322202,-0.532910192720867,34.9490317014611,35.5339931392215,26.52034134232,35.6116325855727
539,58.5,20.5,1406.15429880758,-757.265580959868,15738,30.3378192066828,2.2882364353354,0.0754252116721477,-0.0602063434030356,-0.858921817424462,-1.04666642741941,16.719990119519,15.5877823273535,27.3271874315469,15.6443801658286
540,59.5,20.5,1509.50126537294,-746.050996010547,15738,26.6647106807649,1.65852419208146,0.06219921948292,-0.675201218954862,-1.02643287606436,-1.40745977991886,12.5960930951019,10.9794038508164,29.7084688295231,11.0438429487431
541,60.5,20.5,1612.67371338694,-734.031657714105,15738,27.143060651603,1.40612658425492,0.0518042752180153,-0.595110260925723,-1.15808788488367,-1.55207087818817,13.2901380773751,11.2841247560249,31.6447264944502,11.3710720523043
542,61.5,20.5,1715.65947170679,-721.206788064661,15738,27.4107604261305,1.29277099789224,0.0471629016413514,-0.550288827428969,-1.21687223846914,-1.6170179114823,13.5506147684921,11.3770751897887,32.3375785468204,11.4745084300963
543,62.5,20.5,1818.44634130142,-707.575553824319,15738,27.5651278793319,1.22880742482558,0.0445783320942591,-0.524442819340444,-1.24960656756654,-1.6536658125066,13.6051088390912,11.3530798167918,32.5591917594916,11.4559000035511
544,63.5,20.5,1921.02209318666,-693.13706587224,15738,27.7251915300888,1.17454757613968,0.0423639120712658,-0.49764308710194,-1.27765284470159,-1.68475396891966,13.6516022142005,11.3350099986789,32.6949565323544,11.4425869481218
545,64.5,20.5,2023.37446630882,-677.890378513244,15738,27.8299185557383,1.12960522994504,0.0405895988406377,-0.480108461143632,-1.30012504061468,-1.71050366638302,13.6179671597843,11.2601151893566,32.7272791359144,11.3709089402627
546,65.5,20.5,2125.49116537338,-661.834488746051,15738,27.9459118430414,1.07838899899714,0.0385884348685394,-0.460687505626951,-1.3254703675045,-1.73984798335324,13.6061070330112,11.1971908494377,32.8132559624749,11.3117780038816
547,66.5,20.5,2227.35985861478,-644.968335491255,15738,28.0391742404769,1.03693331455584,0.0369815924557057,-0.445072422081284,-1.34582149653816,-1.76359999950026,13.5530599925055,11.1116062653343,32.8060616740528,11.2288897013646
548,67.5,20.5,2328.96817550377,-627.29079877918,15738,28.0824393753418,1.00300275100169,0.0357163684249735,-0.437828466166488,-1.36184592886599,-1.7830405009484,13.4308936607879,10.9766133295636,32.7181870585906,11.0952154923201
549,68.5,20.5,2430.30370438812,-608.800698897764,15738,28.1107918698961,0.973559765100212,0.0346329541197592,-0.433081359257728,-1.37556768785507,-1.79990984675642,13.2863202512403,10.8285532241025,32.5878045664705,10.9478773670728
550,69.5,20.5,2531.35399006297,-589.496795500678,15738,28.1441288174964,0.959632536049581,0.0340970773077547,-0.427499696805879,-1.38235472438096,-1.80788944650858,13.1278494348907,10.6873375344697,32.3300657584737,10.8063709735482
551,20.5,21.5,-2512.87324628146,-478.608986143841,15738,35.0234632173326,3.14926778360052,0.0899187999786955,0.724319089177147,-0.675356283286457,-0.553338895557483,47.7597524088472,47.1006499231832,41.7275476020694,47.1454144971687
552,21.5,21.5,-2412.59012194216,-497.941121442145,15738,35.9367353926773,3.19825904912829,0.0889969279118212,0.8772298196546,-0.687032062588552,-0.525269371545026,50.8280301097911,50.3624893000463,41.5128863599209,50.4173379981162
553,22.5,21.5,-2312.02011306216,-516.458441427955,15738,35.6758492511357,3.21087252119996,0.0900012918710756,0.833549204443141,-0.674311499347067,-0.518042488275489,48.7896128261691,48.3923288698814,40.729754127397,48.4358969950195
554,23.5,21.5,-2211.17575227417,-534.162163525366,15738,35.2718288187969,3.19045753943438,0.0904534198049331,0.765903368837317,-0.668585166852872,-0.529739243089019,46.3533553103254,45.8974110576108,40.1208148519252,45.9364796487596
555,24.5,21.5,-2110.06952767162,-551.053445949217,15738,35.3424791505004,3.14122155123409,0.0888794908205983,0.777732475341272,-0.68851943769001,-0.557948980848942,46.081524487115,45.4529594271602,40.1025012363366,45.5078607736744
556,25.5,21.5,-2008.71388528137,-567.133388536253,15738,34.8494740190553,3.16632918980476,0.0908573021237982,0.695187778575555,-0.663469879180607,-0.543563570385187,43.2656522143768,42.7618546703733,39.0708060361845,42.7973781244121
557,26.5,21.5,-1907.12123146609,-582.403033540116,15738,34.2786343105867,3.3365231421952,0.0973353579948411,0.599611104760301,-0.581423407251595,-0.446051020302345,39.8356178298696,39.9460953183918,36.8504356071399,39.9263868663854
558,27.5,21.5,-1805.30393526036,-596.863366389842,15738,35.4279602989791,3.47281603043957,0.0980247240070335,0.792044730996056,-0.572692385121794,-0.367962069994786,43.0329567294721,43.640038080023,36.2374617212948,43.6055296308196
559,28.5,21.5,-1703.27433064436,-610.515316411601,15738,36.0955142314347,3.52700948803629,0.0977132356508915,0.903814433611111,-0.576637476238198,-0.336911952327035,44.7921492059935,45.6302559333742,35.8927451048186,45.593702917314
560,29.5,21.5,-1601.04471875887,-623.359757513427,15738,36.7866756129195,3.49206056871982,0.0949273211166004,1.01953677200465,-0.611921898476061,-0.356935920260807,47.051883816925,47.813861593246,36.1912199105629,47.8023278814784
561,30.5,21.5,-1498.62737006542,-635.397508832715,15738,37.5016977189229,3.43329967281861,0.0915505132207975,1.13925415252732,-0.654690157927342,-0.390602949693999,49.6088398200414,50.2108852412701,36.6479687110482,50.2349710579758
562,31.5,21.5,-1396.03452645496,-646.629335346326,15738,38.0641435335212,3.37284046650464,0.088609388085518,1.23342542226052,-0.691940367813627,-0.42524302533038,51.5802506078241,52.000923166157,36.9940971981284,52.06018054261
563,32.5,21.5,-1293.2784033088,-657.055948443109,15738,37.0741753823604,3.21097949077334,0.0866095997458408,1.06767335269124,-0.71726827191657,-0.517981200105522,47.0087344306183,46.7586501569044,37.0909153906956,46.8382152410423
564,33.5,21.5,-1190.3711915151,-666.678006458726,15738,39.0755647070784,3.09034290944387,0.0790863275453587,1.40276940825311,-0.812552714301566,-0.587099876259927,55.8251459403332,55.2016752803027,38.6987712501476,55.3906579221584
565,34.5,21.5,-1087.32505944431,-675.496115172639,15738,38.4838308874148,2.90646317463186,0.0755242684423695,1.30369439747789,-0.857667234463282,-0.692453689355125,52.8289910052769,51.4688159501166,39.2395392196193,51.6908889089258
566,35.5,21.5,-984.152154886933,-683.510828267182,15738,38.1498146659462,2.82966584995447,0.0741724664911761,1.24776948725406,-0.874788201470984,-0.736454682713882,50.7492240476692,49.1273003770033,39.1588668404071,49.355940742232
567,36.5,21.5,-880.864606956724,-690.722647748606,15738,37.8133521207877,2.97400120319403,0.0786494990894789,1.19143498484893,-0.818085274433278,-0.65375780562856,47.9229427969491,46.8818699784335,37.4701772875934,47.0505941641023
568,37.5,21.5,-777.474527962617,-697.132024330042,15738,31.1935165447449,2.4547191897258,0.0786932498041597,0.0830645330816183,-0.817531158838199,-0.951280206596583,27.1909382505711,25.2536454599313,37.0188027523154,25.3481046538866
569,38.5,21.5,-673.994015252459,-702.739357776306,15738,29.9169046242244,2.05458107466631,0.0686762584723644,-0.130680795608956,-0.94439928323815,-1.18053916343238,24.7678054993941,22.1230409374847,39.3242132957165,22.2484820032178
570,39.5,21.5,-570.435153031648,-707.544997210512,15738,35.3553000610231,2.14110302940109,0.0605596056519263,0.779879102432677,-1.04719906469209,-1.13096644756416,39.2068598362792,35.7099835032202,41.2047793704498,35.98592203934
571,40.5,21.5,-466.810014159723,-711.54924138243,15738,34.2537446667391,2.87688309493681,0.0839874040904588,0.595443788898926,-0.750479146678143,-0.709401582991797,32.8809910863955,31.7855589171697,34.3927369947769,31.8674798647352
572,41.5,21.5,-363.130661927919,-714.752338898572,15738,35.7128696181084,3.02657901385508,0.0847475726879264,0.839747588133299,-0.74085138910164,-0.623633372161209,36.4391977518286,35.7179119531412,33.8033851098676,35.8015487191707
573,42.5,21.5,-259.409151820664,-717.154488413962,15738,37.4349383823086,3.18676368828997,0.0851280602026048,1.1280765220208,-0.736032403465541,-0.531855633475743,41.3203462428513,41.1088806765008,33.3152028611258,41.1978658727821
574,43.5,21.5,-155.65753326397,-718.755838785583,15738,38.6304170029456,3.33262398239584,0.0862694281074346,1.32823756282202,-0.721576645190456,-0.448285042192525,44.7496193797957,45.0993947744584,32.6544481480871,45.1818448672461
575,44.5,21.5,-51.8878513636598,-719.556489187477,15738,38.2284846913634,3.42908076533365,0.0896996256330387,1.26094134486451,-0.678132190465472,-0.393020170879849,42.1561423293626,42.7823776370443,31.4829711818115,42.8271159326817
576,45.5,21.5,51.8878513636598,-719.556489187477,15738,39.1503755452142,3.49226850445572,0.0892014049883774,1.41529511550205,-0.684442300620493,-0.356816783572482,44.8413469835384,45.7810633421221,31.2254921405756,45.8313911215597
577,46.5,21.5,155.65753326397,-718.755838785583,15738,39.471529176993,3.61961304462199,0.0917018701857586,1.46906642021988,-0.652773177706092,-0.283854785356158,44.9807185816219,46.3832841525558,30.3077521766476,46.4048841064804
578,47.5,21.5,259.409151820665,-717.154488413962,15738,40.682043255292,3.62744367293036,0.0891657198771227,1.67174487354742,-0.684894262989623,-0.27936823031484,49.29862147382,50.9554761145138,30.5048041839674,51.0066076729663
579,48.5,21.5,363.130661927919,-714.752338898572,15738,41.5160734101738,3.58087522164456,0.0862527432752598,1.81138797630051,-0.721787963468952,-0.306049603974163,52.4237059005185,54.0927365557326,30.7866639594847,54.1849659298857
580,49.5,21.5,466.810014159723,-711.54924138243,15738,41.4148808324302,3.53813245283881,0.0854314290352431,1.79444512903176,-0.732190148488634,-0.330539054541057,51.2649204602472,52.7376161614669,30.6060896080285,52.8399124052178
581,50.5,21.5,570.435153031648,-707.544997210512,15738,41.442876109357,3.48275065723974,0.0840373782951179,1.79913242637899,-0.749846208762607,-0.36227002994401,50.757374922616,52.0245634999108,30.5524714571474,52.145010366421
582,51.5,21.5,673.994015252459,-702.739357776306,15738,41.7191542219307,3.42214720441176,0.0820282018711881,1.84539014576328,-0.775293015697888,-0.396992751557083,51.3945514258353,52.4940729299529,30.6345045109779,52.6432304119123
583,52.5,21.5,777.474527962618,-697.132024330042,15738,41.7393061330894,3.35798411894362,0.080451364194613,1.84876421489512,-0.795264125972814,-0.433754963123966,50.8795708667175,51.7473596896607,30.6211631667699,51.9165103176746
584,53.5,21.5,880.864606956724,-690.722647748606,15738,41.8306814270805,3.29382960889133,0.0787419543865944,1.86406333746665,-0.816914301059401,-0.470512261410116,50.6883566349028,51.3430149411509,30.6370963075406,51.534528541345
585,54.5,21.5,984.152154886933,-683.510828267182,15738,41.9052593285981,3.28574409972471,0.0784088716397077,1.87655004373713,-0.82113289144925,-0.475144850326947,50.2261607069166,50.8640091747905,30.3503791512901,51.0588395879583
586,55.5,21.5,1087.32505944431,-675.496115172639,15738,41.5331769001076,3.28682826284306,0.0791374151500205,1.81425164302562,-0.811905674849414,-0.474523679545663,47.8066112026113,48.3820948239868,29.8370990713808,48.5592192005994
587,56.5,21.5,1190.3711915151,-666.678006458726,15738,41.1324344670883,3.26450493106918,0.079365711593882,1.74715464848161,-0.80901423362914,-0.487313822656169,45.4613705578606,45.9013970363662,29.438480430329,46.0678029721253
588,57.5,21.5,1293.2784033088,-657.055948443109,15738,40.7692601611978,3.29149087673838,0.0807346236778428,1.68634775005245,-0.79167656178657,-0.47185223696737,43.2229174677236,43.6970475718958,28.8073172011427,43.8411176924596
589,58.5,21.5,1396.03452645496,-646.629335346326,15738,38.939943915326,3.39214207106636,0.0871121457812701,1.38006218592154,-0.710903379422637,-0.414184179495564,35.8540934142169,36.4020712716818,27.1899149905036,36.4679751702454
590,59.5,21.5,1498.62737006542,-635.397508832715,15738,29.9812166677192,2.15683654546489,0.0719395936919118,-0.119912919596992,-0.903068188413485,-1.12195193646313,17.5059650772571,15.8487816482185,29.976990513842,15.9335772579052
591,60.5,21.5,1601.04471875887,-623.359757513426,15738,26.9765923190168,1.50637395059159,0.0558400383850442,-0.622982340054269,-1.10697376422968,-1.49463419378618,14.0586529892206,11.8635176892566,33.2713741717458,11.9589261069586
592,61.5,21.5,1703.27433064436,-610.515316411601,15738,27.368690550956,1.31478177850235,0.0480396303964357,-0.557332658958813,-1.20576821241174,-1.60440684442345,14.6167209725345,12.0974358833497,34.7830850380238,12.2118284692651
593,62.5,21.5,1805.30393526036,-596.863366389842,15738,27.5688028674914,1.24067527335405,0.0450028707926609,-0.523827509754617,-1.24422966080708,-1.64686613391783,14.7507775343621,12.1222866394652,35.1358175784071,12.2439349079339
594,63.5,21.5,1907.12123146609,-582.403033540116,15738,27.7198956559007,1.17414116922375,0.0423573444791742,-0.498529784422274,-1.27773602517593,-1.6849868195832,14.8086897572957,12.093114757907,35.3921579483241,12.2206141174114
595,64.5,21.5,2008.71388528137,-567.133388536253,15738,27.8742410998163,1.12018442573163,0.0401870824651442,-0.472687461386323,-1.30522302821471,-1.71590131200895,14.850329736944,12.0675850135634,35.5284229015661,12.2000051458884
596,65.5,21.5,2110.06952767162,-551.053445949217,15738,28.0149055773761,1.07234169811833,0.0382775410453039,-0.449135766068571,-1.32940792868779,-1.74331278172903,14.8638977694361,12.0271241045243,35.5982359409019,12.1637296549728
597,66.5,21.5,2211.17575227417,-534.162163525366,15738,28.1024584536904,1.03887208649927,0.0369673026369279,-0.43447663746042,-1.34600248127164,-1.76248918096894,14.7861744928026,11.9289955216193,35.5144059919187,12.0676883967831
598,67.5,21.5,2312.02011306216,-516.458441427955,15738,28.1366372627775,1.00781382540302,0.0358185598367961,-0.428754020692446,-1.3605516447523,-1.78028399798856,14.6368758979784,11.7743310417576,35.3895447860852,11.91390588409
599,68.5,21.5,2412.59012194216,-497.941121442145,15738,28.1579003629152,0.989567629053112,0.0351435162529519,-0.42519390327942,-1.36910126913888,-1.79073814815313,14.4536321704261,11.6080184419882,35.1448912978588,11.7472485830034
600,69.5,21.5,2512.87324628146,-478.608986143841,15738,28.5072900059717,0.995074231169574,0.0349059567205836,-0.366694994648092,-1.37211003008382,-1.78758314289516,14.6486914202729,11.7909770473182,34.7920190162828,11.9341279220958
601,20.5,22.5,-2493.83735604961,-367.742054130136,15738,34.7778945990235,3.36524490567804,0.0967639054772603,0.683203113215437,-0.588661020491708,-0.42959489856153,49.7824223991896,49.1638523959291,42.9928226791807,49.1894578576169
602,21.5,22.5,-2394.34360952851,-387.095335560014,15738,35.2850810963675,3.3599997763809,0.0952243744942619,0.768122220455177,-0.608159630583209,-0.432600093082805,51.3141407169338,50.6611269781516,42.9625422597167,50.7020492187443
603,22.5,22.5,-2294.56139464798,-405.633105278773,15738,35.2990972402817,3.42782751356412,0.0971080787202806,0.770468967528238,-0.584301965725231,-0.393738220929375,50.2661334219696,49.9126057716715,41.8856770354498,49.9326973766144
604,23.5,22.5,-2194.50331854007,-423.356555155252,15738,35.0454822189548,3.40443565753463,0.0971433532078294,0.728005768475324,-0.583855204025409,-0.40714057454164,48.4155461179155,47.9917939036937,41.3836412387795,48.0130695213025
605,24.5,22.5,-2094.1819428782,-440.26681940142,15738,35.1967214949629,3.33968059776282,0.0948861273411721,0.753328020478178,-0.612443629687802,-0.44424195752516,48.5514153666824,47.8769415534486,41.5690288047475,47.9217272641368
606,25.5,22.5,-1993.60978638882,-456.36497534112,15738,34.095283846068,3.26304898735784,0.0957038223259767,0.568912421257373,-0.602087283593729,-0.488148004964508,43.4828458000245,42.6158599263528,40.8397629410413,42.6546065700596
607,26.5,22.5,-1892.79932729313,-471.652044146317,15738,34.1270882135911,3.3913593084014,0.0993744115283412,0.574237481191985,-0.5555981979869,-0.414632663019789,42.4369213885525,42.0542380082734,39.3064560336458,42.0598207463097
608,27.5,22.5,-1791.76300568279,-486.128991540406,15738,35.3114821232476,3.55826706625529,0.100767989682106,0.772542589776141,-0.537948123157372,-0.319002936649694,45.8829018179041,46.0899975297287,38.4568831820695,46.0743147005717
609,28.5,22.5,-1690.51322583357,-499.796728468181,15738,36.0740453539756,3.6260405082209,0.100516603354031,0.900219862547387,-0.541132004513189,-0.280172172917286,48.1288574632953,48.6104790473987,38.0745521401899,48.5914801788542
610,29.5,22.5,-1589.06235846052,-512.656111732123,15738,37.0011401107978,3.61600592793362,0.0977268786071375,1.05544493160633,-0.576464684207851,-0.285921481274486,51.5587728741481,52.0423086949068,38.3922249132882,52.0487883325589
611,30.5,22.5,-1487.42274291851,-524.707944594681,15738,37.4213123040363,3.60585416897481,0.0963583035164128,1.1257950843088,-0.593798087932541,-0.29173792709995,52.7359432594656,53.2042200131871,38.3179279349125,53.2255529639022
612,31.5,22.5,-1385.6066893515,-535.95297734628,15738,37.8597010167585,3.50689152848865,0.0926286112755178,1.19919526018749,-0.641035730805353,-0.348438528391579,54.3935850086429,54.4823273536746,38.9003593659961,54.5500966479484
613,32.5,22.5,-1283.62648079422,-546.391907838797,15738,37.9397822257781,3.39881713312686,0.0895845187750587,1.2126033946947,-0.679590052481499,-0.410359705627144,54.3486572835801,54.0010745655636,39.2969223261501,54.1077249363291
614,33.5,22.5,-1181.49437522955,-556.025381984284,15738,38.6014234757602,3.25528969579815,0.0843308200238344,1.32338312671772,-0.746129683459768,-0.492593687647082,57.3603866096966,56.433433614829,40.3349879654774,56.6143350646809
615,34.5,22.5,-1079.222607605,-564.853994218752,15738,38.262213207288,3.09895599356952,0.0809925964496806,1.26658856827412,-0.788409261194482,-0.58216501350262,55.3972344079618,53.8406001610517,40.8326726047132,54.0582768902764
616,35.5,22.5,-976.823391811557,-572.878287930841,15738,36.8108380634367,3.18895856602397,0.0866309688610834,1.02358233263648,-0.716997625823236,-0.530598079244486,47.5213658699728,46.4218849247436,38.7460275740212,46.5519372773189
617,36.5,22.5,-874.308922628105,-580.098755855219,15738,33.8721355216932,3.00465226203556,0.088705722735174,0.531550313655567,-0.690720261305418,-0.636196294961484,36.3994096508268,34.9579584527619,37.7228552917261,35.0481960484965
618,37.5,22.5,-771.691377634632,-586.515840430595,15738,29.4987824765166,2.20559239019718,0.0747689295974508,-0.200687705663647,-0.86723382181143,-1.09401729669179,25.9246272283534,23.1026567423406,41.2207102148093,23.2309289407703
619,38.5,22.5,-668.982919097304,-592.129934122208,15738,29.5888951889728,2.06971273460571,0.0699489697532557,-0.185599979289201,-0.928280022697631,-1.17186948553282,26.0589278109764,22.9195027553476,42.1774956643398,23.0677197776731
620,39.5,22.5,-566.195695828497,-596.941379708725,15738,37.143398428042,2.67179132928597,0.0719317952142164,1.07926348624268,-0.90316695841394,-0.826908819816098,47.7615461397354,44.8531973229816,41.0909327474821,45.1346585573484
621,40.5,22.5,-463.341845024822,-600.95047053343,15738,36.3165277410059,3.16496323799141,0.0871493899571728,0.940819105500044,-0.710431671043834,-0.544346191875197,41.9697799208418,40.9346490727676,36.3891576856094,41.0487756146675
622,41.5,22.5,-360.43349408615,-604.157450719667,15738,37.6870331764827,3.35351821825928,0.0889833434899282,1.17028518682785,-0.687204113264203,-0.436313698954648,46.0263558699526,45.6293642755039,35.4897830110062,45.7327533186071
623,42.5,22.5,-257.48276241861,-606.562515350451,15738,38.0786763609463,3.46310243173645,0.0909459771896963,1.23585867854212,-0.66234678354052,-0.373527472094677,46.5133478250717,46.5271315128889,34.5805404454044,46.6097867497873
624,43.5,22.5,-154.501763224501,-608.165810612219,15738,37.7890554490637,3.50135206484408,0.0926551887374797,1.18736695132969,-0.640699119477786,-0.351612361647617,44.4503327632944,44.5902404094859,33.7562112013171,44.6532418642797
625,44.5,22.5,-51.5026052820529,-608.967433902669,15738,37.7935430438504,3.55934943973953,0.0941787711093862,1.18811831704022,-0.621402503209479,-0.31838279123849,43.5535794401577,43.8933346150956,32.9956611921461,43.9400658650648
626,45.5,22.5,51.5026052820529,-608.967433902669,15738,39.3932610319203,3.63763369661733,0.0923415224159728,1.45596185012645,-0.644671795162421,-0.273529860730225,49.2040080141075,49.958800950217,33.0432706978177,50.0259661883568
627,46.5,22.5,154.501763224501,-608.165810612219,15738,39.0417119146287,3.77030704305846,0.0965712531075192,1.39710137701124,-0.591101019090158,-0.197514725305087,46.4389054112661,47.6099478721264,31.6747345448977,47.6270316255732
628,47.5,22.5,257.482762418611,-606.562515350451,15738,40.2964290410928,3.85170506563033,0.0955842777458645,1.60718082268993,-0.603601350658245,-0.150877764113449,50.8547302351666,52.5139018573018,31.5265826285721,52.5378257001313
629,48.5,22.5,360.43349408615,-604.157450719667,15738,41.0703701932362,3.83002803389116,0.0932552595915466,1.73676312040543,-0.633099046637461,-0.163297609903649,53.7178080131996,55.4430660841076,31.6842085137027,55.4969546916128
630,49.5,22.5,463.341845024822,-600.95047053343,15738,41.4851807173635,3.76331922721437,0.0907147844637263,1.80621555963048,-0.665274907020633,-0.201518391316105,55.107099705025,56.6532507969164,31.8912041896867,56.7439793975079
631,50.5,22.5,566.195695828497,-596.941379708725,15738,41.5127759970557,3.7010160880787,0.0891536641235747,1.81083588475301,-0.68504695263367,-0.23721494745077,54.5861903337652,55.8852212142715,31.8737035595948,55.9981172024526
632,51.5,22.5,668.982919097305,-592.129934122208,15738,41.7968838574517,3.62067957013458,0.0866255863112406,1.85840455227662,-0.717065797390968,-0.28324372003333,55.3908592249992,56.429770763266,32.079069880562,56.5806670712281
633,52.5,22.5,771.691377634633,-586.515840430595,15738,41.6075917527672,3.51728691400231,0.0845347391144883,1.82671104974547,-0.743546988546328,-0.342482496838789,53.9699711381587,54.5767308931214,32.1841467015972,54.7540444110336
634,53.5,22.5,874.308922628105,-580.098755855219,15738,41.5150495692302,3.44805928206185,0.0830556465146909,1.81121655285106,-0.762280128841111,-0.382146438076986,52.9159993391604,53.2513943917135,32.1474681108895,53.4460184193825
635,54.5,22.5,976.823391811557,-572.878287930841,15738,41.4989350727695,3.42702104382285,0.0825809394340716,1.80851847500353,-0.768292432831669,-0.39420028741253,52.061120789447,52.3209242781465,31.8791498607348,52.5194122024778
636,55.5,22.5,1079.222607605,-564.853994218752,15738,41.5665920771188,3.37904447581094,0.0812923144996294,1.81984640356223,-0.784613244447905,-0.421688440930064,51.7000694651222,51.800155865466,31.7991224886689,52.0147126720863
637,56.5,22.5,1181.49437522955,-556.025381984284,15738,41.0622154493498,3.31921754520135,0.0808338641468482,1.73539775761635,-0.790419652226579,-0.455966254480026,48.8394835751908,48.6828453501553,31.530016025914,48.8918606564096
638,57.5,22.5,1283.62648079422,-546.391907838797,15738,40.1130442686586,3.29868272967796,0.0822346643048307,1.57647639495373,-0.772678108601768,-0.467731667992331,44.2229931940653,43.937915245101,30.8469175939103,44.1130514585254
639,58.5,22.5,1385.6066893515,-535.95297734628,15738,39.6329762710521,3.32703190681511,0.0839460525008607,1.496097784749,-0.751002876652493,-0.451489019434221,41.5975491345226,41.3852116698233,30.111117740181,41.5339307453031
640,59.5,22.5,1487.42274291851,-524.707944594681,15738,34.8890470840952,2.61438707013185,0.0749343214743076,0.701813564891888,-0.865139085326912,-0.85979856482239,28.3200445907291,26.4431556848589,31.7553566185493,26.5977309013019
641,60.5,22.5,1589.06235846052,-512.656111732123,15738,27.5157577422783,1.53419048553861,0.0557567957934629,-0.532708946267817,-1.10802805599397,-1.47869672233637,15.9598313196469,13.299970245754,36.0360427657928,13.421988090312
642,61.5,22.5,1690.51322583357,-499.796728468181,15738,27.4656982307953,1.37302925147139,0.049990691659603,-0.541090496341136,-1.18105745098163,-1.57103398043318,15.9003244238563,13.0272680100916,37.1248640937068,13.1599563302301
643,62.5,22.5,1791.76300568279,-486.128991540406,15738,27.610162128895,1.28044124461729,0.046375723497736,-0.516902657510171,-1.22684207984577,-1.62408223819218,15.9989554527691,12.9880799406524,37.6580006464982,13.1290734662511
644,63.5,22.5,1892.79932729313,-471.652044146317,15738,27.7948878251063,1.20133513796216,0.0432214422134501,-0.485973716600564,-1.26679197469065,-1.66940604716849,16.1305591355555,12.9965471307729,38.0721317074613,13.1454867232036
645,64.5,22.5,1993.60978638882,-456.36497534112,15738,27.9441888530216,1.13985369373971,0.0407903661020549,-0.460975988808242,-1.29758226454018,-1.70463181356443,16.1813917563109,12.9631572208621,38.2906476343776,13.1178823292556
646,65.5,22.5,2094.1819428782,-440.26681940142,15738,28.0662144658405,1.09632550058678,0.0390621079989654,-0.440545030659266,-1.31947115879549,-1.7295712726652,16.1625875444034,12.8977951599382,38.3157777669752,13.0562408380854
647,66.5,22.5,2194.50331854007,-423.356555155252,15738,28.1537679189163,1.06123448026619,0.0376942256298546,-0.425885805482949,-1.33679578899837,-1.74967665730672,16.0807671140289,12.7925634957341,38.2414377423736,12.9532850301007
648,67.5,22.5,2294.56139464798,-405.633105278773,15738,28.1749261276045,1.04057227836223,0.0369325645664327,-0.422343250225642,-1.34644244909261,-1.76151505678968,15.8833050049055,12.6117479473898,38.000791873622,12.7721594494182
649,68.5,22.5,2394.34360952851,-387.095335560014,15738,28.1149528460758,1.05450621918881,0.0375069531491671,-0.432384679862138,-1.33916764972876,-1.75353161152844,15.522453762656,12.3420158435096,37.3996721008887,12.4977237745246
650,69.5,22.5,2493.83735604961,-367.742054130136,15738,30.5305168360551,1.56477434327676,0.051252795741369,-0.0279426480183914,-1.1650725337198,-1.46117371451188,17.9360281090507,15.1302977111175,33.4735660030319,15.2898820228634
651,20.5,23.5,-2474.24833519656,-256.90475639615,15738,34.8849211426305,3.61357862351095,0.103585689895542,0.701122751418844,-0.502261125998332,-0.287312204274673,53.437723768648,52.9909787055378,44.3039122366765,52.9939025231052
652,21.5,23.5,-2375.56607371124,-276.272032505112,15738,34.7317455079416,3.64527035737334,0.104955000218455,0.675476291552948,-0.484918410342978,-0.269154439312623,51.7011099553744,51.4196064662499,43.3539085588604,51.4092124147068
653,22.5,23.5,-2276.59382103134,-294.823418364929,15738,34.91462649601,3.6259860304196,0.103852923382525,0.706096369806628,-0.498876535740897,-0.280203385949554,51.8085736528505,51.4444899539566,43.1869529298819,51.4454821515068
654,23.5,23.5,-2177.34425569113,-312.560077696292,15738,34.9611974499977,3.6001776343936,0.102976382303343,0.713893824700735,-0.509978184828124,-0.294990295088776,51.2977234680497,50.8347926661511,42.95074462198,50.8458350047846
655,24.5,23.5,-2077.83000991693,-329.483118239878,15738,35.1638394241973,3.5225211005201,0.100174530375547,0.747822518836808,-0.545464458815158,-0.339483571978123,51.7437579358077,50.9509476908374,43.3128883871448,50.9924505314117
656,25.5,23.5,-1978.06367217358,-345.593592461161,15738,33.8538014645467,3.36192244600933,0.0993070881428219,0.528480610946362,-0.556450868351302,-0.431498500365781,45.7688413009091,44.4991565456631,43.0731656348158,44.5533091302054
657,26.5,23.5,-1878.05778964143,-360.892498226453,15738,32.8110014792697,3.44554551065855,0.105011897086881,0.353882816558949,-0.484197794866505,-0.383586702295649,40.6103110154281,39.8212058580178,40.8524539621703,39.8296588595118
658,27.5,23.5,-1777.82487062794,-375.380779449608,15738,34.5767252144357,3.64873681928192,0.105525806641705,0.649520977289845,-0.477688980076491,-0.267168331488441,46.1996874945198,46.0139532111741,40.2237597637764,46.0041300011364
659,28.5,23.5,-1677.37738691742,-389.059326708885,15738,35.8407734668396,3.71651262466129,0.103695101002769,0.86116274942734,-0.50087540233115,-0.228336213639157,50.7562899746599,50.7966369368132,40.2798985485639,50.7952695741054
660,29.5,23.5,-1576.72777606286,-401.928977833519,15738,36.7422035813316,3.70814540866745,0.100923326508145,1.01209074329656,-0.535980736831784,-0.233130206358603,54.2547489088089,54.2559244060365,40.6107155631583,54.2812078905353
661,30.5,23.5,-1475.88844362335,-413.990518459563,15738,37.4038371295665,3.72961450822158,0.0997120828887752,1.12286918580281,-0.551321491464668,-0.22082949522227,56.5926514721846,56.6997228583309,40.4861759840473,56.7370486513972
662,31.5,23.5,-1374.87176535056,-425.244682554662,15738,37.229252087114,3.60410368843965,0.0968083828277368,1.09363811198654,-0.588097701841794,-0.2927408641518,55.338920882205,54.9112707606171,40.8575294785092,54.986933098821
663,32.5,23.5,-1273.69008932792,-435.692152911389,15738,37.4277633874718,3.41170060437055,0.0911542741427221,1.12687520029955,-0.659708641719958,-0.402978126450882,56.265264555426,55.0160531495275,42.0580578570155,55.1643549723607
664,33.5,23.5,-1172.35573806569,-445.333561608868,15738,37.8414536353851,3.34705471345061,0.0884494223107969,1.196140069752,-0.693966381127887,-0.440016961188784,57.7426355969488,56.2111855802127,42.3830247003407,56.3973955483307
665,34.5,23.5,-1070.88101055534,-454.169490442404,15738,37.6845711883679,3.23315911503724,0.0857953006517221,1.16987297192496,-0.727581608062076,-0.505273394149578,56.5055869402666,54.5259240085835,42.6948841911838,54.7423607220944
666,35.5,23.5,-969.278184286503,-462.200471320879,15738,35.3420301476887,3.0130786363419,0.0852548261588462,0.777657298028558,-0.734426875560664,-0.631368407512939,45.8266217975571,43.3501694739657,42.3586119679566,43.5347291602169
667,36.5,23.5,-867.559517229668,-469.426986631708,15738,29.0553633673762,2.35882464343677,0.0811837943174821,-0.27493012946324,-0.785987684288426,-1.0062229446689,27.053145287785,24.0701676384913,43.1084176050825,24.2003477659062
668,37.5,23.5,-765.737249787758,-475.849469573162,15738,29.2039141929472,2.17346395669149,0.0744237208180943,-0.250058009339218,-0.871605991948419,-1.11242526852219,27.4801675052394,24.0066888689394,44.7303260856834,24.1666478694996
669,38.5,23.5,-663.823606719727,-481.468304453892,15738,31.0166148375883,2.19113827424842,0.0706440172701578,0.0534455761109751,-0.919477042649289,-1.10229877606024,31.7786570286701,27.8589189341683,45.4266019052839,28.0658800301155
670,39.5,23.5,-561.830799039204,-486.283826959516,15738,37.5109775719913,3.19229030566581,0.0851028288862677,1.14080789428112,-0.736351965465128,-0.52868916048372,51.433347283827,49.5049132145489,40.4493986860176,49.7135523255702
671,40.5,23.5,-459.771025891228,-490.296324386135,15738,37.2504380910032,3.41453660259845,0.0916643341014325,1.09718532104212,-0.653248583190437,-0.401353242514944,48.5813419911393,47.5698016716752,38.1277377508831,47.6985069105577
672,41.5,23.5,-357.656476410048,-493.506035840686,15738,37.8181585536583,3.55166006048293,0.0939141459107179,1.192239734168,-0.624754058732689,-0.322788417697793,49.7776600461195,49.2893404922555,37.0740721472408,49.3941465801511
673,42.5,23.5,-255.499331560963,-495.913152408024,15738,37.8561352772094,3.6534875754139,0.096509787611981,1.19859824228432,-0.591879497564976,-0.264446387854461,48.7572895504649,48.6671028942189,35.9597546848728,48.7409924392786
674,43.5,23.5,-153.311765969114,-497.517817284683,15738,37.7220175831938,3.70710543871478,0.0982743150081769,1.17614268619105,-0.56953124210656,-0.23372605668507,47.1933468893218,47.3059321840708,35.0885515268178,47.3594759359959
675,44.5,23.5,-51.1059497381753,-498.320125879237,15738,38.2717575956018,3.74718048179526,0.0979098091441164,1.26818660161885,-0.574147815464207,-0.210765078397823,48.6514014094063,48.9357848487512,34.7680511791731,48.9922772657152
676,45.5,23.5,51.1059497381753,-498.320125879237,15738,39.1367974405535,3.79774259112553,0.097037643330272,1.4130217100943,-0.585194050536506,-0.181795540120392,51.5623474308291,52.0955187733108,34.5767988183041,52.1611806348886
677,46.5,23.5,153.311765969114,-497.517817284683,15738,38.5629391074559,3.88171265529947,0.100659149565417,1.3169396227676,-0.539326615062425,-0.133684928825364,47.8581987585125,48.6517930536851,33.2904098601936,48.6749227451963
678,47.5,23.5,255.499331560963,-495.913152408024,15738,39.700121789167,3.98236175158294,0.100311071405066,1.50734007428811,-0.543735126748779,-0.0760180734272392,51.8032057896717,53.0920688840486,32.9824272433351,53.1130777004725
679,48.5,23.5,357.656476410048,-493.506035840686,15738,40.7542812999677,4.03648620390856,0.099044470302357,1.68383981356403,-0.55977700009587,-0.0450074922991824,55.8365781402449,57.5014492852497,32.8944067917303,57.5341534641971
680,49.5,23.5,459.771025891228,-490.296324386135,15738,41.5352765365816,3.98149259836819,0.0958580977512344,1.81460318877029,-0.600133340219402,-0.0765160543789267,59.1619071198146,60.7478020253585,33.26384704743,60.8266423094823
681,50.5,23.5,561.830799039204,-486.283826959516,15738,41.4429712348858,3.90793263780826,0.094296632730779,1.79914835340981,-0.619909751309279,-0.118662201392052,58.0215690495878,59.2738856881237,33.2456757808474,59.3764479821477
682,51.5,23.5,663.823606719728,-481.468304453892,15738,41.599057343367,3.82525653941722,0.09195536590752,1.82528211890666,-0.649562580262407,-0.166031435561523,58.2220561631719,59.1581241389272,33.4148474138386,59.2964391283902
683,52.5,23.5,765.737249787759,-475.849469573162,15738,40.6774883582944,3.70816317210297,0.0911600819460835,1.67098223931202,-0.65963508419206,-0.233120028806041,53.178001581612,53.5265090142826,33.2126243421021,53.6684385701722
684,53.5,23.5,867.559517229668,-469.426986631708,15738,40.4830995679189,3.6451059003263,0.0900401881088889,1.63843538993307,-0.673818867121068,-0.269248664905308,51.6460342262806,51.7447979175248,33.0889728505177,51.8984859758264
685,54.5,23.5,969.278184286503,-462.200471320879,15738,40.552571109811,3.58687022539821,0.0884498843657887,1.65006712963224,-0.6939605290663,-0.302614769213213,51.3405773416099,51.2382251253043,33.0777737790775,51.4115959942516
686,55.5,23.5,1070.88101055534,-454.169490442404,15738,40.8720267835514,3.48600179837816,0.0852906516439522,1.70355414231646,-0.733973135315658,-0.360407290060283,52.3466007598208,51.9042096183911,33.4427291642388,52.1214062865015
687,56.5,23.5,1172.35573806569,-445.333561608868,15738,39.3391245028648,3.35492942380875,0.0852822594860857,1.4468976779915,-0.734079424449083,-0.435505149356458,45.3389224082684,44.4214711582365,33.052293189403,44.6123207001685
688,57.5,23.5,1273.69008932792,-435.692152911389,15738,36.9606683330897,3.14052449200228,0.0849693642901654,1.04866867228284,-0.738042333602669,-0.558348360628878,36.6364994162692,35.2014931909478,32.7382082243548,35.3610115858895
689,58.5,23.5,1374.87176535056,-425.244682554662,15738,35.358843460306,2.71010597285022,0.0766457753600621,0.78047237986666,-0.843463021398066,-0.804956461656543,32.322172996187,29.9383001505379,34.3550346948893,30.1328763009663
690,59.5,23.5,1475.88844362335,-413.990518459563,15738,30.883222033493,2.01194407165779,0.0651468318129445,0.0311113895833443,-0.989100503959636,-1.20496801553232,22.664745903102,19.602011497709,36.886562625016,19.7743944321142
691,60.5,23.5,1576.72777606286,-401.928977833518,15738,28.7920356553669,1.65506510541747,0.0574834348369168,-0.319019541015812,-1.0861596676024,-1.4094416620999,19.1619043590579,15.9449697824374,38.5244593846442,16.1055367162089
692,61.5,23.5,1677.37738691742,-389.059326708885,15738,27.9775866348387,1.45260973280364,0.0519204801959149,-0.455384140778874,-1.15661611485775,-1.52543837869449,17.9046518102867,14.5684167483051,39.6303815077115,14.7283563455048
693,62.5,23.5,1777.82487062795,-375.380779449608,15738,27.8659103218793,1.33889514235072,0.0480477804918315,-0.474082297859155,-1.20566498907029,-1.59059110322405,17.6494090039087,14.1899056540754,40.274264595822,14.3553707138651
694,63.5,23.5,1878.05778964144,-360.892498226453,15738,27.9526508626769,1.26484020383228,0.045249382967149,-0.459559179983186,-1.24110751203175,-1.63302084764055,17.6320045462022,14.0730905463003,40.6128298667229,14.244593303294
695,64.5,23.5,1978.06367217358,-345.593592461161,15738,28.037036862666,1.20337727207847,0.0429209861931194,-0.445430286922875,-1.27059733804791,-1.66823600732574,17.5871381619981,13.9542464206312,40.8157021118751,14.1305098819982
696,65.5,23.5,2077.83000991693,-329.483118239878,15738,28.126089484738,1.16078119181971,0.0412706214438231,-0.43052005330406,-1.29149969019974,-1.69264141275422,17.5146554197063,13.842283881467,40.8195595756124,14.0216660193436
697,66.5,23.5,2177.34425569113,-312.560077696292,15738,28.1863628542095,1.13367376511181,0.0402206475158077,-0.420428379427385,-1.30479791703291,-1.70817260095065,17.3704687955492,13.6953002442325,40.6470921358422,13.8757264740532
698,67.5,23.5,2276.59382103134,-294.823418364929,15738,28.1521469335087,1.11841867692607,0.0397276513072915,-0.426157209856644,-1.31104185817642,-1.7169129970096,17.0650542565396,13.433849729349,40.3131471574203,13.6121039964153
699,68.5,23.5,2375.56607371124,-276.272032505112,15738,29.7519220924693,1.27772919461189,0.0429461058226993,-0.158304104549883,-1.27027919059376,-1.62563610604861,18.9979692250189,15.2903059815548,38.9262934858795,15.4896471889724
700,69.5,23.5,2474.24833519656,-256.90475639615,15738,34.171783407514,2.98694980005216,0.0874098306322331,0.58172087435352,-0.707133113735765,-0.646338912760183,23.7174603615019,22.4957981603225,27.9188094021112,22.593489944069
701,20.5,24.5,-2454.10815833302,-146.105878859972,15738,34.36152728029,3.95719863523844,0.115163642260695,0.613490017192937,-0.35562297365247,-0.0904352698570787,53.6859597112699,53.9311087794278,44.1160097038466,53.8607012100157
702,21.5,24.5,-2356.2593811259,-165.479932176021,15738,34.6778822565703,3.93982499237611,0.113612041335934,0.666457874770485,-0.375274453085908,-0.100389490885142,54.4688299978021,54.6166794264306,44.0887746191309,54.5602474841769
703,22.5,24.5,-2258.1191543899,-184.038037017331,15738,34.5646029290682,3.85634954572584,0.111569328704272,0.647491322209297,-0.401146005898821,-0.148216711287768,53.4005125182112,53.1898886949896,44.2178423039368,53.1606608838163
704,23.5,24.5,-2159.70022479452,-201.781326406976,15738,35.335618873763,3.73828022530392,0.105793540468585,0.776583847412472,-0.474298052867959,-0.215864476435601,56.9607658131078,56.1418097390644,45.5570555668813,56.1738071794936
705,24.5,24.5,-2061.01529192462,-218.710879186268,15738,35.3073301705552,3.71438797397698,0.105201609864986,0.771847421198536,-0.481795027055726,-0.229553531313214,56.0029310100469,55.0997491119972,45.2150110375806,55.1394494110795
706,25.5,24.5,-1962.07701085746,-234.827720654288,15738,33.6801678225718,3.70349734433797,0.109960774656709,0.499408831747772,-0.421518813286852,-0.235793312769559,47.4651774222431,46.7535033611545,43.1772415161118,46.7550425625594
707,26.5,24.5,-1862.89799467092,-250.132823182417,15738,32.4987438670682,3.78505103204106,0.116467610179744,0.301600987693582,-0.339107838649569,-0.189067163309531,41.5360560596562,41.314014507212,40.7150560000465,41.2717468743643
708,27.5,24.5,-1763.49081688685,-264.627106803184,15738,33.6484327885895,3.82088304404594,0.113553075950142,0.494095380447094,-0.376021266939709,-0.168537227808774,45.3435289806753,45.1359440266719,41.0917184093514,45.1047800392071
709,28.5,24.5,-1663.86801385323,-278.311439772824,15738,35.1837694714917,3.84388934700827,0.109251777303818,0.751159440920408,-0.430498472087232,-0.155355776656568,51.3188475134595,51.0729755729492,41.8885810865086,51.0681295490063
710,29.5,24.5,-1564.04208706887,-291.18663910697,15738,35.6875782839481,3.82262981764782,0.107113735407684,0.835513016572276,-0.457577397911002,-0.167536414642712,52.9750269208971,52.6122156875712,42.0400914205538,52.6275147306782
711,30.5,24.5,-1464.02550545409,-303.253471088983,15738,36.8355063392241,3.81791453364657,0.103647673483481,1.02771258446292,-0.50147608573176,-0.170238034535004,57.9153368163899,57.4701224763979,42.5980579046783,57.5205595291546
712,31.5,24.5,-1363.83070757095,-314.512651750435,15738,35.4970489285743,3.69969148018087,0.104225325536927,0.803612359031043,-0.494159953557036,-0.237973880962581,50.8927848656176,50.0631647399336,41.9232293717609,50.1132470745281
713,32.5,24.5,-1263.4701037965,-324.964847323346,15738,36.7465613170415,3.5518308381543,0.0966575023853215,1.01282036647857,-0.590008646765656,-0.322690570706177,56.783386416563,55.1936549982741,43.7546129126438,55.3336128071369
714,33.5,24.5,-1162.95607845223,-334.610674663783,15738,38.5545180576822,3.45223229579332,0.0895415756625037,1.31552967192595,-0.680133939559494,-0.37975551169699,66.2789744530321,64.0226487643814,45.5174617732746,64.2809584214286
715,34.5,24.5,-1062.30099189319,-343.450701646477,15738,37.371507061105,3.2795187001904,0.0877545209731082,1.11745610685625,-0.702767509773745,-0.478711690248983,59.4064637049936,56.5658275810872,45.5666464437011,56.8246180905326
716,35.5,24.5,-961.517182559872,-351.48544753016,15738,31.4035449094066,2.68978806194693,0.0856523704475553,0.118229943271939,-0.7293918608937,-0.816597599762261,35.8058867245446,32.3325455404918,45.7196282406429,32.5094312581182
717,36.5,24.5,-860.61696899609,-358.715383293342,15738,28.7300854891497,2.27256368540946,0.0791004846215208,-0.329391963854495,-0.812373410792141,-1.0556461225885,28.7488149311014,24.9429291722848,47.3686294989241,25.1136999998037
718,37.5,24.5,-759.612651835952,-365.140931940282,15738,31.0888775848406,2.32568545216586,0.0748076364551643,0.0655446521224462,-0.866743588139774,-1.02521002971582,34.8415336847203,30.4203919121295,48.2842740943376,30.6530641079096
719,38.5,24.5,-658.516515763021,-370.762468776943,15738,36.6024545970601,3.18380972090548,0.0869835030452084,0.988692330594044,-0.712532677292749,-0.533548107788004,52.32161320348,49.4403268748722,43.7074655263376,49.681051046615
720,39.5,24.5,-557.34083144469,-375.580321656736,15738,37.4709814605878,3.49748057334503,0.0933383764453488,1.13411127658479,-0.632046347378908,-0.353830530997315,54.3157022607,52.6493451566528,41.2602232761619,52.8241080284629
721,40.5,24.5,-456.097857444766,-379.594771195888,15738,38.5523877344436,3.65956361644498,0.0949244348145899,1.3151729882435,-0.61195845433504,-0.260965122821084,58.1931312645392,57.1635377094292,40.3124409751775,57.3251023514656
722,41.5,24.5,-354.799842117244,-382.806050958304,15738,37.842836331285,3.80838524181978,0.100636886952138,1.19637157690374,-0.539608577569668,-0.175697838091259,53.0833859736955,52.7295472343135,38.231956441139,52.8122380295874
723,42.5,24.5,-253.4590254842,-385.214347609787,15738,37.8412512971813,3.87605611791193,0.102429385526177,1.19610619191867,-0.516906058964493,-0.136925839430884,51.9456184417107,51.8767513202321,37.2981819205714,51.9367347157102
724,43.5,24.5,-152.087641100735,-386.819801041532,15738,37.330968863962,3.91428892949748,0.104853665699424,1.11066872681258,-0.486201841658886,-0.115020366867495,48.6382890096878,48.7286320294856,36.2218510399961,48.762184319345
725,44.5,24.5,-50.6979179098487,-387.622504462817,15738,37.5969677176253,3.93793299956307,0.104740707525649,1.15520537220471,-0.487632489961132,-0.101473507334294,48.9364576075844,49.1224180143983,35.8259677186978,49.1558196498028
726,45.5,24.5,50.6979179098487,-387.622504462817,15738,38.7950259051248,3.99770690313903,0.10304689350938,1.35579831432068,-0.509085139784675,-0.0672260755999055,53.4476259385243,53.9034746444873,35.8405789640933,53.9512174446265
727,46.5,24.5,152.087641100735,-386.819801041532,15738,38.4875851563417,4.0775945733017,0.105945710980254,1.30432298117892,-0.472370768839748,-0.0214544701560862,50.825484455715,51.5757951024003,34.6874341992845,51.5888259797073
728,47.5,24.5,253.4590254842,-385.214347609787,15738,39.8826663045996,4.16570094592274,0.104448908057141,1.5379038163499,-0.49132821555821,0.0290260372424197,56.3950882806535,57.6196588336471,34.6523270155911,57.6411911705278
729,48.5,24.5,354.799842117244,-382.806050958304,15738,40.1477062309208,4.22320586160374,0.105191709765753,1.58227990688849,-0.481920414707504,0.06197345336147,56.5953985941617,58.080225778712,34.0627914854479,58.0890629269343
730,49.5,24.5,456.097857444766,-379.594771195888,15738,40.6768402876947,4.20173855060138,0.10329559820487,1.67087373173731,-0.505935222089712,0.0496737669750837,58.5038413095948,59.9687170226776,34.1264201616615,60.001772492643
731,50.5,24.5,557.34083144469,-375.580321656736,15738,40.9024842494112,4.11220955766866,0.100536914398491,1.70865368818991,-0.540874759195726,-0.0016218301045972,59.118056809167,60.2317063548613,34.4034518314556,60.3060460026886
732,51.5,24.5,658.516515763021,-370.762468776943,15738,38.1691104755845,3.70717639074807,0.0971250402369063,1.25100021783647,-0.584087143157256,-0.233685404748838,46.8016082473208,46.2130346267786,34.8464467667633,46.3285196976058
733,52.5,24.5,759.612651835952,-365.140931940282,15738,33.0010429970841,3.31803624941005,0.100543375241298,0.385701794618895,-0.540792930732277,-0.456643077383507,29.6682370723465,28.4097672392714,33.5992053552955,28.4810786017815
734,53.5,24.5,860.61696899609,-358.715383293342,15738,33.7161802199036,3.26183879491478,0.096744019448242,0.505438449347984,-0.588912882864326,-0.488841384191888,31.3192326833564,29.8343296429936,34.1270482004649,29.9303042195324
735,54.5,24.5,961.517182559872,-351.48544753016,15738,36.4468637615014,3.39865291788974,0.0932495300591464,0.962641489494132,-0.633171612840748,-0.410453792674943,39.0576586400926,37.6385936474859,34.587078730234,37.7765607459422
736,55.5,24.5,1062.30099189319,-343.450701646477,15738,39.7857206617048,3.6564811082979,0.0919043578320146,1.5216720406845,-0.650208612454537,-0.262731244506679,50.9148115301157,50.1868293051642,34.5143215804873,50.3695590480543
737,56.5,24.5,1162.95607845223,-334.610674663783,15738,37.1900324008867,3.09386519379675,0.0831907098237156,1.08707149249236,-0.760569512536909,-0.585081784990863,41.4042411364406,38.9916285667203,36.3208609757618,39.2243438671791
738,57.5,24.5,1263.4701037965,-324.964847323346,15738,31.9031726641067,2.32909177663668,0.0730050205714202,0.201883477235308,-0.889574245430877,-1.02325837761013,27.0366404702298,23.7125937617574,38.62976060661,23.9093265705994
739,58.5,24.5,1363.83070757095,-314.512651750435,15738,30.7364773103736,2.09023011515691,0.0680048690697375,0.00654166829797331,-0.952902626351058,-1.16011406138016,24.4936696361521,20.98188377414,39.5777892593201,21.176297550485
740,59.5,24.5,1464.02550545409,-303.253471088983,15738,30.0226344910764,1.96741939006079,0.065531204153505,-0.112978262223973,-0.984232315867734,-1.23047841224836,22.8725668842721,19.3468290442816,39.817170848352,19.5348201675396
741,60.5,24.5,1564.04208706887,-291.18663910697,15738,29.2032600284789,1.79847692642678,0.061584799939216,-0.250167537220831,-1.0342146792548,-1.32727392239926,21.2630020228718,17.6686660406591,40.4855962438824,17.8526002536731
742,61.5,24.5,1663.86801385323,-278.311439772824,15738,28.5789914617758,1.58843379374001,0.0555804705657488,-0.354689896628813,-1.11026126656425,-1.44761804278661,20.2103644930079,16.4251627133785,41.7805566909976,16.613363417026
743,62.5,24.5,1763.49081688685,-264.627106803184,15738,28.3856234744992,1.43966650141404,0.0507181567707115,-0.387065831189891,-1.17184389262307,-1.53285419742004,19.8444045997967,15.879901537722,42.7633929055132,16.0756077631026
744,63.5,24.5,1862.89799467092,-250.132823182417,15738,28.3168671327165,1.35576598524328,0.0478783891907614,-0.398577823705139,-1.20781037943198,-1.58092496121727,19.5725955161626,15.5278545487767,43.1357468166762,15.7272070639065
745,64.5,24.5,1962.07701085746,-234.827720654288,15738,28.3364903959875,1.29784276743288,0.0458011118983406,-0.395292266998036,-1.23411970378085,-1.61411204335717,19.4038157295643,15.3062387693947,43.2728066762548,15.5087415499266
746,65.5,24.5,2061.01529192462,-218.710879186268,15738,28.3255391106973,1.25396490061139,0.0442697629058655,-0.397125859522356,-1.25351468656979,-1.63925184783238,19.1572555307514,15.0458591947023,43.2397783215104,15.2492484475603
747,66.5,24.5,2159.70022479452,-201.781326406976,15738,28.2395804377701,1.22945181970134,0.0435364761318112,-0.411518067916538,-1.26280197799194,-1.65329660674627,18.7527398091516,14.689285969573,42.9588900020862,14.8897474251821
748,67.5,24.5,2258.1191543899,-184.038037017331,15738,31.4190080129808,1.69214628648635,0.0538574065033255,0.120818957288586,-1.13208437677567,-1.38819601573396,23.3199317932754,19.3043549365937,39.4104082803154,19.5407090515405
749,68.5,24.5,2356.2593811259,-165.479932176021,15738,35.9771228513476,2.95254060569526,0.0820671685697253,0.88399196129664,-0.774799491066217,-0.666053645516018,30.8736586882492,28.7610853684092,31.7802521020143,28.9466460456293
750,69.5,24.5,2454.10815833302,-146.105878859972,15738,36.5495074728208,3.27448296169407,0.0895903443877887,0.97982730255237,-0.679516269392739,-0.481596914403131,31.165034933765,29.813385640533,29.7491959447103,29.9537129482771
751,20.5,25.5,-2433.41875976178,-35.3542372237131,15738,34.3905310990138,4.09597880021902,0.119101935018866,0.618346176427197,-0.305743344229108,-0.0109212354386941,57.7370233514861,57.7180140549519,46.4163305088311,57.6533247889972
752,21.5,25.5,-2336.42535933695,-54.727783875848,15738,34.7433366593722,4.06062392991354,0.11687489804806,0.677417017965259,-0.333949418697662,-0.031177792812872,58.8721393909183,58.6459607128692,46.6141165167121,58.6038235470527
753,22.5,25.5,-2239.13911911518,-73.2856465827018,15738,34.8833780384439,4.0330971354064,0.115616587675702,0.700864386831882,-0.349886287520475,-0.0469492576052295,58.8114960530828,58.4460144676941,46.4869383363084,58.4187932997926
754,23.5,25.5,-2141.57285046287,-91.028925167011,15738,34.916858915241,3.93941559540632,0.112822737147378,0.706470147596607,-0.385271221443413,-0.100624054698718,58.4931971042566,57.6845727889464,46.8761936771687,57.6933249755735
755,24.5,25.5,-2043.73931696035,-107.958667186159,15738,35.1442880808648,3.9150554729441,0.11139948158676,0.744549003808655,-0.403297169309039,-0.114581176137275,58.887152744782,57.9469595406303,46.8039260376484,57.9716548139221
756,25.5,25.5,-1945.65123700504,-124.075868505249,15738,33.94144946033,3.99213162808855,0.117618183417725,0.543155665570752,-0.32453549213829,-0.0704204269851902,51.4826869572126,51.1054756379391,44.226706514967,51.0741839787264
757,26.5,25.5,-1847.3212863467,-139.381473848982,15738,33.2998388957941,4.01305380229923,0.120512709231338,0.435729705650084,-0.287875476287555,-0.0584330764835643,47.6163755756615,47.4337953918368,42.8050685633396,47.3848087569436
758,27.5,25.5,-1748.76210055848,-153.876377331553,15738,33.933472244572,4.00489811169201,0.1180220545315,0.541820026621409,-0.319420346381774,-0.0631058758258862,49.7372945935227,49.4441460796497,43.069245174502,49.4111063326329
759,28.5,25.5,-1649.9862774475,-167.561422963837,15738,35.2142476181106,4.00304807715345,0.113676944643698,0.756262449408899,-0.374452433713953,-0.0641658523001537,55.1200315611243,54.6665249341847,43.9183265373798,54.6644969044089
760,29.5,25.5,-1551.00637940857,-180.437405137207,15738,34.8726832013767,3.96409125143062,0.113673250450488,0.699073731874425,-0.374499221751226,-0.0864861484447047,52.7100035861626,52.1436985160473,43.4041202937117,52.1468129279487
761,30.5,25.5,-1451.83493572445,-192.505069083353,15738,35.7205282981612,3.91376975610501,0.109566401802251,0.841029894101864,-0.426513660811632,-0.115317827034113,56.3107233824206,55.4237598762106,44.1838407465304,55.4675855923794
762,31.5,25.5,-1352.48444481624,-203.765111309585,15738,34.396942667683,3.82886607305697,0.111314139458514,0.61941967639268,-0.404378052319147,-0.163963354851966,49.3758074633522,48.3459388742017,43.1186103125938,48.3803275921441
763,32.5,25.5,-1252.96737644711,-214.218180009083,15738,36.3225296508677,3.63718327981636,0.100135737096975,0.941824015587081,-0.545955787032254,-0.273787926838014,58.8899323194814,56.6831598474292,46.1890370232213,56.8442802555675
764,33.5,25.5,-1153.29617388283,-223.864875445652,15738,37.399446455068,3.5195813135028,0.0941078450915376,1.12213404762278,-0.622300801965818,-0.341167921655249,64.4811009939314,61.5180727806424,47.674524176599,61.7707913776984
765,34.5,25.5,-1053.48325601217,-232.705750312571,15738,34.370908084069,3.15436179161309,0.0917741766932,0.615060661297773,-0.651857394645376,-0.550420285909663,49.6543489318125,45.948895040644,47.9144925416424,46.177949669218
766,35.5,25.5,-953.541019430566,-240.741310065154,15738,28.4633813549715,2.33398465984066,0.0819995569301184,-0.374046695575792,-0.77565581225293,-1.02045500233283,30.756767231161,26.4088600736412,50.8095888700279,26.6034045291615
767,36.5,25.5,-853.481840489915,-247.972013226689,15738,28.8041463438173,2.23209342673801,0.077492087427098,-0.316991827627053,-0.832744231589287,-1.07883353947457,31.5383420081824,26.8040520957294,51.8719489500805,27.0235073330823
768,37.5,25.5,-753.318077317893,-254.39827166747,15738,34.6674921019042,3.03552436843594,0.0875611180501058,0.664718233311281,-0.705217014348727,-0.618508135192892,49.0577461593613,44.9720091603779,47.6737339416892,45.2381445925502
769,38.5,25.5,-653.062071809591,-260.020450856625,15738,38.5792374578784,3.6204844539323,0.0938454125197578,1.31966848360007,-0.625624587228313,-0.283355511775516,65.5993984187631,63.1747049518175,45.0273208794681,63.4338931529459
770,39.5,25.5,-552.72615159461,-264.838870086548,15738,37.3910934616944,3.73536870519587,0.0998999590376407,1.12073549158121,-0.548941985100276,-0.217532630599522,57.4484219445,55.7905750317192,42.5983136371628,55.9484341353482
771,40.5,25.5,-452.322631982541,-268.853802669689,15738,36.4272079283559,3.85679598255644,0.105876793800444,0.95935047955693,-0.473243625074902,-0.147960925502253,51.2684330258663,50.2854935329017,40.3229250474228,50.3671070410446
772,41.5,25.5,-351.863817889786,-272.065476107562,15738,37.4569666367169,3.99791586265928,0.106733572460199,1.13176475052885,-0.462392272808677,-0.0671063523347838,54.8090287059703,54.3409677182537,39.6043590078617,54.4082443974868
773,42.5,25.5,-251.362005750623,-274.474072231793,15738,38.49825257706,4.11511628935422,0.106890988912216,1.30610904576993,-0.46039854741194,4.35805347613096e-05,58.7696003445924,58.7851534664462,39.0952245890902,58.8444625449008
774,43.5,25.5,-150.829485415422,-276.079727317115,15738,38.0756703505357,4.19619969634774,0.110206850141214,1.23535537705093,-0.41840219531786,0.0465002828693119,55.2870054451582,55.6603112157212,37.7237686110816,55.6777772334563
775,44.5,25.5,-50.2785420388776,-276.882532166189,15738,38.4133175630433,4.23396367075818,0.110221244593349,1.29188823034708,-0.418219885372321,0.0681371353796593,55.9375051293954,56.4772044843826,37.2772280229644,56.4913517332511
776,45.5,25.5,50.2785420388776,-276.882532166189,15738,38.4217397540993,4.28212961227078,0.111450695353115,1.2932983722756,-0.402648531982159,0.0957337903610318,54.8738075530527,55.614428222733,36.5146970512251,55.6125483232043
777,46.5,25.5,150.829485415422,-276.079727317115,15738,38.6545375540866,4.32378881154029,0.111857212248117,1.33227610816923,-0.397499876632706,0.119602410239248,54.9750113698741,55.8947033489544,35.9806057372012,55.8851395495819
778,47.5,25.5,251.362005750623,-274.474072231793,15738,39.0944871844293,4.39557627892818,0.112434683135552,1.40593763116877,-0.390186038978499,0.160733008069916,56.0051480332979,57.2455753388411,35.4106555945321,57.2227110696849
779,48.5,25.5,351.863817889786,-272.065476107562,15738,39.8090548346254,4.45359198439984,0.111873843850373,1.5255789213743,-0.397289232526696,0.19397308097461,58.5653125977316,60.1129469945061,35.1369136922946,60.0882121570028
780,49.5,25.5,452.322631982541,-268.853802669689,15738,40.5413727769404,4.42932236084045,0.109254375405852,1.64819217350679,-0.430465566365221,0.180067810842582,61.7008713306547,63.2260033718041,35.3866134707933,63.2323923724392
781,50.5,25.5,552.72615159461,-264.838870086548,15738,37.1071444429123,3.8603567018367,0.104032707441978,1.0731934191821,-0.49659951805522,-0.145920812958471,46.3249461936608,45.5126763094046,36.3129978860879,45.6065514762944
782,51.5,25.5,653.062071809591,-260.020450856625,15738,36.6880804720699,3.63395212473353,0.0990499387805258,1.00302881806075,-0.559707740220761,-0.27563921571999,44.6563585239564,43.1071602910628,37.199507669815,43.2495084207032
783,52.5,25.5,753.318077317894,-254.39827166747,15738,31.3223255319628,3.32439963724111,0.106135147399855,0.104631243268665,-0.469971501190242,-0.45299717712761,27.5518678013281,26.0278688786014,34.9322371183121,26.0986304980823
784,53.5,25.5,853.481840489915,-247.972013226689,15738,31.0822405738166,3.15735920241354,0.101580810910822,0.0644334059559028,-0.527653504609357,-0.548702920711352,26.9240203400107,25.0570623327958,35.6746753020052,25.1490259140684
785,54.5,25.5,953.541019430566,-240.741310065154,15738,31.2458959085724,3.07293842719921,0.0983469456657872,0.091834500021416,-0.568611353589166,-0.597071766698515,27.1042558712619,25.0253602629485,36.0876954413077,25.1328110515309
786,55.5,25.5,1053.48325601217,-232.705750312571,15738,35.0979316274886,3.28902397785541,0.093709908970233,0.736787463120709,-0.627340779307185,-0.473265645596146,37.2267031799442,34.9640012741093,36.8766719558911,35.1309888549525
787,56.5,25.5,1153.29617388283,-223.864875445652,15738,33.9101332432888,2.71767602997565,0.0801434783661167,0.537912337510577,-0.799163590023129,-0.800619200759747,34.5145849176106,30.8782304282805,40.1886109152659,31.1200701747477
788,57.5,25.5,1252.96737644711,-214.218180009083,15738,31.3934474631903,2.31422083667964,0.07371668369309,0.116539310491742,-0.880560823889393,-1.03177867611059,28.0653068561971,24.1633280856727,41.6005864957042,24.385595951278
789,58.5,25.5,1352.48444481624,-203.765111309585,15738,32.6457549789716,2.48309458943002,0.0760617909136877,0.326215310911039,-0.850859355180955,-0.935022533830218,30.4318135477093,26.6463720999644,40.4231662890537,26.8792938333346
790,59.5,25.5,1451.83493572445,-192.505069083353,15738,33.3741162607094,2.51825439803474,0.0754553132841881,0.448166092560536,-0.858540571705614,-0.914877736971594,31.8636762349875,28.0162112866848,40.1238751400157,28.2650033322429
791,60.5,25.5,1551.00637940857,-180.437405137207,15738,33.925790824798,2.5710705797723,0.0757851332943129,0.540533913302238,-0.85436330483095,-0.884616728900916,32.7871907489543,28.9865697468324,39.5588614408759,29.2423268049377
792,61.5,25.5,1649.9862774475,-167.561422963837,15738,35.9468332957943,2.77740478046065,0.0772642407081127,0.878920528934479,-0.835629976912495,-0.766397639468942,37.9932078729242,34.281826044417,38.6799744462409,34.5730764897641
793,62.5,25.5,1748.76210055848,-153.876377331553,15738,33.7249012126721,2.44386792314231,0.0724647911562755,0.50689862016095,-0.896416408948334,-0.957497435007598,31.5108588200049,27.5561806106034,39.5719341976331,27.8196454154821
794,63.5,25.5,1847.3212863467,-139.381473848982,15738,33.1961224670255,2.35690670012808,0.0709994579176905,0.418364285665037,-0.91497528290983,-1.00732182944311,29.7940631939373,25.8404080233723,39.5229152877117,26.0955427574602
795,64.5,25.5,1945.65123700504,-124.075868505249,15738,32.7412166213698,2.24999664280643,0.0687206180767847,0.342198617821914,-0.943837455876469,-1.06857589971126,28.4113896851216,24.3949361239672,39.7061541494758,24.6473699869307
796,65.5,25.5,2043.73931696035,-107.958667186159,15738,32.6556612678428,2.14560110500931,0.0657038020884347,0.327873937888313,-0.982046312550517,-1.12838927712501,27.9975341858035,23.8176725286236,40.1030445031479,24.0792618241658
797,66.5,25.5,2141.57285046287,-91.028925167011,15738,32.0554499619494,1.92400908015708,0.0600212782051392,0.227379527018581,-1.05401713922412,-1.25535033019339,26.6398489909158,22.1899411025866,41.2898614934638,22.4588014637869
798,67.5,25.5,2239.13911911518,-73.2856465827018,15738,34.9872822267671,3.03967708747298,0.0868794857448937,0.718261243721955,-0.71385008681812,-0.616128836649131,30.9307046049483,28.5117620908795,33.6218544749548,28.6960908431893
799,68.5,25.5,2336.42535933695,-54.727783875848,15738,37.7867952650514,3.20592054233378,0.0848423508753839,1.18698852483465,-0.739650995642319,-0.520879722386424,38.630538425562,36.1961005271028,33.7189247943079,36.4408580629165
800,69.5,25.5,2433.41875976178,-35.3542372237131,15738,38.2128729985681,3.28345120266165,0.0859252640539403,1.25832745229911,-0.725935583568901,-0.476458564689627,39.2513733092021,37.0241196059498,33.0640943146807,37.2643775456929
801,20.5,26.5,-2412.18203433623,75.3413222566252,15738,34.5862901717678,4.17963814669057,0.120846674388407,0.65112245454068,-0.283645709914719,0.0370113502855652,63.3629861742467,62.7154791529531,49.6150678388743,62.6833931227302
802,21.5,26.5,-2316.06579764481,55.9756329605826,15738,35.0741998516388,4.14460654690447,0.11816681676092,0.732814011088899,-0.317586890414597,0.0169400106131211,65.4243818470295,64.5121818714078,49.9894160582629,64.5091357442939
803,22.5,26.5,-2219.6554025699,37.4250378906409,15738,34.9102928593314,4.15155565973153,0.118920676960802,0.705370781566848,-0.308039030538222,0.0209215017475751,63.3549728631162,62.5380535315752,49.1350350720897,62.528399020471
804,23.5,26.5,-2122.96372156382,19.6884728769613,15738,34.5398419384187,4.15058413320364,0.120168011787771,0.643345546974091,-0.292241170207248,0.0203648660511997,60.2203094960195,59.4953368688478,48.1237392948136,59.4769225108713
805,24.5,26.5,-2026.00357866901,2.76492398392331,15738,34.8524955791202,4.12910028142074,0.118473590278409,0.695693683572094,-0.31370151410845,0.00805570263188923,61.1050213458741,60.2313460020814,48.143576915153,60.2305673560784
806,25.5,26.5,-1928.78775214293,-13.346572995494,15738,34.0344055568207,4.12922820801045,0.121325116171536,0.558719464622608,-0.277586104824758,0.00812899811513423,55.7000327410464,55.0132505407525,46.6104813452843,54.9919799848909
807,26.5,26.5,-1831.32897701588,-28.646933027967,15738,33.6680713392513,4.11173008649426,0.1221255011926,0.497383496748322,-0.267448994483271,-0.00189654290284808,53.0310575580043,52.3562575682902,45.7984859999969,52.3334222819345
808,27.5,26.5,-1733.63994758566,-43.1370223098306,15738,34.2601607222466,4.10362152279312,0.119778233268137,0.596518040103459,-0.297177829137993,-0.00654234090508287,55.1792087939436,54.3692687934972,46.0335246100672,54.3643013647296
809,28.5,26.5,-1635.73331985246,-56.8176587179827,15738,34.4958476813022,4.09594368910985,0.118737296353786,0.63597951286716,-0.310361599550491,-0.0109413523332302,55.5272757088868,54.6576393945139,45.8360410932276,54.6621343202411
810,29.5,26.5,-1537.62171389766,-69.6896122409351,15738,33.9043072585245,4.05539441563692,0.119612956097703,0.536936882865058,-0.299271112832128,-0.0341740407150206,51.8747924976909,50.9624660009533,45.013101928788,50.9660750789414
811,30.5,26.5,-1439.3177162099,-81.7536053893061,15738,33.8851483878648,4.01698986198386,0.118547211775601,0.533729080211277,-0.312769076318014,-0.0561779128203692,51.1115135689647,50.0581185973881,44.8280128505835,50.07397290861
812,31.5,26.5,-1340.83388196182,-93.0103135851188,15738,34.8709307922798,3.9013650080118,0.111880151156606,0.698780323006463,-0.39720934864887,-0.122425121992093,55.6450717565106,53.8791732271738,46.4834377275581,53.9612580841821
813,32.5,26.5,-1242.18273724074,-103.460365529312,15738,36.4515339191721,3.70968053799861,0.101770217577797,0.96342342202219,-0.525254613785545,-0.232250654684256,64.2912105461798,61.2179525467291,49.4113732047192,61.4317656030759
814,33.5,26.5,-1143.37678123668,-113.104343546936,15738,36.0984696694744,3.52703130683034,0.0977058401401673,0.904309267683282,-0.576731142544126,-0.336899451258589,62.1503731884607,58.3316970113451,50.2836099656412,58.5935807496877
815,34.5,26.5,-1044.42848839065,-121.942783909556,15738,29.838188551087,2.5929819234656,0.0869014524466209,-0.143860363068363,-0.713571872117211,-0.872062634179773,37.4966256407817,32.4665298952102,53.719199123851,32.7074412896353
816,35.5,26.5,-945.35031050666,-129.976177134409,15738,28.3755809584208,2.28943218836313,0.0806831829000389,-0.388747266922674,-0.792328074279842,-1.04598132124868,33.2619727632504,27.9643523751265,55.523019615528,28.2064361170714
817,36.5,26.5,-846.15467883025,-137.204968259935,15738,32.2876894850639,2.68149425969446,0.0830500510398832,0.266263789655593,-0.762350997165787,-0.821349530110915,44.9879608749451,39.2843935243958,53.9430895300908,39.6008811641981
818,37.5,26.5,-746.854006096829,-143.629557097321,15738,35.3927768853193,3.66261852921503,0.103484915610966,0.786153911557279,-0.503537461781039,-0.259214811894619,53.9900398282276,51.2786068038387,46.0072311393886,51.4507216253308
819,38.5,26.5,-647.460688552663,-149.250298457747,15738,36.1001088591661,3.85730239839772,0.106850159744555,0.904583720031565,-0.460915660759694,-0.147670774768977,55.7841867233063,53.8116498525297,44.3775002043647,53.9451530429679
820,39.5,26.5,-547.987107951563,-154.067502355056,15738,34.9478451968421,3.94911004464526,0.113000101219462,0.711658233998798,-0.383024853605413,-0.0950696242758965,48.9851283802937,47.6773561959334,41.9546830318832,47.7427567426181
821,40.5,26.5,-448.445633530189,-158.081434183601,15738,35.8340912310016,4.05315930752547,0.113109030208053,0.860043931192432,-0.38164523611175,-0.0354546449233219,51.8596027540443,50.8538913671736,41.4298142792652,50.9124628118561
822,41.5,26.5,-348.848623964887,-161.292314871065,15738,36.8589420485851,4.21723253862951,0.114415452648387,1.0316364655735,-0.365099013879023,0.0585510405935387,55.3460617642777,54.9306639064622,40.5598250480771,54.9647509596836
823,42.5,26.5,-249.208429312923,-163.70032100608,15738,37.2903360197635,4.35744450313222,0.116851843352198,1.10386549984968,-0.33424141316244,0.13888542391768,56.0395890142953,56.2144463262066,39.3859324092125,56.2121206772607
824,43.5,26.5,-149.537392941005,-165.305584940486,15738,38.2991600962542,4.4623744104448,0.116513636310297,1.27277464941532,-0.338524904247096,0.199004968110019,60.0135173135602,60.6324483698602,39.0187807879798,60.6198008447004
825,44.5,26.5,-49.8478534439125,-166.108194866136,15738,38.6025520118193,4.5242981231429,0.117202047205523,1.32357207945035,-0.32980597895297,0.234484132034345,60.4285319092172,61.3308040139504,38.3700026434367,61.3038436962772
826,45.5,26.5,49.8478534439125,-166.108194866136,15738,38.286873558089,4.55605339299513,0.118997791399255,1.27071749320648,-0.3070623536253,0.252678299913802,57.6089034697685,58.6384142573442,37.4319805889627,58.5930291922874
827,46.5,26.5,149.537392941005,-165.305584940486,15738,38.85026812411,4.6050983834555,0.118534532856869,1.36504761402154,-0.312929658531333,0.280778605602737,59.4732557143982,60.7341410880867,37.1164915570768,60.685477907925
828,47.5,26.5,249.208429312924,-163.70032100608,15738,39.5505350705311,4.65336832599759,0.117656267296995,1.48229451280726,-0.324053148670793,0.308434847928158,62.1753877383797,63.6932962500941,36.9139441947356,63.6449549617131
829,48.5,26.5,348.848623964887,-161.292314871065,15738,40.5040245200373,4.6699411173503,0.115295731046185,1.64193889064184,-0.353950030558655,0.317930221436413,66.6694417726121,68.353960239559,37.1069366362926,68.326740279727
830,49.5,26.5,448.445633530189,-158.081434183601,15738,40.8680745665463,4.57163910558851,0.111863334744201,1.70289241582838,-0.397422333429464,0.261608127081528,68.2824454675072,69.5240187054581,37.590304216452,69.5521548314993
831,50.5,26.5,547.987107951563,-154.067502355056,15738,32.9212039455948,3.72802827744648,0.113240945975347,0.372334204963312,-0.37997448434397,-0.221738325446421,34.5621955593352,33.1894693768367,36.7820583295339,33.2543465534297
832,51.5,26.5,647.460688552663,-149.250298457747,15738,31.541598884407,3.49463545549576,0.11079449295842,0.141344557658026,-0.410959527198595,-0.355460640016303,30.5347448107778,28.8038170209425,36.9972711845651,28.8839634620298
833,52.5,26.5,746.85400609683,-143.629557097321,15738,30.9226934634408,3.34450549131637,0.108156991410548,0.037720158961451,-0.444364255564329,-0.441477536888134,28.753404365477,26.7897062025389,37.2650361187976,26.882069960598
834,53.5,26.5,846.15467883025,-137.204968259935,15738,31.1932893522299,3.06287529635135,0.0981901992369523,0.0830264938482238,-0.570596592946372,-0.60283743308683,29.7812438462304,27.0175009114918,39.5714571591628,27.1624525383983
835,54.5,26.5,945.35031050666,-129.976177134409,15738,32.6488997694164,2.91075650174574,0.089153279966646,0.326741848581956,-0.685051818093507,-0.689993829475651,33.9470183897456,30.3502634829006,41.7398637069947,30.5636936806531
836,55.5,26.5,1044.42848839065,-121.942783909556,15738,31.9142645438239,2.81596084172623,0.08823517890752,0.203740609726287,-0.696679836479748,-0.744306961143711,31.5028111268267,27.9322500632976,41.5240101599384,28.1360259283759
837,56.5,26.5,1143.37678123668,-113.104343546936,15738,32.3284099900991,2.65245609758248,0.0820472178617763,0.273081693823079,-0.775052172616406,-0.837986932306981,32.660053875704,28.5402142134641,42.9089550020374,28.7839719676495
838,57.5,26.5,1242.18273724074,-103.460365529312,15738,35.2561974271551,3.05376092933522,0.0866162874100298,0.763286178060172,-0.717183570694,-0.608059505655517,40.4438901100186,36.657703786082,41.0313110818756,36.9294397817158
839,58.5,26.5,1340.83388196182,-93.0103135851188,15738,37.4966171906733,3.57549930398974,0.0953552499364951,1.1384035109477,-0.606502054836544,-0.309129733627389,46.731935526615,44.2286522879767,38.0738290126548,44.4585991866189
840,59.5,26.5,1439.3177162099,-81.7536053893061,15738,38.4927549383997,3.50094905517778,0.0909508571361123,1.30518856667714,-0.66228497759216,-0.351843265858472,50.5871914532138,47.6496178116701,38.8410264148426,47.9430115801673
841,60.5,26.5,1537.62171389766,-69.6896122409348,15738,37.04659146859,3.45274580682671,0.0932000939885153,1.06305493058453,-0.633797735131457,-0.379461295776514,43.8435671750751,41.1034524655721,37.7678055297288,41.3413387863095
842,61.5,26.5,1635.73331985246,-56.8176587179827,15738,36.9493867187219,3.37174743938305,0.091253136758414,1.04677977219312,-0.658456517782675,-0.425869274738416,43.0291457052192,40.0882843862255,37.8522283024537,40.3394997657641
843,62.5,26.5,1733.63994758566,-43.1370223098306,15738,37.326186693613,3.3373602969767,0.0894106950803994,1.10986803980922,-0.681791580404128,-0.4455713728389,43.9136024484559,40.82184443102,37.9082645910768,41.0944168481737
844,63.5,26.5,1831.32897701588,-28.646933027967,15738,37.1091907578542,3.36452723033917,0.0906656049789246,1.07353603721099,-0.665897779576781,-0.430006090330928,42.2757619386398,39.3819127978195,37.1260102328181,39.6345986627918
845,64.5,26.5,1928.78775214293,-13.346572995494,15738,36.7460204423921,3.50053855107761,0.0952630654676068,1.01272980690611,-0.607669598091727,-0.35207846400191,39.8189151049065,37.4906659296731,35.4941550340475,37.6930829891314
846,65.5,26.5,2026.00357866901,2.76492398392295,15738,37.8102524746841,3.39589969135796,0.0898142558987589,1.19091600577269,-0.676680364629781,-0.412031252604033,43.4802690364039,40.6415659167357,36.4830504723623,40.9089878695541
847,66.5,26.5,2122.96372156382,19.6884728769613,15738,36.6541280201088,3.2714053670235,0.0892506668069905,0.997344100655535,-0.683818385282547,-0.48336022091452,38.920372879155,35.9959537139037,36.2017361185081,36.2418028025453
848,67.5,26.5,2219.6554025699,37.4250378906409,15738,38.189968157972,3.43089157448628,0.0898375081197887,1.25449245545854,-0.676385868450992,-0.39198266857318,43.4299158160189,40.7326078068905,35.6258763070201,41.000135218981
849,68.5,26.5,2316.06579764481,55.9756329605826,15738,40.0078485106889,3.53975945378664,0.0884766261010243,1.55886328833717,-0.693621837169686,-0.329606865064396,49.8930572592552,47.2910492216377,35.5549607191936,47.6107312032439
850,69.5,26.5,2412.18203433624,75.3413222566252,15738,39.6299664350367,3.50862776621071,0.0885347145565267,1.49559384273023,-0.69288612989444,-0.347443751753219,47.5592170325698,44.9597395104836,35.1230265019717,45.2650449427745
851,20.5,27.5,-2390.39983826695,185.97192203438,15738,34.103085161937,4.2987655195527,0.126052100539884,0.570218608985869,-0.217717465528187,0.105265326113138,65.0638763092695,64.0620301925248,51.7274018799237,64.0334808336606
852,21.5,27.5,-2295.18244784228,166.621508072593,15738,35.1644819747812,4.25806532875962,0.121089948994936,0.747930102185794,-0.280564565884314,0.0819461697192201,70.9294067662883,69.4282003981476,52.9823478132389,69.4508091796202
853,22.5,27.5,-2199.66965579629,148.08527100003,15738,34.8134554107817,4.24217495910946,0.121854464288416,0.689157121066672,-0.270881756131755,0.0728417894249558,67.6237148699515,66.167124717645,52.0728135900823,66.1852049936987
854,23.5,27.5,-2103.87439188208,130.362184698698,15738,34.364371363128,4.22876445406015,0.123056651011445,0.613966206872249,-0.255655709739446,0.0651582464618253,63.86745963386,62.4989468713831,51.017656062797,62.5088787540621
855,24.5,27.5,-2007.80953689909,113.451271142562,15738,34.4202978857925,4.21292683561848,0.122396582667503,0.623330080714631,-0.264015668333592,0.0560840899492413,63.2471105669595,61.8108459965033,50.6594932167803,61.8293101767053
856,25.5,27.5,-1911.48792533504,97.3515999601985,15738,33.9308362536152,4.18798901814912,0.123427226692738,0.541378678123544,-0.250962260371615,0.0417959784107132,59.5634907573618,58.1700074740247,49.6943956711522,58.1838296769389
857,26.5,27.5,-1814.92234794204,82.0622880109579,15738,33.7234450025288,4.16401313286554,0.1234753191008,0.506654804393038,-0.25035315596025,0.0280590054944675,57.5893243025471,56.1672223100529,49.0942285731048,56.1842930806508
858,27.5,27.5,-1718.12555425046,67.5824989756427,15738,33.8865235638082,4.14312068619864,0.122264553883704,0.533959328283775,-0.265687851488449,0.0160886873759653,57.6323108027409,56.0932151521773,48.9435040660653,56.1227309613021
859,28.5,27.5,-1621.11025502403,53.9114429626426,15738,34.1841747688965,4.11491232002737,0.120374774229491,0.583795581293858,-0.289622463421101,-7.32836012466975e-05,58.4392814578231,56.7096507988615,49.0326912267767,56.7583159899628
860,29.5,27.5,-1523.88912465967,41.0483761303857,15738,33.7413148171021,4.08573812846457,0.121090068677279,0.509646778170039,-0.280563050072453,-0.0167886238112657,55.2999225414865,53.5961296981979,48.2080639216349,53.6414543800961
861,30.5,27.5,-1426.47480353541,28.9926003268902,15738,34.5061182222549,4.0226513555877,0.116577916115562,0.637699127196684,-0.337710781716625,-0.0529341625529043,58.7403076874124,56.5386185594047,49.2176913246518,56.6301057801282
862,31.5,27.5,-1328.87990030968,17.7434627471481,15738,34.5076560225143,3.96673927340899,0.114952440432955,0.637956603738003,-0.358297906560733,-0.0849689654181642,58.0700213352691,55.6400303683329,49.2135111877219,55.7504359248347
863,32.5,27.5,-1231.11699417527,7.3003556090023,15738,33.6001874749429,3.81117788471172,0.113427280355322,0.486017584636629,-0.37761450493343,-0.174097794575971,53.2140633578517,50.4079727312114,49.1737543772973,50.5363275121109
864,33.5,27.5,-1133.19863707111,-2.33728415187621,15738,32.9997142950997,3.32186230815521,0.100663365702184,0.38547932776124,-0.539273216457377,-0.454450938710144,51.6849500151381,46.9619054993975,53.2809422131637,47.2134994718139
865,34.5,27.5,-1035.13735585499,-11.1699751673631,15738,29.1288712928492,2.58704389241783,0.0888137362553048,-0.26262257112148,-0.689352238487495,-0.875464826453977,38.1495259465812,32.4880980599872,57.3518879439815,32.7535203835216
866,35.5,27.5,-936.945654440408,-19.1981919020969,15738,30.4850910922172,2.68779269175101,0.0881674482657918,-0.0355483584081995,-0.697537664863125,-0.817740846237422,42.0894119655444,36.1670399179712,56.9435987733957,36.4633682611129
867,36.5,27.5,-838.636015900443,-26.4223648980974,15738,34.8174087654334,3.76533520966702,0.10814518780057,0.689819038032874,-0.444513751736325,-0.200363335057532,56.0105061073513,52.7883221620994,48.7266426654113,52.9714055441
868,37.5,27.5,-740.22090454178,-32.8428809983727,15738,33.0689180292703,3.95540459338866,0.119610946747263,0.397066227953187,-0.299296561843024,-0.0914631653449598,46.0884070157491,44.3002981784999,44.3342957846673,44.3648757245273
869,38.5,27.5,-641.712767951781,-38.4600835491519,15738,34.100984573849,4.0905660486313,0.119954485178361,0.569866903910828,-0.294945547155172,-0.0140224690775521,49.3542626248894,47.883129018647,43.7056691765068,47.936343857394
870,39.5,27.5,-543.124039021542,-43.2742725804287,15738,33.8051589605147,4.27657778567673,0.126506661029811,0.520336312866802,-0.211960324000034,0.0925528737585306,46.482271466763,45.8638813109257,41.1998801952312,45.855520319912
871,40.5,27.5,-444.467137947842,-47.2857049645323,15738,34.9194596444868,4.41526444153994,0.12644137356338,0.706905592165585,-0.212787208853837,0.172013332169291,50.1770101478018,49.9455898723357,40.7355872980572,49.9200507770185
872,41.5,27.5,-345.754474216854,-50.4945945524842,15738,35.2251031464521,4.50273496248115,0.127827445778102,0.758080009182676,-0.19523219893719,0.222129528627819,50.4311333809416,50.5312099716754,39.8572818993411,50.4856634368882
873,42.5,27.5,-246.99844857245,-52.9011122879373,15738,36.8400515951306,4.60000198489317,0.124864156962831,1.02847360447387,-0.232763118311703,0.277858626290481,57.2329305538671,57.5937215729215,40.2401508404104,57.5514495675536
874,43.5,27.5,-148.211454971941,-54.5053862985229,15738,37.6867475102432,4.69986021171356,0.124708565270488,1.17023735723823,-0.234733732593571,0.335072353377963,60.4389544953537,61.2102102329152,39.8125852150826,61.1523116718672
875,44.5,27.5,-49.4058825320527,-55.3075019644851,15738,38.3145414776111,4.76655042878164,0.124405780284933,1.27534998054062,-0.238568592976432,0.373282483882299,62.7005509902571,63.7705353476416,39.4313851618856,63.7033639955033
876,45.5,27.5,49.4058825320527,-55.3075019644851,15738,38.7872875996293,4.779461404799,0.123222367445067,1.35450267652734,-0.253556862648598,0.380679821906522,64.3783388650051,65.5069951813951,39.3025753998007,65.4482398401431
877,46.5,27.5,148.211454971941,-54.5053862985229,15738,39.6201937117136,4.81121860921131,0.121433495358931,1.49395757886231,-0.276213450724013,0.398875098191325,68.229746813467,69.5330592989147,39.3455599979833,69.4851896592466
878,47.5,27.5,246.998448572451,-52.9011122879373,15738,40.1488297563418,4.85201796807986,0.120850794345094,1.58246802068136,-0.283593529458507,0.422251072890416,70.2589744238262,71.7906878557405,39.0475532988149,71.7418383252979
879,48.5,27.5,345.754474216854,-50.4945945524842,15738,40.841077517942,4.82980165070312,0.118258428626946,1.69837225356541,-0.316426599342099,0.409522243631633,73.7686647776602,75.2336220889187,39.317360611683,75.2185837577516
880,49.5,27.5,444.467137947842,-47.2857049645323,15738,35.1281736727545,4.12321591563385,0.11737632460044,0.741850940753762,-0.32759870478391,0.00468425784527293,45.2543910301463,44.0128420198761,39.1038850861414,44.0809042340317
881,50.5,27.5,543.124039021542,-43.2742725804287,15738,30.9852515426793,3.84854079714868,0.124205568957466,0.0481943657224514,-0.241104327984883,-0.15269073034673,30.931088074949,29.7032191082238,36.7883713402421,29.7425430553934
882,51.5,27.5,641.712767951782,-38.4600835491519,15738,31.0630556009128,3.58526995894851,0.115419101231083,0.061221232958498,-0.352387511090837,-0.303531641170945,31.4195342314653,29.4347438310117,38.7342686147093,29.5239364002451
883,52.5,27.5,740.220904541781,-32.8428809983727,15738,32.4688083248984,3.3797828462829,0.104093221175941,0.296588828400881,-0.495833093919058,-0.421265391893275,35.9043334223357,32.9159827839803,41.5366319151104,33.0807672867304
884,53.5,27.5,838.636015900443,-26.4223648980974,15738,36.7024046285496,3.92218783642935,0.106864601274065,1.0054271362072,-0.460732754565435,-0.1104946916189,49.8184653483446,47.6134400416218,40.2371725504219,47.7854882365776
885,54.5,27.5,936.945654440408,-19.1981919020969,15738,36.7553653917011,4.08094624528896,0.11102994628943,1.01429444783539,-0.407977441909756,-0.0195341311667832,48.6357614975212,47.0765167001168,38.5885987226071,47.2014274052268
886,55.5,27.5,1035.13735585499,-11.1699751673631,15738,37.5878926628744,3.79149437680292,0.100870096943418,1.15368592018531,-0.536654904834512,-0.185375451765335,52.8126996766565,49.9681195032459,41.034012197355,50.2122413980648
887,56.5,27.5,1133.19863707111,-2.33728415187621,15738,35.5362100076427,3.36750583103868,0.0947626612493128,0.810169165827844,-0.614007363845329,-0.428299502371671,44.595287636142,40.7922377397547,42.3780042960748,41.0614291098987
888,57.5,27.5,1231.11699417527,7.3003556090023,15738,37.9523918885321,3.76068542920339,0.0990895498826188,1.21471465220897,-0.559206054029619,-0.203027424726787,52.9616885501488,50.0107453632671,40.5944111844739,50.2748605088355
889,58.5,27.5,1328.87990030968,17.7434627471481,15738,39.4877734436954,3.94813802436289,0.0999838096719339,1.47178622572212,-0.547879992297232,-0.095626542868683,59.043129561511,56.5892231304575,39.8602345493022,56.8632849650199
890,59.5,27.5,1426.47480353541,28.9926003268902,15738,39.9204859714796,4.01430873795723,0.100557611969583,1.54423602819777,-0.540612618405428,-0.0577140616508843,60.1139634914803,57.9187179356923,39.2298667942822,58.187780574031
891,60.5,27.5,1523.88912465967,41.0483761303861,15738,38.1004003050185,3.98614798432287,0.104622207441685,1.23949595584741,-0.489133328176507,-0.0738487530460366,50.2402342623654,48.29006591212,37.6499012801842,48.4818935763981
892,61.5,27.5,1621.11025502403,53.9114429626426,15738,34.5978111419067,4.03001652698111,0.116481834947638,0.653051430378666,-0.338927677804577,-0.0487142908460564,35.6906657207368,34.5455684959385,34.1589042397942,34.6163411709448
893,62.5,27.5,1718.12555425047,67.5824989756427,15738,35.3397576163269,4.02251329207571,0.113824020406334,0.777276804195565,-0.372589676172067,-0.0530132659813068,37.6358258696979,36.3664276636001,34.4111658010231,36.4559459989654
894,63.5,27.5,1814.92234794205,82.0622880109579,15738,37.6824775505042,4.01828057463638,0.106635254257124,1.16952243053792,-0.463637501600973,-0.0554383995744329,45.9359370526012,44.2876573876309,35.8163761758206,44.4476967818972
895,64.5,27.5,1911.48792533504,97.3515999601985,15738,36.6065236883131,3.90177925636813,0.106586992241872,0.989373625538384,-0.464248754136986,-0.122187778578737,41.3315075096529,39.5125322514221,35.4084049540744,39.6646759653258
896,65.5,27.5,2007.80953689909,113.451271142562,15738,34.1015737023101,3.75519129149628,0.110117829877215,0.569965542701932,-0.41952966299284,-0.206175288506918,32.6819305586228,30.953024463899,34.1133691387151,31.0644078208821
897,66.5,27.5,2103.87439188208,130.362184698698,15738,34.528151382711,3.71689155162185,0.107648148040818,0.641388177132743,-0.450808905638656,-0.228119107603954,33.5530835871461,31.6625440431546,34.3187143037788,31.7909746156416
898,67.5,27.5,2199.66965579629,148.08527100003,15738,38.3863049445453,3.81647087825758,0.099422720779482,1.28736546119004,-0.554986347194542,-0.171065176254462,46.5905822097212,44.2617331984158,35.9881184733242,44.4952540762387
899,68.5,27.5,2295.18244784228,166.621508072593,15738,40.5870445348177,3.6974950912755,0.0911003778090714,1.65583907445017,-0.660391254546087,-0.239232301018805,56.3837763170098,53.2106331120858,37.7651074903975,53.5878111439405
900,69.5,27.5,2390.39983826695,185.97192203438,15738,40.5288544128986,3.58928926754423,0.0885613304283754,1.64609620229285,-0.692549032094425,-0.301228780080792,55.6117422214068,52.0810493834679,38.0114389337642,52.4851293587837
901,20.5,28.5,-2368.07398987601,296.52865256887,15738,33.6111818195556,4.40723398047301,0.131124040925833,0.487858386657348,-0.153479857396169,0.16741228303694,66.7880331803009,65.3857081911883,53.9815930830343,65.364984445618
902,21.5,28.5,-2273.77702492012,277.200999712944,15738,34.4111137794924,4.37292698998828,0.127078914620728,0.62179237000687,-0.204712564931868,0.14775610794466,71.0541077711534,69.1963396528258,54.9268818946795,69.2164484917831
903,22.5,28.5,-2179.183494175,258.686276369204,15738,34.0308962184602,4.31508546521644,0.126799054527271,0.558131890067421,-0.208257074852587,0.11461583179523,67.7837944645341,65.7711815420677,54.391973918134,65.8032589093083
904,23.5,28.5,-2084.30638073377,240.983496813302,15738,33.6031287389996,4.27302298973906,0.127161462342636,0.486510045534456,-0.203667073895181,0.090516154991278,64.2888458925114,62.245600388808,53.6134429805206,62.2806626389065
905,24.5,28.5,-1989.15861827426,224.091721163257,15738,33.5210899177781,4.24497815188535,0.126636042034958,0.472774144650635,-0.210321675736077,0.0744478774916113,62.9138537540423,60.7921205584688,53.1854015506682,60.8355563414775
906,25.5,28.5,-1893.75309371343,208.010055010996,15738,33.3599666864994,4.20724333801095,0.12611653295546,0.445797005023651,-0.216901410143495,0.0528277324975482,61.1638161434167,58.9467622770265,52.7585290502011,58.9991742004623
907,26.5,28.5,-1798.10264979715,192.737649063562,15738,33.3921466560281,4.17007112935741,0.124881792485917,0.451184952647834,-0.232539759254812,0.0315299319170511,60.5513026403724,58.1719087681069,52.6056469463036,58.2389117694898
908,27.5,28.5,-1702.22008762897,178.273698795091,15738,33.2189081488699,4.13495261654499,0.124475873740771,0.422179331550937,-0.237680838861425,0.0114087954644417,58.7883259935545,56.3439249646839,52.140710020249,56.4174174386569
909,28.5,28.5,-1606.11816914114,164.617444110599,15738,33.0236681494481,4.11425488213135,0.124585035905532,0.389489962777885,-0.23629826812337,-0.000449962354287482,56.8871967468437,54.4642122771944,51.4883237086895,54.5380600371995
910,29.5,28.5,-1509.80961951136,151.768169022528,15738,33.6625283133773,4.08241560552014,0.121274776734397,0.496455418396294,-0.278223668516462,-0.0186922618693156,59.5886029134839,56.7995417651443,52.1131192430188,56.9059057336748
911,30.5,28.5,-1413.3071295285,139.725201340918,15738,34.1910483786529,3.99887083988166,0.116956660573717,0.584946441592947,-0.332913872401096,-0.0665591985557175,62.0297933983138,58.6431141027115,53.130153667797,58.7992527441886
912,31.5,28.5,-1316.62335791058,128.487912378034,15738,33.4139367272157,3.96872954183418,0.118774676992838,0.45483330172974,-0.309888162826,-0.0838286420003009,56.9065489298014,53.762754883199,51.8229717438166,53.8970330476409
913,32.5,28.5,-1219.77093357813,118.055716668162,15738,31.2571091848856,3.78441553100462,0.121073753449809,0.0937119581531676,-0.280769687199272,-0.189431273348539,46.4846959354777,43.4720356558576,50.3729418063003,43.587159713857
914,33.5,28.5,-1122.76245788601,108.428071703274,15738,30.9331756195008,3.34705991005733,0.108202919455424,0.0394752043722226,-0.443782563445632,-0.440013983795255,46.2131474202016,41.5324199512792,54.6223797135236,41.7510195203951
915,34.5,28.5,-1025.61050681697,99.6044776851613,15738,31.9389262293327,3.42124477598656,0.107118340529698,0.207869758131062,-0.457519072694053,-0.397509797525944,49.5850200735346,44.7840039978145,54.405165475544,45.0208074902984
916,35.5,28.5,-928.327633139698,91.5844772946059,15738,33.1370298376167,3.83414810276886,0.11570584695,0.408470305127063,-0.348755792710164,-0.160937018254304,52.5624088491364,49.143008446248,50.538868991035,49.303660166575
917,36.5,28.5,-830.926368534578,84.3676554781026,15738,33.5535081900246,4.05696646195674,0.12091035128073,0.478201991708562,-0.282839223452952,-0.0332733374682795,52.7293333058976,50.2233016429412,48.1064571197184,50.3277067593246
918,37.5,28.5,-733.419225689968,77.9536392525747,15738,33.9970932702489,4.2114865209832,0.123877841187932,0.552472204332072,-0.245255096020648,0.0552588623131543,53.3617989409732,51.4541285182043,46.535621071348,51.5226558505027
919,38.5,28.5,-635.818700371963,72.3420975285047,15738,34.472457759337,4.34228009418214,0.125963751250258,0.632063298018984,-0.218836435116528,0.130196982486875,54.2835482202654,52.8678122444307,45.3031038543329,52.9074299494981
920,39.5,28.5,-538.137273470506,67.5327409518327,15738,34.0991480758615,4.55639748752962,0.133622032943253,0.569559415895337,-0.121842058029186,0.252875448725824,50.6335173100497,50.2825053698411,42.3665230757672,50.2444586256512
921,40.5,28.5,-440.387413024698,63.5253217649445,15738,34.2531051216411,4.72352875172747,0.137900746076978,0.595336708763628,-0.0676509050032168,0.348633232957276,49.8317743050088,50.1745804069219,40.5975112948504,50.0884147280139
922,41.5,28.5,-342.581576230146,60.3196336870176,15738,35.4564298311506,4.81747713381956,0.13587033880064,0.796811433714275,-0.0933666068925952,0.402460917109891,54.5025808025226,55.0844406219792,40.7127464238941,54.9894941417833
923,42.5,28.5,-244.732211431124,57.9155118139639,15738,36.3884134845246,4.88376188030643,0.13421200356491,0.952855059128227,-0.11436990758586,0.440438733423251,58.2187679355009,58.9995691830555,40.7189339614637,58.9001644573824
924,43.5,28.5,-146.851760100355,56.3128325381565,15738,37.0422151901016,4.93266491409508,0.133163335097011,1.06232220275323,-0.127651600384916,0.468457705099632,60.6593055481145,61.6130970979455,40.5465100578423,61.5102954798032
925,44.5,28.5,-48.9526588091746,55.5115134880884,15738,38.1016686473812,4.95980463193318,0.130172898143506,1.23970831658982,-0.165526358868848,0.4840073944849,65.7394102478526,66.7623223749666,40.9440127884465,66.6739129848816
926,45.5,28.5,48.9526588091746,55.5115134880884,15738,38.8895190949512,4.95954684939519,0.127529138050953,1.37161947155241,-0.199010353533105,0.483859698093261,69.5844159554127,70.575535066676,41.2422028351896,70.5094433965302
927,46.5,28.5,146.851760100355,56.3128325381565,15738,39.4477139824545,4.96261635703964,0.125802381330561,1.4650790012536,-0.220880232337506,0.485618371146592,72.0693560142512,73.0633075138111,41.2688233610213,73.0137732879926
928,47.5,28.5,244.732211431124,57.9155118139639,15738,40.1385883130602,4.99490106772911,0.124441373691857,1.58075327822494,-0.238117792069473,0.504115881920626,75.3906477685372,76.557703526122,41.1867124272768,76.5163713810255
929,48.5,28.5,342.581576230146,60.3196336870176,15738,38.3684642271584,4.74870897594668,0.123765938293287,1.28437835920498,-0.246672378904129,0.3630602313364,64.1472784857442,64.1213396334952,40.9020977486168,64.1329693788785
930,49.5,28.5,440.387413024698,63.5253217649445,15738,31.4515519380297,4.22686951329518,0.134393034773723,0.126267842611246,-0.112077094388837,0.0640725409849095,34.4334667895768,33.618566369798,37.4407752339235,33.6252190333809
931,50.5,28.5,538.137273470506,67.5327409518327,15738,30.9701592558932,3.94101956855602,0.127252157019699,0.0456674381981773,-0.20251839928911,-0.0997050589888532,33.2293732685605,31.6615784760917,38.9562501931037,31.7179108277186
932,51.5,28.5,635.818700371964,72.3420975285047,15738,35.3919787875336,3.92766478444175,0.110976128461775,0.786020284672872,-0.408659060434496,-0.107356676666792,49.498728820432,46.5902665833087,43.2924742542161,46.7754486395548
933,52.5,28.5,733.419225689968,77.9536392525747,15738,37.3219487129286,4.76113490871122,0.127569300985131,1.10915846741701,-0.198501678227232,0.370179664042492,54.4800499454821,54.6465178963032,37.9604504809412,54.6281720303293
934,53.5,28.5,830.926368534578,84.3676554781026,15738,35.7050833423948,4.85821922503869,0.13606519773251,0.838443918603875,-0.0908986615395431,0.425804080334463,45.7149902814967,46.4124014618801,35.2860933297304,46.3337665595478
935,54.5,28.5,928.327633139698,91.5844772946059,15738,34.6832992280055,4.75126866095645,0.136990100904817,0.667364847611111,-0.0791844924007767,0.364526801735676,41.2016760327699,41.6128405466956,34.6402673233204,41.5507173328091
936,55.5,28.5,1025.61050681697,99.6044776851613,15738,33.7811036092351,4.54726674998417,0.134609774819229,0.516308684044463,-0.109332018333079,0.247643996669576,37.8668083459525,37.7179133678627,34.8263411430032,37.6942786661319
937,56.5,28.5,1122.76245788601,108.428071703274,15738,32.89503986188,4.4549868833105,0.135430353695151,0.367953507443885,-0.0989391469146869,0.194772287691274,34.5259817407739,34.2377801969894,34.2146541689431,34.222275120268
938,57.5,28.5,1219.77093357813,118.055716668162,15738,34.7799590920717,4.3197890514428,0.124203396559702,0.683548774835911,-0.241131842037818,0.117310749452557,41.0455478847195,39.9937547424158,36.6638727053761,40.0458119512967
939,58.5,28.5,1316.62335791058,128.487912378034,15738,35.2508411358993,4.28701099295537,0.121614431168551,0.762389365006324,-0.273921845785662,0.09853057527491,42.3097707216552,41.0758078368086,36.9163044606339,41.1474702799786
940,59.5,28.5,1413.3071295285,139.725201340918,15738,37.5063213468855,4.29009562960535,0.114383268620973,1.14002829450636,-0.365506633997511,0.100297916485301,51.2738558597261,49.6272095348908,38.4355608352477,49.766585631299
941,60.5,28.5,1509.80961951136,151.768169022528,15738,33.6591357346153,4.3020777493461,0.127813078246148,0.495887393101423,-0.195414167930763,0.107163066714834,35.2352986319273,34.4059488059556,34.4791805423322,34.4377423543298
942,61.5,28.5,1606.11816914114,164.617444110599,15738,33.1352703080182,4.25131256996383,0.128301731974557,0.408175704061276,-0.189225225567653,0.0780771795405237,33.1405200033809,32.2781096016223,33.9547491725819,32.310673072368
943,62.5,28.5,1702.22008762898,178.273698795091,15738,38.2702399435757,4.29574819091017,0.112247746479867,1.26793249853087,-0.392553646387024,0.103536548995979,52.3474427322453,50.6826608617657,37.6738974749728,50.8436939272642
944,63.5,28.5,1798.10264979715,192.737649063562,15738,40.2818927184374,4.2115203502477,0.104551203184155,1.60474698119591,-0.49003261786128,0.0552782447753529,62.2495067599177,59.8901476212121,39.3561586244941,60.1702566520552
945,64.5,28.5,1893.75309371343,208.010055010996,15738,38.802915311099,4.11114610531493,0.105949413139559,1.35711925112694,-0.472323879909568,-0.00223113466240873,53.9374569985349,51.5083012812386,38.5042256885228,51.7463202002353
946,65.5,28.5,1989.15861827426,224.091721163257,15738,36.5306248655766,4.03218475198591,0.110378203680427,0.976665755157218,-0.416231952636275,-0.0474720072842643,43.3693405620585,41.213717331976,36.8565836210807,41.3807627159894
947,66.5,28.5,2084.30638073377,240.983496813302,15738,30.6183592762028,3.89687801956549,0.127272594341599,-0.0132350372397861,-0.202259554630941,-0.124995940046711,24.8510486735321,23.6771299949389,32.2471164960459,23.7271759811265
948,67.5,28.5,2179.183494175,258.686276369204,15738,37.5244521893545,3.87321015652738,0.103218299816411,1.14306397263271,-0.506914228783247,-0.13855643175304,46.5492109290668,43.6804959207354,37.9036096489078,43.9231739401037
949,68.5,28.5,2273.77702492012,277.200999712944,15738,40.7652945751792,3.74361918927806,0.0918334879777232,1.68568378516745,-0.651106199883,-0.212805519377454,61.9697566334249,57.7257669729233,40.6631491342772,58.1836229735166
950,69.5,28.5,2368.07398987601,296.52865256887,15738,39.949458410816,3.5826473471788,0.089679497287223,1.54908693352723,-0.678387121851187,-0.30503426542962,57.3265181259545,52.735557094029,40.8149199062372,53.1877586786845
951,20.5,29.5,-2345.20627029891,407.002571655664,15738,33.4893321637081,4.53852054660612,0.135521381089959,0.467456889286604,-0.097786258341078,0.242632863295222,70.8381740015838,69.0227212310614,56.6086711595644,69.011928411996
952,21.5,29.5,-2251.85120772164,387.705234020858,15738,33.7546683515189,4.46035120561741,0.132140276395775,0.511882583395751,-0.140608938000342,0.197845773795021,71.9484358995802,69.5763114610922,57.3248727905828,69.609265662112
953,22.5,29.5,-2158.1984980345,369.219246062921,15738,33.2575940192617,4.37782822247965,0.131633942610045,0.428656573342003,-0.147021803459454,0.150564266942498,68.0182292992829,65.4327127413358,56.859375146939,65.4831247849526
954,23.5,29.5,-2064.26117353265,351.543664732216,15738,33.3486527533706,4.31658866831503,0.129438172517441,0.443902693748218,-0.174831873772469,0.115477091348682,67.8566390784848,64.9195626011406,57.0887898339063,64.9982538001836
955,24.5,29.5,-1970.05221671862,334.677590468498,15738,33.1984313684159,4.26039794182087,0.128331302601065,0.418750868994448,-0.188850704935836,0.0832826393455769,66.1416924145611,63.0114053020439,56.8709064697402,63.1064259981384
956,25.5,29.5,-1875.58456296445,318.620166901794,15738,33.2818667798049,4.23476693155991,0.127239465249273,0.43272060337113,-0.202679144272911,0.0685973633023207,65.731600615602,62.4738826766835,56.6477149358289,62.5814983955649
957,26.5,29.5,-1780.87110311057,303.370580559102,15738,33.6584078063655,4.18873295334168,0.124448339251196,0.495765514823046,-0.238029571223559,0.0422222157517206,67.2664073341847,63.6155688362944,57.1209288522861,63.7558027452653
958,27.5,29.5,-1685.92468600498,288.92806057812,15738,34.3516255858772,4.12122153065097,0.119971659575415,0.611832159473736,-0.294728028394328,0.00354157584749151,71.0200471493243,66.6723270571027,58.3023070456466,66.8704635513852
959,28.5,29.5,-1590.75812098585,275.291878429131,15738,33.0070876012325,4.08350414015232,0.123715978503957,0.386713853083753,-0.247305134245303,-0.0180685864311053,61.8056877152178,58.0472225035991,56.083558548224,58.1972967632139
960,29.5,29.5,-1495.384180311,262.461347646098,15738,32.2696489105535,4.0600234585524,0.125815544811354,0.263243225248729,-0.220713513003979,-0.031521832614842,56.8417291582952,53.408955804634,54.592784588232,53.5369982515697
961,30.5,29.5,-1399.81560153733,250.435823567904,15738,33.1360886324496,3.99698939703071,0.120623452012273,0.408312717527748,-0.286472886583451,-0.0676371704087357,61.0106903589759,56.864762443398,56.0100224086328,57.04780751869
962,31.5,29.5,-1304.06508985341,239.21470309064,15738,32.9860787904919,3.9641852226814,0.120177522398451,0.383196311781668,-0.29212071554188,-0.0864323076579472,59.3557193375666,55.1944196532867,55.5310133618392,55.3803292575953
963,32.5,29.5,-1208.14532036835,228.797424431756,15738,30.7207068763129,3.67072763857365,0.119487082551605,0.00390119740958737,-0.300865338101581,-0.254568701258173,48.4689958892219,44.1909360514416,55.1532404475537,44.3745453822416
964,33.5,29.5,-1112.06894035992,219.1834669068,15738,29.9327819610675,3.81260373884385,0.127372181570118,-0.128022425803919,-0.20099825326031,-0.173280852078796,43.6495991218415,40.4734546051793,51.4938916928387,40.5908930907575
965,34.5,29.5,-1015.8485714851,210.372350719446,15738,29.6613938851162,3.80211570423586,0.128183986193033,-0.173461397949242,-0.190716510322034,-0.179289966889386,41.8859340621393,38.8529948005464,50.5926575693522,38.9638375215579
966,35.5,29.5,-919.49681195574,202.363636765425,15738,31.0372593981866,4.16696453282541,0.134256845276386,0.0569021303854776,-0.113801974197331,0.0297500088019245,45.3923884056994,43.3301022849002,47.8571083923081,43.3831873321028
967,36.5,29.5,-823.026238682589,195.156926450914,15738,32.9824283377826,4.37742183078409,0.132719816320182,0.382585110208459,-0.133268895387832,0.150331424999467,52.7292371200548,50.8929685749328,47.822539332226,50.9356301595369
968,37.5,29.5,-726.449409390285,188.751861525891,15738,32.9938505696044,4.49065253156323,0.136105742556167,0.384497554120259,-0.09038514949175,0.215206905153495,51.4162968365915,50.1291858475868,46.1216263854468,50.1365468806639
969,38.5,29.5,-629.778864706352,183.148123932917,15738,34.6904132138639,4.60113810106854,0.132634283503712,0.668555954494226,-0.134352193520057,0.278509563552908,58.834963403481,57.5614943878234,46.7355825078935,57.5770391765731
970,39.5,29.5,-533.027130226934,178.345435671734,15738,34.4901033253148,4.84267509200129,0.140407671334719,0.635017725468099,-0.0358999635353012,0.416898076155027,55.6551477846206,55.6154931635069,43.6698920956045,55.5417830920978
971,40.5,29.5,-436.206718562096,174.343558680039,15738,35.1074570086091,4.99222938054737,0.142198547144077,0.738382314058395,-0.0132179977193388,0.502585139926233,57.3378131937497,57.8867692065228,42.6038002696235,57.773502166915
972,41.5,29.5,-339.330131363463,171.142294730735,15738,35.782639386527,5.05144919487889,0.141170391046695,0.851429260412543,-0.0262398953475412,0.536515106472002,59.8441221081456,60.5687519106291,42.4171215635097,60.4479245971016
973,42.5,29.5,-242.409861336935,168.741485345915,15738,36.6892885614614,5.08136621226117,0.138497267499448,1.00323109054459,-0.0600957867519895,0.553656048408214,63.97839171237,64.7242647382359,42.7350860729879,64.6116266119252
974,43.5,29.5,-145.458394243233,167.141011727803,15738,37.2837016279807,5.10559407710872,0.136939033791566,1.1027546922272,-0.0798312723232242,0.567537392904678,66.4303890632766,67.2270215462367,42.710745868354,67.1196314543675
975,44.5,29.5,-48.4882108889756,166.340794706802,15738,38.1300044730561,5.12649214958644,0.134447719595968,1.24445263259945,-0.111384495124095,0.579510934329019,70.6269957413431,71.4458590117134,42.9745446861104,71.3519281306617
976,45.5,29.5,48.4882108889756,166.340794706802,15738,38.8509086566954,5.12295617460216,0.131861939700587,1.36515485949355,-0.144134153636508,0.577484999018723,74.330494994909,75.0677884269323,43.2694318459211,74.9973731302725
977,46.5,29.5,145.458394243233,167.141011727803,15738,39.3291415070197,5.12219196148527,0.130239099182245,1.44522620783371,-0.164687903354627,0.577047143449894,76.4518438063807,77.1503873816923,43.2649349291187,77.0969008113964
978,47.5,29.5,242.409861336936,168.741485345915,15738,40.3820878231385,5.20433323397688,0.128877269961135,1.62152281983822,-0.181935868668003,0.624109949355783,82.41883735699,83.5486234503249,43.1791081726745,83.4904178647223
979,48.5,29.5,339.330131363463,171.142294730735,15738,34.5731609591475,4.59665782700649,0.132954514411859,0.648924207899035,-0.130296375426007,0.275942592501793,49.441460167529,48.4519476017537,41.4363097961471,48.4704702914424
980,49.5,29.5,436.206718562096,174.343558680039,15738,31.6516814573033,4.25219528688463,0.134343424775731,0.15977587209948,-0.112705419520429,0.0785829318116245,38.0000214643223,36.5439346123678,40.5420664505336,36.5869208923042
981,50.5,29.5,533.027130226934,178.345435671734,15738,32.4906099813686,3.99889154935004,0.123078377157066,0.300239117226577,-0.255380541751963,-0.066547333074927,41.4182828603168,38.8111947482794,43.4561580196088,38.9346410871494
982,51.5,29.5,629.778864706353,183.148123932917,15738,36.9951510063983,4.92794934105063,0.133205277096946,1.05444216555984,-0.127120392691001,0.46575591960016,57.5354497494208,57.5425862274618,39.9224086972631,57.513306846294
983,52.5,29.5,726.449409390286,188.751861525891,15738,30.9140170637027,5.4605425740172,0.176636461148513,0.0362674544362572,0.422948253530325,0.770904977918599,30.0966212072099,32.5538073131638,28.8471924500107,32.336008739892
984,53.5,29.5,823.026238682589,195.156926450914,15738,30.9560814313444,5.19036703711581,0.167668735741867,0.0433103638304141,0.309369388900219,0.61610802301378,30.4972588958129,32.1548025833234,30.4127634305965,31.9949448555842
985,54.5,29.5,919.49681195574,202.363636765425,15738,30.3240335669053,4.97867489505213,0.164182475397524,-0.0625144967721966,0.265214882181937,0.494819103430003,28.7575771601599,29.8706225219852,30.820897029662,29.7531432904887
986,55.5,29.5,1015.8485714851,210.372350719446,15738,30.9169577912343,4.80688142575646,0.155477180459176,0.0367598255027614,0.154959776173109,0.396390110840606,30.4824621274501,31.0214553891686,32.4321629881168,30.9418815410394
987,56.5,29.5,1112.06894035992,219.1834669068,15738,27.0348449612015,4.93038812079946,0.182371607008481,-0.613229000021392,0.495585552926277,0.467153217383416,20.0854598804225,21.4385438434845,26.402238331289,21.3280874888314
988,57.5,29.5,1208.14532036835,228.797424431756,15738,26.0545168236866,4.73247208224143,0.181637299753687,-0.777367025532169,0.486285336817143,0.353757310237354,18.2527427574167,19.2942204421671,26.2309207173454,19.2100213685215
989,58.5,29.5,1304.06508985341,239.21470309064,15738,36.1930334781022,4.52398728524382,0.124996079369279,0.920142248742351,-0.231092282457106,0.234306037596932,49.1702519895318,47.7698354069697,38.99740435852,47.853213356598
990,59.5,29.5,1399.81560153733,250.435823567904,15738,40.105489253816,4.46707750856324,0.111383194462294,1.57521144582954,-0.403503450503107,0.201699606106127,69.6668551329604,67.1093075214467,42.514045161908,67.3759535657671
991,60.5,29.5,1495.384180311,262.461347646098,15738,32.3115611516895,4.40244064349563,0.13624970402476,0.270260663840494,-0.088561835394604,0.164665942726337,33.3581382823955,32.4857993463604,35.1193804792875,32.5084998072711
992,61.5,29.5,1590.75812098585,275.291878429131,15738,35.187573856616,4.51545750980968,0.128325343719617,0.751796415662524,-0.188926175911877,0.229418906517745,42.6513460670441,41.5293455143943,36.7478818748056,41.5860178891882
993,62.5,29.5,1685.92468600498,288.92806057812,15738,36.7850545255879,4.55704666690454,0.123883102136892,1.01926535056564,-0.245188464563661,0.253247395762842,48.5417613482632,47.2585163308822,37.4985921094633,47.3470813775916
994,63.5,29.5,1780.87110311057,303.370580559102,15738,34.9535630797322,4.42610431258292,0.126628129512479,0.712615588961657,-0.210421890147067,0.178224031510389,40.6860083490718,39.3611795827717,36.3323636604775,39.4337320779537
995,64.5,29.5,1875.58456296445,318.620166901794,15738,36.2376515973491,4.41601509610529,0.12186261806293,0.927612737158367,-0.270778486193193,0.172443419371981,45.1567253264918,43.5317022597459,37.1610938496204,43.6418094546864
996,65.5,29.5,1970.05221671862,334.677590468497,15738,37.1160055449691,4.42175113166358,0.119133270586089,1.07467704873408,-0.305346470107033,0.175729878419433,48.1707884230447,46.3986907084845,37.4548377644701,46.5343531348405
997,66.5,29.5,2064.26117353265,351.543664732216,15738,30.8034223884227,4.33632631863764,0.140774173205748,0.0177503978122482,-0.0312581101657169,0.1267857694102,26.3333009645398,25.7021612797759,31.6680987943194,25.7145978763143
998,67.5,29.5,2158.1984980345,369.219246062921,15738,34.6978954584721,3.93852140355332,0.113508942012553,0.669808719572954,-0.376580236164981,-0.101136381527168,38.7619987468029,36.048554491439,38.0947735012586,36.2232950676375
999,68.5,29.5,2251.85120772164,387.705234020858,15738,38.1674896524555,3.97011251983021,0.10401817242845,1.25072884063335,-0.496783608251894,-0.0830362653664245,52.3048079757124,48.6420509587669,40.3139566206167,48.9490942574846
1000,69.5,29.5,2345.20627029891,407.002571655664,15738,35.3276321828282,3.92424412652889,0.111081436373094,0.775246622018006,-0.407325304943357,-0.109316541111787,39.8126331322466,36.9608728330249,37.8628535981882,37.1554648270691
1001,20.5,30.5,-2321.79842413351,517.38470379079,15738,32.1010737599101,4.57203952400962,0.142426373591262,0.235018397950675,-0.0103325091444151,0.261837546639588,67.1359472212721,64.9297882883069,58.299998983872,64.9310002733636
1002,21.5,30.5,-2229.40663954576,498.125304429157,15738,33.1503109011479,4.56967580438887,0.137847147739137,0.410693976427791,-0.0683297436252683,0.260483254523664,73.0330415155226,70.2908122791095,59.5497726114281,70.3290414150994
1003,22.5,30.5,-2136.71621321043,479.675340035931,15738,33.2504648084273,4.4903074653407,0.135044953242357,0.427462917314985,-0.103820356348669,0.215009199613232,73.0432211778182,69.7973165877301,60.0520211593775,69.8743472357944
1004,23.5,30.5,-2043.740222308,462.033912452815,15738,33.1620500526763,4.40014795764627,0.132686246798882,0.412659482750938,-0.133694063191553,0.163352349378458,71.8246653614876,68.1279525204105,60.3651870892748,68.2398315510095
1005,24.5,30.5,-1950.49169393516,445.200164558713,15738,32.6351753776115,4.3099890676976,0.132065754751677,0.324443950066154,-0.141552776414566,0.111695853080839,67.7557003098113,63.8970699431182,59.9243005326317,64.02315272386
1006,25.5,30.5,-1856.98360776989,429.173280040183,15738,32.1875345620589,4.23203951542549,0.131480698133805,0.249494678703722,-0.148962689562991,0.0670346914290342,64.3329792021319,60.3626679585986,59.4714386515355,60.4993976161124
1007,26.5,30.5,-1763.22889867483,413.952483163895,15738,31.50128677437,4.16746008131464,0.13229491579707,0.134595031767215,-0.138650384763064,0.03003393309063,59.6406405311305,55.7987529134288,58.4295668451418,55.9304330631893
1008,27.5,30.5,-1669.2404592423,399.537038552396,15738,31.7281274662219,4.09608755459373,0.129099568165643,0.172575358803883,-0.179120396903153,-0.0108589246675872,60.3493007305153,56.0495596688299,59.0896183156522,56.2138113397081
1009,28.5,30.5,-1575.03114228408,385.926250964397,15738,31.5310592526538,4.02982424114837,0.127804911622473,0.139579888993125,-0.195517600607701,-0.0488244609292555,58.6274485719928,54.1706530229177,58.9438466733498,54.3476833310541
1010,29.5,30.5,-1480.61376326931,373.119465080702,15738,30.7284402598843,3.91203787766032,0.127310004822062,0.00519601111670081,-0.201785739956248,-0.11631010602642,54.0331770613137,49.5473386952337,58.460386012283,49.7278223053763
1011,30.5,30.5,-1386.00110271342,361.11606529683,15738,32.2011989421895,3.90146994916844,0.121159151749993,0.251782529361723,-0.279688092755161,-0.122364996002606,61.1641256898541,55.7462223669446,60.3940479818435,55.9927674994836
1012,31.5,30.5,-1291.20590852128,349.915475523272,15738,33.0961234718921,3.88599060388219,0.117415279985358,0.401621281984794,-0.327105323442529,-0.131233880068546,65.5294290481841,59.5073353683933,61.3183039828418,59.8024620618597
1013,32.5,30.5,-1196.24089828757,339.517158994282,15738,32.229344434274,3.97706256155258,0.123398804144561,0.256494977491063,-0.25132224025563,-0.0790542420218104,58.9529291381018,54.1116418267964,58.0401880356414,54.3274254345232
1014,33.5,30.5,-1101.1187615573,329.920618085995,15738,29.9648783044237,4.04255328711447,0.134909718172213,-0.122648479853583,-0.105533148057668,-0.0415313596477953,46.4669442640193,43.3275910727459,52.7911049120578,43.4365586670432
1015,34.5,30.5,-1005.85216204947,321.12539414463,15738,30.223086528,4.0783174647838,0.134940468803723,-0.0794162330511034,-0.105143682317457,-0.0210402897997202,46.7020329339128,43.6467710560643,52.1600593813443,43.752677405917
1016,35.5,30.5,-910.453739846708,313.131067325441,15738,30.5748876886032,4.28792864604773,0.140243479868809,-0.0205135598908855,-0.0379794964641464,0.0990563442101196,46.5858144066331,44.3444369721575,49.6143720651042,44.4016206243937
1017,36.5,30.5,-814.936113553739,305.937256443035,15738,31.2807319019146,4.55714394500902,0.145685336241448,0.0976671502791109,0.0309432058106551,0.253303131209972,47.8384626979622,46.5286475234154,47.14571043946,46.5261996994394
1018,37.5,30.5,-719.311882427586,299.543618833604,15738,33.2240053478168,4.66253782430684,0.14033641565776,0.42303276433406,-0.0368024375206756,0.31368850794696,56.180682431254,54.6403629274942,48.4243417121593,54.6523422124569
1019,38.5,30.5,-623.593628482177,293.949850229577,15738,34.8542606227961,4.86426179840529,0.139560034024187,0.695989207869319,-0.0466355379404883,0.42926617008421,63.4347803518249,62.3640129697207,48.1247239987562,62.3477124816776
1020,39.5,30.5,-527.793918570206,289.155684647111,15738,34.3067652100846,5.12857505945901,0.149491653557341,0.604321109627789,0.0791513276651285,0.580704336623365,57.9349751365516,58.3814105708328,44.2736268577767,58.2551645408461
1021,40.5,30.5,-431.925306444949,285.160894286834,15738,34.9635100675547,5.18340839607424,0.148251945701651,0.714281030234321,0.063450065155689,0.612121072693021,60.4119069521963,60.9838891581699,44.1469130500034,60.8508316837725
1022,41.5,30.5,-336.000334804762,281.965289448148,15738,36.2388850578224,5.20665589730824,0.143675940609115,0.927819257566049,0.00549362253685157,0.625440718288777,66.9647468060662,67.391984139875,45.0922407416037,67.2766469413149
1023,42.5,30.5,-240.03153732295,279.568718457392,15738,37.1964487208392,5.22398993913128,0.140443244416625,1.08814578797337,-0.0354494200506263,0.635372249918816,72.0115400498958,72.3501175062057,45.6139073899767,72.2521642702625
1024,43.5,30.5,-144.031440665698,277.971067610094,15738,37.5204724986757,5.24071262654912,0.139676082883394,1.1423976461802,-0.0451657452034614,0.644953506311589,72.9417998041574,73.3209880687619,45.328665540101,73.2262815495142
1025,44.5,30.5,-48.0125665007167,277.172261127497,15738,38.1102459543102,5.26456342321392,0.138140368590786,1.24114442983563,-0.0646160157950837,0.658618809758775,75.7031672726331,76.1240110965296,45.2954935518199,76.0365763903271
1026,45.5,30.5,48.0125665007167,277.172261127497,15738,39.3623266165556,5.29750236396918,0.134583059979516,1.45078244777739,-0.109670369590034,0.677491161360934,83.5048018407685,83.9448455889153,45.9268696610887,83.8819322871014
1027,46.5,30.5,144.031440665698,277.971067610094,15738,40.5176419274964,5.32546404094917,0.131435685484331,1.64421887658468,-0.149532787931239,0.693511791874626,91.2637718020071,91.7574976866057,46.4296227711283,91.7240325637121
1028,47.5,30.5,240.031537322951,279.568718457392,15738,41.4300159214867,5.39142538928396,0.130133316856579,1.79697922301375,-0.166027667442193,0.731304317359148,97.2270937608127,98.1039168866205,46.3176580498637,98.0712396249777
1029,48.5,30.5,336.000334804762,281.965289448148,15738,40.7464003691999,5.3133139795419,0.130399591900104,1.68252029577613,-0.162655216151433,0.686550419541205,90.2988761912645,90.7081809069684,45.6863508002563,90.6943545339815
1030,49.5,30.5,431.925306444949,285.160894286834,15738,38.6734000909039,5.06854697510168,0.131060288549437,1.33543429513831,-0.154287299885783,0.546311272122208,74.6317277097498,73.907474194666,44.9356864009815,73.9382813357923
1031,50.5,30.5,527.793918570206,289.155684647111,15738,37.6674535580217,5.35057804859603,0.142047777144111,1.16700693764631,-0.015127543857287,0.70790085149777,65.4115904135316,66.36020127453,41.0262867677769,66.2398915967043
1032,51.5,30.5,623.593628482177,293.949850229577,15738,30.1270821382651,5.91679148922921,0.196394442119376,-0.0954904130816749,0.67318886018303,1.03231259299526,29.3620335711599,32.8731127326156,27.4013343708325,32.5811982139578
1033,52.5,30.5,719.311882427587,299.543618833604,15738,26.747373105368,5.75686285230846,0.215230962294129,-0.661360907084719,0.911758896398122,0.940681550890776,20.6500802109223,23.7811283885592,23.6410383277921,23.5562570522932
1034,53.5,30.5,814.936113553739,305.937256443035,15738,28.1239425368557,5.36827872668675,0.190879309316315,-0.43087952047917,0.603338090489329,0.718042447215942,24.4484326487264,26.5231740735404,27.8475688512907,26.3540272269058
1035,54.5,30.5,910.453739846708,313.131067325441,15738,30.9574572418587,5.04687104624315,0.163026020089889,0.0435407181502162,0.250568037538446,0.533892058226989,33.0060628069618,33.7759215006429,33.6412366105978,33.6738365189933
1036,55.5,30.5,1005.85216204947,321.12539414463,15738,29.9149812618861,4.97864938635713,0.166426625601812,-0.131002827472032,0.293637700756811,0.494804488234438,29.4835119500912,30.2261366485774,32.4412791404205,30.133241338651
1037,56.5,30.5,1101.1187615573,329.920618085995,15738,29.9221044847753,4.92277168021225,0.164519567222186,-0.129810174016969,0.269484248714142,0.462789381102623,29.1844765972416,29.7608671932687,32.5044440790262,29.6803196073533
1038,57.5,30.5,1196.24089828757,339.517158994282,15738,30.4088922697672,4.73275700756535,0.155637271018606,-0.0483064582571926,0.156987369922199,0.353920558076238,30.6790221456187,30.6103448624883,34.247398591484,30.5713792132598
1039,58.5,30.5,1291.20590852128,349.915475523272,15738,41.3225766934681,4.70125802545266,0.113769721097663,1.77899048834979,-0.373277392794666,0.335873230144304,84.4418871991677,81.3270063352609,45.7711807051781,81.6611163896924
1040,59.5,30.5,1386.00110271342,361.11606529683,15738,38.7687648293751,4.6139829270119,0.119012894718686,1.35140137725807,-0.306871065668174,0.285869000921364,66.1698123398,63.4266319602397,43.5560907284068,63.646050824454
1041,60.5,30.5,1480.61376326931,373.119465080702,15738,34.1167827569358,4.64191867330889,0.136059683774409,0.572512020866358,-0.0909684974312938,0.301874774461645,42.0847961606638,40.8671305279813,38.0669017725974,40.9117740093567
1042,61.5,30.5,1575.03114228408,385.926250964397,15738,38.9150433739708,4.84983048382373,0.12462611019644,1.37589304547173,-0.235778050218014,0.420997754749054,63.7788052829652,62.2323733232431,40.8526889320526,62.3613760901159
1043,62.5,30.5,1669.2404592423,399.537038552396,15738,38.7430399516468,4.8509153821535,0.125207402109067,1.34709421675207,-0.228415818162389,0.421619346769397,61.7508480569856,60.2835703141711,40.2044550734823,60.4040507897207
1044,63.5,30.5,1763.22889867484,413.952483163895,15738,37.7778560580497,4.75712438950778,0.125923619969274,1.18549181803747,-0.219344709525432,0.367881838830785,55.9507274180893,54.3287264458042,39.5280370785608,54.4452490671696
1045,64.5,30.5,1856.98360776989,429.173280040183,15738,36.8092305595106,4.73236176411264,0.12856453917073,1.02331318549039,-0.185896695577663,0.353694103514037,50.3982849826133,48.9467710417341,38.327448617291,49.0375853832397
1046,65.5,30.5,1950.49169393516,445.200164558713,15738,35.9930592095902,4.69059892851147,0.130319540253519,0.886660213156057,-0.16366909366425,0.329766105245225,46.0942915619641,44.7141134799895,37.4014516063442,44.7921449774165
1047,66.5,30.5,2043.740222308,462.033912452815,15738,32.9178602045563,4.67018700854711,0.141873954732352,0.371774356652459,-0.0173290555316123,0.31807110468936,33.9597010297257,33.2561997800644,34.0082430302084,33.2705397455752
1048,67.5,30.5,2136.71621321043,479.675340035931,15738,28.6833543173921,4.3374712657056,0.151219108396802,-0.337216244285279,0.101030048351695,0.12744176632865,22.8674464545321,22.2575160568745,31.4193589270654,22.2693099606763
1049,68.5,30.5,2229.40663954576,498.125304429157,15738,31.2827904592522,4.05604969445153,0.129657541252108,0.0980118180733492,-0.172053504599804,-0.0337985990067198,29.7283949214976,27.7463578691634,36.2728816473638,27.8447232769825
1050,69.5,30.5,2321.79842413351,517.38470379079,15738,32.1755056572712,4.06052469424861,0.126199250370786,0.247480658494205,-0.215853769890049,-0.0312346498434015,31.8178607902712,29.6124074331293,36.752245156885,29.7295189457266
1051,20.5,31.5,-2297.85216003579,627.666039568829,15738,30.407550146171,4.43564768800714,0.145873234334391,-0.0485311723183641,0.0333229901032021,0.18369190425759,62.6594150548709,59.4059135421243,61.5576232950335,59.4722110128002
1052,21.5,31.5,-2206.44492869808,608.452271105558,15738,32.4232865522741,4.71407487019615,0.145391641979166,0.288967039746264,0.0272234820963685,0.343216635696614,72.9912023451608,70.224243373679,61.0468640194347,70.2478309086455
1053,22.5,31.5,-2114.7381515545,590.045685616381,15738,32.3703840500306,4.60943591175663,0.142396701399416,0.280109482842076,-0.0107083161309289,0.283263790532981,72.1188805575323,68.7665715164839,61.6473461222824,68.8340849089071
1054,23.5,31.5,-2022.74494617355,572.445431982785,15738,31.6246707876023,4.42058289367083,0.139782732391441,0.155253429232869,-0.0438149979974479,0.17506053697588,67.1949368663372,63.2241423111588,62.0829802035002,63.3397867704056
1055,24.5,31.5,-1930.47837983691,555.650697576375,15738,30.260767891986,4.26551995220753,0.140958747888786,-0.0731071774945687,-0.0289204178314536,0.0862172929413037,58.8200792791037,54.9481835390244,60.8364632738803,55.0675065314963
1056,25.5,31.5,-1837.9514722025,539.660708098949,15738,27.7974737340423,3.82882543415055,0.137740050437085,-0.485540753421528,-0.0696861622733003,-0.163986638895506,47.5961964828807,43.2083913364798,61.5340622652755,43.371073192978
1057,26.5,31.5,-1745.17719790763,524.474727420808,15738,27.1007270185204,3.69664869594225,0.136404041611725,-0.602198253895587,-0.0866071047240821,-0.239717242852308,44.3623955393256,39.9033329978521,61.4005630942336,40.0741524654996
1058,27.5,31.5,-1652.16848911525,510.092057418661,15738,25.7978491069916,3.48122272210941,0.134942363127705,-0.820341342618955,-0.10511969015028,-0.363145459704159,39.3310201569514,34.8731919770209,61.3228885885129,35.0487321288858
1059,28.5,31.5,-1558.93823800647,496.512037814449,15738,24.8761314531948,3.33577908896032,0.134095572506388,-0.974666114073694,-0.115844540988969,-0.446477325275652,35.9285183760013,31.55297762717,60.9744072038299,31.7273648020675
1060,29.5,31.5,-1465.49929922245,483.734046016266,15738,24.1166653748858,3.22404237222502,0.133685247197667,-1.10182482529058,-0.121041431011831,-0.510496827929588,33.2238453869803,28.9735903954678,60.4374259053223,29.1440894869704
1061,30.5,31.5,-1371.86449225859,471.757496962517,15738,27.2211025316571,3.25950846852291,0.119741970948173,-0.582043574773368,-0.297637102024224,-0.49017654367203,44.057658312403,37.8174967598239,66.04457818593,38.0879913254903
1062,31.5,31.5,-1278.04660381408,460.581842970325,15738,28.5285604073111,3.39659698792743,0.119059529798671,-0.363133654782328,-0.306280418743071,-0.41163173684159,48.4161726373314,41.9135111774327,65.5914997580937,42.2036893974564
1063,32.5,31.5,-1184.05839009972,450.206573589133,15738,26.3379681548801,3.32318588890392,0.126174724996324,-0.729908281821679,-0.216164390929361,-0.453692593702967,38.8904014752969,33.7868644303955,61.5804528111038,34.0016803584121
1064,33.5,31.5,-1089.91257910678,440.63121546039,15738,25.8087229840803,3.34774713001904,0.129713784447376,-0.818520710682891,-0.171341168085011,-0.439620241420788,36.2393701729474,31.6817962906905,59.3246773730803,31.8707811507197
1065,34.5,31.5,-995.621872839952,431.855332184099,15738,28.0056143935321,3.66157833556828,0.13074443874418,-0.450691404953603,-0.158287630030609,-0.259810790386504,42.6674139420977,38.0739294157751,58.1944979099476,38.2659761294791
1066,35.5,31.5,-901.198949517036,423.878524192973,15738,31.0098505426141,4.35517694661498,0.140444951214132,0.0523130185738075,-0.0354278029610915,0.137586228409568,52.3862560750662,49.244475666636,53.6268626971467,49.3487120751545
1067,36.5,31.5,-806.65646573819,416.700428634842,15738,30.3991270296788,4.73334940693663,0.15570675441816,-0.0499414691942518,0.157867397495975,0.354259973035168,46.8622049271255,45.8351684049888,47.475546549127,45.8107367009163
1068,37.5,31.5,-712.007058627538,410.320719263927,15738,33.3588974931246,4.93020946780294,0.147792937965623,0.445617988138685,0.0576365979552031,0.467050858227723,60.3342575415764,59.0433585608488,49.6732327490652,59.0224346402981
1069,38.5,31.5,-617.263347949789,404.73910634151,15738,33.3459890651376,5.16746639656508,0.154965155973362,0.443456707847763,0.148474836333352,0.602987111093776,58.0707566909902,58.0286146965455,46.616450099997,57.9222181002395
1070,39.5,31.5,-522.437938204607,399.95533654646,15738,33.3561842728485,5.29775621313136,0.158823808196901,0.445163709003101,0.197345795097001,0.677636604126634,56.5413300028573,57.1513600161145,44.8054695338723,57.0010274008071
1071,40.5,31.5,-427.543420701384,395.969192896064,15738,34.2777086753133,5.32381086880522,0.155314082374456,0.599456124055048,0.152894091236758,0.692564607622664,60.6695027935494,61.1551511229987,45.4144329649913,61.0117548841067
1072,41.5,31.5,-332.592375617075,392.780494677493,15738,36.1537735104364,5.34783584227169,0.147919160934278,0.913568884857668,0.0592352487635274,0.706329705591683,71.2747381755625,71.3788646151009,47.3392793888103,71.2649647489872
1073,42.5,31.5,-237.597374039731,390.389097390234,15738,37.3333690532782,5.37012629655554,0.143842531031472,1.11107059463636,0.00760353895059959,0.719101011558753,78.2657257279106,78.1946224580264,48.1791941439962,78.1035823153195
1074,43.5,31.5,-142.57098000035,388.794892699731,15738,37.5719021696468,5.38847231362932,0.143417607373164,1.15100860441228,0.00222175656135223,0.729612353963112,78.6371900167067,78.6297266628248,47.7599224052471,78.5390964541991
1075,44.5,31.5,-47.5257524956457,387.997808402437,15738,39.1305881549449,5.40637273617107,0.13816231728395,1.41198207872943,-0.0643380291778928,0.739868393176551,89.4203141253675,89.161696775663,49.022108676401,89.1158430174009
1076,45.5,31.5,47.5257524956457,387.997808402437,15738,40.7623012630954,5.48465410829051,0.134552121404787,1.68518260977895,-0.110062215686074,0.78471967086378,101.813390079391,101.778589122598,49.7243863363418,101.756216954888
1077,46.5,31.5,142.57098000035,388.794892699731,15738,41.433257729902,5.53742745006492,0.133646924076371,1.79752200457027,-0.121526804549548,0.814956133796438,106.188521221321,106.453195373136,49.4626398704879,106.429816274861
1078,47.5,31.5,237.597374039732,390.389097390234,15738,41.817190632279,5.66235530833333,0.135407358139514,1.86180455049874,-0.0992303923512207,0.886533495183491,107.306338085807,108.471537989753,48.2657243535464,108.383936927346
1079,48.5,31.5,332.592375617075,392.780494677493,15738,41.9228341526415,5.77324507908189,0.137711230544706,1.87949262674254,-0.0700511746378384,0.950067740507246,105.789202744431,107.763813095575,46.9136056376575,107.608772024571
1080,49.5,31.5,427.543420701384,395.969192896064,15738,39.9145688196198,5.84965134210821,0.146554291204891,1.5432453092887,0.0419487745236974,0.993844675265212,85.8410570048027,88.322963175816,43.4994768014641,88.0711553526473
1081,50.5,31.5,522.437938204607,399.95533654646,15738,29.6646577214813,6.17350319132522,0.208109705808429,-0.172914928215225,0.821566100598851,1.17939544967669,30.1243270959239,34.1906058005671,27.5817816428706,33.8598467458525
1082,51.5,31.5,617.263347949789,404.73910634151,15738,25.0640720009183,6.089843946088,0.242971052184373,-0.943198905048205,1.26309524665436,1.13146292195459,18.2709031729379,22.1330280232165,21.2003013534078,21.883058486666
1083,52.5,31.5,712.007058627539,410.320719263927,15738,27.7263465093103,5.4886621025574,0.197958360677428,-0.497449706945162,0.69299634604403,0.787016049414207,25.5606800374936,27.7494215184221,28.9837297584017,27.5747885751053
1084,53.5,31.5,806.65646573819,416.700428634842,15738,31.2083666279471,5.3104697351332,0.170161732539302,0.0855509080434318,0.340943922345373,0.684920810959609,36.412826212744,37.4860014116052,34.9994746970635,37.3537529286381
1085,54.5,31.5,901.198949517036,423.878524192973,15738,30.1169452857511,5.23259769822633,0.173742643836524,-0.0971876437260695,0.386297211059836,0.640304061702184,32.3776606209081,33.3971870344662,33.7072243324855,33.27890832288
1086,55.5,31.5,995.621872839952,431.855332184099,15738,33.1918949562768,5.14151328045555,0.1549026738976,0.417656466272156,0.14768348257273,0.588117284646415,43.4441238976959,43.4745203503404,38.1580501578491,43.4090092204357
1087,56.5,31.5,1089.91257910678,440.63121546039,15738,30.4249514094876,4.9890758694039,0.163979748143431,-0.045617648883829,0.262647282227053,0.500778337105131,33.0751262614759,33.2542538609184,35.3214625797653,33.192911243177
1088,57.5,31.5,1184.05839009972,450.206573589133,15738,37.6935902416274,4.86718301407426,0.129124951560043,1.17138304751838,-0.17879890879043,0.430939879315485,65.8847237935358,63.4068329467815,44.8792580517432,63.557306282846
1089,58.5,31.5,1278.04660381408,460.581842970325,15738,39.7721108597651,4.90200973126774,0.123252440599696,1.51939332814684,-0.253175977351178,0.450893831596697,78.3677806793465,75.3832960803515,46.2707582349773,75.6210430967812
1090,59.5,31.5,1371.86449225859,471.757496962517,15738,35.4835718314641,4.8404039334889,0.136412533565654,0.801355865491133,-0.0864995516443341,0.415596816885383,51.9549788849583,50.204590585243,41.5886511923846,50.2810075563484
1091,60.5,31.5,1465.49929922245,483.734046016266,15738,34.715775672931,4.76654885215604,0.137302098534778,0.672802434620694,-0.075232951182534,0.373281580555352,47.8296137450425,46.0655364820677,40.8378753190258,46.1409216006205
1092,61.5,31.5,1558.93823800647,496.512037814449,15738,38.2856722086505,5.11249076306275,0.133535353256971,1.27051634920455,-0.12293988160294,0.571488846085313,64.007481136667,62.7284862744581,41.4696865009595,62.8017377701907
1093,62.5,31.5,1652.16848911525,510.092057418661,15738,39.1824814251924,5.12751983681029,0.130862560264332,1.4206706581854,-0.156791586436624,0.580099747271414,68.3733595336358,66.9721690020406,41.7804493386237,67.0734342959276
1094,63.5,31.5,1745.17719790763,524.474727420808,15738,37.9842779289466,5.04407374006065,0.132793724537718,1.22005338677622,-0.132332826200399,0.532289342881429,60.5487000480925,59.0900500808271,40.7192783211098,59.1776682837399
1095,64.5,31.5,1837.95147220249,539.660708098949,15738,37.1307216471707,5.01863401928662,0.135161230287293,1.07714099102661,-0.102347673572655,0.51771366606548,55.1078900574943,53.7968963896067,39.5604128538949,53.8642677289654
1096,65.5,31.5,1930.47837983691,555.650697576374,15738,35.3524021681207,5.05163206312624,0.14289360137687,0.779393903241774,-0.00441493261227952,0.536619880753799,45.7267033717978,45.0243002226932,36.9763212229255,45.0340870888607
1097,66.5,31.5,2022.74494617355,572.445431982785,15738,32.8936460093601,5.07312025288659,0.15422797009012,0.367720132320072,0.139138161553152,0.548931529615381,35.4827759344094,35.4193920536792,33.6750632947778,35.3816383206008
1098,67.5,31.5,2114.7381515545,590.045685616381,15738,27.9675024597114,5.08487224122211,0.181813597712099,-0.457072551557838,0.488518202013734,0.555664826157616,21.3938084121595,22.2590598379885,27.2777813278467,22.1822599754089
1099,68.5,31.5,2206.44492869808,608.452271105558,15738,28.7896854895348,4.75969606628432,0.165326434983616,-0.319413033321653,0.279703464858062,0.369355279907546,23.6418253426118,23.604055373522,30.3602528263064,23.5801524775008
1100,69.5,31.5,2297.85216003579,627.666039568829,15738,30.3534166498702,4.31113649855346,0.142031341917217,-0.0575948366739944,-0.0153357008119116,0.112353273084475,28.3422026835293,26.7779671294332,35.4909760091834,26.8464661376442
1101,20.5,32.5,-2273.36915126152,737.837535115107,15738,26.5112341547394,3.9126803853938,0.147585750348568,-0.700898057574569,0.0550125061991076,-0.115941981503432,48.9424846989213,44.4780358822541,65.8150966441777,44.6382528478638
1102,21.5,32.5,-2182.96764898953,718.677160428394,15738,28.2849021540283,4.5575701144913,0.161130842513529,-0.403929775043262,0.22656505934333,0.253547304827193,53.6454677208199,51.4321587464915,58.9913420937102,51.4528574593791
1103,22.5,32.5,-2092.26579139226,700.321377024043,15738,29.2262160335991,4.56454037849745,0.156179656417032,-0.246323973816036,0.163856839598359,0.25754091452039,57.8989448875557,55.1345006949692,60.4177401171802,55.1796088831772
1104,23.5,32.5,-2001.27673174684,682.76938289972,15738,26.2989623900789,3.75554416396506,0.142801989989605,-0.736439084083692,-0.00557521762111667,-0.205973110381305,46.428743337446,41.5622717568909,65.7543842593016,41.7506861791682
1105,24.5,32.5,-1910.01357293022,666.020411905748,15738,23.8420020349599,3.35659896533672,0.140785113616503,-1.14781218051421,-0.0311195466643015,-0.434548586273133,37.4581035704882,32.7012528268617,65.9345942249371,32.8940364737902
1106,25.5,32.5,-1818.48937007539,650.073733654676,15738,23.3548568392788,3.38783237983474,0.14505900863143,-1.22937573816018,0.0230105834781695,-0.416653415189089,34.9523670028326,30.78154291942,63.1836937161394,30.9502420779572
1107,26.5,32.5,-1726.7171331695,634.928653425327,15738,23.2951104198906,3.40443019753923,0.146143552710201,-1.23937918387844,0.0367466513797156,-0.407143702843603,34.1083394685596,30.1238286916002,61.9559211045244,30.2853359250563
1108,27.5,32.5,-1634.70982959668,620.584512062789,15738,23.3006957649564,3.38583676966485,0.145310543677286,-1.23844401995138,0.0261963483881755,-0.417796799157231,33.6529035984341,29.6559828537564,61.5977217355765,29.8189550470545
1109,28.5,32.5,-1542.48038662875,607.040685875741,15738,23.2283567061856,3.31715511966673,0.142806276036883,-1.25055587293157,-0.00552093357901399,-0.457147920281968,33.1497477300102,28.9890749362855,61.98396249895,29.1603548501392
1110,29.5,32.5,-1450.04169386665,594.296586532369,15738,23.2236920131451,3.26933009165733,0.140775639368918,-1.25133689050721,-0.0312395407804372,-0.484549249021786,32.7931633867634,28.5122412071465,62.1600053934514,28.6896482188904
1111,30.5,32.5,-1357.40660563564,582.351660956086,15738,23.33797154043,3.26198215785665,0.139771451525069,-1.23220287277679,-0.0439578734688085,-0.488759244457468,32.6651820421904,28.3484856260936,61.8769431696679,28.5281288776689
1112,31.5,32.5,-1264.58794333694,571.205391222114,15738,23.5144817051977,3.28096176596455,0.139529410305451,-1.20264947242148,-0.0470233962933038,-0.477884886349086,32.6341039062054,28.3457636507945,61.257646993394,28.5247723267617
1113,32.5,32.5,-1171.59849775883,560.857294455972,15738,23.7291008036327,3.33157524656017,0.14040040008807,-1.16671542778279,-0.0359920560003753,-0.448885914927795,32.6009021144298,28.4415192431795,60.1598541517355,28.6153490275616
1114,33.5,32.5,-1078.45103134988,551.306922734782,15738,23.9211755285482,3.36025056959886,0.140471799372428,-1.13455602636228,-0.0350877631853035,-0.432456401219004,32.5823652792581,28.4791031905231,59.4233081305906,28.6510105381694
1115,34.5,32.5,-985.158280457141,542.553862992242,15738,24.6736838169512,3.3434271634732,0.135505795902929,-1.00856226987166,-0.0979836492922566,-0.44209536435107,34.6196851305307,30.0090387046476,60.8666528689332,30.2045379615995
1116,35.5,32.5,-891.732957531994,534.597736928065,15738,30.311139762288,4.47495510751896,0.147634009892513,-0.0646733286471771,0.0556237274352947,0.206213072959167,52.5338320416511,49.3247820111847,55.1161078813305,49.4272102133006
1117,36.5,32.5,-798.18775330632,527.438200922562,15738,29.6173437337649,5.01123408196255,0.169199308587878,-0.180836790524003,0.328754541567225,0.513473875233975,45.8238875818853,45.5641088965153,46.6261261995945,45.4910604700582
1118,37.5,32.5,-704.535338941744,521.074945957036,15738,32.548745113159,5.25421345299376,0.161425991531377,0.3099727822921,0.230303207962277,0.652688798878405,58.8344629074996,58.542836178564,48.7351010464906,58.4417300607841
1119,38.5,32.5,-610.788368154523,515.507697540546,15738,32.7328027840839,5.23402926372488,0.159901652731977,0.340789874579484,0.210997011318569,0.641124276524233,59.0349013075622,58.5774398219095,48.6954423859906,58.4895876575387
1120,39.5,32.5,-516.959479318744,510.736215643552,15738,32.4508669325169,5.35448065111923,0.165002699689168,0.29358487022838,0.27560326268675,0.710136845895059,55.8989868515523,56.1781831320703,46.3863397664061,56.0448608711951
1121,40.5,32.5,-423.061297550404,506.760294638897,15738,33.7221920743257,5.41358556090054,0.160534805951187,0.506445024469871,0.219016081987421,0.744000977929371,61.922005300313,62.0584232012641,47.3427056719833,61.9262808774753
1122,41.5,32.5,-329.106436774987,503.579763250501,15738,35.4121181085916,5.46569285388858,0.154345267829729,0.789392245822505,0.140623771725673,0.773855828503153,71.3788824985312,71.2163679128315,48.922276945916,71.0992945955357
1123,42.5,32.5,-235.107501781076,501.194484510117,15738,36.8926783581219,5.53268904544814,0.14996712875497,1.037284993881,0.0851733600822242,0.812241266957655,80.4360750853883,80.1831850657012,49.8986277112116,80.0749004991405
1124,43.5,32.5,-141.077090262577,499.604355722401,15738,37.326792755762,5.40913639317434,0.144912969848966,1.10996951383681,0.0211609595933972,0.741451829239689,83.2546923667382,82.0774628508537,51.1431200028867,82.0481750383039
1125,44.5,32.5,-47.0277948520809,498.809308438531,15738,39.9482900081649,5.58345067055505,0.139766950460555,1.54889130586256,-0.0440148807670936,0.84132511771146,103.382278517757,102.52392418366,52.4533775927076,102.50375928882
1126,45.5,32.5,47.0277948520809,498.809308438531,15738,40.8557887925082,5.71126412545284,0.139790817758,1.70083538755865,-0.0437125944656446,0.914555780416738,109.669428294751,109.566377777469,51.828941131804,109.505536098438
1127,46.5,32.5,141.077090262577,499.604355722401,15738,40.9649632719697,5.87755085477036,0.1434775082245,1.71911465835505,0.0029804183598196,1.00982968876037,107.716988551346,108.886496556897,49.8772611807207,108.719681915307
1128,47.5,32.5,235.107501781077,501.194484510117,15738,39.9755755269493,6.12620012501061,0.153248578519668,1.55345976718375,0.12673388091831,1.15229317866006,94.8741797255238,97.9146955495557,45.9390637657113,97.5679806015404
1129,48.5,32.5,329.106436774987,503.579763250501,15738,39.4688605795611,6.38809048553152,0.161851403656674,1.46861961236383,0.235691176928772,1.30234314540579,87.2790926439871,92.0026502603135,42.6696969974978,91.5056971188093
1130,49.5,32.5,423.061297550404,506.760294638897,15738,32.621780111793,6.53330728586815,0.200274395311319,0.32220115768012,0.722329601940375,1.38554504721727,43.4671668880079,48.5441814629278,31.9659383759014,48.0827008818343
1131,50.5,32.5,516.959479318744,510.736215643552,15738,23.9291780089799,6.76799716964376,0.282834503011509,-1.1332161573052,1.76797750830667,1.5200105127886,16.3342255094557,21.653399922712,17.4204043016533,21.3284230649527
1132,51.5,32.5,610.788368154524,515.507697540546,15738,28.6839199596991,5.77395674816955,0.201295944078841,-0.337121537821317,0.735267815803782,0.95047549099766,30.2367950248031,32.8434033305797,30.99103758701,32.6266274040008
1133,52.5,32.5,704.535338941744,521.074945957036,15738,31.1473242144888,5.47092080239021,0.175646574476703,0.0753304718098576,0.410411049367785,0.77685117929521,39.3311602914483,40.4390095039874,36.8485259108929,40.2960383026029
1134,53.5,32.5,798.18775330632,527.438200922562,15738,31.6824168014866,5.36558110171004,0.169355170577084,0.164921943618371,0.3307285792379,0.716496844173347,41.2003599318787,41.7765424920756,38.1059380280906,41.6674907644355
1135,54.5,32.5,891.732957531994,534.597736928065,15738,33.2098849859273,5.43005827215865,0.163507289304363,0.420668567866218,0.256663452873183,0.753439010591495,46.8090670086739,47.2378482664441,39.2804529382563,47.1301794088926
1136,55.5,32.5,985.158280457141,542.553862992242,15738,33.9263727658585,5.34514277955863,0.157551260090429,0.540631348694502,0.181228601208229,0.704786716496036,49.7301030713875,49.6126127286072,40.5227525517143,49.5433883660425
1137,56.5,32.5,1078.45103134988,551.306922734782,15738,34.6391537854535,5.16693856272852,0.149164687876941,0.659973500266783,0.0750102117110937,0.602684688929533,53.1914380303277,52.0891863288811,42.5433445064559,52.0929844020386
1138,57.5,32.5,1171.59849775883,560.857294455972,15738,36.464944467776,5.1654055109967,0.141654007331928,0.965668773231266,-0.0201147536753105,0.601806327614817,62.2498218299037,60.5197296114376,44.3835286243769,60.5778597690744
1139,58.5,32.5,1264.58794333694,571.205391222114,15738,36.2966324865235,5.15147308988741,0.141927025649007,0.937488008836773,-0.0166568968531023,0.593823753074926,60.3429992614362,58.64425756352,43.7764551582112,58.7018637039427
1140,59.5,32.5,1357.40660563564,582.351660956086,15738,29.9652704223621,5.01830826855818,0.167470815308017,-0.122582826872997,0.306862668729329,0.517527027329059,32.5646147851212,32.4300140925287,35.9860670909017,32.3923084733162
1141,60.5,32.5,1450.04169386665,594.296586532369,15738,31.2530763982166,4.93691693457524,0.15796579100472,0.0930367417477304,0.186478756455436,0.470893898361501,36.6553796861989,35.8782806314598,38.0863230211841,35.8772179852818
1142,61.5,32.5,1542.48038662875,607.040685875741,15738,36.8545712342422,5.42127758964841,0.147099190360717,1.03090465261346,0.0488500816724235,0.748408122413537,59.2884237386967,58.7791469178508,40.7067960134116,58.7553319649775
1143,62.5,32.5,1634.70982959668,620.584512062789,15738,37.5749335832556,5.43976861964475,0.144771210509042,1.15151615920461,0.0193655360997894,0.759002549908027,62.3478309445542,61.7558950792398,40.9100146761239,61.7456083410551
1144,63.5,32.5,1726.7171331695,634.928653425327,15738,35.2096605445124,5.38537699135413,0.152951687351427,0.755494427789945,0.122973667455199,0.727838890428465,49.206589495367,48.9967934249403,38.1144329718579,48.9512426986267
1145,64.5,32.5,1818.48937007539,650.073733654676,15738,32.8896981406688,5.43704689191985,0.165311547362511,0.367059133877634,0.279514908783311,0.757443137206467,38.5112322204621,39.0344343315686,34.4558748195434,38.9432924820413
1146,65.5,32.5,1910.01357293022,666.020411905747,15738,32.0835590228024,5.46580424965931,0.170361531455244,0.232085875404199,0.343474434041257,0.773919652660944,34.9159141771345,35.6915173641472,32.8340875811152,35.58868128985
1147,66.5,32.5,2001.27673174684,682.76938289972,15738,28.594552145054,5.52009892631348,0.193047224461192,-0.352084544674564,0.630795369744001,0.805027763743092,24.0633791006329,25.5644482806262,27.5529239887529,25.4404466385813
1148,67.5,32.5,2092.26579139226,700.321377024043,15738,27.6506753678636,5.45686306698498,0.197350082570753,-0.510119456256537,0.685292325949447,0.768796805984639,21.6153887866013,23.0839002901169,26.3978575831019,22.9711099689345
1149,68.5,32.5,2182.96764898953,718.677160428394,15738,27.2105293117586,5.19676925084357,0.190983761885068,-0.58381386715917,0.604661012816756,0.6197761685501,20.8841169847469,21.821917936905,27.3134015926868,21.7465355233242
1150,69.5,32.5,2273.36915126152,737.837535115107,15738,27.2860186054861,4.34102728104878,0.15909346628445,-0.571174564924048,0.20076109362961,0.12947918375375,22.682402172152,21.6201231907994,33.9704008406286,21.6625049350748
1151,20.5,33.5,-2248.3510361536,847.890111551712,15738,23.2839840421048,3.63030519956629,0.155914262481952,-1.24124209244034,0.160495547803701,-0.277728719888758,39.6452137124527,35.3922105212803,67.0894060727234,35.5654502293531
1152,21.5,33.5,-2158.97634018179,828.790964496593,15738,23.2115550539911,3.56937938876813,0.153775969790287,-1.25336900244504,0.1334134455812,-0.312636136358908,39.0106712659824,34.5960223439059,67.3321891369153,34.7779507733233
1153,22.5,33.5,-2069.30057792933,810.49347492325,15738,23.0002254916807,3.47087373401995,0.150906074171985,-1.2887522743948,0.0970653783564757,-0.369074907873178,38.0263771882625,33.3929145807494,67.9332252881945,33.5863810692344
1154,23.5,33.5,-1979.33693351858,792.996891945914,15738,22.813143249024,3.40060668324224,0.149063487048753,-1.32007577592729,0.0737284736288058,-0.409334383676506,37.0310103167032,32.3028549966774,68.0338647057566,32.5019106414524
1155,24.5,33.5,-1889.09854064963,776.300497808352,15738,22.8837611858568,3.43044372313312,0.149907338014578,-1.30825209335223,0.0844160928710737,-0.392239264808776,36.5560571272793,31.9899531303908,66.8277100882768,32.1825796062974
1156,25.5,33.5,-1798.59848524477,760.403607862589,15738,23.0511640735829,3.49497374581616,0.151618102003858,-1.28022354004984,0.106083419059328,-0.355266816726179,36.2871764994951,31.9603788152256,65.2339442468566,32.142805344731
1157,26.5,33.5,-1707.84980803664,745.305570538403,15738,23.1067034012027,3.49208110416128,0.151128486116263,-1.27092449493948,0.0998822906687712,-0.356924154488669,35.9157693195782,31.6073875793687,64.6964239473483,31.7896548725795
1158,27.5,33.5,-1616.86550710302,731.005767305172,15738,22.9865965648685,3.39753623882968,0.14780510151826,-1.29103418904275,0.0577906529062438,-0.411093593450713,35.3225467034468,30.7625632782775,65.4876926006709,30.9569910811291
1159,28.5,33.5,-1525.65854035108,717.503612627501,15738,22.9140160760941,3.29037355369945,0.14359654557161,-1.30318646506353,0.00448806117003592,-0.472492406710545,34.966439789554,30.0701096692997,66.7130274546911,30.279896714199
1160,29.5,33.5,-1434.24182795392,704.798553915986,15738,22.9804472728763,3.26740726558108,0.142182057067165,-1.29206377557328,-0.0134268493654796,-0.485650931375523,34.7331034366382,29.7674901523846,66.6059678657472,29.9808459188667
1161,30.5,33.5,-1342.62825474228,692.890071474357,15738,23.1898470637547,3.31678864256692,0.143027620382672,-1.25700360857218,-0.00271754271377031,-0.457357893174937,34.6852782835197,29.8538636230817,65.4243203676415,30.0619206966088
1162,31.5,33.5,-1250.83067255409,681.777678444163,15738,23.4364306943997,3.39317477231618,0.144782062446352,-1.21571768734997,0.0195029790591609,-0.413592493769198,34.6531160648324,30.0419857695454,63.8439161073233,30.2408076941383
1163,32.5,33.5,-1158.86190254458,671.460920748062,15738,23.6940743442351,3.44045273332901,0.145203086786384,-1.1725799680996,0.0248353754422093,-0.386504606824175,34.7873338405162,30.2617400906002,62.90350756526,30.4571179530073
1164,33.5,33.5,-1066.73473745977,661.939377032698,15738,23.8561243406774,3.45773486467679,0.144941182201208,-1.14544765858791,0.0215182772844379,-0.376602817278077,34.7144917480214,30.2190375014966,62.2828556948174,30.4135973674806
1165,34.5,33.5,-974.461943875843,653.212658612078,15738,24.0142579036862,3.43328002899071,0.142968399971406,-1.11897108425939,-0.00346758653977327,-0.390614204616544,34.8030933823753,30.1656406702529,62.4337005242496,30.3672103327904
1166,35.5,33.5,-882.05626440716,645.280409412264,15738,25.7108970351952,4.0952356003227,0.159280152486193,-0.834899877493736,0.203125528965732,-0.0113470514920492,37.6004672897914,34.6383332287405,54.8553736367076,34.7536292117487
1167,36.5,33.5,-789.530419885449,638.142305918134,15738,29.5022198603983,5.38661965247545,0.182583537034312,-0.200112178570541,0.498269708676304,0.728550872570761,47.3766073120405,48.1280179566728,45.8276801919443,47.9851830946531
1168,37.5,33.5,-696.897111512818,631.798057122894,15738,32.0533806468408,5.32003870628473,0.165974340270067,0.227033058032234,0.28790937477235,0.690403348767499,60.4680865529935,59.7336543861641,51.0512420998231,59.6540307643845
1169,38.5,33.5,-604.169022991102,626.24740448095,15738,31.8309756223364,5.35266028704018,0.168158851005626,0.189795402405657,0.315576842035923,0.709093869097504,58.0297081380621,57.5982730988403,49.6638094939227,57.5044769415249
1170,39.5,33.5,-511.358822630125,621.490121864676,15738,32.2939222013197,5.42403334323754,0.167958333132291,0.267307344054012,0.313037224534409,0.749987030219023,59.3642299828067,59.1139162563276,49.1520319511324,59.0049709591223
1171,40.5,33.5,-418.479165437372,617.526015525566,15738,33.6057809942907,5.49209046533395,0.163426955209492,0.486954117197783,0.255645998070229,0.788980328357466,65.994731431613,65.5427942932491,50.1883849733714,65.435573033005
1172,41.5,33.5,-325.542695191616,614.354924060176,15738,34.9095909200095,5.57155463631209,0.159599539538534,0.705253254659362,0.207170659379242,0.834509290129984,73.1669390258995,72.6176224908104,50.987157172989,72.5084022504123
1173,42.5,33.5,-232.562046502957,611.976718381207,15738,36.6031352649242,5.66685522909899,0.154818847841414,0.988806295984782,0.146621801058593,0.889111722804783,84.0219166352909,83.3612332116128,52.1558665581784,83.2539211368427
1174,43.5,33.5,-139.549846861786,610.391301694032,15738,37.9525374645108,5.66967094200546,0.149388455180557,1.21473902624537,0.0778442900457402,0.890724984274739,93.943485908098,92.7434675831728,53.6018529129495,92.6828693555758
1175,44.5,33.5,-46.518718679133,609.598609478883,15738,39.86924847164,5.87262506384965,0.14729710965149,1.53565724550863,0.0513567873658929,1.00700745902125,109.045370048487,108.649202459557,53.7776220464764,108.539905908598
1176,45.5,33.5,46.518718679133,609.598609478883,15738,40.0004690990528,6.09497310048578,0.152372540566783,1.55762774075976,0.115638604072767,1.13440166870835,106.868429326975,108.191883395518,51.2369877837509,107.940574501503
1177,46.5,33.5,139.549846861786,610.391301694032,15738,34.210552733801,6.33472900073668,0.185168858569122,0.588212089308604,0.531013561918046,1.27176970618855,59.0695077671386,62.8518476337794,39.9732160079154,62.4412400648632
1178,47.5,33.5,232.562046502957,611.976718381207,15738,31.4695294401155,6.60439100543032,0.209866214173874,0.129277846693608,0.843812792687872,1.42627243304105,43.068542223986,48.1897870837409,33.0607835840781,47.7327768341389
1179,48.5,33.5,325.542695191616,614.354924060176,15738,29.1215978009923,6.76883069644987,0.232433355570182,-0.26384038436816,1.12963223758749,1.52048808160514,32.6464002634297,38.2939088299264,27.7668797750791,37.8501039924331
1180,49.5,33.5,418.479165437372,617.526015525566,15738,25.4522059048308,6.8822813523815,0.270400191563563,-0.878212978209982,1.6104933177595,1.58548958496694,21.2019219953929,26.9818071267437,20.8700380891937,26.6042848234799
1181,50.5,33.5,511.358822630125,621.490121864676,15738,26.065552193262,6.3919960445943,0.245227724208607,-0.775519354631405,1.29167665774051,1.30458083375113,23.6150112693932,28.0734735727605,24.7294251909029,27.774402173494
1182,51.5,33.5,604.169022991103,626.24740448095,15738,27.6956698310649,5.85685440823828,0.211471845381003,-0.502585955925208,0.864148581447106,0.997971668832808,29.3451602881095,32.041378286534,31.1731152632398,31.8316284447556
1183,52.5,33.5,696.897111512818,631.798057122894,15738,30.7817531661561,5.70461325818054,0.185324507911806,0.0141222826729544,0.532984906358339,0.910745168941561,40.2572656503973,41.7518938890788,37.1983253039934,41.5794433010871
1184,53.5,33.5,789.530419885449,638.142305918134,15738,33.7005315362036,5.60123790043158,0.166206218273273,0.502818363331823,0.290846177489048,0.851516303237204,53.3633774522023,53.5831335757531,42.1947107637723,53.4709501333792
1185,54.5,33.5,882.05626440716,645.280409412264,15738,34.6750842027886,5.55853971819575,0.160303567993895,0.665989391815213,0.216087385639384,0.827052398525911,57.9137073573945,57.6143451462195,43.5124293199233,57.5364440690521
1186,55.5,33.5,974.461943875843,653.212658612078,15738,35.5989961147854,5.54337969074265,0.155717303737122,0.820681551692878,0.158001007705478,0.818366467471874,62.3491196419697,61.6639690700245,44.4474580778981,61.6142287920793
1187,56.5,33.5,1066.73473745977,661.939377032698,15738,35.2247914780745,5.45501613048386,0.154862978646142,0.758027826010377,0.147180730605269,0.767738604529559,59.6086003404466,58.6437414038768,44.1972759502399,58.6193750681463
1188,57.5,33.5,1158.86190254458,671.460920748062,15738,34.1981755233747,5.42390807579363,0.158602264383559,0.586139751687189,0.194539877916875,0.749915258292194,53.264716109859,52.556205729048,42.5168503163878,52.5198482236502
1189,58.5,33.5,1250.83067255409,681.777678444163,15738,32.1770217678328,5.21880196417613,0.162190335756721,0.247734503492144,0.239983851086874,0.632399801952615,43.8388045106804,43.0244417785022,40.9449297784438,43.0095081615023
1190,59.5,33.5,1342.62825474228,692.890071474357,15738,27.474326421927,5.07151681747209,0.184591124804594,-0.539645863465785,0.523696394848584,0.54801284200066,27.3361739504218,27.5939069435537,34.429834204042,27.5488718965282
1191,60.5,33.5,1434.24182795392,704.798553915986,15738,31.4584100604254,5.35588455927448,0.170252868755505,0.127416109834915,0.342098189173773,0.710941214454444,39.0447365493097,39.0187580927543,37.7313947290822,38.9595247213698
1192,61.5,33.5,1525.65854035108,717.503612627501,15738,33.4779729753456,5.51468954910231,0.164725909575335,0.465555000849591,0.272097634955705,0.801928463451789,46.1690518849883,46.1404772765852,38.8044787765817,46.0691792648823
1193,62.5,33.5,1616.86550710302,731.005767305172,15738,31.7908779289235,5.65271263951791,0.17780926503999,0.183081776658864,0.437802157768846,0.881008732331524,38.0056762996692,38.9383604255387,34.8971809443591,38.8140951324203
1194,63.5,33.5,1707.84980803664,745.305570538403,15738,27.5044191786834,5.68467113471991,0.206682100712226,-0.534607381464555,0.803485064593132,0.899319338085643,24.0761568300168,25.9375048317472,28.0066141718634,25.7975509159936
1195,64.5,33.5,1798.59848524477,760.403607862589,15738,23.5352191013671,5.72179914891773,0.243116459815977,-1.19917737452769,1.26493687682892,0.920591817472195,15.3192601512431,17.7835725941749,21.2840900607054,17.6505749526885
1196,65.5,33.5,1889.09854064963,776.300497808352,15738,25.5260617658165,5.92426320866676,0.232086847670341,-0.865847164427153,1.12524361370968,1.03659351135708,18.362533388617,20.9745391337796,22.7752611489205,20.8111266320651
1197,66.5,33.5,1979.33693351858,792.996891945914,15738,23.9569630745876,6.27688150680501,0.262006560984486,-1.12856405600054,1.50418553199818,1.23862601001162,14.5360346348342,17.8917181028064,18.1407719661569,17.7001977734437
1198,67.5,33.5,2069.30057792933,810.49347492325,15738,19.7259324092334,6.44372794126013,0.326662781133931,-1.83697279457577,2.32307546705417,1.33422060116739,8.33748033573803,11.9782531400128,11.2482550804666,11.8141334192735
1199,68.5,33.5,2158.97634018179,828.790964496593,15738,24.3491900698901,5.66674251823165,0.232728172968639,-1.06289281583376,1.13336618614986,0.889047145162969,15.8258333630633,17.9522283685025,21.8814523894987,17.8319843254074
1200,69.5,33.5,2248.3510361536,847.890111551712,15738,23.5906606381632,4.72478194615193,0.200281883522521,-1.18989470270306,0.722424442324964,0.349351250150969,16.0632465915383,16.4860781292813,27.3238499092059,16.4670433250158
1201,20.5,34.5,-2222.79941857402,957.8146544974,15738,22.9751362297038,3.75496298797875,0.163435940071776,-1.29295301266276,0.255759793978414,-0.206306094906763,41.0267092916252,36.7303831181684,68.7873596527021,36.914372176987
1202,21.5,34.5,-2134.47250837885,938.784640674047,15738,22.8208602225861,3.67760008805462,0.161150809048594,-1.31878370977625,0.226817941348574,-0.250631134354105,40.1134465370148,35.6376264821757,69.1094108618999,35.8314161921668
1203,22.5,34.5,-2045.84392360505,920.553006010764,15738,22.6390537816304,3.57187580018487,0.157774959794616,-1.34922387475944,0.18406182337633,-0.311205818536897,39.2550632141339,34.4908493896557,69.9811177557275,34.6989146630397
1204,23.5,34.5,-1956.92687417102,903.11905265866,15738,22.5908794394593,3.50979644025619,0.155363426628078,-1.35728978769374,0.153519050638197,-0.346774160473448,38.7354578115164,33.7894469379143,70.3728600841666,34.0062236892773
1205,24.5,34.5,-1867.73451964349,886.482113094514,15738,22.8762286941619,3.59710070304632,0.157241857962554,-1.30951327138707,0.177309932782881,-0.296753221549378,38.8104590036222,34.1225488041384,68.6115576825482,34.3277682981811
1206,25.5,34.5,-1778.27997186513,870.641550168085,15738,23.1753339798966,3.67130308961054,0.158414247354329,-1.25943355915441,0.192158587261476,-0.254238996839966,39.0100333466993,34.5021038819993,67.2357161156032,34.6988430318701
1207,26.5,34.5,-1688.57629752803,855.596757136598,15738,22.9133895707261,3.53181791275535,0.154137732518962,-1.30329136193444,0.137995276327038,-0.334156967501478,38.0211736424602,33.1492023824361,68.5273252399706,33.3637478889391
1208,27.5,34.5,-1598.6365206956,841.34715768802,15738,22.5887026754688,3.33336101356333,0.147567616496336,-1.35765424703111,0.05478283565786,-0.447862760509639,37.1110940402077,31.6679948511948,71.0082795514496,31.908210401981
1209,28.5,34.5,-1508.47362527576,827.892205954641,15738,22.6329896257648,3.29096395613104,0.145405622966605,-1.35023920680192,0.0274005553906202,-0.472154135897334,36.8756530601233,31.2861754651839,71.2774226052066,31.5329819383717
1210,29.5,34.5,-1418.10055744807,815.231386518354,15738,22.9235933236934,3.3837652289036,0.147610594077596,-1.30158293003213,0.0553271592920919,-0.418983687524251,36.9281429307281,31.6097127521767,69.3300702405145,31.8453479224634
1211,30.5,34.5,-1327.53022804749,803.364214408979,15738,23.2898733295621,3.52657897676624,0.151421131702332,-1.24025603891611,0.103588732592167,-0.337158613569645,37.0408741978614,32.1573223552117,66.6598183107214,32.3740832395389
1212,31.5,34.5,-1236.77551490748,792.290235096796,15738,23.580265879222,3.60206941192445,0.152757794605634,-1.19163511506397,0.120517959131347,-0.293906401985462,37.1866423711203,32.489243997346,65.2457949148723,32.6977007891205
1213,32.5,34.5,-1145.8492651649,782.009024480452,15738,23.9490239302984,3.66264880274794,0.152935201593509,-1.12989332057839,0.122764870510376,-0.259197466687262,37.7037367617927,33.0595460077789,64.3977447348291,33.2652837822623
1214,33.5,34.5,-1054.7642975295,772.520188871251,15738,24.2843257794009,3.66884477436703,0.151078716687252,-1.07375315550947,0.0992519462966956,-0.255647487476296,38.3477944599454,33.5375815450218,64.4996088949487,33.7508054873405
1215,34.5,34.5,-963.533404520429,763.823364974782,15738,24.0121070737229,3.52492475726103,0.146797811055842,-1.119331201418,0.0450330246464172,-0.338106397906777,37.3442920105662,32.1923836112542,65.7407379974145,32.4226001434808
1216,35.5,34.5,-872.169354672317,755.918219870756,15738,24.2512377160737,3.58298355743208,0.147744358427417,-1.07929314683959,0.0570213238981286,-0.304841633913041,37.3741802440968,32.3732746275305,64.5274438596946,32.5970513267356
1217,36.5,34.5,-780.684894713537,748.804450991848,15738,26.6811417700724,5.17041547712411,0.193785390508425,-0.672450133422674,0.640144458587768,0.604676785501547,39.3645984326936,39.738807005048,45.7572185788788,39.6630553772985
1218,37.5,34.5,-689.092751719032,742.481786102246,15738,29.8324130677953,5.33489339521612,0.178828758608711,-0.144827362165503,0.450714341938457,0.698914336249971,52.5589479950644,52.0902570173072,50.3690469248373,52.0155311351543
1219,38.5,34.5,-597.40563524025,736.949983276568,15738,31.8690429720949,5.47536667054885,0.171808318039019,0.196169084223706,0.361798409196151,0.779398437499113,62.5080109176365,61.6935480091087,52.3623281381636,61.6109530248817
1220,39.5,34.5,-505.636239414632,732.208830879699,15738,33.1213625556315,5.55478315693386,0.167709983174874,0.405847105168021,0.309891799700885,0.824900078404992,69.059647970493,68.0333038627021,53.2997039751511,67.9495596400518
1221,40.5,34.5,-413.79724505709,728.258147548078,15738,34.5533749262492,5.62906431325695,0.162909247657331,0.645611398393373,0.249089080533336,0.867459434213059,77.6043654040802,76.2616316321505,54.5293000704427,76.1849150090024
1222,41.5,34.5,-321.90132173592,725.097782172847,15738,35.4751436689452,5.73146459134878,0.161562829592318,0.799944723750325,0.232036302018466,0.926129628457208,82.7503367729153,81.6060251703947,54.4150813491628,81.5082365506588
1223,42.5,34.5,-229.961129835536,722.727613885247,15738,36.4846793744476,5.88036270222675,0.161173478924557,0.968973022584874,0.227105061956806,1.0114407355224,88.6368126947012,88.0253015706494,53.927710358232,87.8809007622795
1224,43.5,34.5,-137.989322608477,721.147552044573,15738,37.253749034565,5.84745343528152,0.156962818154385,1.09773967801508,0.173775812015199,0.992585385516634,94.1021223849391,92.8940542123854,54.9375809981878,92.795861302673
1225,44.5,34.5,-45.9985482190392,720.35753622892,15738,39.1038521531425,6.25464206194674,0.159949511814122,1.40750562398132,0.211603160588951,1.22588392987248,107.035561751848,108.167880636237,53.1363287035205,107.873699580712
1226,45.5,34.5,45.9985482190392,720.35753622892,15738,37.6064472665083,6.58053692673715,0.174984275438262,1.15679254937206,0.402022838375512,1.41260524915715,89.0043208938341,92.8734933271508,47.1183428684753,92.3675631305399
1227,46.5,34.5,137.989322608477,721.147552044573,15738,29.2349802983854,6.73305140126792,0.230308053316519,-0.244856557894749,1.10271466306095,1.49998835018487,37.1798303624723,42.6554181509163,31.2492849388496,42.2155808070994
1228,47.5,34.5,229.961129835537,722.727613885247,15738,28.1815771950535,6.95872446872497,0.246924592635872,-0.421229650567696,1.31316799257248,1.62928763481674,31.9317581401659,38.13447063682,27.3959188343566,37.66960224195
1229,48.5,34.5,321.90132173592,725.097782172847,15738,27.1746633680913,6.97820784609988,0.256790958238465,-0.589818963770546,1.43812839806589,1.64045062730484,28.0759031630598,34.2372459007428,25.2154681245896,33.800122227532
1230,49.5,34.5,413.79724505709,728.258147548078,15738,27.3665974634335,6.57817204331992,0.240372302479674,-0.55768310820128,1.23018132171428,1.41125029024455,29.4366558148766,34.2820498020455,28.0510339813309,33.9329612346757
1231,50.5,34.5,505.636239414632,732.208830879699,15738,28.8565582445547,6.09400229270927,0.211182575588661,-0.308216412976497,0.860484894938409,1.13384544482026,35.6792498692243,38.631523815793,34.2151179395842,38.3820561464236
1232,51.5,34.5,597.40563524025,736.949983276568,15738,32.9532470850981,5.90907303003202,0.179316867159479,0.377699242901104,0.456896379467319,1.02789030519679,54.1279116434748,55.18906440893,42.5467055775735,55.0035746866186
1233,52.5,34.5,689.092751719033,742.481786102246,15738,33.9075188214419,5.87635715649216,0.173305430793602,0.537474600365858,0.380759780020772,1.00914575985748,58.6630259130844,59.2316607466875,43.9098418831532,59.0721830688636
1234,53.5,34.5,780.684894713537,748.804450991848,15738,35.5696941028633,5.72786734297291,0.161032235093408,0.815775465458762,0.225316167532587,0.924068586584185,68.6694610831817,67.8009984687393,47.4093409814418,67.7356512456219
1235,54.5,34.5,872.169354672317,755.918219870756,15738,35.0006910676286,5.59877721728808,0.159961904936965,0.720506309000787,0.211760123113774,0.850106455913616,64.6372165738816,63.3470636234024,47.2159598518387,63.3211279120455
1236,55.5,34.5,963.533404520429,763.823364974782,15738,36.155377819087,5.67086942368773,0.156847190259314,0.91383749701327,0.172311350912061,0.891411653826884,70.6326840861831,69.2387422703591,47.721586360041,69.2178542027942
1237,56.5,34.5,1054.7642975295,772.520188871251,15738,36.0181997524372,5.62898847172133,0.156281782832315,0.890869537468267,0.165150300511871,0.867415980838622,68.8139234382584,67.2834595795255,47.3542344265865,67.2774121027384
1238,57.5,34.5,1145.8492651649,782.009024480452,15738,34.5361024610786,5.56094004793268,0.161018170889426,0.642719439853872,0.225138040276473,0.828427666391779,59.0345421696915,57.8504628481648,45.2274797067039,57.8302195422372
1239,58.5,34.5,1236.77551490748,792.290235096796,15738,31.3313259614864,5.47914283194994,0.174877464129195,0.106138200657945,0.400670041912264,0.781561987511159,42.7402412380101,42.5219355005771,40.4465376080871,42.4650527263944
1240,59.5,34.5,1327.53022804749,803.364214408979,15738,32.1082786632048,5.56945750001195,0.173458613538022,0.236224727296456,0.382699884272765,0.833307736810221,45.0385273274715,44.9060662891731,40.3828998769171,44.8376888096128
1241,60.5,34.5,1418.10055744807,815.231386518355,15738,31.5847668604742,5.59687623983281,0.177201758827508,0.14857224610827,0.43010791393994,0.849017291717653,41.9635148103048,42.1302022430254,38.8464197747455,42.048989209066
1242,61.5,34.5,1508.47362527576,827.892205954641,15738,31.0939031258701,5.64739680622478,0.181623927474263,0.0663860870972599,0.486115972987898,0.877963027986876,39.1274311850447,39.6435515627143,37.1859100674854,39.5459615379538
1243,62.5,34.5,1598.63652069561,841.34715768802,15738,27.5588772206919,5.33119529875313,0.193447478141466,-0.525489377863102,0.635864699647417,0.696795513509833,27.7241919605591,28.2764558024018,33.7467118580235,28.2160412292608
1244,63.5,34.5,1688.57629752804,855.596757136598,15738,22.6607131059961,5.12034790854916,0.225957051068896,-1.34559741684269,1.04760794726858,0.575990594132121,16.5168232549578,17.8154432088111,26.3824295858107,17.7599679448782
1245,64.5,34.5,1778.27997186513,870.641550168085,15738,20.2283596388341,5.37452234250833,0.265692445579739,-1.75285053971674,1.55086833822864,0.721619724151749,11.8274603284232,14.0486431524648,19.5782306165761,13.9666984489333
1246,65.5,34.5,1867.73451964349,886.482113094514,15738,19.0984627202197,6.03893119907365,0.31619985794355,-1.9420311233958,2.19055948526522,1.10229248597046,9.14708487309048,12.4725234377599,13.4432406379532,12.3417641196251
1247,66.5,34.5,1956.92687417102,903.11905265866,15738,17.5418911497722,7.15538282689926,0.407902589624276,-2.20265057759927,3.35200139784402,1.74196295454072,6.05747612666858,10.6514591989371,6.85880409873473,10.4586627120819
1248,67.5,34.5,2045.84392360505,920.553006010764,15738,16.6778633784484,6.84620022867153,0.410496241234256,-2.34731623284718,3.38485075392368,1.56481692102444,5.50474630026774,9.68808777508611,6.65274779122328,9.52743890336597
1249,68.5,34.5,2134.47250837886,938.784640674047,15738,18.5750911505163,6.52658348510279,0.351362124267229,-2.02966012512716,2.63589987045421,1.38169264852936,7.52921943382711,11.3295109669367,10.0699821574434,11.1741877156285
1250,69.5,34.5,2222.79941857402,957.8146544974,15738,24.1024360977902,5.67609429106341,0.235498779792795,-1.10420725761863,1.16845673176257,0.894405239289185,16.42056661932,18.4362206762232,22.9445983244292,18.328867099972
1251,20.5,35.5,-2196.71586827977,1067.60201360096,15738,22.7467398996774,3.82229490306109,0.16803704266717,-1.33119380287354,0.314034103810003,-0.167728303807705,43.1054311304544,38.3992934689728,72.0290861992578,38.6113866790636
1252,21.5,35.5,-2109.45762636386,1048.64911116803,15738,22.5925095854243,3.76307213931055,0.166562821411319,-1.35701684955215,0.295362660510797,-0.201659960221801,42.0468772460711,37.2570404303522,71.9444716489691,37.4745366692479
1253,22.5,35.5,-2021.89720839296,1030.4909626383,15738,22.4981074588304,3.71990604873821,0.165343065213166,-1.37282275991031,0.279914091578351,-0.22639195280847,41.1883310657644,36.3461405135368,71.7282438319803,36.5670992777027
1254,23.5,35.5,-1934.04784484474,1013.12692503585,15738,22.8390393074744,3.7367267177936,0.163611379072792,-1.31573995433868,0.25798178022841,-0.216754557879605,41.8963282264926,36.8905979421391,71.7770929732342,37.1174526136694
1255,24.5,35.5,-1845.92271600951,996.556382830886,15738,22.9671204087392,3.93500547117036,0.171332121795863,-1.29429511534821,0.355767244526606,-0.103150833437863,40.734934491298,36.7248251546184,67.0942280095332,36.9074713980676
1256,25.5,35.5,-1757.53495459622,980.778748054914,15738,24.3931754782809,3.95067289221247,0.161958122087469,-1.0555282632842,0.237042797061546,-0.0941741914504105,46.3643537479875,41.1442162153083,70.9430036474435,41.3732511385714
1257,26.5,35.5,-1668.8976482862,965.793460399564,15738,22.3775847531104,3.4209832555774,0.15287544627004,-1.39300208373982,0.12200805186491,-0.397659635529223,39.608811752982,33.6992258116561,74.8551738956836,33.9677001241401
1258,27.5,35.5,-1580.02384223754,951.599987300688,15738,22.3826505955754,3.35242666285906,0.14977791162597,-1.39215390102637,0.0827768698123081,-0.436939105140572,39.3361958692064,33.174282764379,75.6474130098489,33.4535083294914
1259,28.5,35.5,-1490.92654154248,938.197824009362,15738,22.9643077079549,3.52805985707228,0.15363231942107,-1.2947660506763,0.131594071648628,-0.33631014385036,40.1638917696612,34.4170848443809,72.7108471681319,34.6785694709338
1260,29.5,35.5,-1401.61871364054,925.586493651237,15738,23.3712997756475,3.70362754253251,0.158469044429939,-1.22662266905415,0.192852608247912,-0.235718715771322,40.302725254173,35.1433079343746,69.3950684849736,35.3786285333997
1261,30.5,35.5,-1312.11329068993,913.765547275594,15738,23.8080108830186,3.90273120698218,0.163925126973369,-1.15350337752364,0.26195548913582,-0.121642358893578,40.4691788216801,35.98204959507,65.9354160144673,36.1857425732424
1262,31.5,35.5,-1222.4231718997,902.734563895391,15738,24.0006922026089,3.85767292813492,0.160731736216991,-1.12124241291384,0.221510261390451,-0.147458479919197,40.8336993453731,36.0315871550881,66.6793168135435,36.2496152980146
1263,32.5,35.5,-1132.56122582517,892.493150519443,15738,24.4165718801171,3.95088533769001,0.16181163175111,-1.05161096350008,0.235187454114646,-0.0940524709076006,41.4551493106844,36.8216502706579,65.3858092797723,37.0306004818308
1264,33.5,35.5,-1042.54029262922,883.040942177844,15738,27.1660711840127,4.4633382949786,0.164298262518185,-0.5912575679231,0.266681359923735,0.199557225329248,50.8868958977003,46.5333247223362,63.4704029681387,46.7085160197992
1265,34.5,35.5,-952.373186311633,874.377601941603,15738,24.2583388048473,3.72174509089751,0.153421267665444,-1.07810419933754,0.128921039447565,-0.225338274413059,40.5762260794105,35.1407909159349,67.8424737388524,35.3893863381793
1266,35.5,35.5,-862.072696909316,866.502820937411,15738,24.2698316317166,3.57134759178827,0.147151725070936,-1.07617993557558,0.0495154491396167,-0.311508455305152,40.6917701715328,34.6136334044303,70.1464607268552,34.8920851828854
1267,36.5,35.5,-771.65159266944,859.416318358365,15738,28.5620876981973,5.02805963936267,0.176039640116364,-0.357520122826855,0.415389340634904,0.523114070937798,52.5913517444927,50.3371435947584,56.2896841416583,50.3833112318443
1268,37.5,35.5,-681.12262219816,853.11784147141,15738,31.7774812621043,5.53110533407497,0.174057386375396,0.180838749700861,0.390283517352102,0.811333880223734,67.9828159248566,66.368928101299,56.4298671419838,66.3221745965641
1269,38.5,35.5,-590.498516587184,847.607165622145,15738,31.9145866130568,5.62749874423355,0.176329990184841,0.203794534331659,0.419066709156742,0.866562442130448,67.2032586907165,66.1249790320208,54.8614038945223,66.0436498074376
1270,39.5,35.5,-499.791991520586,842.884094237631,15738,33.1690849109562,5.74032846349802,0.173062611733431,0.413837341167551,0.377684405618214,0.931208180102205,74.0813998099084,72.9345789135543,55.5099670561371,72.8375458912971
1271,40.5,35.5,-409.015749364231,838.948458827701,15738,35.227438205957,5.93129396566201,0.168371424881501,0.75847097221018,0.31826915233503,1.04062178048174,87.6684635478914,86.5516571351389,56.7457172122379,86.4183026563064
1272,41.5,35.5,-318.182481240135,835.800118985238,15738,35.7285216926907,6.11088551342326,0.171036617915076,0.842368241890733,0.352024601464778,1.14351867869438,89.2233813961262,89.1380428247999,55.012546392239,88.9227870158353
1273,42.5,35.5,-227.304869088121,833.438962385824,15738,36.3772633001483,6.27813707994132,0.172584095404333,0.95098816458794,0.371623856381763,1.23934539008722,92.2262753339915,93.0437666120086,53.7638140293558,92.7514777842646
1274,43.5,35.5,-136.395587717067,831.864904787069,15738,37.5035692928313,6.45516139366367,0.172121254466773,1.13956751336453,0.365761840562969,1.34077139268766,99.7716416755473,101.435075976243,53.3105144334336,101.059411620045
1275,44.5,35.5,-45.4673068480813,831.077890027882,15738,36.7453407325653,6.71520463858395,0.182749826364589,1.01261600192121,0.50037581167082,1.48976305536332,89.3580581036181,93.1534707875893,48.79861588656,92.6252458262532
1276,45.5,35.5,45.4673068480813,831.077890027882,15738,32.8696877484037,7.00526130808328,0.213122234738098,0.363708759497479,0.885051245263896,1.65595089643613,58.3190189220638,64.4150715805474,38.7420391181126,63.8171502307254
1277,46.5,35.5,136.395587717067,831.864904787069,15738,27.4864248661638,7.27375831402274,0.264630935068491,-0.537620200146747,1.53742399719527,1.8097861377654,31.5786274755672,38.8315434693638,26.4105769674488,38.3092111417717
1278,47.5,35.5,227.304869088122,833.438962385824,15738,26.6402339545059,7.14199798483989,0.268090663056355,-0.679299399314464,1.58124246386012,1.73429411517637,28.6675086744445,35.3768082362515,25.4576780363075,34.9163206854967
1279,48.5,35.5,318.182481240135,835.800118985238,15738,27.360517727494,6.94180600193294,0.25371617858522,-0.55870104884233,1.39918541462613,1.61959420671773,31.2204097506998,37.1681276121053,27.9061646089058,36.74345774106
1280,49.5,35.5,409.015749364231,838.948458827701,15738,26.4301098375009,6.53993202036255,0.247442483613263,-0.714480841484243,1.31972723324354,1.38934068592885,28.9518647024022,33.6028283522988,28.8547450426126,33.2885721763596
1281,50.5,35.5,499.791991520586,842.884094237631,15738,29.9016142575013,6.31579549550486,0.211219215160614,-0.133240887997645,0.860948945831395,1.26092176270272,42.2290662042707,45.3497986063442,37.0261908313583,45.063466420275
1282,51.5,35.5,590.498516587185,847.607165622145,15738,31.4002255715959,6.20992350000839,0.197766843612289,0.117674180835468,0.690570726410346,1.20026244950023,48.9321079248454,51.1437242704776,40.3183900348165,50.8913494422695
1283,52.5,35.5,681.122622198161,853.11784147141,15738,28.2296604869599,6.11438852064447,0.216594475993393,-0.413178982335755,0.929028196119906,1.14552572513933,35.0179535247355,37.7095032074362,34.7877103255841,37.4901803026806
1284,53.5,35.5,771.65159266944,859.416318358365,15738,29.8800136773646,5.90922694841519,0.197765202259318,-0.136857510267113,0.690549938195004,1.02797849266666,41.7383710326928,43.1187040121123,39.3781707179774,42.9572549834772
1285,54.5,35.5,862.072696909316,866.502820937411,15738,32.1538187576713,5.788089253187,0.180012498571607,0.243849583608604,0.465706754719439,0.958572703524628,52.2309820204311,52.1823662780637,44.2297409690025,52.0832177958369
1286,55.5,35.5,952.373186311633,874.377601941603,15738,34.0351990692375,5.71706944010292,0.167975202039299,0.558852323770819,0.313250874174493,0.917881932889322,62.2218512607521,60.9355121405372,47.673585965902,60.9018586323453
1287,56.5,35.5,1042.54029262922,883.040942177844,15738,34.5483606413399,5.82327179007777,0.168554214497511,0.644771848050108,0.320584236273394,0.978730522544731,63.7744212178991,62.8254463602107,46.9178919257801,62.7650310390351
1288,57.5,35.5,1132.56122582517,892.493150519443,15738,31.953383393384,5.82222694785927,0.182210030035967,0.210290345963908,0.493539133320822,0.978131880655707,48.6012614896564,48.8141018603137,42.0198559743886,48.7083401637838
1289,58.5,35.5,1222.4231718997,902.734563895391,15738,30.0860353481483,5.78355367752998,0.192233825780104,-0.102362947721358,0.620493437592828,0.95597404744903,39.7647707258331,40.5243466164513,38.6316089715599,40.411215056058
1290,59.5,35.5,1312.11329068993,913.765547275594,15738,27.514430297074,5.64182379335255,0.205049631500185,-0.532931202700618,0.782809364653684,0.874769972715622,30.4370903184498,31.5536478501588,34.808796567697,31.4557085978008
1291,60.5,35.5,1401.61871364054,925.586493651237,15738,26.9963710356855,5.74561970214673,0.212829335267018,-0.619670755517515,0.881341587812594,0.934239792956166,28.0410579278004,29.6178567138038,32.5239804879366,29.499886152702
1292,61.5,35.5,1490.92654154248,938.197824009362,15738,30.0542855147016,6.06234003868684,0.20171299815866,-0.107678876921807,0.740549927680226,1.11570457031953,36.7383361359639,38.4950766026226,34.8243895887479,38.3215510915274
1293,62.5,35.5,1580.02384223754,951.599987300688,15738,30.1504179539682,6.04075719652359,0.200354011866311,-0.0915832573379873,0.72333796889094,1.10333869040539,36.5774839612435,38.2108233464548,34.7545944028076,38.0459913158961
1294,63.5,35.5,1668.8976482862,965.793460399564,15738,28.3252061974034,5.71435292957274,0.201740911954829,-0.397181599767522,0.740903464071304,0.916325509377184,30.7952499662903,31.8436348346143,34.0050430206712,31.7442951090537
1295,64.5,35.5,1757.53495459622,980.778748054914,15738,22.505271212575,5.13058611101679,0.227972640834029,-1.37162332030444,1.07313598104561,0.581856567727894,17.3060146053791,18.4484318860198,27.8152601084762,18.4078793772719
1296,65.5,35.5,1845.92271600951,996.556382830885,15738,18.0298889873746,5.54098972131809,0.307322453576845,-2.12094426065052,2.07812456301776,0.816997135542414,9.32019220036113,12.0793179670647,15.5133506438292,11.9965170099749
1297,66.5,35.5,1934.04784484474,1013.12692503585,15738,15.4708614666893,6.01447171717671,0.388761267763054,-2.54940663809259,3.10957095913924,1.08827843658753,5.85054640062249,9.41614458501786,8.52289715759007,9.31271052064527
1298,67.5,35.5,2021.89720839296,1030.4909626383,15738,15.6494422670937,5.38623941281017,0.344180918455854,-2.51950654765265,2.5449477989148,0.728333014421968,6.64971409614732,9.41701500117607,11.6157106373087,9.35127524327985
1299,68.5,35.5,2109.45762636386,1048.64911116803,15738,18.1696434081593,5.33242308868297,0.293479787626893,-2.09754493770325,1.90280315086968,0.697498975209521,9.34682538785862,11.654955740237,16.545085563104,11.5914721047565
1300,69.5,35.5,2196.71586827977,1067.60201360096,15738,17.5478305410651,5.95820274089179,0.339540704302364,-2.2016561351037,2.48617812976288,1.05603915140126,7.63848909086854,10.8371132900025,11.7306455585456,10.7328421981272
1301,20.5,36.5,-2170.10192124187,1177.24300210777,15738,22.6008227514727,3.8552949990023,0.170582064263616,-1.35562496186812,0.346267546547806,-0.148820913368688,45.8742617801705,40.4465202148219,76.5499546749698,40.7010823142787
1302,21.5,36.5,-2083.93313388035,1158.37526264146,15738,22.5355279289611,3.7998624239733,0.168616525690085,-1.36655738626052,0.321373425748475,-0.180580982823657,45.1441324426145,39.5623094727388,76.7313461370946,39.8244810136831
1303,22.5,36.5,-1997.46178004721,1140.29830246964,15738,22.6982828600311,3.95124597220144,0.174076867248804,-1.33930704833216,0.390530248310449,-0.0938458455230688,44.3094347823614,39.5090175563529,72.9037090335483,39.736692176182
1304,23.5,36.5,-1910.70110535283,1123.01153523688,15738,23.2710912642417,4.01776873640899,0.172650637255791,-1.2434007524041,0.372466628388745,-0.055731657061442,45.9074540783011,40.956138974316,72.7928765306756,41.1866953407747
1305,24.5,36.5,-1823.66430547956,1106.51439908401,15738,22.4242328384929,3.64045254136897,0.162344574621071,-1.38519171460368,0.241937331406611,-0.271914804870957,43.373574259433,37.3101175617243,77.4875024388489,37.5945418688122
1306,25.5,36.5,-1736.36452876089,1090.80635683017,15738,22.0432437949327,3.35719425241552,0.152300373014396,-1.44898136518918,0.114724580918447,-0.434207516803451,42.5651823533863,35.4608094715628,82.3293212488389,35.7887446848509
1307,26.5,36.5,-1648.81487871073,1075.8868961351,15738,22.1572336318578,3.32459716663213,0.150045679071236,-1.42989585081375,0.0861682228075332,-0.452884002749999,42.5523622104287,35.2562163033937,82.6966248630573,35.591953112565
1308,27.5,36.5,-1561.02841650535,1061.75552964332,15738,22.5470999340678,3.51560872828058,0.155922878709941,-1.36461986555012,0.160604674850757,-0.343444012609124,42.5100109509965,35.9440762903371,78.3356358223261,36.2500916887971
1309,28.5,36.5,-1473.01816342032,1048.41179511185,15738,23.844161914346,4.00592325807628,0.168004364022797,-1.14745054819519,0.313620219223083,-0.0625185186564041,44.9758839444445,39.7995053566928,70.9585620056575,40.0401697558332
1310,29.5,36.5,-1384.79710322507,1035.85525552298,15738,24.9413633770736,4.84287851551321,0.194170560858948,-0.963744220907508,0.645022753709204,0.41701462756661,44.9243197442372,43.2741090753997,58.0697276533517,43.3308511884639
1311,30.5,36.5,-1296.37818453739,1024.08549918353,15738,24.6976922508237,4.82416919222692,0.195328743399741,-1.00454249651147,0.659691474265728,0.406295129027762,43.165121991779,41.646444306544,56.9111062657935,41.7017231124735
1312,31.5,36.5,-1207.7743231402,1013.10213981188,15738,25.3048942780189,4.39585913269401,0.173715767566454,-0.902877617155253,0.385956815240198,0.160895069010499,47.559009074428,43.3072076435182,65.7268368516291,43.4944787817039
1313,32.5,36.5,-1118.99840426321,1002.90481661395,15738,23.6532857248692,4.82409332856951,0.203950241191964,-1.17940927676659,0.768885264914796,0.406251662978652,37.3568645286694,36.6655695042978,52.2335555117058,36.6971467704387
1314,33.5,36.5,-1030.0632848316,993.493194349422,15738,25.5184876459771,5.12808441638956,0.200955655661592,-0.867115312333795,0.730957963491698,0.580423222892761,43.2903612658293,42.7529068453936,52.7472112609604,42.7464818064573
1315,34.5,36.5,-940.981795684175,984.866963388932,15738,24.4219916689455,4.12452451487136,0.16888567364946,-1.05070351893848,0.32478226335858,0.00543401920220409,42.6758988795597,38.0720125536813,65.6881450875892,38.2874069878585
1316,35.5,36.5,-851.766743763344,977.025839763524,15738,25.1125730723465,3.8633916608644,0.153842923611787,-0.935078287272651,0.134261435309222,-0.144181934519893,46.4517718362951,39.8918176887798,72.3537021332094,40.1969788500121
1317,36.5,36.5,-762.430914279211,969.969565206948,15738,28.4976324737564,5.19717836003577,0.18237228530552,-0.368311971870785,0.495594143756629,0.620010567481633,55.7330773266197,53.4153948071965,58.2111886515906,53.4617337707891
1318,37.5,36.5,-672.987072850067,963.697907191742,15738,31.8954623668708,6.09429301875148,0.191070847277684,0.200592528913043,0.605763974779864,1.13401201617813,70.9099007012205,71.6067295750406,54.0311394082587,71.3822018596485
1319,38.5,36.5,-583.447967621601,958.210658959738,15738,33.3673822280791,6.23208364947197,0.18677172835655,0.447038601899637,0.551314376489278,1.2129590973779,79.8318848426162,80.5593203084746,55.0780615845809,80.2943241513941
1320,39.5,36.5,-493.826331367095,953.507639547637,15738,34.137956818869,6.33108389658087,0.185455852855304,0.576057230459705,0.534648428475817,1.26968124536748,84.0549736676467,85.0267686509797,54.9505919881297,84.7265090995256
1321,40.5,36.5,-404.134883570853,949.588693808196,15738,34.2541645444898,6.50383402181449,0.189869877379938,0.595514089752615,0.590553339835595,1.36865835355529,82.4324488993829,84.5532680075744,52.6047900001496,84.1692091040988
1322,41.5,36.5,-314.386332497148,946.453692427509,15738,34.6276073423088,6.66249239509389,0.192404064457364,0.658040259439644,0.622649560221773,1.45956159866578,83.0407014747731,86.0741715561403,51.0462849616647,85.6142679963436
1323,42.5,36.5,-224.593377246909,944.102531938795,15738,35.307913752459,6.85118625106456,0.194041095123821,0.771945131320029,0.643383032315265,1.5676736603591,86.038628821376,90.1041309696233,49.8553838312014,89.546710801081
1324,43.5,36.5,-134.768709804389,942.535134733024,15738,35.2965826049574,7.02831972049138,0.199121818651765,0.770047937812555,0.707731881509035,1.66916220367234,83.3264611380689,88.5682771848982,47.4982367334934,87.9233446202825
1325,44.5,36.5,-44.9250170760591,941.751449066647,15738,32.0069022455578,7.13800190881966,0.223014456508684,0.219251099396605,1.01033912668585,1.73200456518012,58.1820260139045,64.5993857725108,39.513107028536,63.9861288066473
1326,45.5,36.5,44.9250170760591,941.751449066647,15738,26.9038223191946,7.1353924344973,0.265218538460482,-0.635166346235625,1.54486616598266,1.73050946801612,33.1304054644711,39.9484873316898,28.8051511975961,39.4750521223232
1327,46.5,36.5,134.768709804389,942.535134733024,15738,26.6127158495958,7.17990358941528,0.269792216247043,-0.683906802930541,1.60279313259078,1.75601211462737,31.3946910997874,38.2802843548021,27.5437575403032,37.8113779122563
1328,47.5,36.5,224.59337724691,944.102531938795,15738,24.5740830242929,7.05641826965086,0.287148792598901,-1.02523860182688,1.82261924752164,1.68526125504101,24.789712475856,31.2878341089357,24.0188302922227,30.89915667755
1329,48.5,36.5,314.386332497148,946.453692427509,15738,25.5228087361848,6.6387580145595,0.260110792788548,-0.866391824771217,1.48017507343341,1.44596299578924,28.5460068171742,33.5627208224396,28.8458789784073,33.2481356292979
1330,49.5,36.5,404.134883570853,949.588693808196,15738,24.1260773451147,5.94101028235589,0.246248496901171,-1.10024896293344,1.30460504238762,1.04618873985325,26.0330087680276,29.0823798343138,31.5036905128789,28.9174838056641
1331,50.5,36.5,493.826331367095,953.507639547637,15738,23.5810737466855,5.92517798619739,0.25126837097612,-1.19149985242562,1.36818321546551,1.03711763274046,24.1226627080902,27.2313371357073,30.0273759026856,27.0730244512462
1332,51.5,36.5,583.447967621602,958.210658959738,15738,19.3763849919172,5.33022632710413,0.275088791295571,-1.89549811962267,1.66987580441234,0.696240341630191,15.613161155945,18.2747575366643,24.9923557003705,18.2004846951867
1333,52.5,36.5,672.987072850067,963.697907191742,15738,21.3956563771188,4.78077487268124,0.223446048507022,-1.55740803992999,1.01580536555153,0.381432372751313,21.1084696052994,21.6097001358503,35.8408824941982,21.617133286529
1334,53.5,36.5,762.430914279211,969.969565206948,15738,23.3895706600209,5.12873835184049,0.219274582949352,-1.22356354347097,0.962972534437793,0.580797894921434,24.8089833155365,25.4943278996768,36.5017362011482,25.4718454899062
1335,54.5,36.5,851.766743763344,977.025839763524,15738,24.542148576999,5.44917339047017,0.222033265480968,-1.03058544124118,0.997912055398553,0.764391009211375,26.6467942060321,27.8601142548894,35.3630289669741,27.7951748895584
1336,55.5,36.5,940.981795684175,984.866963388932,15738,27.1770934401723,5.78129124709284,0.212726620667504,-0.589412092624077,0.880040677373799,0.954677788926259,33.5287678636232,34.843015522574,37.3734314567958,34.7331835063828
1337,56.5,36.5,1030.0632848316,993.493194349422,15738,31.4298340117163,5.98990394654503,0.190580196647304,0.12263157286967,0.599549741069359,1.07420234322171,50.0948356205822,50.4888156701394,43.3290284726739,50.365741470026
1338,57.5,36.5,1118.99840426321,1002.90481661395,15738,30.1911188413567,6.00752545643556,0.198983200589647,-0.0847686377868103,0.70597624321742,1.08429857955444,43.3892724216377,44.382715672653,40.3034318123852,44.2443190093825
1339,58.5,36.5,1207.7743231402,1013.10213981188,15738,27.9174070189817,5.74914450905567,0.205934043414086,-0.465460117326689,0.794010700164215,0.936259329522611,34.6290943358201,35.5076761503419,37.8836613682564,35.41677027008
1340,59.5,36.5,1296.37818453739,1024.08549918353,15738,25.6419813763551,5.80569043118807,0.226413487552939,-0.8464385447378,1.05338884881079,0.968657290710247,26.5685536994871,28.4029131691123,32.3000090275484,28.2900793633073
1341,60.5,36.5,1384.79710322507,1035.85525552298,15738,29.3348525566375,6.21802095684608,0.211967009032713,-0.228134773988429,0.870419973892458,1.20490188382994,37.0524204796655,39.1122120511771,35.4249646306529,38.9246522573681
1342,61.5,36.5,1473.01816342032,1048.41179511185,15738,32.7813289125806,6.36921550075037,0.19429399942069,0.348914687703102,0.64658613918974,1.2915287311864,51.1024444106954,52.6650649133531,39.766626907693,52.4489764211137
1343,62.5,36.5,1561.02841650535,1061.75552964332,15738,32.4721913741889,6.30533956279329,0.194176595294557,0.297155258159951,0.645099181600791,1.25493104065954,49.0161658227739,50.3830814680505,39.3332620400361,50.189830799073
1344,63.5,36.5,1648.81487871073,1075.8868961351,15738,30.8891809492345,6.17844700402715,0.200019774372822,0.0321091010909114,0.719104753297696,1.18222800498741,41.5651896875551,42.9234337131916,37.2681705834192,42.7614196753985
1345,64.5,36.5,1736.36452876089,1090.80635683017,15738,30.5029776731097,6.10338138338743,0.200091330387326,-0.0325535774175458,0.72001103114591,1.13921919069454,39.5919562873628,40.7765408771814,36.8118492450011,40.6349109719205
1346,65.5,36.5,1823.66430547956,1106.51439908401,15738,29.9259986778062,5.97926743230729,0.199801767576152,-0.129158162582634,0.716343633468024,1.06810815707263,37.1580473024344,38.0702312169889,36.4559054485479,37.9577254763285
1347,66.5,36.5,1910.70110535283,1123.01153523688,15738,28.8783884868944,5.72865697051625,0.198371767632257,-0.30456133796952,0.698232266015979,0.924521003337458,33.6471429411403,34.0532062922184,36.401472410363,33.9896288165191
1348,67.5,36.5,1997.46178004721,1140.29830246964,15738,26.4085035784633,5.47475419264446,0.207310277024149,-0.71809841458185,0.811441101275843,0.779047518553474,26.2674064013519,26.761611036604,33.7291435143932,26.7233702590655
1349,68.5,36.5,2083.93313388035,1158.37526264146,15738,28.796647751857,5.87687394146193,0.204081877588788,-0.318247329771052,0.770552478373875,1.00944185157836,31.8134675437615,32.7257648223942,34.118294944604,32.6339524366959
1350,69.5,36.5,2170.10192124187,1177.24300210777,15738,24.1073633766732,5.6509670415927,0.234408340443431,-1.10338227484394,1.15464599853505,0.88000859276889,19.407683876577,21.0144414672663,27.0960602924584,20.9390080392273
1351,20.5,37.5,-2142.95907990639,1286.72839645902,15738,22.3645221915265,3.82380217653986,0.170976251752368,-1.39518917088386,0.351260046361721,-0.166864712131722,48.7592772137831,42.2538715933398,82.6259409381458,42.5677897333388
1352,21.5,37.5,-2057.90043785704,1267.95394585863,15738,24.0330846643248,4.35414303858355,0.181172874784856,-1.11581888735743,0.480403258779091,0.13699385125821,53.4976920454032,48.395073590755,75.8688529437594,48.6316993688069
1353,22.5,37.5,-1972.53895429379,1249.96594817192,15738,25.2087585766989,5.48977427548936,0.217772495967481,-0.918973782910276,0.943948163569994,0.787653268405866,52.1801095171174,52.9972574402157,57.5891339728343,52.9084213334176
1354,23.5,37.5,-1886.88788434161,1232.76387531858,15738,24.6136945859497,4.44946894670849,0.180772087309818,-1.0186063699558,0.475327168208893,0.191610788344792,54.402524791948,49.398491106592,74.3131438445589,49.6253531616277
1355,24.5,37.5,-1800.96043355253,1216.34722069975,15738,22.8228060851665,3.86788382577467,0.169474507706945,-1.31845791065895,0.332240018884321,-0.141608150612534,47.6576954718869,41.2958698072131,79.6733249210269,41.6025042418134
1356,25.5,37.5,-1714.76976045296,1200.71549944596,15738,21.7023964368156,3.46108477246437,0.159479382036955,-1.50605002436662,0.205648829485118,-0.374683489086206,43.9751795062772,36.6945502287668,84.6217792271595,37.0423738068362
1357,26.5,37.5,-1628.32897904365,1185.86824864171,15738,22.1246287526101,3.49670041939181,0.158045608741764,-1.4353549418027,0.187489671435513,-0.354277519861298,44.9954295652653,37.520837664943,84.4977274365114,37.8761224399997
1358,27.5,37.5,-1541.65116125438,1171.80502752886,15738,25.5503587513113,4.6754836915552,0.18299092146075,-0.861779078372725,0.503429351565076,0.321105836886624,54.7355661486708,50.4269532571131,69.761001358764,50.6119933155464
1359,28.5,37.5,-1454.74933935574,1158.52541769013,15738,27.5898628260314,5.99935401531868,0.217447765258848,-0.520301404688556,0.939835354186942,1.07961675596455,57.720114193628,59.739224936689,53.7772954155294,59.5206861907757
1360,29.5,37.5,-1367.63650833051,1146.02902321459,15738,24.9300593693566,5.94953412680114,0.238649015578124,-0.965636870354178,1.20835538918015,1.05107247277496,42.8023210342549,46.143115984309,45.613102922394,45.9315092135772
1361,30.5,37.5,-1280.32562820664,1134.31547084631,15738,25.0318111798287,5.9106135852525,0.236124087977119,-0.948600389788219,1.17637644277053,1.02877296563203,42.7794979553535,45.8258197932259,45.9059513228332,45.6296413339472
1362,31.5,37.5,-1192.82962635435,1123.38441011778,15738,24.3036477144314,5.88010590791332,0.241943348463768,-1.07051805070773,1.25007907851031,1.01129360533359,38.9507583592302,42.1997140249113,43.5032789734785,42.0132167493963
1363,32.5,37.5,-1105.1613997494,1113.23551346918,15738,23.4074567503207,5.9083609130251,0.252413620840894,-1.22056884462109,1.38268813989847,1.02748229807123,34.5033985487339,38.270765592962,39.8668821492116,38.0792648916376
1364,33.5,37.5,-1017.33381720505,1103.86847635469,15738,25.1541035211379,5.91631955745973,0.23520295813715,-0.928124772829539,1.16471006398924,1.03204219989573,41.261065231401,44.1456824026552,44.6040150426032,43.9595057063569
1365,34.5,37.5,-929.359721574587,1095.28301733698,15738,22.271549475846,5.84015559440704,0.26222493413585,-1.41075575251526,1.50695129181719,0.988404090800965,29.5321383867474,33.4141876505869,36.2776727157919,33.2442816157229
1366,35.5,37.5,-841.251931927043,1087.47887817078,15738,26.6255738344046,5.70846044010346,0.214397649252809,-0.681753968427693,0.901204743051234,0.912949410130317,47.9435462491789,48.8667887225285,50.6132693217189,48.7594879804913
1367,36.5,37.5,-753.023245697954,1080.45582387646,15738,27.2327203023447,5.96761185125817,0.219133886920006,-0.580098391453073,0.961190578083593,1.06143009704269,48.930658985632,50.8152256443597,48.3401985234608,50.6365161803443
1368,37.5,37.5,-664.686440817589,1074.21364280438,15738,28.8354595874889,6.71376437778152,0.232830149885819,-0.311748997403268,1.13465775362619,1.48893785857074,52.8526644976585,57.8531102109921,43.2810565754268,57.4247074284869
1369,38.5,37.5,-576.254277818746,1068.75214669084,15738,31.573314753644,6.92258968505711,0.219254447595121,0.146654800172451,0.962717514288448,1.60858422642499,67.9111591528452,73.0343701742746,47.171334208058,72.4934554913992
1370,39.5,37.5,-487.739501926309,1064.07117070615,15738,31.6762728692919,7.06906153054411,0.223165823823835,0.163893254487952,1.01225623799527,1.69250520580275,66.6241766511819,72.5401241367882,45.3215663640089,71.941236932684
1371,40.5,37.5,-399.15484513072,1060.17057349548,15738,31.6928426547674,7.12057643760349,0.224674590259021,0.166667562158015,1.03136520609252,1.72202064911955,65.3484887071036,71.4849518752139,44.305173457329,70.8734098801106
1372,41.5,37.5,-310.513028247562,1057.050237213,15738,31.4114507410241,7.15903913056896,0.227911763439155,0.119553630251906,1.07236495103767,1.74405783211834,62.2159988159634,68.5604141471472,42.7752129457902,67.9493934136946
1373,42.5,37.5,-221.826762965354,1054.71006754962,15738,29.9750851010531,7.26045663237126,0.242216380967545,-0.120939538345706,1.25353711501121,1.80216494512014,52.1086535238426,59.1942593980561,38.1308770029915,58.5903920926322
1374,43.5,37.5,-133.108753883756,1053.14999375479,15738,23.5391417161712,7.33581978587776,0.311643469177048,-1.19852060438702,2.13285148915182,1.84534423073802,24.5404485400246,32.4240641937144,22.8437914105264,31.9810659569968
1375,44.5,37.5,-44.3717005442864,1052.36996865267,15738,22.5591656480906,7.17813104166333,0.31819133533739,-1.36259968230709,2.21578212880883,1.75499653417337,21.8349930978102,29.1818834942732,21.5347512221306,28.7987238884864
1376,45.5,37.5,44.3717005442864,1052.36996865267,15738,24.4778750115784,6.1571305451746,0.251538605465637,-1.04134687480302,1.37160581429761,1.17001474927384,30.5793335911439,34.1928673394711,34.4119218312015,33.9920789880486
1377,46.5,37.5,133.108753883756,1053.14999375479,15738,24.8192308240234,6.76158027187949,0.272433111236256,-0.98419308424327,1.6362408398834,1.51633395404003,29.1270039927331,34.7064083774001,29.2523008697646,34.3780321367967
1378,47.5,37.5,221.826762965354,1054.71006754962,15738,24.8597347269459,6.63795251699168,0.267016224827077,-0.977411446139897,1.56763438949757,1.44550148631244,29.2080235488248,34.2761512968574,30.0603739968736,33.9793167115539
1379,48.5,37.5,310.513028247562,1057.050237213,15738,23.3148067882546,6.0940823971575,0.261382496218134,-1.23608138705992,1.49628156924243,1.1338913406286,25.689088453635,29.3026615107143,30.9391002135497,29.1273076255769
1380,49.5,37.5,399.15484513072,1060.17057349548,15738,22.807907199387,4.90936077962326,0.215248191633962,-1.32095245672019,0.911977111025332,0.455105611515204,27.7057830113868,27.5329172899915,42.6414323184999,27.5661204352977
1381,50.5,37.5,487.739501926309,1064.07117070615,15738,22.7374738768862,4.74881439077432,0.2088540889145,-1.33274522900024,0.830993930310796,0.363120628715477,27.6060981022997,26.9184217438429,44.1291823666525,26.9775230458542
1382,51.5,37.5,576.254277818747,1068.75214669084,15738,22.9294695803892,4.89102222216898,0.213307255321428,-1.3005990582707,0.88739458505575,0.44459854309655,27.2412065393752,26.9537991447701,42.2334188900322,26.991714304394
1383,52.5,37.5,664.68644081759,1074.21364280438,15738,23.2998348870655,4.90268259870935,0.210417053274098,-1.23858815821672,0.850789330969355,0.451279350701097,27.8709925517385,27.4309467653388,42.6166512639387,27.4727189801666
1384,53.5,37.5,753.023245697954,1080.45582387646,15738,24.2796716029557,4.68437886087671,0.19293419357066,-1.07453241227346,0.629363800462765,0.326202320232692,31.2962946038569,29.5088430217802,47.7741836060179,29.6084184540928
1385,54.5,37.5,841.251931927043,1087.47887817078,15738,29.7678298037606,5.67173820782452,0.19053247231036,-0.155640649098762,0.59894529838634,0.891909423315517,48.9274838551383,47.8480211469062,48.0382169786053,47.8376671327071
1386,55.5,37.5,929.359721574587,1095.28301733698,15738,28.216285894144,6.12896301803077,0.217213670184096,-0.41541831340542,0.936870471610805,1.15387617699942,39.1549115351932,40.8806214448214,39.1669136067249,40.725364000104
1387,56.5,37.5,1017.33381720505,1103.86847635469,15738,26.5948103245308,6.13578792825095,0.230713731490363,-0.686904755776567,1.10785269576168,1.15778650630495,32.3688150501796,34.7061794693581,35.1174602068339,34.5468682001766
1388,57.5,37.5,1105.1613997494,1113.23551346918,15738,25.8550597078268,5.92205082423801,0.229048042865099,-0.810762473360779,1.08675626223969,1.03532592667277,30.0907562281251,31.9262615993887,35.1246594533903,31.8116688580891
1389,58.5,37.5,1192.82962635435,1123.38441011778,15738,23.8282140349324,5.58133910700954,0.234232372549082,-1.15012072906409,1.15241731369634,0.840115298307818,24.6395394261756,26.1224750919155,33.4389895802778,26.0597845284931
1390,59.5,37.5,1280.32562820664,1134.31547084631,15738,28.4780721407498,6.11941283440583,0.21488156937595,-0.371586992055541,0.907333732919415,1.14840440349661,37.7412490355941,39.2455696084943,37.9940676891409,39.1058888575984
1391,60.5,37.5,1367.63650833051,1146.02902321459,15738,33.3386805772266,6.40332306381934,0.192068880740091,0.442233035151587,0.618404360427611,1.31107064442864,59.4259441127831,60.1031560651087,44.2606615588909,59.9210870615339
1392,61.5,37.5,1454.74933935574,1158.52541769013,15738,33.3196684500059,6.26409046180542,0.187999783707461,0.439049802004078,0.566868056618245,1.23129738641122,59.0654241697165,59.0373922914131,45.0435077628575,58.9102841333293
1393,62.5,37.5,1541.65116125438,1171.80502752886,15738,32.9409490616353,6.2478500074895,0.18966818459903,0.37564016368912,0.587998841786118,1.22199242526186,56.0358314252976,56.1227452640465,43.9827018604574,55.9983688504967
1394,63.5,37.5,1628.32897904366,1185.86824864171,15738,33.158119774301,6.42611691560069,0.193802210720682,0.412001429485372,0.64035749149459,1.32413037177024,55.4623956231529,56.3254141501366,42.190193724842,56.1443141239649
1395,64.5,37.5,1714.76976045296,1200.71549944596,15738,33.7896439384696,6.45681370949019,0.19108853947227,0.517738606051305,0.605988051597873,1.34171808631292,57.9601772667401,58.7013418550398,42.5188849844665,58.519627865393
1396,65.5,37.5,1800.96043355252,1216.34722069975,15738,34.2922292694323,6.43421024640393,0.187628812225962,0.601887332093183,0.562169594325051,1.32876744209033,60.0547696223416,60.4637528147014,43.0812385506494,60.3003059904529
1397,66.5,37.5,1886.88788434161,1232.76387531858,15738,33.1772048324593,6.16921112967817,0.185947284011173,0.415196873585132,0.540872547769894,1.17693631484587,54.1161088859665,53.7530251982837,43.0949914471834,53.6693621607643
1398,67.5,37.5,1972.53895429379,1249.96594817192,15738,33.9322449818305,6.09548633983847,0.179636989627488,0.541614543910603,0.460950824135327,1.13469572896949,57.7370600181271,56.653763140319,44.5716266878728,56.6127604731702
1399,68.5,37.5,2057.90043785704,1267.95394585863,15738,33.0082082775076,6.1695168342134,0.18690856475289,0.386901489839225,0.55304744946281,1.17711146812473,51.5028728711305,51.2490413863801,41.7988335240715,51.1665155626872
1400,69.5,37.5,2142.95907990639,1286.72839645902,15738,31.0134485810484,6.13082983100628,0.197682944384092,0.052915444334852,0.689508118151306,1.15494576667175,41.6040697618543,42.0552544074354,38.2210185241591,41.9587059908957
1401,20.5,38.5,-2115.28881339662,1396.04893592309,15738,21.9580877425029,3.80388527507233,0.17323390450387,-1.46323918945357,0.379853878645495,-0.178276092057797,50.8220738972478,43.4637276927829,87.9940339502356,43.8293339200333
1402,21.5,38.5,-2031.3609125749,1377.37597536391,15738,24.7421108714385,4.93954517134746,0.199641218852087,-0.997105410494421,0.714310236929851,0.472399745462888,58.3637941417631,55.1001052831538,71.8858233478943,55.2425534352291
1403,22.5,38.5,-1947.13001496572,1359.48478714086,15738,24.0172080700363,5.27539731996906,0.219650731449948,-1.11847713283527,0.967736565191708,0.664826086134289,51.0077873138769,50.7552040254631,61.4986164427703,50.7626044667809
1404,23.5,38.5,-1862.60937939681,1342.37490300587,15738,26.4462520706258,5.25500881409416,0.198705238082903,-0.711778119639315,0.70245576678731,0.653144500670665,65.2622194919067,62.2980963612585,70.6839977581327,62.3876563276803
1405,24.5,38.5,-1777.81221557442,1326.04587311837,15738,23.4516189029581,4.18248762362075,0.178345368860365,-1.21317469947845,0.444592069422132,0.0386439568380398,53.1074867257305,46.6753193035505,80.8990131030707,46.9920715379431
1406,25.5,38.5,-1692.75168659398,1310.49726635765,15738,21.7103467202729,3.59685307731191,0.165674603158374,-1.50471889473871,0.284113116603203,-0.296895098604874,46.9022328965891,39.1959699716501,87.5971738728651,39.5751767851522
1407,26.5,38.5,-1607.44091140568,1295.7286706087,15738,23.4221931368563,4.07581187964718,0.174014954783787,-1.21810150608764,0.389746108836472,-0.022475863700496,51.9249449384439,45.0699365895285,81.5172163463303,45.4068101223979
1408,27.5,38.5,-1521.89296723716,1281.73969302347,15738,28.1266782153197,5.83812878585953,0.207565526976438,-0.430421481130583,0.814673916562138,0.987242831736105,68.5143979776498,68.049117961171,63.2518462467078,67.9558573455553
1409,28.5,38.5,-1436.12089197554,1268.52996025929,15738,27.448058330993,6.10550399553678,0.222438466208108,-0.544043975092739,1.00304404109715,1.14043534039089,61.013625634769,62.9477301407778,56.1536972277118,62.7368299496447
1410,29.5,38.5,-1350.13768651079,1256.09911869597,15738,26.4393563766858,6.241043344467,0.236051258417559,-0.712932677531244,1.17545403510179,1.2180925506802,53.0574069543015,56.5054704317479,50.307082857298,56.2422288110792
1411,30.5,38.5,-1263.95631704284,1244.44683463312,15738,23.457670613186,6.07663819204766,0.259046957059405,-1.21216145123048,1.46670128283546,1.12389669099189,38.1067702619661,42.3852538403939,42.121247205537,42.1724059421269
1412,31.5,38.5,-1177.58971735431,1233.57279446911,15738,23.5390343849685,6.071665380416,0.257940291055151,-1.19853857503481,1.45268503427875,1.12104752075715,37.8656112068414,42.0157610872063,41.960426828895,41.8082653402959
1413,32.5,38.5,-1091.05079105122,1223.47670486285,15738,24.9938487759356,6.08396627373101,0.243418543829421,-0.95495650033958,1.26876285919503,1.12809531216569,43.8526339710775,47.1952250432026,46.0449866812947,46.9915052542506
1414,33.5,38.5,-1004.35241377366,1214.1582928797,15738,25.3690592440645,5.87154403537601,0.231445083512498,-0.89213436657347,1.11711548298501,1.00638808423328,46.0848057775434,48.0518801892823,49.6073353322154,47.9174432698592
1415,34.5,38.5,-917.507435378573,1205.61730612253,15738,23.9924572811207,6.12880208570078,0.25544703545324,-1.12262119997665,1.42110722299922,1.15378397089181,37.7126523286181,41.7137105511439,41.2351255046351,41.5034661182534
1416,35.5,38.5,-830.528682096849,1197.85351284895,15738,22.8202287281525,6.22916809757207,0.272966944011713,-1.31888944197498,1.6430019880887,1.21128863320062,31.9869698916784,36.891433272516,35.9157202652151,36.6625659245815
1417,36.5,38.5,-743.428958666648,1190.8667020757,15738,21.3268906298458,6.48171233245768,0.303922050567788,-1.56892160722264,2.0350574645574,1.35598374137886,25.4047508488353,31.6868988199463,28.3945554248313,31.418700886916
1418,37.5,38.5,-656.221050445206,1184.65668367086,15738,23.2360645550636,6.5985100125271,0.28397709073713,-1.24926533454209,1.78244871596877,1.42290292074665,31.0392161952744,37.0958248129662,32.400974720938,36.7886195944399
1419,38.5,38.5,-568.917725501125,1179.22328843486,15738,26.298156074139,6.86153404119479,0.260913123408765,-0.736574086947786,1.4903368253571,1.5736024221579,42.1174340081122,48.2327138151197,37.8135071555521,47.8242877359878
1420,39.5,38.5,-481.531736689237,1174.56636817074,15738,27.4561925244037,7.16353459990686,0.2609077931523,-0.542682053105126,1.4902693161003,1.74663350929606,45.6228626005428,52.7347368893136,37.3712183975,52.2185276324733
1421,40.5,38.5,-394.075823710102,1170.68579574443,15738,28.5092370766123,7.4614184503474,0.261719330836405,-0.366368993263201,1.50054767818048,1.9173059302427,48.8744954565976,57.1086447859173,36.7172266824177,56.4729363551619
1422,41.5,38.5,-306.562715156221,1167.5814651354,15738,26.7874437102612,7.39299132205371,0.275987190193208,-0.654651816815344,1.68125428916199,1.87810063721644,39.9790636024103,48.0425346539612,32.7393141775079,47.4901194530876
1423,42.5,38.5,-219.005130546993,1165.2532914783,15738,22.1741343431695,7.10904305901815,0.320600703008189,-1.42706613566199,2.24629747491019,1.71541260493741,23.5456602437347,31.063974610667,23.4560251996471,30.6949206300917
1424,43.5,38.5,-131.415782354489,1163.70121109575,15738,19.7846321387612,6.8387445145028,0.345659422249487,-1.82714459794038,2.56367348180733,1.56054517287434,17.6579994397984,24.5917001310994,19.3493780965702,24.3136296319388
1425,44.5,38.5,-43.8073780220731,1162.92518152274,15738,19.7596413604731,6.44492217658138,0.326165949017361,-1.831328846915,2.31678294301346,1.33490483776886,18.3461557868706,24.1424935923321,22.0077867638395,23.9286064865512
1426,45.5,38.5,43.8073780220731,1162.92518152274,15738,25.5804208059113,6.46822180824556,0.252858303517463,-0.856745736886316,1.38832017603195,1.34825435147163,36.2309898882363,40.3498052905021,36.896277708767,40.097285162285
1427,46.5,38.5,131.415782354489,1163.70121109575,15738,22.5696025938799,6.24586792875239,0.276738055212636,-1.36085220652968,1.69076421420206,1.22085679412217,25.8922129728923,30.1866012937484,30.696339908387,29.9972349480156
1428,47.5,38.5,219.005130546993,1165.2532914783,15738,21.4482944981542,5.99363020917283,0.279445538650573,-1.548594748826,1.72505528366967,1.07633730375357,23.0241402965184,26.8209191204579,29.749716996056,26.6810984025435
1429,48.5,38.5,306.562715156221,1167.5814651354,15738,20.8812681751491,5.63346488646723,0.269785572371109,-1.64353294095687,1.60270898595926,0.869980740696246,22.223477576626,25.0635271758305,31.5211923101553,24.9829215810522
1430,49.5,38.5,394.075823710102,1170.68579574443,15738,22.5267760011016,5.07421670911773,0.225252681913718,-1.36802273658894,1.03868690594564,0.549559743730225,28.5308128165919,28.6461033468266,42.9449968746258,28.677054272188
1431,50.5,38.5,481.531736689237,1174.56636817074,15738,22.4625681695224,5.08891993907121,0.226551118316735,-1.37877316422071,1.05513198268046,0.557983952857992,27.8142394517552,28.0226364395186,42.0456109090297,28.0498654962504
1432,51.5,38.5,568.917725501126,1179.22328843486,15738,22.5477174155851,5.08172009372376,0.225376254281564,-1.36451647955808,1.04025198611961,0.55385880463638,27.6523932082183,27.787921752113,41.9056784358615,27.817687747503
1433,52.5,38.5,656.221050445206,1184.65668367086,15738,23.0609461487074,5.18989750260277,0.225051369060747,-1.27858571039374,1.03613721979457,0.615839003421279,28.4170679494723,28.6499480767962,41.5110508841282,28.6685360012839
1434,53.5,38.5,743.428958666648,1190.8667020757,15738,24.5383297536891,5.05800081734585,0.20612653216894,-1.03122483339353,0.79644862653228,0.540268855679657,33.3964610391858,32.2479237969167,47.0210839996923,32.3185875618064
1435,54.5,38.5,830.528682096849,1197.85351284895,15738,30.860415152786,6.20304628925655,0.201003332539309,0.02729279433542,0.731561805089721,1.19632215462812,56.4025507204597,56.4126104571549,48.2178038738293,56.3003922172835
1436,55.5,38.5,917.507435378573,1205.61730612253,15738,31.3769948656124,6.60297831515045,0.21044011204486,0.113784623792837,0.851081377043925,1.42546303276723,56.3571708348806,58.1803625204451,44.5177966876319,57.934072453391
1437,56.5,38.5,1004.35241377366,1214.1582928797,15738,28.9867426454983,6.48644904825113,0.223772954677213,-0.286419414904651,1.01994572779137,1.35869764060706,43.7268516654575,46.0551614388822,39.9632672001324,45.8425259465457
1438,57.5,38.5,1091.05079105122,1223.47670486285,15738,28.7612179574253,6.33742353823202,0.22034614624503,-0.324179401166066,0.976544196925609,1.27331354026005,42.6422390806722,44.3961567303394,40.4822114038865,44.2284190256881
1439,58.5,38.5,1177.58971735431,1233.57279446911,15738,32.5711562405973,6.5451304114422,0.200948666454899,0.313725115889823,0.730869443145146,1.392319101809,60.9202699896746,61.7905669119853,46.01220257494,61.5886836236255
1440,59.5,38.5,1263.95631704284,1244.44683463312,15738,33.5409977530294,6.61557853526657,0.197238573043614,0.476107347733658,0.683880025180454,1.43268232333468,65.6694354504804,66.4107651750127,46.7049869034405,66.1958165907371
1441,60.5,38.5,1350.13768651079,1256.09911869597,15738,33.4684899132957,6.57324152399415,0.196400899503472,0.463967235466645,0.673270644840878,1.40842535136784,64.374223155503,64.9163133201281,46.436522705488,64.7220756224
1442,61.5,38.5,1436.12089197554,1268.52996025929,15738,33.1771749841135,6.50082431891418,0.195942672093902,0.415191876025285,0.667467060703173,1.36693394560378,61.8989234913778,62.2043023879208,46.0434702955266,62.0386816323587
1443,62.5,38.5,1521.89296723716,1281.73969302347,15738,33.2121767728085,6.46164480552807,0.194556498049786,0.421052285683942,0.649910761087465,1.34448606066061,61.3203965699009,61.4023963036663,45.9601976776932,61.2558352235122
1444,63.5,38.5,1607.44091140568,1295.7286706087,15738,33.3966033514762,6.37204484857428,0.190799189411956,0.451931144828954,0.602323348471851,1.29314980477631,61.9316765773013,61.4407530750166,46.6680822241801,61.3347737917985
1445,64.5,38.5,1692.75168659398,1310.49726635765,15738,33.7513255660939,6.40238119156313,0.18969273307579,0.511322895084895,0.588309755422776,1.31053099913416,62.9540289824587,62.4394422880116,46.4898315993095,62.331204001918
1446,65.5,38.5,1777.81221557442,1326.04587311837,15738,33.1507064219669,6.28150322007525,0.189483238761781,0.410760199158525,0.585656448675228,1.24127401859479,58.9542370179055,58.1700884753038,46.0137391376113,58.0976125632242
1447,66.5,38.5,1862.60937939681,1342.37490300587,15738,27.9461865975936,5.83363419401944,0.208745267396224,-0.460641502999895,0.829615673960087,0.984667657320372,35.5826933231241,35.6419995404723,39.577654875174,35.6104927767582
1448,67.5,38.5,1947.13001496572,1359.48478714086,15738,22.8500888655761,5.85432561442999,0.256205813853511,-1.31388990782856,1.43071737332171,0.996522797533815,19.9662397347186,22.0551489940998,27.7792547507667,21.9800556292317
1449,68.5,38.5,2031.3609125749,1377.37597536391,15738,25.5266510589799,5.83089828209875,0.228423942828471,-0.865748498059638,1.07885185277558,0.983100117790083,26.6000801678472,27.6877615046144,33.5414350046352,27.6328918562005
1450,69.5,38.5,2115.28881339662,1396.04893592309,15738,24.9087371807993,5.83838953449514,0.234391229556014,-0.969206881042889,1.15442928414233,0.98739222755207,24.4318508175956,25.7540150744271,31.7520051680016,25.694617498855
1451,20.5,39.5,-2087.09255765509,1505.19532225831,15738,23.5317409400004,4.59021687866195,0.195064907877652,-1.1997597290652,0.656349920227303,0.272252253983846,58.9970908174556,53.5370398363834,81.3774700544572,53.8177304804137
1452,21.5,39.5,-2004.31589977557,1486.63212919268,15738,23.7920090090836,5.58968598588601,0.234939638084027,-1.15618259878808,1.16137503851601,0.844897638884822,52.8229066518621,53.94154120165,60.3290607588535,53.892766556329
1453,22.5,39.5,-1921.23621408096,1468.84567125913,15738,26.5549813584582,5.70913911810864,0.214993151041704,-0.69357338804277,0.908746947345061,0.913338258394557,69.2854114287288,68.2522125029136,68.8421377285948,68.2294675676476
1454,23.5,39.5,-1837.86675709404,1451.83554149671,15738,22.6398879429454,4.35532560131827,0.192373991085737,-1.3490842096963,0.622268672176015,0.137671400056368,52.5724481023916,47.0268863791783,80.0848749332288,47.3251805596988
1455,24.5,39.5,-1754.2207367645,1435.60134822482,15738,21.9054342658445,4.07715032870491,0.186125062814304,-1.47205505157591,0.543124168297875,-0.0217089999022106,49.5494410020845,43.2809572044449,82.7923184941826,43.6170305199534
1456,25.5,39.5,-1670.31131493793,1420.14271541839,15738,21.6380062211134,3.84827875201413,0.17784812115726,-1.51683098888568,0.438294281856442,-0.152840868991189,48.8357270344068,41.5630691825607,86.8519298357913,41.9412741244207
1457,26.5,39.5,-1586.15160978225,1405.45928305346,15738,23.6765185118721,4.52410351834939,0.191079761835798,-1.1755193712953,0.605876880265187,0.234372633303589,54.7697750092228,49.2340159757441,78.0231841398673,49.5202169902406
1458,27.5,39.5,-1501.7546981736,1391.5507074252,15738,25.638434615034,5.55612699156198,0.216710851305405,-0.847032385083633,0.930502123477171,0.825670027863459,58.8753890178398,57.9155649364518,64.0979471638052,57.9307982684865
1459,28.5,39.5,-1417.13361804377,1378.41666143982,15738,24.7619879009127,5.73076938053696,0.231434140242259,-0.993777365275616,1.11697688326739,0.925731307728689,51.5972000695087,52.6178829217346,56.9662771226177,52.5530268476191
1460,29.5,39.5,-1332.3013706912,1366.05683488234,15738,23.3472035753786,6.06587243402501,0.259811519372793,-1.23065713729299,1.47638468810891,1.11772845467316,41.55815488132,45.5189854616161,45.8816913093574,45.3376776792701
1461,30.5,39.5,-1247.27092305739,1354.47093466148,15738,23.226582583031,6.15134944506259,0.264840917645658,-1.25085291742155,1.5400834879385,1.16670247051018,39.8901029613799,44.3002491666344,43.7285972457994,44.0982378273807
1462,31.5,39.5,-1162.05520997096,1343.65868503325,15738,25.1643048754367,6.26209988676984,0.248848514503668,-0.926416742540418,1.33753502562406,1.23015688732107,48.2952357947561,51.9971924654332,48.4967629341856,51.7722783342128
1463,32.5,39.5,-1076.66713636125,1333.61982780439,15738,25.6547349736384,6.29224501280525,0.245266420380911,-0.844303188017812,1.29216675607832,1.24742852400965,50.0077934601442,53.4991036044631,49.181549330195,53.2707177005771
1464,33.5,39.5,-991.119579443439,1324.35412251714,15738,25.4002552433622,6.21678333883522,0.244752790051582,-0.886911166776772,1.28566147776086,1.20419279113556,48.2401254969128,51.4362225054696,48.7847445275646,51.235445714688
1465,34.5,39.5,-905.425390877194,1315.86134661612,15738,25.0894389663359,6.20413244718454,0.247280636904995,-0.938951670415725,1.31767739735589,1.19694446833471,45.9100498872302,49.199967148911,47.3415786910465,49.0052886255563
1466,35.5,39.5,-819.597398900898,1308.14129559871,15738,23.730438056812,6.19121593789797,0.260897667505161,-1.16649152918388,1.49014107181833,1.18954396002632,38.7771562475064,42.7788363887244,42.4111690816397,42.5862308495345
1467,36.5,39.5,-733.648410443348,1301.19378314951,15738,21.6629256345308,6.16419343218828,0.284550366657887,-1.51265868865405,1.78970942314332,1.17406142727842,29.9919269076021,34.8728778566043,35.3423323128164,34.6883004369097
1468,37.5,39.5,-647.591213214954,1295.01864126009,15738,21.6654333049664,6.35949013668466,0.293531638493787,-1.51223882508166,1.90345985726119,1.28595658812719,28.752245526592,34.3216604273402,32.7376631365066,34.0987093790504
1469,38.5,39.5,-561.438577780398,1289.61572033449,15738,22.4740791477141,6.85864869861427,0.305180410442396,-1.37684586135162,2.05099496034068,1.57194926639686,29.2465488857189,36.3507196861581,29.7473286493402,36.0159348438015
1470,39.5,39.5,-475.203259614711,1284.98488928138,15738,21.349549735512,7.19799234903724,0.337149609158472,-1.56512775420388,2.45589421055806,1.76637606148798,23.8809030612824,32.2882957493274,23.3465791284741,31.9063555640655
1471,40.5,39.5,-388.898001144736,1281.12603559334,15738,21.0846483076917,7.26917311851016,0.344761411830538,-1.60948065570034,2.55229991725387,1.80715905201541,22.4798161595299,31.0138545049574,21.840553991259,30.6298952094651
1472,41.5,39.5,-302.535533777945,1278.03906541388,15738,19.9904243976071,6.94328415493258,0.347330502686262,-1.79268844622979,2.58483820419879,1.62044111382802,20.0428444764636,27.623947478597,21.1881584850631,27.3240329767649
1473,42.5,39.5,-216.12857992054,1275.72390359259,15738,21.4552744815607,6.74847170284698,0.31453672189777,-1.54742607820379,2.16949538090882,1.50882340518477,24.4978312466853,31.0576253571622,26.5244864539782,30.7797513773645
1474,43.5,39.5,-129.689854986805,1274.18049372883,15738,19.1414834025067,6.56519647161868,0.342982637947429,-1.93482809659641,2.52977122587272,1.40381594215168,18.3070137600814,24.7566805187504,21.3527575846167,24.5368861773771
1475,44.5,39.5,-43.2320694016582,1273.40879820422,15738,21.3121476303684,6.14105545967054,0.288148128765772,-1.5713900529723,1.83527613230236,1.16080453611242,25.2974029893408,29.6806654468864,31.3342401384732,29.5262534509503
1476,45.5,39.5,43.2320694016582,1273.40879820422,15738,24.1616302078902,6.41314944446707,0.265427017518577,-1.09429628599405,1.54750661421717,1.31670066489403,33.691425998412,37.8517973894965,36.4782957082574,37.6418691966258
1477,46.5,39.5,129.689854986805,1274.18049372883,15738,19.8397007377558,5.74060298328747,0.289349272913319,-1.81792436773304,1.85048897417131,0.931365466094698,21.5885839070544,25.1324594133152,30.3392958986362,25.0478548883168
1478,47.5,39.5,216.12857992054,1275.72390359259,15738,25.7115780221627,6.39052817615245,0.248546711938256,-0.834785858674971,1.33371260787958,1.30373981917369,38.9573696928822,42.2001556309174,40.2379134684691,42.0040212162594
1479,48.5,39.5,302.535533777945,1278.03906541388,15738,27.2141018837315,6.40183807838985,0.235239733640331,-0.583215705291528,1.16517583649097,1.31021982268067,45.1367058689298,47.608630754985,43.7697796467372,47.4183447616587
1480,49.5,39.5,388.898001144736,1281.12603559334,15738,24.1873480482558,5.63854264153715,0.233119506540683,-1.08999030376578,1.13832254027412,0.872890038227733,34.7415997930341,35.5654721901098,43.9224525968349,35.5429506432436
1481,50.5,39.5,475.203259614711,1284.98488928138,15738,22.0056439769482,5.42315861928793,0.246443986141415,-1.45527676735849,1.30708097078055,0.749485857517248,27.4276054845947,28.6928539223496,39.4312090050627,28.6842465601039
1482,51.5,39.5,561.438577780399,1289.61572033449,15738,21.9919464972047,5.37718566158144,0.244507036349189,-1.45757015994158,1.28254893525641,0.723145671641982,27.1048299502124,28.1977014396567,39.5164988004311,28.1975856437214
1483,52.5,39.5,647.591213214955,1295.01864126009,15738,22.5814644690768,5.5072798504372,0.243884972915681,-1.35886615237173,1.27467031996636,0.797683079864235,28.055771293342,29.2750040886781,39.2283283070392,29.2595637973925
1484,53.5,39.5,733.648410443348,1301.19378314951,15738,26.6046087837292,5.79181688288884,0.217699757586024,-0.685264182906812,0.943026910698576,0.960708447320959,41.6107275858481,41.5433163402134,46.8232530299885,41.5268693535803
1485,54.5,39.5,819.597398900898,1308.14129559871,15738,31.2464961925627,6.64024259058531,0.212511590088805,0.0919350066019648,0.877317252215037,1.44681358296955,61.126724544486,62.3680862429178,48.0374330410468,62.1495759546728
1486,55.5,39.5,905.425390877194,1315.86134661612,15738,31.8141060199076,6.77950771187841,0.213097539425944,0.18697089586764,0.884738471914027,1.52660547289366,62.9348975036398,64.6218982772534,47.2736071978156,64.3574221119526
1487,56.5,39.5,991.119579443439,1324.35412251714,15738,32.6119095004488,6.80306101688697,0.208606644661312,0.320548504252531,0.827859976486166,1.5401003286274,67.0297639215485,68.3747684724851,48.2562678333683,68.1115177899645
1488,57.5,39.5,1076.66713636125,1333.61982780439,15738,33.0509775545685,6.79164301582635,0.205489928538818,0.394062423429384,0.788385855400246,1.53355838994725,69.0175816838663,70.021642157554,48.7737385775089,69.7725097220747
1489,58.5,39.5,1162.05520997096,1343.65868503325,15738,32.9227356169605,6.75892407345772,0.205296551055003,0.372590655333436,0.785936673020024,1.51481208632384,67.2176799475585,68.0996145356654,48.2686481715852,67.8680825346142
1490,59.5,39.5,1247.27092305739,1354.47093466148,15738,32.687053557287,6.70363137698268,0.205085214096583,0.333130002881707,0.783260028642179,1.48313216022478,64.8860617816572,65.5858618946474,47.7749739010695,65.3791799641312
1491,60.5,39.5,1332.3013706912,1366.05683488234,15738,32.3975417989987,6.63298166399966,0.204737189789031,0.284656551443243,0.778852199017268,1.44265343827941,62.3804570347997,62.8561939633619,47.3329705333223,62.678186278668
1492,61.5,39.5,1417.13361804377,1378.41666143982,15738,32.1410013932802,6.56230002516011,0.204172232994959,0.241703550252129,0.771696856014881,1.4021564244286,60.1741081496789,60.421178106451,46.9684574973969,60.2703191093275
1493,62.5,39.5,1501.7546981736,1391.5507074252,15738,32.4139721032125,6.52286826383809,0.201236313866995,0.287407505525846,0.734512581733601,1.37956401414162,61.0769776934389,60.9481155895972,47.4102802480941,60.8196845409632
1494,63.5,39.5,1586.15160978225,1405.45928305346,15738,32.7013516733313,6.35292903391275,0.194271145039357,0.335523961033295,0.646296681767045,1.28219740718299,62.7985469477186,61.560326570207,49.2668365119769,61.5053578716512
1495,64.5,39.5,1670.31131493793,1420.14271541839,15738,33.0219210245237,6.39039758957586,0.193519861695207,0.389197438648019,0.636781458522049,1.30366499965214,63.5885955529163,62.3667969443057,48.9531472017691,62.3067771625708
1496,65.5,39.5,1754.2207367645,1435.60134822482,15738,32.4105294574578,6.31827180767516,0.194945035253699,0.286831097428314,0.654831698391619,1.26234056467033,59.2132986480811,58.0454720643584,47.884161227858,57.9998940734827
1497,66.5,39.5,1837.86675709404,1451.83554149671,15738,29.3012300258156,5.99677419128858,0.20465946944907,-0.233764252130083,0.777867848184572,1.07813864692244,43.7347459224163,43.0376407262887,44.1213466375934,43.0279557153367
1498,67.5,39.5,1921.23621408096,1468.84567125913,15738,22.6470666281346,5.78135097074297,0.255280344499926,-1.347882270093,1.41899603333149,0.954712007565299,21.3624422810864,23.110574041882,30.2708091893272,23.0642422209295
1499,68.5,39.5,2004.31589977557,1486.63212919268,15738,15.0068567121842,5.72440417896386,0.38145257789502,-2.62709575188783,3.01700426474317,0.922084368290087,7.71880617672694,11.3448184801644,12.0459613721521,11.2854227881901
1500,69.5,39.5,2087.09255765509,1505.19532225831,15738,12.5637456753578,5.61271255656591,0.446738791248737,-3.03615003314593,3.84387324795478,0.858090702416884,5.12728266050315,8.93737718942208,7.43529656026631,8.88666737304099
1501,20.5,40.5,-2058.37171552443,1614.15821940627,15738,22.3738199667398,5.49092705154899,0.245417504016374,-1.39363242839453,1.29408027450155,0.788313750941645,50.235662309417,51.4293234345579,61.2705201189757,51.4330395449361
1502,21.5,40.5,-1976.76670870996,1595.71314861404,15738,22.8574801531176,5.88710369632629,0.257556986023384,-1.31265237184789,1.44783036396482,1.01530298512356,49.6665477263129,52.8822380922085,55.4773116195633,52.7675692920635
1503,22.5,40.5,-1894.858771862,1578.03941668752,15738,24.3943467028093,5.30076157811106,0.217294672519375,-1.05533216314775,0.937896389873928,0.679358526668437,62.410213062435,59.846523758557,73.2915321317413,59.9812690385825
1504,23.5,40.5,-1812.66115299259,1561.13667930079,15738,24.746619255574,4.98735562996879,0.201536847456261,-0.996350563987501,0.738318927524113,0.49979272667823,66.1857857107583,60.8057411515197,81.1458888125517,61.0736279417472
1505,24.5,40.5,-1730.18705218632,1545.00460423397,15738,22.2608005544527,4.50301318269931,0.202284422417082,-1.4125554629044,0.74778718300983,0.222288934779309,52.8437564597845,47.7165478557061,79.7626194311822,48.0168156681622
1506,25.5,40.5,-1647.44962402264,1529.64287180946,15738,22.2432714406046,4.5504243861427,0.204575320599469,-1.41549039257323,0.776802078397449,0.249453162916249,51.5679113076576,46.8767532108286,77.5353971595601,47.1579734472886
1507,26.5,40.5,-1564.46197995833,1515.0511752958,15738,24.3277473488489,5.07176402656257,0.208476516704805,-1.06648300748348,0.826211867864809,0.548154480340205,59.6506356314495,55.7611831083454,74.5004063741344,55.9684461502839
1508,27.5,40.5,-1481.23719067189,1501.22922128064,15738,23.6583729618037,5.13026524088736,0.216847762488576,-1.17855751194032,0.932236143647794,0.581672725328524,54.1748263239756,51.6243980243327,69.3140308799843,51.781595025737
1509,28.5,40.5,-1397.78828837169,1488.17673001512,15738,23.1007884379823,5.03515063175678,0.217964449363901,-1.27191484740088,0.946379309466932,0.527176851907717,50.7188274258622,48.2832770933763,67.9513861707426,48.4471084640765
1510,29.5,40.5,-1314.12826906983,1475.89343573078,15738,23.1101416252001,5.43647188875215,0.2352418248629,-1.27034882718436,1.16520232243632,0.757113689394718,47.4914978522285,47.5497045927872,59.2891155958985,47.5919369339754
1511,30.5,40.5,-1230.27009482352,1464.37908693096,15738,23.4057578897519,5.68497638245073,0.242887942754457,-1.22085328776693,1.26204264142149,0.899494229638615,46.8326827798717,48.063348871178,55.450813771884,48.0384766740057
1512,31.5,40.5,-1146.22669594586,1453.63344665791,15738,22.5703135177859,5.93085737266211,0.262772485104758,-1.36073317531785,1.51388618495404,1.04037163471469,40.5703901349933,43.8301341879904,47.4811589322709,43.723251927746
1513,32.5,40.5,-1062.01097318789,1443.65629273703,15738,22.2493091933017,6.11694206081715,0.274927280108934,-1.41447948125864,1.66783021800426,1.1469887748569,37.5140234473841,41.8857063601208,42.9870066746136,41.7290563950585
1514,33.5,40.5,-977.635799893778,1434.44741799942,15738,23.613664890187,6.20645322462966,0.262833120292515,-1.18604306123625,1.514654147338,1.19827415675001,42.8169527289358,46.6633710183002,46.3530881517084,46.4933931263704
1515,34.5,40.5,-893.114024131084,1426.00663048395,15738,25.0041657492778,6.20238088238655,0.248053902080924,-0.953229111755263,1.32747102692833,1.19594091005494,49.3593745238766,52.1098490471475,50.9597503223078,51.9562423290395
1516,35.5,40.5,-808.458470797787,1418.33375361989,15738,23.307603376129,5.97102281127241,0.256183474333006,-1.23728746673671,1.43043443676195,1.06338440508094,41.188499827022,43.938090425725,47.4948484285169,43.8376312597572
1517,36.5,40.5,-723.681943708129,1411.42862639101,15738,22.0003835628653,5.73698576217782,0.260767533701609,-1.45615752753243,1.48849288914243,0.929292980852643,35.8683223605077,38.3841638174947,45.4116234420055,38.3295079218207
1518,37.5,40.5,-638.797227659029,1405.29110348205,15738,19.6551806803413,5.56757426684984,0.283262431284513,-1.84881887818536,1.77339734501965,0.832228739199211,27.2004354050935,30.5094680263435,38.1598946252029,30.4650391803648
1519,38.5,40.5,-553.817090478947,1399.92105540835,15738,19.2029242935501,5.88688453140944,0.306561877837885,-1.92454094257567,2.06849164887519,1.01517741468095,24.0857444631898,28.8097625405718,31.8807252963012,28.7044921113841
1520,39.5,40.5,-468.754285061059,1395.31836862937,15738,18.5208290504643,5.96699035743435,0.322177281652777,-2.03874532182995,2.26626530446926,1.06107401242999,21.3965018421784,26.6415741560648,28.1519590305341,26.522700494852
1521,40.5,40.5,-383.621551382594,1391.48294564665,15738,17.8823335158929,6.02975314971385,0.33719050952466,-2.14564972692807,2.45641222565598,1.09703392663101,19.1099355157806,24.7345179733924,24.9674687732011,24.6073697060645
1522,41.5,40.5,-298.43161851218,1388.41470508679,15738,17.6485120912931,6.19817226506653,0.351200839651769,-2.18479885005048,2.63385715363635,1.19352958461456,17.703114283696,23.8255301508567,22.3038876362317,23.6757326125101
1523,42.5,40.5,-213.197206607045,1386.11358176992,15738,18.3137074018588,6.23416841656149,0.340409960679438,-2.07342405555355,2.49718751596769,1.21415356376389,18.9927532807201,24.9067537877561,23.8254631534759,24.7527010870828
1524,43.5,40.5,-127.931028901932,1384.579526764,15738,20.0063380635153,6.0218815353218,0.300998689325542,-1.79002399378693,1.99803223957092,1.09252388863109,24.1173069477379,28.5892733625361,31.2834800056515,28.473495861916
1525,44.5,40.5,-42.645793691553,1383.81250742532,15738,20.7148944650161,6.0165935185076,0.290447703157194,-1.67138917728541,1.86440091441451,1.0894941217258,25.9495415852239,30.0048600594221,33.3598981959791,29.8947755295954
1526,45.5,40.5,42.645793691553,1383.81250742532,15738,16.250541450199,5.55475009694337,0.341819385770396,-2.41886347797484,2.51503829689076,0.824881136697996,15.1725258305673,19.665749982871,22.7640297545397,19.6092816959716
1527,46.5,40.5,127.931028901932,1384.579526764,15738,19.9281178556959,5.61988240922251,0.282007686321276,-1.80312053766361,1.75750563314596,0.862198666339476,24.1098964828276,27.0430362133505,34.6256835430833,27.0016703976999
1528,47.5,40.5,213.197206607046,1386.11358176992,15738,28.0718161835878,6.47597914624204,0.230693272707742,-0.439607125425971,1.1075935792972,1.35269891486103,54.179658961448,55.8383759459276,49.5383833717189,55.6690874838956
1529,48.5,40.5,298.43161851218,1388.41470508679,15738,26.6510317250149,6.51852285792959,0.244588011645765,-0.677491510033877,1.28357451106646,1.3770743157397,45.4908122542178,48.2786163308143,44.2904210464581,48.0877463196411
1530,49.5,40.5,383.621551382594,1391.48294564665,15738,24.5510955092595,6.10538891806896,0.248680915919467,-1.02908744099063,1.33541234054575,1.14036940680637,37.1416997296494,39.2402730588282,42.4979694450306,39.1482243680308
1531,50.5,40.5,468.754285061059,1395.31836862937,15738,21.3370385642033,5.80746544708222,0.272177670280134,-1.56722252112615,1.63300560547771,0.969674285285231,26.1274586471365,28.8185004630737,35.4545043632646,28.7613373543352
1532,51.5,40.5,553.817090478947,1399.92105540835,15738,21.4026130772497,5.6292429178017,0.263016618460734,-1.55624326766663,1.51697820529729,0.867561765608335,26.5419529665142,28.5262525972162,37.4307967949859,28.5028038204846
1533,52.5,40.5,638.79722765903,1405.29110348205,15738,22.6983366825784,5.61405271335161,0.247333220572966,-1.33929803673052,1.31834338488733,0.858858544657155,30.4373069055441,31.5821846768533,41.419872260828,31.5790194427294
1534,53.5,40.5,723.681943708129,1411.42862639101,15738,28.8178726383655,6.64419949048242,0.230558291857982,-0.314693610531675,1.1058840073637,1.44908068702331,52.287091719197,54.2388453131244,46.1961854044604,54.0409524158274
1535,54.5,40.5,808.458470797787,1418.33375361989,15738,29.8217399708424,6.91886643255179,0.232007469695483,-0.146614377138235,1.12423826844628,1.60645099054148,55.6819457721557,58.475194925295,45.1795834813582,58.1899622513902
1536,55.5,40.5,893.114024131084,1426.00663048395,15738,30.9338627125775,7.03743339874817,0.227499341551251,0.0395902455473443,1.06714150722637,1.67438388161667,60.8778217203393,63.6666402659082,46.1244467534681,63.343164596975
1537,56.5,40.5,977.635799893779,1434.44741799942,15738,31.4885372078726,6.98610150503991,0.22186173523784,0.132460349928636,0.995739574710218,1.64497329571882,63.7536870431824,65.8897608019064,47.4740858727295,65.5942281807842
1538,57.5,40.5,1062.01097318789,1443.65629273703,15738,31.8598267237345,6.94821221219004,0.218086942921565,0.194625991915523,0.947930726194488,1.62326464206377,65.4004782667332,67.0618101313457,48.2113641784613,66.7895533091011
1539,58.5,40.5,1146.22669594586,1453.63344665791,15738,31.5298867624981,6.88831484381398,0.218469380994003,0.139383576950533,0.952774416215007,1.58894647122653,62.5312249879024,64.0346612398057,47.514436367984,63.7896004483542
1540,59.5,40.5,1230.27009482352,1464.37908693096,15738,31.3164234081389,6.82120621894035,0.217815621217063,0.103643040529497,0.944494357466698,1.55049661415424,60.5515354290329,61.7957961057165,47.178721581179,61.5798704935154
1541,60.5,40.5,1314.12826906983,1475.89343573078,15738,31.2950101173247,6.73906334445594,0.215339867895593,0.100057776433288,0.913138217686993,1.50343289038729,59.8942687561422,60.6867540846816,47.4647911633261,60.5061109140188
1542,61.5,40.5,1397.78828837169,1488.17673001512,15738,31.3537121782583,6.66843192738807,0.212683968312122,0.109886363419968,0.879500472820422,1.46296465107845,59.6712052716825,60.0337685205674,47.8146558043543,59.8840985059165
1543,62.5,40.5,1481.23719067189,1501.22922128064,15738,31.758886133311,6.61595269977931,0.208318159270706,0.177725335317006,0.824206224654842,1.4328967007275,61.490691287905,61.2903776414076,48.7645664778569,61.1702837195199
1544,63.5,40.5,1564.46197995833,1515.0511752958,15738,32.1882316227228,6.60484120794669,0.205194286078273,0.249611388769116,0.784641457185258,1.42653037637458,63.2644116681229,62.7110996691504,49.2900311846012,62.6061713309785
1545,64.5,40.5,1647.44962402264,1529.64287180946,15738,32.1156549685216,6.53608079028057,0.203516970047379,0.23745975477749,0.763397759170871,1.38713412534914,62.1677503495357,61.2995180407077,49.3042688232319,61.2221115127789
1546,65.5,40.5,1730.18705218632,1545.00460423397,15738,30.2714535109287,6.27877043910489,0.207415558583538,-0.0713180659435558,0.812774523012093,1.23970827294111,51.8776552266701,50.9967727539722,47.3752279948386,50.9709008331008
1547,66.5,40.5,1812.66115299259,1561.13667930079,15738,27.2452839905795,5.97429125125082,0.219277995168504,-0.577994831531573,0.963015751191158,1.06525705632743,38.3423158421796,38.0985702103466,42.981602811267,38.0980195808331
1548,67.5,40.5,1894.858771862,1578.03941668752,15738,27.6514821631252,5.93916762768893,0.214786592366074,-0.509984373138799,0.90613082131602,1.04513299167316,39.5292296897698,38.8996642313775,43.8752076929503,38.9156942283423
1549,68.5,40.5,1976.76670870996,1595.71314861404,15738,30.0832458564689,6.20010830351231,0.206098382238866,-0.10282999710912,0.796092099436246,1.1946388369896,48.8175401608458,47.7581562644162,46.163245120737,47.7552400603148
1550,69.5,40.5,2058.37171552443,1614.15821940627,15738,28.2065141921214,6.09143656856478,0.215958502602432,-0.417054406275245,0.920973407151147,1.1323754143014,39.9295679089054,39.6138784080358,42.4910095250504,39.6038597248419
1551,20.5,41.5,-2029.12765676568,1722.92825321477,15738,21.2723691375302,5.55651173160337,0.261207940482764,-1.57805023441809,1.49407076981013,0.825890464500764,47.5162387783394,49.6591592998328,59.1856008008144,49.6681864579358
1552,21.5,41.5,-1948.71461612556,1704.60973790409,15738,22.6048954501814,5.93753615053345,0.262665941703605,-1.35494306292125,1.51253678162286,1.0441982375553,52.0014308421937,55.1634612986094,57.8794693615248,55.077217043927
1553,22.5,41.5,-1867.99887669561,1687.05680368788,15738,24.9210367250024,6.03383933852,0.242118311734056,-0.967147547210743,1.25229503949152,1.09937510670828,65.8359172355165,67.0166941991507,66.3337508444314,66.9457321933029
1554,23.5,41.5,-1786.99367157105,1670.26917011117,15738,23.365599957911,5.58959285962981,0.239223168662412,-1.22757699933728,1.21562720588733,0.844844282237334,57.395065784662,57.237760870632,66.9380577200539,57.2953787618848
1555,24.5,41.5,-1705.71218666248,1654.24656560983,15738,21.1652188559835,5.17659505071897,0.24458027511752,-1.59599059027749,1.2834765256739,0.608217369471749,46.3011179446396,46.0987932939443,63.6462985067224,46.2174469065262
1556,25.5,41.5,-1624.16756306674,1638.98872800611,15738,23.5514504583807,5.50667718237585,0.233814778928672,-1.19645973051686,1.14712836838053,0.797337781463845,57.3094718642114,56.3626637288238,67.9758205869246,56.4552974707131
1557,26.5,41.5,-1542.37289940066,1624.49540496872,15738,25.956842873084,5.87827368471101,0.226463353553929,-0.793720743009233,1.05402041629522,1.01024383385659,70.3469425503698,69.0320597661573,70.8346929499023,69.0639849672699
1558,27.5,41.5,-1460.34125409914,1610.7663544394,15738,24.5556292012135,5.5582010333812,0.226351399421951,-1.02832835715213,1.05260248447593,0.826858349210542,61.6186972981442,59.7924629004939,70.0600046740927,59.901490754839
1559,28.5,41.5,-1378.0856476794,1597.80134502787,15738,21.5333044102056,5.044952732272,0.234286045289035,-1.53436139309643,1.15309709464291,0.532792961081885,46.0792407849644,44.6852711377121,65.3882490147136,44.8476148455681
1560,29.5,41.5,-1295.61906497317,1585.60015637672,15738,21.3434838708133,5.0144093493853,0.234938652927341,-1.56614337235923,1.1613625612185,0.515293143305714,44.5388178942241,43.2158184309755,64.3176169851929,43.3778468031772
1561,30.5,41.5,-1212.95445732843,1574.16257949791,15738,21.1013920377149,4.96314605852046,0.235204675106256,-1.6066772241956,1.16473180990504,0.485921863376795,42.9114185090188,41.5963246944745,63.4410868957192,41.7615130402808
1562,31.5,41.5,-1130.1047447824,1563.4884170822,15738,20.2402982820866,4.80523247043625,0.237409172704191,-1.75085163215125,1.19265241662519,0.395445342615953,39.0494940833842,37.8442488171243,61.7080397299882,38.0172437767735
1563,32.5,41.5,-1047.08281820773,1553.57748378298,15738,21.360171881242,5.26982083420796,0.246712473265995,-1.563349270082,1.31048143872473,0.661631041072885,41.0405273309052,41.2331497770411,57.0277083889805,41.3235293811405
1564,33.5,41.5,-963.901541433357,1544.42960647578,15738,20.4772636239297,5.81592788675065,0.284018802197485,-1.71117611755956,1.78297700381149,0.974522836367103,33.6648894276113,37.4394257995925,43.0675519947379,37.3780554636596
1565,34.5,41.5,-880.573753341916,1536.04462449448,15738,21.0173799430177,5.73420753775973,0.272831701825171,-1.62074351365004,1.64128910624843,0.9277011983956,35.7849232519026,38.6954353325863,46.1372360358571,38.6622341479757
1566,35.5,41.5,-797.112269945452,1528.4223898454,15738,22.1388382978945,5.37723685315995,0.242887037739074,-1.43297581320573,1.26203117913702,0.723175001834351,42.1577198692827,42.1666403695974,56.582810352926,42.2479199182202
1567,36.5,41.5,-713.52988644109,1521.56276740022,15738,20.7271291796051,4.86231817323118,0.234587150545458,-1.66934069798702,1.15691068076513,0.428152570896515,37.7830391056294,36.4879746248498,59.3670934501948,36.6526389405868
1568,37.5,41.5,-629.839379248456,1515.4656350686,15738,19.960508602519,4.90146927238089,0.245558335711061,-1.79769729923466,1.29586394909697,0.45058417591545,33.7822242785445,33.4833519609575,54.2085343920517,33.6144742927439
1569,38.5,41.5,-546.053508030587,1510.1308839513,15738,20.0279880792247,4.90834602653146,0.245074343319734,-1.78639909443452,1.28973404393107,0.454524209178074,33.4691109410907,33.1495448577075,53.7596825894464,33.2794506690141
1570,39.5,41.5,-462.185017700062,1505.55841847455,15738,19.8996413517277,4.83256754707152,0.242846967020938,-1.80788840768175,1.2615236717743,0.411106962738037,32.7891857993206,32.2393138326309,53.9888916526764,32.3795308073594
1571,40.5,41.5,-378.246640412085,1501.74815650619,15738,20.1040851880489,4.73544248989893,0.235546280549684,-1.77365802467277,1.16905834273881,0.355459203996798,33.5144496973169,32.3182787013902,56.2389366624149,32.4822191594756
1572,41.5,41.5,-294.251097546281,1498.70002945429,15738,19.0352996950274,4.92742075473475,0.258857009539069,-1.9526066172979,1.46429554194568,0.465453066303222,28.1932815162989,28.8525179945195,46.9810588700224,28.9497349825347
1573,42.5,41.5,-210.211101678921,1496.41398234859,15738,16.854864194654,5.84537803144539,0.34680659327409,-2.31768068187807,2.5782027382913,0.991396283802563,17.9212808383234,23.2797885668603,24.627405287836,23.2004687628521
1574,43.5,41.5,-126.139358547339,1494.88997390519,15738,16.5009601402501,5.73123569920516,0.347327407041315,-2.37693544616278,2.58479899695031,0.92599848480431,17.094065522339,22.1805161204483,24.2471976602795,22.1173841919072
1575,44.5,41.5,-42.048569008252,1494.12797657481,15738,18.5587009850959,5.45890874908468,0.294142825700388,-2.03240435870257,1.91120072195702,0.769968878642913,23.2887115565795,26.3202097988469,35.160956744846,26.3161446874074
1576,45.5,41.5,42.048569008252,1494.12797657481,15738,24.0939493415649,5.95270353213769,0.247062175144055,-1.10562820980443,1.31491051527068,1.05288838216699,41.6179164640519,42.8610176684869,48.7919168161791,42.8344259808042
1577,46.5,41.5,126.139358547339,1494.88997390519,15738,24.5787726113963,6.04716289346927,0.246031931255405,-1.02445341619551,1.30186217515556,1.10700883164987,42.7554476596651,44.0765372172568,48.5788546118959,44.0338036368628
1578,47.5,41.5,210.211101678922,1496.41398234859,15738,16.9280891634182,5.83825694721636,0.344885762997569,-2.30542049946455,2.55387486114726,0.987316261729072,16.710229395538,21.6162472326832,23.539703279397,21.5458074640104
1579,48.5,41.5,294.251097546281,1498.70002945429,15738,19.1178860465004,5.84512275892833,0.305741060738162,-1.93877904248272,2.05809576028271,0.99125002552631,22.0970572400227,25.9607823889784,30.848925373428,25.9022457799806
1580,49.5,41.5,378.246640412085,1501.74815650619,15738,21.1379065982025,5.88309870825156,0.278319836494681,-1.60056352855485,1.71079793668587,1.01300832896961,27.8461504028091,30.7004333664942,37.151116684419,30.6536130695978
1581,50.5,41.5,462.185017700062,1505.55841847455,15738,20.5254752631411,6.03080811596389,0.29382063209975,-1.70310395991768,1.90712004578863,1.09763836907945,24.8889923580076,28.5705311689755,32.8330440331186,28.4926766545295
1582,51.5,41.5,546.053508030588,1510.1308839513,15738,21.0129883742299,5.69300193733517,0.270927763150386,-1.62147880156247,1.61717516617984,0.904092467775865,27.2521870849537,29.3879725314718,38.2705152634544,29.377256799627
1583,52.5,41.5,629.839379248456,1515.4656350686,15738,22.3165620612832,5.59149944961881,0.250553800996053,-1.40321921794681,1.35913297771241,0.845936662132029,31.7012622136838,32.5594725311267,43.8056929663809,32.5888765272271
1584,53.5,41.5,713.52988644109,1521.56276740022,15738,23.8663340975875,5.78361318601802,0.242333538211997,-1.14373822143514,1.25502094577148,0.956008142811049,36.3332387316586,36.8906729586727,45.9348726454035,36.9070664799621
1585,54.5,41.5,797.112269945452,1528.4223898454,15738,26.7267286327564,6.56429501472392,0.245607874608293,-0.664817446627453,1.29649137371664,1.40329945282076,44.9097822730183,47.0934782234806,44.3367540250718,46.9483235713778
1586,55.5,41.5,880.573753341916,1536.04462449448,15738,29.6766139974678,7.14973163382574,0.24092140816455,-0.170913068370767,1.2371359057835,1.73872510595756,57.2338749185962,60.6097177443377,45.3222262328009,60.286261755849
1587,56.5,41.5,963.901541433357,1544.42960647578,15738,30.2523374101806,7.11472332655838,0.2351792930937,-0.074518707557501,1.16441033929378,1.71866711172347,60.0607949493857,62.8463790604942,46.683552925641,62.5426197922891
1588,57.5,41.5,1047.08281820773,1553.57748378298,15738,29.7063808465401,6.85279719684659,0.230684351360315,-0.165929153653403,1.10748058782324,1.56859665103558,57.2088420990168,58.8412130409963,47.6553387201373,58.6387971217118
1589,58.5,41.5,1130.1047447824,1563.4884170822,15738,30.8827775364259,7.0081500399991,0.226927452743946,0.0310369666751848,1.05989836824933,1.65760599411534,62.7451607102658,64.441023236951,48.3891889919287,64.1933819486822
1590,59.5,41.5,1212.95445732843,1574.16257949791,15738,30.6000202255065,6.81492667954893,0.222709875004213,-0.0163055760276081,1.00648151286556,1.54689875482492,61.0384828191164,61.796981307564,49.2978015401076,61.6267940844339
1591,60.5,41.5,1295.61906497317,1585.60015637672,15738,30.5824880838727,6.60966439099095,0.216125789793946,-0.0192410126437921,0.923092148350032,1.42929381697605,61.1206206453284,60.7093592017862,51.087717588254,60.6205308408199
1592,61.5,41.5,1378.0856476794,1597.80134502787,15738,30.9350995095171,6.7787135417659,0.219126935075171,0.0397973245853287,0.961102530935884,1.52615045347738,61.3817633165853,61.6843085372101,49.4075436786769,61.5398796196811
1593,62.5,41.5,1460.34125409914,1610.7663544394,15738,31.0454025811503,6.74407494760284,0.217232645960198,0.0582655575094025,0.937110805364054,1.50630428620361,61.2802733382701,61.3078421990021,49.4991856947684,61.1816346498618
1594,63.5,41.5,1542.37289940066,1624.49540496872,15738,30.8309546468339,6.69701330227823,0.21721718899048,0.0223601711733744,0.936915038322622,1.47934033723691,59.225396482801,59.1590142188791,48.9237862183135,59.0494994422189
1595,64.5,41.5,1624.16756306674,1638.98872800611,15738,30.6709176798093,6.73224642490034,0.219499347726794,-0.00443509336196555,0.965819246070124,1.49952713932951,57.1163423378538,57.3689007698701,47.5606774054364,57.2465081640912
1596,65.5,41.5,1705.71218666248,1654.24656560983,15738,31.3584268419424,6.73552449517645,0.214791530491178,0.110675747666362,0.906193364114484,1.50140530825082,60.315464589325,60.0942725964853,48.6252920386723,59.9851719025863
1597,66.5,41.5,1786.99367157105,1670.26917011117,15738,31.196588656093,6.65067385199155,0.213185932773217,0.0835789019664219,0.885857999505348,1.45279016959919,58.8195311400587,58.2663060700492,48.6141947167194,58.1878531587272
1598,67.5,41.5,1867.99887669561,1687.05680368788,15738,30.9873165023238,6.53416697330108,0.210865854512154,0.048540105465944,0.856473529888428,1.38603760475343,57.2537068193186,56.2505750551912,48.8541059582826,56.2111348881431
1599,68.5,41.5,1948.71461612556,1704.60973790409,15738,30.5809864720936,6.48832688718861,0.212168658885791,-0.0194924300856494,0.872973928248432,1.35977354759945,54.2501161406796,53.3393035903505,47.8294608138572,53.3077350783255
1600,69.5,41.5,2029.12765676568,1722.92825321477,15738,27.6008859088542,6.17167054017275,0.223604074179116,-0.518455790979896,1.01780680689869,1.17834543300583,40.2995829134883,40.0160569842565,43.5275095204989,40.0160239408339
1601,20.5,42.5,-1999.36171801275,1831.49601118938,15738,20.9683960060074,5.87630470241482,0.280245789936973,-1.62894497844019,1.73519070022254,1.00911570631696,47.5732779117963,51.5596326146598,55.8486427480673,51.5118851616575
1602,21.5,42.5,-1920.16086619138,1813.31256414902,15738,23.0451890206395,6.17673138298772,0.268026935142766,-1.28122395343688,1.58043533119912,1.18124504066829,57.6316718426289,61.2887252317429,60.2760136151229,61.1775750710028
1603,22.5,42.5,-1840.65768503179,1795.8885764771,15738,21.5590257193812,5.85615871367016,0.271633736602743,-1.53005483007933,1.6261165263957,0.997573070936328,49.587202306623,52.6766799988051,58.0396685013712,52.6507260853641
1604,23.5,42.5,-1760.86538610358,1779.22383270822,15738,20.2939236148035,5.57057670398475,0.274494809861276,-1.74187305049816,1.66235285585411,0.833948984233629,43.5511028749631,46.1949059987348,56.1875717549798,46.2279271898489
1605,24.5,42.5,-1680.79713463165,1763.3181230185,15738,21.8334602490967,5.48456256265545,0.251199878538829,-1.48410578494261,1.36731573871858,0.784667219832483,52.1048482957484,52.2912146575667,65.6828995194429,52.3957116197607
1606,25.5,42.5,-1600.46605181088,1748.17124377804,15738,23.7450008900136,5.66378038994984,0.238525170674213,-1.16405324898352,1.20678685725723,0.887349995068183,62.3427450649947,61.2304673174382,71.1232396741889,61.340167909547
1607,26.5,42.5,-1519.88521708629,1733.78299806538,15738,24.0855079544956,5.71058207381138,0.237096185997003,-1.10704156575446,1.18868834845464,0.914164999229081,63.356388376398,62.1452839796642,71.0165243304311,62.2492381201197
1608,27.5,42.5,-1439.06767040025,1720.1531961457,15738,22.5443667136573,5.29192738222263,0.234733911554801,-1.3650774933426,1.15876945186452,0.674296978024008,55.2135637446271,53.1462799577264,71.3887055321381,53.3370511105589
1609,28.5,42.5,-1358.02641440825,1707.28165591477,15738,19.8531369153419,5.04941188022588,0.254338238927061,-1.8156747254194,1.40706399075931,0.535347827938623,41.0266829470775,40.9334186023226,61.2519996223891,41.0911421302826
1610,29.5,42.5,-1276.77441666474,1695.1682033101,15738,19.7373826998528,5.04690790485206,0.255702996775237,-1.83505565273126,1.42434904799088,0.533913176350735,39.8175893724972,39.8551071383796,59.9405473682162,40.0076721523199
1611,30.5,42.5,-1195.32461178079,1683.81267269109,15738,19.6900178908332,5.1046688614548,0.259251611133949,-1.84298602413819,1.4692932865348,0.567007291003154,38.6186248385325,39.0474945566676,57.7408661571057,39.1824343721854
1612,31.5,42.5,-1113.68990355489,1673.21490718948,15738,19.6687326718504,5.10879987583852,0.259742199005539,-1.84654984494748,1.47550672538689,0.56937415387535,37.8720370483914,38.3471606641166,56.8618295936583,38.4788325029448
1613,32.5,42.5,-1031.88316707877,1663.37475903155,15738,19.6563900483277,5.05886525082076,0.257364919925933,-1.84861639162416,1.44539779067636,0.540764132458481,37.4784798047418,37.6900511638764,57.1660130416187,37.8316245287848
1614,33.5,42.5,-949.917250819577,1654.29208983336,15738,19.4499182254512,4.96195543161943,0.255114462390206,-1.88318632390875,1.4168950879044,0.485239694218102,36.4818844097631,36.3954334932599,57.4192994294108,36.5513039443133
1615,34.5,42.5,-867.804978680226,1645.96677087013,15738,19.6160237980943,4.97962162788076,0.253854791324454,-1.85537498230113,1.40094098550187,0.495361533587308,36.5234921612437,36.3574932309592,57.2632030148962,36.512532203874
1616,35.5,42.5,-785.559152039365,1638.39868332086,15738,19.8190901258544,5.1646215512825,0.260588226729196,-1.82137523791886,1.48622191390362,0.60135715824176,35.83571342217,36.4419757750103,53.9096207153746,36.558941172042
1617,36.5,42.5,-703.192551772697,1631.58771848922,15738,19.6860981595942,5.20119001477723,0.264206242019696,-1.84364231147861,1.53204513554295,0.622309043299356,34.5031878373606,35.4263592762765,51.9052833051981,35.5301723769883
1618,37.5,42.5,-620.717940257195,1625.53377800153,15738,19.9182982406587,5.2188161220512,0.262011144676917,-1.80476465269184,1.50424358580318,0.632407913700904,34.8273589271812,35.602957485342,52.1144565859443,35.7077591086157
1619,38.5,42.5,-538.148063359868,1620.23677398272,15738,20.133196522796,5.18327900493768,0.257449382122152,-1.7687838638459,1.44646752909003,0.6120469380983,35.3462613077286,35.7241365290505,53.224929492857,35.8414275044674
1620,39.5,42.5,-455.495652412685,1615.69662921094,15738,20.3424138784075,5.114865061432,0.251438452290128,-1.73375424229518,1.37033734504284,0.572849199290532,36.0072436034797,35.8271989417309,54.9299803993496,35.9643212980556
1621,40.5,42.5,-372.773426175289,1611.91327725143,15738,20.5197102050646,5.00169423277398,0.243750724683212,-1.70406921350312,1.27297002684508,0.508008022841937,36.762046812837,35.8263222242986,57.3791343695125,35.9925068797832
1622,41.5,42.5,-289.994092787125,1608.88666257029,15738,21.699518131625,4.83147137128613,0.222653394512236,-1.50653194395327,1.00576617091857,0.410478909304463,42.4150237573846,39.2480310164555,66.0214662666835,39.4948062062364
1623,42.5,42.5,-207.170351710603,1606.61674062853,15738,21.5228780485166,5.59920287613523,0.260151215070474,-1.53610709675972,1.48068703345434,0.850350336962664,36.8755362889032,38.0029405837548,49.790886074424,38.0554731110318
1624,43.5,42.5,-124.314895666936,1605.10347795688,15738,18.2678664673206,5.86430133869328,0.321017309228963,-2.08109928203612,2.25157391452088,1.00223838435799,23.1922781661304,27.8059506146289,31.728274883737,27.7557359079277
1625,44.5,42.5,-41.4404125662678,1604.34685221162,15738,15.885824073935,5.6387192092196,0.35495289277888,-2.47992873532958,2.68137800367188,0.872991202603646,16.9606574898592,22.0274458802386,24.5507532414945,21.9943219891569
1626,45.5,42.5,41.4404125662678,1604.34685221162,15738,15.7560141171111,5.72898920418468,0.363606503624732,-2.50166303957869,2.79097851553571,0.924711356471496,16.0970727713081,21.4197563191028,22.7951904827251,21.3744221938973
1627,46.5,42.5,124.314895666936,1605.10347795688,15738,14.5459749270522,5.69237934952622,0.391337079712664,-2.70426198155173,3.14219437070362,0.903735756364865,13.2124807580687,18.8784654701138,18.445481746196,18.8323191574852
1628,47.5,42.5,207.170351710603,1606.61674062853,15738,17.4535282762551,5.48426677252038,0.314221095340448,-2.21744532543169,2.16549787826437,0.784497747004835,20.7089705956556,24.2033190789278,31.7848689819597,24.209311270353
1629,48.5,42.5,289.994092787125,1608.88666257029,15738,20.3699881899901,5.92959602362844,0.291094720739322,-1.72913742789929,1.87259558129395,1.03964894534124,27.7671414589076,31.0552630595468,37.1111756250863,31.019471937917
1630,49.5,42.5,372.773426175289,1611.91327725143,15738,20.2251935546318,6.0556032289743,0.299408913571929,-1.75338064263807,1.97789726476695,1.11184471816106,26.3464876738518,30.1573583022345,34.5418714736913,30.0971552499281
1631,50.5,42.5,455.495652412685,1615.69662921094,15738,20.4969792155757,5.96216456727877,0.290880158708856,-1.7078751021539,1.86987809043558,1.05830907808522,27.1772025180945,30.4170819613978,36.3014306475176,30.3784910249067
1632,51.5,42.5,538.148063359868,1620.23677398272,15738,20.9267914250052,5.64270805212604,0.269640382872246,-1.63591090496681,1.60087011849965,0.875276608390539,29.473382440116,31.1234774578015,41.8119982847086,31.1531231026207
1633,52.5,42.5,620.717940257195,1625.53377800153,15738,24.2261730429935,6.07594663117959,0.250800925940584,-1.08348976814629,1.36226288739952,1.12350046149704,40.291813055631,41.3508219598191,47.3328331956095,41.3428970165444
1634,53.5,42.5,703.192551772697,1631.58771848922,15738,27.7934191893222,6.76688647244798,0.243470816827305,-0.486219612814861,1.26942491199897,1.51937413931934,54.469222538761,56.2947712836553,49.3159398725629,56.1359300345638
1635,54.5,42.5,785.559152039365,1638.39868332086,15738,29.397080860533,7.17003191543728,0.243902853805576,-0.217715782080086,1.27489678666564,1.75035614336834,61.1514599613879,64.0969510458224,48.5856679199955,63.8038951095966
1636,55.5,42.5,867.804978680226,1645.96677087013,15738,29.3032750631321,7.21544720319401,0.246233473482018,-0.233421848016215,1.30441476639087,1.77637681249144,59.2910323567317,62.5332341939634,47.2154805203157,62.2277004415542
1637,56.5,42.5,949.917250819578,1654.29208983336,15738,29.7282726073571,7.20660233608664,0.242415778113632,-0.162263778502009,1.25606253817439,1.77130914977682,61.1023061986755,63.9574512848167,47.9635761431522,63.6621750377035
1638,57.5,42.5,1031.88316707877,1663.37475903155,15738,28.3505418338502,6.92757419352164,0.244354207906186,-0.392939610598498,1.28061331833546,1.61144009835498,53.3071516732306,55.5155910529566,46.7429129338439,55.3208266469349
1639,58.5,42.5,1113.68990355489,1673.21490718948,15738,29.5843828541606,6.87187864261158,0.232280614961185,-0.186355487264723,1.12769773310992,1.57952935698475,60.1824842197254,61.117612463157,50.3956260899313,60.96089652345
1640,59.5,42.5,1195.32461178079,1683.81267269109,15738,29.319170921666,6.51286654475683,0.222136791049027,-0.230760377092647,0.999223236991112,1.37383353359794,59.6491973649808,58.7035992481939,53.583076225565,58.6785720849429
1641,60.5,42.5,1276.77441666474,1695.1682033101,15738,29.8246753017335,6.91856805286853,0.23197463116946,-0.146122909640519,1.12382235891151,1.60628003403334,59.4770168005368,60.4821444503651,49.3285242687594,60.3179265300617
1642,61.5,42.5,1358.02641440825,1707.28165591477,15738,30.2776022153731,6.99476491993944,0.231021098374425,-0.0702885777871506,1.11174558722899,1.64993699547085,60.9273183239755,62.0170927054296,49.0859640489835,61.8332533850502
1643,62.5,42.5,1439.06767040025,1720.1531961457,15738,30.4477915202122,6.89724136828151,0.226526819316367,-0.0417934898769559,1.05482422873525,1.59406091948971,61.5936414221883,61.9754738909079,50.1075201166612,61.8354191885506
1644,63.5,42.5,1519.88521708629,1733.78299806538,15738,29.9348403237678,6.8341301360538,0.228300203446471,-0.127677790598139,1.0772846573185,1.55790136677378,57.768380763032,58.2003794492607,48.8904346911069,58.0785722842271
1645,64.5,42.5,1600.46605181088,1748.17124377804,15738,29.8188597335796,6.80125939392942,0.228085830735854,-0.147096620215043,1.07456956425137,1.53906808954715,56.3226520404796,56.6660358948338,48.3914601229579,56.5567900774592
1646,65.5,42.5,1680.79713463165,1763.3181230185,15738,30.3256851676944,6.81519773517372,0.224733512119749,-0.0622379664125324,1.03211146868865,1.54705405602579,58.3604236985169,58.3898690327127,48.9935302648628,58.2869876503478
1647,66.5,42.5,1760.86538610358,1779.22383270822,15738,31.2162237314003,6.84769931991709,0.21936347518643,0.0868664363830689,0.964098380614382,1.56567582469351,62.7988338490037,62.3044688550497,50.3299376244475,62.20907375241
1648,67.5,42.5,1840.65768503179,1795.8885764771,15738,31.4581501558754,6.88939852835147,0.219002023139137,0.127372593569266,0.95952048473909,1.58956736780512,63.1030511267464,62.6705064241361,49.8691238273966,62.5662134430324
1649,68.5,42.5,1920.16086619138,1813.31256414902,15738,31.0593917765237,6.81717582406297,0.219488387702934,0.0606077925419503,0.965680434162996,1.54818740118389,59.9723299774252,59.4679357133165,49.11142059168,59.3855082992549
1650,69.5,42.5,1999.36171801275,1831.49601118938,15738,28.1093032721538,6.40807442477416,0.227969877543079,-0.433330597737032,1.07310098315768,1.3137929345956,45.046538871776,44.7358920290642,45.656206812742,44.7268727130727
1651,20.5,43.5,-1969.0752026617,1939.85204227209,15738,20.5800468926206,5.98730561117278,0.29092769527749,-1.69396693817068,1.87048015497803,1.07271362811427,48.4597892321218,53.1233110929131,55.9721989854782,53.0827060548085
1652,21.5,43.5,-1891.10667035902,1921.81225707683,15738,22.9071417422046,6.1241891387219,0.267348463096929,-1.30433744660549,1.57184228433883,1.15114098495142,61.9512041570209,64.6025395297367,65.5653814784356,64.5696746385446
1653,22.5,43.5,-1812.83632122022,1904.52544311095,15738,22.059989315716,5.90776070910398,0.267804332293813,-1.44617763385439,1.57761600102329,1.02713841149891,56.7285852993063,58.8498796434687,64.5833895854621,58.8770942872465
1654,23.5,43.5,-1734.27733847546,1887.99145089484,15738,23.4276202695466,5.87856523144021,0.250924556732795,-1.21719283193061,1.36382870753516,1.01041087542671,65.6720680146372,65.5820980008055,72.0852617484758,65.6678262460794
1655,24.5,43.5,-1655.44285994678,1872.21013331355,15738,24.3053875402144,5.89620586034394,0.242588432321368,-1.07022674868565,1.25824925420316,1.02051806598964,71.2025170622405,69.8975883703992,75.6521394272577,70.0112488060253
1656,25.5,43.5,-1576.34598030185,1857.18134622389,15738,24.2244330492358,5.8149962581609,0.240046743151512,-1.08378109829266,1.22605801762259,0.973989060176819,70.0953545902317,68.2721664969427,76.1470478937046,68.4163709160062
1657,26.5,43.5,-1496.99975327604,1842.90494902112,15738,23.0284852767054,5.73280422590314,0.248944042867734,-1.28402069000197,1.3387449202895,0.926897171485271,60.8413499807876,60.2494158002168,70.5778565205273,60.3745000314545
1658,27.5,43.5,-1417.41719386404,1829.38080516669,15738,23.0191878922211,5.63964942678442,0.244997758095986,-1.28557736707088,1.28876406967714,0.87352417034782,60.499504115727,59.2334083782472,71.7626109887395,59.391653364426
1659,28.5,43.5,-1337.61128048256,1816.60878267932,15738,20.7835768754062,5.19034285132826,0.249732896432767,-1.65988956323033,1.34873598136831,0.616094165777454,48.7507987399467,47.5533494157489,68.5402544203374,47.7651272157005
1660,29.5,43.5,-1257.59495710545,1804.58875459068,15738,19.5092624905967,5.12199760693412,0.26254183669951,-1.87325021156674,1.51096495545504,0.576935788095392,41.5648969809665,41.6670420066679,61.7608722412052,41.8459110141942
1661,30.5,43.5,-1177.3811353727,1793.32059936758,15738,19.3973892632214,5.13925705473329,0.264945812294318,-1.89198133836622,1.54141200933722,0.586824581112301,40.2313035699782,40.5837373303863,59.9873909719738,40.7519547618808
1662,31.5,43.5,-1096.98269667468,1782.80420130194,15738,19.3831272806353,5.1825228488722,0.26737289467473,-1.89436924663078,1.572151717416,0.611613698813534,39.2550984800041,39.8813348445118,58.2551301683257,40.0360598891689
1663,32.5,43.5,-1016.41249421315,1773.03945086999,15738,19.3992156863652,5.20784794384968,0.268456623610306,-1.89167553719915,1.58587746129061,0.626123700829818,38.5494947764972,39.2994971157574,57.1234641004819,39.4465472159002
1664,33.5,43.5,-935.683355040529,1764.02624506198,15738,19.4462803343621,5.22745151495546,0.268814982869418,-1.88379542226829,1.59041618609919,0.637355558263091,38.0342447240683,38.8354818621613,56.3074799127504,38.9774130322273
1665,34.5,43.5,-854.808082078723,1755.76448768358,15738,19.4997722327838,5.24325878770357,0.268888206749841,-1.87483918174865,1.59134358795697,0.646412328223912,37.5770516445442,38.3994012970675,55.6173674522852,38.5374293783467
1666,35.5,43.5,-773.799456119211,1748.25408963,15738,19.5710513602977,5.25751664758952,0.2686374150678,-1.86290479488109,1.58816723796707,0.654581362767589,37.2153026127547,38.0297336622378,55.0641940598122,38.1648380658333
1667,36.5,43.5,-692.670237805713,1741.4949691339,15738,19.7460318033449,5.25331810857186,0.266044244276056,-1.83360751846344,1.55532397159097,0.652175811686111,37.4299760883271,38.02078823893,55.4449935491352,38.1605566177752
1668,37.5,43.5,-611.433169601005,1735.48705198791,15738,20.0126695466899,5.23699613270839,0.261684035729986,-1.78896390267349,1.50010065533664,0.642824142801978,38.129046787538,38.3302707275478,56.5442093091848,38.4805063371275
1669,38.5,43.5,-530.100977739356,1730.23027174265,15738,20.3225665439689,5.19748878137516,0.255749625428961,-1.73707731562313,1.42493961352551,0.620188423251353,39.1597836900177,38.7947149806433,58.3234083147678,38.9626804561249
1670,39.5,43.5,-448.686374166094,1725.72456988093,15738,20.6117994445663,5.03148852313582,0.24410719387541,-1.68865055380727,1.2774848134035,0.525078648385827,40.8207445150064,39.1910098831044,62.6859141427801,39.4076481957275
1671,40.5,43.5,-367.202058465813,1721.96989596878,15738,18.5789941299793,5.25820288786417,0.283018706560623,-2.02900664256539,1.77031050012126,0.654974543830786,30.2906771122381,32.049196343855,46.7959492083628,32.1500707757879
1672,41.5,43.5,-285.660719780715,1718.96620778387,15738,15.8787861136988,5.5466866841219,0.349314276570343,-2.48110711311207,2.60996328053865,0.82026120787239,19.6377363405224,24.6642212516908,28.6750845435024,24.6659312361501
1673,42.5,43.5,-204.075038720614,1716.71347142184,15738,12.7083927733363,5.68592824583502,0.447415211919227,-3.0119315208443,3.85244031354642,0.900039599345522,11.1626934860329,18.1858103209905,13.9706239913155,18.1442143411594
1674,43.5,43.5,-122.45768926611,1715.21166138081,15738,15.935693479975,5.5810373942574,0.35022243627305,-2.47157901493744,2.62146538873877,0.839942432119329,19.0466404547311,24.0037749634086,27.8232845203225,24.0015818170645
1675,44.5,43.5,-40.8213406664421,1714.46076062458,15738,21.6073387286339,5.93816236455276,0.274821552025912,-1.52196569987716,1.66649114091563,1.04455702660193,37.37756710584,39.5771063594624,47.3553110242161,39.5915345525069
1676,45.5,43.5,40.8213406664421,1714.46076062458,15738,23.1214811810091,6.1540695300524,0.266162426268221,-1.26845022585954,1.55682078108068,1.16826094200739,42.7667377086683,44.6966449025882,49.8143850080838,44.6850234550897
1677,46.5,43.5,122.45768926611,1715.21166138081,15738,23.9014936566641,6.20673832280582,0.259679935152308,-1.13785139601025,1.47471813547842,1.19843750362451,45.7459859216786,47.2158548433068,51.5852597177429,47.2060533922759
1678,47.5,43.5,204.075038720614,1716.71347142184,15738,23.0628054714942,6.1745067060496,0.267725741938956,-1.27827440078287,1.57662063119751,1.17997041299615,41.0047263324205,43.0445737496683,48.1068713040263,43.0278708704836
1679,48.5,43.5,285.660719780715,1718.96620778387,15738,20.2722559667237,6.48534175716172,0.319912187760811,-1.74550090206865,2.23757722796556,1.35806321866495,27.4889201661037,32.8547182783065,32.6347617735402,32.735203890186
1680,49.5,43.5,367.202058465813,1721.96989596878,15738,20.2241632816888,6.29022789091702,0.31102537115156,-1.75355314300824,2.12502309691392,1.24627281491196,27.6403808382921,32.1868272351361,34.3858248118492,32.1087436198155
1681,50.5,43.5,448.686374166094,1725.72456988093,15738,20.6473866291945,6.05826721364354,0.293415690927074,-1.68269213030106,1.90199134742322,1.11337104700431,29.6449699481418,32.9145785161046,38.5825107494871,32.8895930712752
1682,51.5,43.5,530.100977739356,1730.23027174265,15738,24.3251045905494,6.17164311338192,0.253714967202225,-1.06692548904918,1.39917007210626,1.1783297188381,44.4342607597529,45.2625304111915,50.7657133116291,45.2753288493731
1683,52.5,43.5,611.433169601006,1735.48705198791,15738,27.6496773472673,6.97890596302072,0.252404607669335,-0.51028655656084,1.38257398544503,1.64085061308724,57.849061375947,60.2740801493597,50.6462098409127,60.0817627640104
1684,53.5,43.5,692.670237805713,1741.4949691339,15738,28.4786091467707,7.18234474810574,0.252201387753523,-0.371497080214205,1.38000014578541,1.75741077542418,61.0079026323269,63.9553908977086,50.1252852835269,63.6958626453122
1685,54.5,43.5,773.799456119211,1748.25408963,15738,28.8727104617492,7.21981351067205,0.250056658872984,-0.305512019481627,1.35283652734873,1.77887848643843,62.406299082316,65.2283180936641,50.3090130071321,64.9613682213937
1686,55.5,43.5,854.808082078723,1755.76448768358,15738,28.3449158793954,7.27963660281476,0.256823362390238,-0.393881573825388,1.43853880612376,1.81315410074048,57.6164415069055,61.1723867796236,47.3513397698234,60.8848222931607
1687,56.5,43.5,935.68335504053,1764.02624506198,15738,28.4751318386086,7.31446384627167,0.256871992295895,-0.372079291898203,1.43915471809934,1.83310835454409,57.2921441995978,60.9093342475237,46.7792888529112,60.6143397029047
1688,57.5,43.5,1016.41249421315,1773.03945086999,15738,28.921076743208,7.33274531046817,0.253543302539393,-0.297413969822397,1.39699588895307,1.84358271140584,59.0612779678938,62.4154486721979,47.3532333846908,62.1200035734387
1689,58.5,43.5,1096.98269667468,1782.80420130194,15738,28.9454873451391,7.16270491923813,0.247454977483424,-0.293326860772704,1.31988547176261,1.74615814412223,59.2618822174515,61.5514595118236,48.8974621671979,61.3270596569
1690,59.5,43.5,1177.3811353727,1793.32059936758,15738,29.2065974698616,7.03239359836415,0.24078099496598,-0.249608743672168,1.23535753156378,1.67149633020575,60.7479697915101,62.0212672344023,50.7056954801538,61.8542008432627
1691,60.5,43.5,1257.59495710545,1804.58875459068,15738,29.4867775283573,7.16639398024396,0.243037543636366,-0.202697714773672,1.26393738033737,1.74827179000117,60.7726462517658,62.6032230703832,49.3020415172484,62.3912573314049
1692,61.5,43.5,1337.61128048256,1816.60878267932,15738,29.6283585987971,7.19627509330335,0.242884703494696,-0.178992552734155,1.26200161524939,1.76539216057139,60.5231158835993,62.3985285584471,48.7772225149434,62.1806294990357
1693,62.5,43.5,1417.41719386404,1829.38080516669,15738,29.6182328569706,7.1004413660609,0.239732106920411,-0.180687923097031,1.22207305774932,1.71048426874503,60.040304817719,61.3416550147896,49.3130344752517,61.1647731912677
1694,63.5,43.5,1496.99975327604,1842.90494902112,15738,29.359299738505,7.01748769800449,0.239020949426835,-0.224041540297108,1.21306604013551,1.66295600115801,57.929808857521,58.9524720613298,48.9848780788236,58.8067002666882
1695,64.5,43.5,1576.34598030185,1857.18134622389,15738,29.4963640241372,6.95407890642385,0.235760546646809,-0.201092631303489,1.17177208551488,1.62662596194183,58.193333094552,58.7355637755932,49.5614772510341,58.6182606394126
1696,65.5,43.5,1655.44285994678,1872.21013331355,15738,29.889572381337,6.92141814988006,0.231566315555648,-0.13525708002704,1.11865092226235,1.60791299586115,59.8782847619597,59.899730507894,50.4836039606948,59.8043096688858
1697,66.5,43.5,1734.27733847546,1887.99145089484,15738,30.3541896007827,6.89690662496433,0.227214322492948,-0.0574654201737956,1.06353165750729,1.59386912845352,62.0072343597377,61.4852825611414,51.481409144006,61.4111282566698
1698,67.5,43.5,1812.83632122022,1904.52544311095,15738,30.4201703456385,6.86461681810038,0.225660038721138,-0.0464181506240254,1.04384619903146,1.57536869782856,61.6161651380939,60.8640117555221,51.4506221793257,60.8056698602006
1699,68.5,43.5,1891.10667035902,1921.81225707683,15738,28.0930000490118,6.77980508331189,0.241334320702085,-0.436060274417304,1.24236556381584,1.52677585172553,47.7327594370948,48.4569304481296,45.4136812022933,48.383639036538
1700,69.5,43.5,1969.0752026617,1939.85204227209,15738,26.8070233265407,6.77538488254425,0.252746632851107,-0.651373567999059,1.38690583438766,1.524243299642,40.822795954052,42.4137313567516,41.3358982030245,42.3255936196605
1701,20.5,44.5,-1938.26938069331,2047.98685664613,15738,23.8314608464718,6.05102409056224,0.253909071271142,-1.14957710982591,1.40162845689929,1.10922110282414,76.7328778114884,76.2306048484741,79.1200581064741,76.3385786819165
1702,21.5,44.5,-1861.55320715826,2030.09940891627,15738,23.2176402285042,5.93993509640146,0.255837158209947,-1.25235015121428,1.42604824179316,1.04557271253407,71.3344397961558,70.9329889073417,77.1122186709577,71.0633439629006
1703,22.5,44.5,-1784.53587728286,2012.95807539673,15738,23.0748368836613,5.8958864244387,0.255511510402634,-1.27625996075852,1.42192381708715,1.02033504532838,69.4167490516697,68.8945794451412,76.3864696030881,69.0365669193239
1704,23.5,44.5,-1707.23053893638,1996.56277346184,15738,24.8061729348256,5.93298143460086,0.239173589984592,-0.986379389081677,1.21499927743487,1.04158861506723,82.6968396017959,79.3598705842721,84.9269423204012,79.5711631449013
1705,24.5,44.5,-1629.65029561264,1980.91341955317,15738,24.6832181230284,5.885861424282,0.238455998522767,-1.00696592461313,1.20591077173174,1.01459122590278,80.698413900282,77.2186664416303,84.3657044673986,77.4437282215964
1706,25.5,44.5,-1551.80820861816,1966.00992983894,15738,24.4958379161087,5.84734878013491,0.238707849070541,-1.03833931481447,1.2091005325658,0.99252542339647,78.1073911868895,74.6959578745008,83.2244587972124,74.9261759131009
1707,26.5,44.5,-1473.71729923152,1951.85222083032,15738,24.6232048089932,5.86982471645139,0.238385895011828,-1.017014056961,1.20502289026593,1.00540300121246,77.7330166580797,74.3554681978951,82.4389883786494,74.5796530735648
1708,27.5,44.5,-1395.39055083492,1938.44020995676,15738,24.3211647148341,5.84078753904925,0.240152460111699,-1.06758514921389,1.22739695383726,0.988766163205465,74.196299302576,71.1796019829996,80.4405430745025,71.398015524017
1709,28.5,44.5,-1316.84091101936,1925.77381610193,15738,22.9114571572683,5.62240752538196,0.245397203974795,-1.30361490924201,1.29382316853879,0.863645430531181,63.9416634825892,61.6049242881966,76.546767511959,61.8383021240583
1710,29.5,44.5,-1238.08129366451,1913.85296010217,15738,19.7212725627345,5.25565075591545,0.266496532573997,-1.83775300068661,1.56105233514317,0.653512300954514,45.3843511336198,45.341761559237,64.9735567848505,45.5502360473656
1711,30.5,44.5,-1159.12458099465,1902.67756520891,15738,19.3434145390904,5.19218874189573,0.268421520481972,-1.90101841922449,1.58543286990536,0.61715176796531,43.0274850327667,43.1066403633798,63.3261297156034,43.3149470545697
1712,31.5,44.5,-1079.98362561202,1892.2475575165,15738,19.2243516658764,5.21934142081207,0.271496355847282,-1.92095332078768,1.62437655895472,0.632708883394648,41.5410373953736,41.9584425282698,61.2109301470537,42.152233031933
1713,32.5,44.5,-1000.67125250867,1882.56286635695,15738,19.3032871934234,5.22017082793948,0.270429112701487,-1.90773700969917,1.61085961242847,0.633184091843092,41.2650870819206,41.5834793277015,60.9598960488958,41.7774633241352
1714,33.5,44.5,-921.200261058435,1873.62342466274,15738,19.8109059179279,5.22327162553479,0.263656374280592,-1.82274553392283,1.52508089983409,0.634960692459992,43.1879470862487,42.8515809720638,63.2592233363929,43.0615814145353
1715,34.5,44.5,-841.58342699008,1865.42916929896,15738,19.8287812673026,5.27153276309019,0.265852585291406,-1.81975263344451,1.55289655450518,0.662611889972171,42.2810710716121,42.2332778083736,61.5348203749784,42.4283499059302
1716,35.5,44.5,-761.833504343173,1857.98004136578,15738,19.6320259733172,5.26646600085958,0.26825891571341,-1.85269571059153,1.5833734329624,0.65970889078312,40.6364908672997,40.8186863488352,59.7668155598152,41.0052842543033
1717,36.5,44.5,-681.963227407913,1851.27598647237,15738,19.7937266856019,5.24899943687305,0.265185001301003,-1.82562188232687,1.54444140805087,0.649701430637858,40.8828715581678,40.7597909984391,60.3890804740677,40.9543107700943
1718,37.5,44.5,-601.985312650341,1845.31695498299,15738,20.4691249591936,5.3254070458505,0.260167792051054,-1.71253878818889,1.48089698576085,0.693479136557939,43.1680934774575,42.6490925912678,61.8787227795166,42.8463730546476
1719,38.5,44.5,-521.912460624286,1840.10290223628,15738,21.6748064290555,5.44120995201146,0.251038456551908,-1.51066946680052,1.36527128205097,0.759828360652889,48.2076485474085,46.8325866572252,65.3130083451833,47.0425214625545
1720,39.5,44.5,-441.75735787142,1835.63378873833,15738,22.4946013308947,5.64214558535571,0.250822208509498,-1.37340979693856,1.3625324373583,0.87495434330214,50.8033471648356,49.6516354060664,64.6472994462805,49.8313828294585
1721,40.5,44.5,-361.532678810822,1831.90958033019,15738,21.0894204297383,5.57823179933807,0.264503797907703,-1.60868165110153,1.53581376787627,0.838334967745651,42.7377821322583,42.9904860996711,57.8876282671013,43.1353483849353
1722,41.5,44.5,-281.251087619431,1828.93024833047,15738,21.4671368838296,5.70397781089092,0.265707431864727,-1.54543993579726,1.55105814391032,0.910381089696769,43.2352456020516,43.780804135977,56.7140527125271,43.9021405645073
1723,42.5,44.5,-200.925240104785,1826.69576965341,15738,21.6334255836352,5.97276559738921,0.276089682343575,-1.51759793289399,1.68255238221729,1.06438293361918,41.8456223090776,43.7358939741916,52.0063730280677,43.7872607471402
1724,43.5,44.5,-120.567785571441,1825.20612690285,15738,23.8097713768353,6.4537599214619,0.271055098317357,-1.15320861501714,1.61878790330506,1.33996841980674,50.058406252831,52.4618745714224,53.2959113361657,52.4198822802012
1725,44.5,44.5,-40.1913686824829,1824.46130844247,15738,25.6517163939724,6.76606868259147,0.263766703899056,-0.844808594001043,1.52647825671468,1.51890558698113,58.6240864817424,61.0424199953917,55.5121559033245,60.9280672181726
1726,45.5,44.5,40.1913686824829,1824.46130844247,15738,26.5412919303486,6.77468830654302,0.255250886969693,-0.695865432526957,1.41862294509707,1.52384419672881,63.6566454120074,65.1291445606997,58.3344975493771,65.0318842209575
1727,46.5,44.5,120.567785571441,1825.20612690285,15738,26.2554842318342,6.62293555051854,0.252249605912367,-0.743718706869207,1.38061084286719,1.43689752198387,61.6910874956354,62.4395313078347,58.9109925914932,62.3981128699923
1728,47.5,44.5,200.925240104786,1826.69576965341,15738,22.5757144984212,6.28817367340291,0.278537083459425,-1.35982887984433,1.71354943302203,1.24509585189176,41.4118375558206,43.9532268164629,48.1683292974538,43.9404955063434
1729,48.5,44.5,281.251087619431,1828.93024833047,15738,21.1328225034606,6.5160969941152,0.308340118460189,-1.6014147672784,2.09101358635232,1.3756844181354,33.139128616146,37.9261672558142,38.3989467170863,37.8356980518077
1730,49.5,44.5,361.532678810822,1831.90958033019,15738,20.8771957385826,6.61204753988458,0.316711479006973,-1.6442147960128,2.19703931564242,1.43065924108532,31.1501047030457,36.4599591850515,35.7257591718349,36.3472092869682
1731,50.5,44.5,441.75735787142,1835.63378873833,15738,22.0284327938348,6.41939904301117,0.291414241906841,-1.45146119656708,1.87664241031542,1.32028136962807,36.2950587013706,39.8384565005786,42.370433878923,39.7855054355544
1732,51.5,44.5,521.912460624287,1840.10290223628,15738,26.9284042609754,7.09577989470881,0.263505398461059,-0.631050549460318,1.52316874693114,1.70781348078637,58.1913643115454,61.2301110627461,51.2060789513605,61.0319097280093
1733,52.5,44.5,601.985312650342,1845.31695498299,15738,27.7088669901625,7.18606833420745,0.259341832228605,-0.500376332888054,1.47043596308119,1.7595442024416,61.8294935918132,64.6838374055228,52.1472745971751,64.462633477985
1734,53.5,44.5,681.963227407913,1851.27598647237,15738,27.3428177443919,7.10722759112428,0.259930328233344,-0.561664587444124,1.47788943707004,1.714372433407,58.9044590090616,61.5613775992373,51.3171574361831,61.3714375048566
1735,54.5,44.5,761.833504343173,1857.98004136578,15738,27.8116959669884,7.33297722344845,0.263665230345983,-0.483159500507535,1.52519306449197,1.84371558584578,59.6034118140798,63.2154245772284,49.367586822459,62.9460180916621
1736,55.5,44.5,841.58342699008,1865.42916929896,15738,28.2615897653366,7.38890815228232,0.261447010364044,-0.407833008362154,1.49709865976569,1.87576118689382,61.2661047252196,64.8018480194466,49.5747971000828,64.5176685382865
1737,56.5,44.5,921.200261058435,1873.62342466274,15738,28.037474428294,7.43007686835861,0.265005212483068,-0.4453570245575,1.54216433009762,1.89934878464245,58.5530323641889,62.4755611463377,47.7522143221139,62.1797947250354
1738,57.5,44.5,1000.67125250867,1882.56286635695,15738,27.5563107819096,7.48184861274764,0.271511258236331,-0.525919081120819,1.62456530206979,1.92901138279418,54.3099803416515,58.8399902229461,45.0293970231463,58.5299107265191
1739,58.5,44.5,1079.98362561202,1892.2475575165,15738,26.5589925871672,7.53882247434309,0.283851974038567,-0.692901781123642,1.78086407639468,1.96165453170874,47.4476670207597,52.8728813622761,40.7126987243855,52.5513889484977
1740,59.5,44.5,1159.12458099465,1902.67756520891,15738,24.6101517280397,7.48711254850646,0.304228622043641,-1.01919955674679,2.03894028194715,1.93202735246939,37.416307480532,43.5694954186603,34.7378113889773,43.2793166021535
1741,60.5,44.5,1238.08129366451,1913.85296010218,15738,26.101184870785,7.29340421866232,0.279428089367154,-0.769553314171607,1.72483428339262,1.82104225017822,44.7804739392728,49.1020896952306,41.0514662188406,48.869512718993
1742,61.5,44.5,1316.84091101936,1925.77381610193,15738,28.8534801036919,7.36748969471409,0.255341458577519,-0.308731791393307,1.41977006099527,1.86348949106101,59.3945643872335,62.0685106337205,48.2635880195593,61.8271041745387
1743,62.5,44.5,1395.39055083492,1938.44020995676,15738,29.0125651760104,7.25787248170927,0.25016307374677,-0.282095904225169,1.35418430284323,1.80068435713619,60.1080793683179,61.9642019279449,49.5116254183292,61.7711764881572
1744,63.5,44.5,1473.71729923152,1951.85222083032,15738,28.8876967932463,7.1488977808817,0.247472058158442,-0.30300283223355,1.32010180350647,1.73824735028043,58.9834111645445,60.2818495908212,49.8892063030599,60.1324548239118
1745,64.5,44.5,1551.80820861816,1966.00992983894,15738,28.7805441401786,6.98995284037046,0.242870767360241,-0.320943585160786,1.26182511003129,1.64717991660065,58.2876836642721,58.7398086101929,50.9667853804713,58.6505440898932
1746,65.5,44.5,1629.65029561264,1980.91341955317,15738,28.8949126312551,6.95019435573552,0.240533496135843,-0.301794672069788,1.23222288650614,1.62440031033539,58.2859442194473,58.4029186264459,51.2246557874162,58.3326839409171
1747,66.5,44.5,1707.23053893638,1996.56277346184,15738,29.0668909538503,6.96656124774879,0.239673422892378,-0.273000045840872,1.22132980737382,1.63377771390777,58.3131723110132,58.3732291490301,50.9384376760165,58.3025991804814
1748,67.5,44.5,1784.53587728286,2012.95807539673,15738,28.0666790658144,7.07980159627461,0.252249351612742,-0.440467241886859,1.38060762208809,1.69865872173401,50.8979906732914,52.4396429713681,45.9772412154235,52.3149677161435
1749,68.5,44.5,1861.55320715826,2030.09940891627,15738,27.7495301302756,7.07627611630403,0.255005258938911,-0.49356803342809,1.41551199426032,1.6966387995372,48.3819763727467,50.1308607626385,44.5438275963394,50.0059770324342
1750,69.5,44.5,1938.26938069332,2047.98685664613,15738,28.4017277640147,7.15379602930116,0.251878902887207,-0.384369462308719,1.37591578065204,1.74105379955558,50.7086100935354,52.3438854715341,45.0246174993848,52.2049293204526
1751,20.5,45.5,-1906.94548842738,2155.890925565,15738,24.6159035370846,6.05754250618502,0.246082476601321,-1.0182365214695,1.30250234674213,1.11295582618504,90.9265863584147,87.3899773854929,90.6145749559106,87.6339179176948
1752,21.5,45.5,-1831.50162192591,2138.16457428182,15738,23.3693855747151,5.84203380307904,0.249986623927329,-1.22694316700729,1.3519495142823,0.989480209632579,79.7398084223752,76.7665272857827,87.0657695522229,77.0406142271279
1753,22.5,45.5,-1755.75741262113,2121.17710883339,15738,19.4375928228458,5.54026783578566,0.28502849536358,-1.88524998725763,1.79576506301599,0.816583531544466,51.1014493385282,52.8130575438671,66.8346874983255,53.0041457374489
1754,23.5,45.5,-1679.72596578997,2104.92851418231,15738,22.1430256793029,5.42949726628167,0.245201236042309,-1.43227471273729,1.29134117736864,0.753117582521302,70.6741721570285,66.4753038581411,88.0193430179741,66.8486266317242
1755,24.5,45.5,-1603.42034346159,2089.41877104784,15738,21.9357844808532,5.44281509590579,0.248124934882388,-1.46697346289685,1.32837067813037,0.760748027140377,67.76408920374,64.1874451070792,85.1721042434014,64.5371003278556
1756,25.5,45.5,-1526.85356653561,2074.64785661473,15738,21.5297374650202,5.46392291046604,0.253784929767183,-1.53495861286136,1.40005616845002,0.772841740198544,63.4028921972564,60.8669655065337,80.807012671941,61.1795314144143
1757,26.5,45.5,-1450.03861687416,2060.61574519672,15738,23.4876451209928,5.76343657319275,0.245381626957634,-1.20714276785418,1.29362588106139,0.944447961376912,75.2144201231953,71.5736629208267,84.8465382374783,71.8736742256351
1758,27.5,45.5,-1372.98843936905,2047.32240885695,15738,24.4877250410578,5.94343326424859,0.242710715441448,-1.03969766743245,1.25979800567717,1.04757698626178,81.0369244602555,77.1373618286802,85.4811961706274,77.410952043325
1759,28.5,45.5,-1295.71594398491,2034.76781798669,15738,23.4195297339136,5.85012277633246,0.24979676546882,-1.21854744422145,1.3495449013866,0.994114783296414,71.4644021640617,68.8689732900717,80.2707209554207,69.1197457949135
1760,29.5,45.5,-1218.2340077795,2022.95194184442,15738,21.9685004143782,5.53351402388626,0.251884012085987,-1.46149577789931,1.37598049014863,0.812713937990524,61.9417996346225,59.3813622296027,78.1439611819455,59.6759573746972
1761,30.5,45.5,-1140.55547690231,2011.87474905655,15738,19.4231142860187,5.26345681321355,0.270989334444803,-1.88767415357108,1.6179549846284,0.657984778046323,46.6550840137462,46.3468331633843,67.2897034120025,46.6002638035479
1762,31.5,45.5,-1062.69316857252,2001.53620808141,15738,19.2356821540835,5.31716007515955,0.276421705898835,-1.91905623766701,1.68675755763545,0.688754038331835,44.4823330708385,44.8324854132255,63.9459431963884,45.0590832430769
1763,32.5,45.5,-984.659873037575,1991.93628763787,15738,19.2968734559905,5.33511949370701,0.276475850135753,-1.90881087278449,1.68744331022895,0.69904387928077,43.9782032794144,44.3601396966981,63.170901614753,44.5812389478443
1764,33.5,45.5,-906.468355513521,1983.07495709975,15738,20.9904052975793,5.4882280161912,0.261463651529593,-1.62525992491243,1.49730942499361,0.786767339821831,52.0265033739401,50.9230626886447,69.5657025655062,51.1694182997533
1765,34.5,45.5,-828.13135810824,1974.95218685732,15738,21.9868888588354,5.86998185278991,0.266976464495615,-1.45841696902918,1.56713081327284,1.00549303240843,54.720567259491,54.8635493295562,66.0705146451701,55.02377572982
1766,35.5,45.5,-749.661601728893,1967.56794864691,15738,21.2677391494361,5.63803345517686,0.265097922048115,-1.57882544128487,1.54333852384921,0.872598300126808,50.9881378214997,50.5637705590933,66.185549167112,50.7687306873938
1767,36.5,45.5,-671.071787974736,1960.92221584966,15738,20.5012309459435,5.47988178404017,0.267295256489195,-1.70716322762856,1.57116840709312,0.781985369785885,46.7665388606739,46.4005431757545,64.3808551210529,46.6186259557858
1768,37.5,45.5,-592.374601016543,1955.0149637602,15738,22.1450641785754,5.67601254350274,0.256310503222388,-1.43193340329937,1.43204329479194,0.89435840206029,54.4561001896213,53.0249464162885,68.8691243796813,53.2507758367911
1769,38.5,45.5,-513.582709463916,1949.84616982632,15738,24.6045940009895,6.08144237568963,0.247166946767951,-1.02013009654203,1.3162374785248,1.1266492458942,67.4964560142861,65.264865839929,72.6988323255725,65.4533216753647
1770,39.5,45.5,-434.708768221698,1945.41581386006,15738,24.8201340983065,6.08800663110903,0.245285001563485,-0.984041847477084,1.29240209218916,1.13041023314639,67.9744561924446,65.4908283281455,72.8271939367448,65.6848441593293
1771,40.5,45.5,-355.765420336785,1941.72387822107,15738,24.6930470604169,6.19354738521046,0.250821511418036,-1.0053202487276,1.36252360849108,1.19087976173744,65.1150467982327,63.6998625369624,69.1563229679662,63.8433336325916
1772,41.5,45.5,-276.765298836577,1938.77034797274,15738,23.7859579908725,6.2359567089373,0.262169667975124,-1.15719573117049,1.50625132973058,1.21517816509319,57.4812495363552,57.7118994184488,62.9757636665029,57.8024970955615
1773,42.5,45.5,-197.721028560373,1936.55521101158,15738,23.3420744816068,6.41482736086635,0.274818220031006,-1.23151591028149,1.66644894022579,1.31766202635619,52.5353658574842,54.5382710867516,56.8124267523819,54.5519250116423
1774,43.5,45.5,-118.645227984955,1935.07845817025,15738,24.6628959550081,6.75729262795376,0.273986179087846,-1.01036850014403,1.65591089837409,1.5138773503407,57.8218506881111,60.518876208724,56.483570366246,60.4426883742379
1775,44.5,45.5,-39.5505110456758,1934.34008329452,15738,25.711664142868,6.88929581204845,0.267944376286489,-0.834771439337213,1.57938969914239,1.58950851654454,63.1662036099308,65.5129104748,58.3059876312103,65.4096179984555
1776,45.5,45.5,39.5505110456758,1934.34008329452,15738,26.5875175918189,6.87961859708656,0.25875370174474,-0.688125790552683,1.4629871185211,1.58396396049316,68.6449504706865,69.8116868918067,61.5692071484828,69.7357046251064
1777,46.5,45.5,118.645227984955,1935.07845817025,15738,26.3794689064545,6.75535075036662,0.256083652567916,-0.722959739634673,1.42917016491706,1.51276475243219,66.8923418292459,67.4040470424025,62.0293634014972,67.3775122857346
1778,47.5,45.5,197.721028560373,1936.55521101158,15738,23.3839246236258,6.4281337062725,0.274895416818863,-1.22450886905164,1.667426660118,1.32528589109763,48.5748466879407,50.4966399206135,53.5266017079584,50.509589115125
1779,48.5,45.5,276.765298836577,1938.77034797274,15738,21.7895437990306,6.51774869285378,0.299122769754535,-1.49145879168132,1.97427316964507,1.37663075820039,39.0116770711295,42.9756816538816,44.4206943775094,42.9307515836349
1780,49.5,45.5,355.765420336785,1941.72387822107,15738,21.6299823489997,6.68909569247141,0.309251093437936,-1.51817443958886,2.10255135083407,1.47480394618435,36.7759638915964,41.6770690612308,40.8080924176598,41.586203439938
1781,50.5,45.5,434.708768221698,1945.41581386006,15738,22.1438184954611,6.63340265436279,0.29956001742529,-1.43214197016485,1.97981103925576,1.44289464452259,38.8374408791716,42.9723348098063,43.2477481442015,42.9046556561872
1782,51.5,45.5,513.582709463916,1949.84616982632,15738,25.6135833906028,7.0007794823931,0.273322923061268,-0.851193268316066,1.64751056684722,1.65338303638037,55.0202288722072,57.9855421167955,51.6401765670914,57.8566039930201
1783,52.5,45.5,592.374601016543,1955.0149637602,15738,27.6291070497692,7.27244871886364,0.263216929369579,-0.513730676836805,1.51951520153301,1.80903580579563,65.9087037413476,68.5438828181242,54.8913695712975,68.3410636716185
1784,53.5,45.5,671.071787974736,1960.92221584966,15738,27.0076707967704,7.17323495299897,0.265599910743016,-0.617778817091761,1.54969635746237,1.75219132232896,61.1521373564711,63.7362596811686,53.3232184340871,63.5694359672289
1785,54.5,45.5,749.661601728893,1967.56794864691,15738,24.7382203830608,6.82135337644401,0.275741474965388,-0.997756801652291,1.67814223394926,1.55058092798117,48.3724688448958,51.0109477330753,48.9819248868635,50.9358889877611
1786,55.5,45.5,828.13135810824,1974.95218685732,15738,27.7484572552744,7.46577023968235,0.269051723164295,-0.493747666734099,1.59341457116174,1.919799286026,62.3184759713251,66.013141385224,50.7990566625373,65.7444889371668
1787,56.5,45.5,906.468355513521,1983.07495709975,15738,27.8728116886606,7.49796326672288,0.26900634749286,-0.472926790153671,1.5928398750142,1.93824426669374,61.9544468699855,65.694216649464,50.2193781712051,65.4184085712078
1788,57.5,45.5,984.659873037575,1991.93628763787,15738,27.2928958611168,7.5678318306339,0.277282112867163,-0.570023094189966,1.69765486349074,1.97827542962225,56.7028422131576,61.3177467525209,46.755510380873,61.0176642393779
1789,58.5,45.5,1062.69316857252,2001.53620808141,15738,24.256051008152,7.42809039330557,0.306236591884191,-1.07848724907157,2.06437180715109,1.89821063463549,39.842910789797,45.7646565739416,37.5013958368545,45.5158466079775
1790,59.5,45.5,1140.55547690231,2011.87474905655,15738,24.6581941406584,7.66161496807213,0.310712736073363,-1.01115573300428,2.12106348222736,2.03200843692319,40.0064129927974,46.7097022948224,35.8844130141462,46.3972093320738
1791,60.5,45.5,1218.2340077795,2022.95194184442,15738,24.3627539234886,7.51765575349178,0.308571673674537,-1.06062179650587,2.09394630085374,1.94952706831704,38.643384399841,44.7415077383358,36.0149906427433,44.4767472452428
1792,61.5,45.5,1295.71594398491,2034.76781798669,15738,28.3721091769402,7.44528712887707,0.262415708414386,-0.389328553264898,1.50936750384133,1.90806349670917,60.6679281932262,63.4117550442681,49.6449677250837,63.1857303983823
1793,62.5,45.5,1372.98843936905,2047.32240885695,15738,28.5333575424328,7.34239515402312,0.257326714639314,-0.362330462201336,1.44491390954929,1.84911158502166,61.3918351862494,63.3176543819809,50.8959142934938,63.138404745046
1794,63.5,45.5,1450.03861687416,2060.61574519672,15738,28.1914627336004,7.15920281937297,0.253949321006326,-0.419574497852892,1.40213823156528,1.74415161754653,59.2842245160604,60.3937675822244,51.5384603202589,60.2831469022345
1795,64.5,45.5,1526.85356653561,2074.64785661473,15738,27.7855247156277,6.8093540091395,0.24506839726189,-0.487541398118256,1.28965873536972,1.54370589576757,57.8628713486239,57.2701067847246,54.3015202521167,57.2806254362975
1796,65.5,45.5,1603.42034346159,2089.41877104784,15738,28.1279973102685,6.94355407798387,0.246855615115159,-0.430200622795414,1.31229437210214,1.62059576612141,58.2662794303563,58.1361526171286,52.977280779573,58.1081136821421
1797,66.5,45.5,1679.72596578997,2104.92851418231,15738,28.4409030047044,7.16105282255367,0.251787111730214,-0.377810284407327,1.37475321880702,1.74521157605432,57.9962419261487,58.8566976433107,50.52686222832,58.757601792018
1798,67.5,45.5,1755.75741262113,2121.17710883339,15738,28.7084263534827,7.17833651816793,0.250042842118273,-0.333018390177075,1.35266153411,1.75511426184621,58.6364247487979,59.340563566764,50.565859789424,59.2425515426698
1799,68.5,45.5,1831.50162192591,2138.16457428182,15738,28.5481427762663,7.13410527573578,0.249897351699767,-0.359854945080825,1.35081885541512,1.72977199097047,56.9474326612866,57.5436649672622,50.0249366559023,57.4610115870587
1800,69.5,45.5,1906.94548842738,2155.890925565,15738,28.3959987983117,7.17279649347538,0.252598844802805,-0.385328672886006,1.38503405553952,1.75194010713798,54.8886294694742,55.8425323964376,48.48434658605,55.7455536242244
