new_event_id,event_id,date,v3_type,type,event_type,event_type_name,event_type_original,duration_days,day_index_in_event,canonical_daily_eps,canonical_daily_minpts_raw,canonical_daily_minpts_used,event_global_eps_max,event_global_minpts_max_raw,event_global_minpts_max_rounded,event_global_minpts_used,dbscan_avg_eps,dbscan_raw_avg_minpts,dbscan_rounded_minpts,day_final_n_clusters,day_n_noise_cells,day_n_clustered_cells,cluster_id,sigma,H_component_cells,E_ellipse_cells,interH_intersection_cells,union_cells,target_component_purity,same_day_hw_purity,containment,iou_jaccard,centroid_lon,centroid_lat,major_axis_km,minor_axis_km,ellipse_area_km2,orientation_deg,axis_ratio,eccentricity,pc1_vec_x,pc1_vec_y,pc2_vec_x,pc2_vec_y,centroid_x,centroid_y,x,y,lon,lat,area,axis1_len_km,axis2_len_km,ratio,L2_L1_ratio,ratio_L2_L1,orientation,eigval_major,eigval_minor,pc1_explained_var,pca_origin_lon_unweighted,pca_origin_lat_unweighted,centroid_lon_unweighted,centroid_lat_unweighted,centroid_lon_tmax_weighted,centroid_lat_tmax_weighted,tmax_weight_sum_c,tmax_min_c,tmax_max_c,tmax_mean_c,tmax_sd_c,centroid_displacement_km,centroid_displacement_bearing_deg,E_ellipse_cells_translated,interH_intersection_cells_translated,union_cells_translated,target_component_purity_translated,same_day_hw_purity_translated,containment_translated,iou_jaccard_translated
1,1,1983-07-13,2,Type 2,Type 2,Spatially clustered,Independent Simultaneous,1,1,2.631578947368421,7.578947368421052,8,2.631578947368421,7.578947368421052,8,8,2.631578947368421,7.578947368421052,8,4,13,367,0,1.25,125,56,56,125,44.8,100.0,44.8,44.8,31.05047508761103,21.39001819850779,1579.1582139443997,637.6797781914241,790893.7982339282,22.153130580415166,0.40380993656021097,0.9148429018882086,0.9261793584654122,0.3770832745596089,-0.3770832745596089,0.9261793584654122,31.05047508761103,21.39001819850779,31.05047508761103,21.39001819850779,31.05047508761103,21.39001819850779,790893.7982339282,1579.1582139443997,637.6797781914241,0.40380993656021097,0.40380993656021097,0.40380993656021097,22.153130580415166,398998.5063468907,65061.67992228221,0.8597990479524914,30.972,21.356,30.972,21.356,31.05047508761103,21.39001819850779,5265.403514862061,34.926361083984375,46.432029724121094,42.123228118896485,2.2848050271724687,8.967969882217886,65.15102889453833,56,56,125,44.8,100.0,44.8,44.8
1,1,1983-07-13,2,Type 2,Type 2,Spatially clustered,Independent Simultaneous,1,1,2.631578947368421,7.578947368421052,8,2.631578947368421,7.578947368421052,8,8,2.631578947368421,7.578947368421052,8,4,13,367,1,1.25,34,14,14,34,41.1764705882353,100.0,41.1764705882353,41.1764705882353,45.03410415656309,12.320740202907068,1097.8148276946818,296.89811765953687,255992.01440847176,10.313745588126324,0.27044462341886727,0.9627355325653183,0.9838421139371388,0.17903824966666188,-0.17903824966666188,0.9838421139371388,45.03410415656309,12.320740202907068,45.03410415656309,12.320740202907068,45.03410415656309,12.320740202907068,255992.01440847176,1097.8148276946818,296.89811765953687,0.27044462341886727,0.27044462341886727,0.27044462341886727,10.313745588126324,192831.58334500864,14103.758763164195,0.9318446108843427,45.35294117647059,12.382352941176471,45.35294117647059,12.382352941176471,45.03410415656309,12.320740202907068,1221.096393585205,27.562658309936523,43.28784942626953,35.91459981132956,4.62248159377059,35.34005927408956,258.91401066175735,14,14,34,41.1764705882353,100.0,41.1764705882353,41.1764705882353
1,1,1983-07-13,2,Type 2,Type 2,Spatially clustered,Independent Simultaneous,1,1,2.631578947368421,7.578947368421052,8,2.631578947368421,7.578947368421052,8,8,2.631578947368421,7.578947368421052,8,4,13,367,2,1.25,172,74,74,172,43.02325581395349,100.0,43.02325581395349,43.02325581395349,55.446508551209625,42.232104864704546,1373.172199635822,672.2542088515719,725017.373596548,11.00421815288422,0.489562932478432,0.8719679668102024,0.9816131333040214,0.19088126289675872,-0.19088126289675872,0.9816131333040214,55.446508551209625,42.232104864704546,55.446508551209625,42.232104864704546,55.446508551209625,42.232104864704546,725017.373596548,1373.172199635822,672.2542088515719,0.489562932478432,0.489562932478432,0.489562932478432,11.00421815288422,301696.3023764291,72308.11541098445,0.8066650767422624,54.81395348837209,42.127906976744185,54.81395348837209,42.127906976744185,55.446508551209625,42.232104864704546,6261.4061851501465,22.67152214050293,43.01753234863281,36.40352433226829,5.330706770654342,53.525869053865534,77.30001615645084,75,75,172,43.604651162790695,100.0,43.604651162790695,43.604651162790695
1,1,1983-07-13,2,Type 2,Type 2,Spatially clustered,Independent Simultaneous,1,1,2.631578947368421,7.578947368421052,8,2.631578947368421,7.578947368421052,8,8,2.631578947368421,7.578947368421052,8,4,13,367,3,1.25,36,17,17,36,47.22222222222222,100.0,47.22222222222222,47.22222222222222,46.68117614252466,30.989532814657984,582.4116282090763,367.4676377646188,168088.8927064788,99.14279897290857,0.6309414509710027,0.7758304489040152,-0.1588956043825028,0.9872953898949995,-0.9872953898949995,-0.1588956043825028,46.68117614252466,30.989532814657984,46.68117614252466,30.989532814657984,46.68117614252466,30.989532814657984,168088.8927064788,582.4116282090763,367.4676377646188,0.6309414509710027,0.6309414509710027,0.6309414509710027,99.14279897290857,54272.52874770356,21605.194368689456,0.7152630115752412,46.72222222222222,31.0,46.72222222222222,31.0,46.68117614252466,30.989532814657984,1665.9117012023926,36.993553161621094,50.85563659667969,46.275325033399795,3.347367451678802,4.088448154643454,253.52067928130344,17,17,36,47.22222222222222,100.0,47.22222222222222,47.22222222222222
2,2,1987-07-23,3,Type 3,Type 3,Temporally clustered,Back-to-Back,5,1,3.5217391304347827,8.347826086956522,8,3.5217391304347827,9.0,9,9,3.5217391304347827,9.0,9,1,9,381,0,1.25,381,159,159,381,41.732283464566926,100.0,41.732283464566926,41.732283464566926,34.155341651027406,30.88215545753578,2505.1645132683684,1659.9938317334368,3266123.5324480752,136.90038801393027,0.6626286708682945,0.7489480920219488,-0.7301669038164255,0.6832688289181169,-0.6832688289181169,-0.7301669038164255,34.155341651027406,30.88215545753578,34.155341651027406,30.88215545753578,34.155341651027406,30.88215545753578,3266123.5324480752,2505.1645132683684,1659.9938317334368,0.6626286708682945,0.6626286708682945,0.6626286708682945,136.90038801393027,1004135.8781662628,440892.7234228893,0.694889967618618,33.077427821522306,31.61023622047244,33.077427821522306,31.61023622047244,34.155341651027406,30.88215545753578,14610.435009002686,25.88983726501465,49.89308166503906,38.34759844882595,6.209568236652864,130.61131314410682,127.89317269350049,156,156,381,40.94488188976378,100.0,40.94488188976378,40.94488188976378
2,2,1987-07-24,3,Type 3,Type 3,Temporally clustered,Back-to-Back,5,2,3.2419354838709675,8.064516129032258,8,3.5217391304347827,9.0,9,9,3.5217391304347827,9.0,9,1,6,438,0,1.25,438,185,185,438,42.23744292237443,100.0,42.23744292237443,42.23744292237443,34.715571445340466,30.165043811399038,2493.6055094234052,1617.010596044172,3166871.8959954055,138.7852119426097,0.648462874313296,0.7612462811977071,-0.7522448758946448,0.6588836366842405,-0.6588836366842405,-0.7522448758946448,34.715571445340466,30.165043811399038,34.715571445340466,30.165043811399038,34.715571445340466,30.165043811399038,3166871.8959954055,2493.6055094234052,1617.010596044172,0.648462874313296,0.648462874313296,0.648462874313296,138.7852119426097,994890.9498602815,418355.7228350605,0.7039754411470341,33.6324200913242,30.91780821917808,33.6324200913242,30.91780821917808,34.715571445340466,30.165043811399038,16983.65556526184,25.823169708251953,50.34062194824219,38.77546932708183,6.339332496024199,133.2925631298948,128.48521242066408,181,181,438,41.32420091324201,100.0,41.32420091324201,41.32420091324201
2,2,1987-07-25,3,Type 3,Type 3,Temporally clustered,Back-to-Back,5,3,3.293103448275862,8.448275862068966,8,3.5217391304347827,9.0,9,9,3.5217391304347827,9.0,9,1,11,491,0,1.25,491,209,209,491,42.56619144602851,100.0,42.56619144602851,42.56619144602851,35.275562383416585,29.177030535174,2600.033405034763,1690.7962900434086,3452709.942445366,136.88298290596677,0.6502979103150417,0.7596792927544425,-0.7299593091568303,0.6834906048917446,-0.6834906048917446,-0.7299593091568303,35.275562383416585,29.177030535174,35.275562383416585,29.177030535174,35.275562383416585,29.177030535174,3452709.942445366,2600.033405034763,1690.7962900434086,0.6502979103150417,0.6502979103150417,0.6502979103150417,136.88298290596677,1081627.7931674663,457406.7351079287,0.7027963137250158,34.26985743380855,29.882892057026478,34.26985743380855,29.882892057026478,35.275562383416585,29.177030535174,19336.75952911377,25.3697509765625,49.79838180541992,39.382402299620715,6.121757081667859,125.00317111079531,128.49993239286096,208,208,491,42.36252545824847,100.0,42.36252545824847,42.36252545824847
2,2,1987-07-26,3,Type 3,Type 3,Temporally clustered,Back-to-Back,5,4,3.375,9.0,9,3.5217391304347827,9.0,9,9,3.5217391304347827,9.0,9,1,7,513,0,1.25,513,218,218,513,42.49512670565302,100.0,42.49512670565302,42.49512670565302,35.28637751421265,29.208110231243214,2581.3835173160687,1735.6504109214934,3518881.72269071,133.8224071278412,0.6723721598432201,0.7402132656658912,-0.6924253855939045,0.721489490834851,-0.721489490834851,-0.6924253855939045,35.28637751421265,29.208110231243214,35.28637751421265,29.208110231243214,35.28637751421265,29.208110231243214,3518881.72269071,2581.3835173160687,1735.6504109214934,0.6723721598432201,0.6723721598432201,0.6723721598432201,133.8224071278412,1066166.5381553725,481997.17582911183,0.6886652416180177,34.340155945419106,30.022417153996102,34.340155945419106,30.022417153996102,35.28637751421265,29.208110231243214,19922.960372924805,25.746601104736328,49.61457824707031,38.83618006418091,6.131626250073268,128.63237573937732,134.32912852975346,211,211,513,41.13060428849902,100.0,41.13060428849902,41.13060428849902
2,2,1987-07-27,3,Type 3,Type 3,Temporally clustered,Back-to-Back,5,5,3.189189189189189,7.567567567567567,8,3.5217391304347827,9.0,9,9,3.5217391304347827,9.0,9,1,3,504,0,1.25,504,222,222,504,44.04761904761905,100.0,44.04761904761905,44.04761904761905,36.10871272404261,29.16578693084553,2327.912962233907,2002.7136720302813,3661638.641401211,122.28250957679539,0.8603043603951762,0.509780744521649,-0.5340942952435913,0.8454249131580235,-0.8454249131580235,-0.5340942952435913,36.10871272404261,29.16578693084553,36.10871272404261,29.16578693084553,36.10871272404261,29.16578693084553,3661638.641401211,2327.912962233907,2002.7136720302813,0.8603043603951762,0.8603043603951762,0.8603043603951762,122.28250957679539,867068.6015578628,641737.9283419221,0.5746718246344372,35.38690476190476,30.081349206349206,35.38690476190476,30.081349206349206,36.10871272404261,29.16578693084553,19485.04691886902,21.283151626586914,50.163352966308594,38.66080737870837,6.281773431316648,123.23202847477505,145.26113550221476,217,217,504,43.05555555555556,100.0,43.05555555555556,43.05555555555556
3,3,1991-06-04,3,Type 3,Type 3,Temporally clustered,Back-to-Back,2,1,3.242857142857143,8.228571428571428,8,3.242857142857143,8.228571428571428,8,8,3.242857142857143,8.228571428571428,8,2,5,371,0,1.25,176,79,79,176,44.88636363636363,100.0,44.88636363636363,44.88636363636363,26.65588666559593,21.226201746430473,1297.442008099989,1001.4664033093302,1020502.8478161177,116.81287881569708,0.7718775845526277,0.6357711809017463,-0.4510781627183897,0.8924844486704527,-0.8924844486704527,-0.4510781627183897,26.65588666559593,21.226201746430473,26.65588666559593,21.226201746430473,26.65588666559593,21.226201746430473,1020502.8478161177,1297.442008099989,1001.4664033093302,0.7718775845526277,0.7718775845526277,0.7718775845526277,116.81287881569708,269336.9223012051,160469.5931131722,0.6266469042274448,26.619318181818183,21.238636363636363,26.619318181818183,21.238636363636363,26.65588666559593,21.226201746430473,7268.006446838379,35.898963928222656,45.138065338134766,41.29549117521806,1.667089316725973,4.038071629530396,109.92785543957419,79,79,176,44.88636363636363,100.0,44.88636363636363,44.88636363636363
3,3,1991-06-04,3,Type 3,Type 3,Temporally clustered,Back-to-Back,2,1,3.242857142857143,8.228571428571428,8,3.242857142857143,8.228571428571428,8,8,3.242857142857143,8.228571428571428,8,2,5,371,1,1.25,195,80,80,195,41.02564102564103,100.0,41.02564102564103,41.02564102564103,62.86702913919701,20.51692078997292,1662.8067193169134,1058.384933849718,1382214.0436230008,64.5864436873029,0.6365050859816744,0.7712725040603102,0.4291488525949468,0.9032337805443509,-0.9032337805443509,0.4291488525949468,62.86702913919701,20.51692078997292,62.86702913919701,20.51692078997292,62.86702913919701,20.51692078997292,1382214.0436230008,1662.8067193169134,1058.384933849718,0.6365050859816744,0.6365050859816744,0.6365050859816744,64.5864436873029,442388.1897288761,179228.58691201152,0.7116735042439932,62.725641025641025,19.71025641025641,62.725641025641025,19.71025641025641,62.86702913919701,20.51692078997292,6580.227390289307,28.99297523498535,48.44999313354492,33.74475584763747,5.8121565125002945,90.51800691106538,9.376581773986265,79,79,195,40.51282051282051,100.0,40.51282051282051,40.51282051282051
3,3,1991-06-05,3,Type 3,Type 3,Temporally clustered,Back-to-Back,2,2,3.073170731707317,7.804878048780488,8,3.242857142857143,8.228571428571428,8,8,3.242857142857143,8.228571428571428,8,2,1,373,0,1.25,169,88,88,169,52.071005917159766,100.0,52.071005917159766,52.071005917159766,27.369001758250544,20.515073923701475,1294.1821919494591,1069.4176296956932,1087007.7495094195,129.285378403005,0.8263269548507715,0.5631906992192353,-0.6331833718457464,0.7740018201645597,-0.7740018201645597,-0.6331833718457464,27.369001758250544,20.515073923701475,27.369001758250544,20.515073923701475,27.369001758250544,20.515073923701475,1087007.7495094195,1294.1821919494591,1069.4176296956932,0.8263269548507715,0.8263269548507715,0.8263269548507715,129.285378403005,267985.2073534571,182984.65067263276,0.5942419489551637,27.393491124260354,20.5,27.393491124260354,20.5,27.369001758250544,20.515073923701475,6948.977954864502,28.428956985473633,45.38054656982422,41.11821275067753,2.337801962129808,3.0512520780144285,303.1614611914177,88,88,169,52.071005917159766,100.0,52.071005917159766,52.071005917159766
3,3,1991-06-05,3,Type 3,Type 3,Temporally clustered,Back-to-Back,2,2,3.073170731707317,7.804878048780488,8,3.242857142857143,8.228571428571428,8,8,3.242857142857143,8.228571428571428,8,2,1,373,1,1.25,204,82,82,204,40.19607843137255,100.0,40.19607843137255,40.19607843137255,63.340648889103804,21.502542363022727,1767.1610185541563,1002.651380900532,1391604.9362851547,72.82753276487396,0.5673797522541972,0.8234562627923633,0.29524896894015273,0.9554203505995551,-0.9554203505995551,0.29524896894015273,63.340648889103804,21.502542363022727,63.340648889103804,21.502542363022727,63.340648889103804,21.502542363022727,1391604.9362851547,1767.1610185541563,1002.651380900532,0.5673797522541972,0.5673797522541972,0.5673797522541972,72.82753276487396,499657.2904795781,160849.566659479,0.756475553704032,63.17156862745098,20.54901960784314,63.17156862745098,20.54901960784314,63.340648889103804,21.502542363022727,7034.273378372192,29.04254150390625,49.422149658203125,34.48173224692251,6.355507759958889,107.02461157147896,9.42210266148789,81,81,204,39.705882352941174,100.0,39.705882352941174,39.705882352941174
4,4,1998-05-24,3,Type 3,Type 3,Temporally clustered,Back-to-Back,3,1,2.522727272727273,7.818181818181818,8,3.272727272727273,7.818181818181818,8,8,3.272727272727273,7.818181818181818,8,2,4,370,0,1.25,158,74,74,158,46.835443037974684,100.0,46.835443037974684,46.835443037974684,29.776947505980985,14.437650008881075,1684.6198648422933,699.81967001054,925929.5493782004,173.9412887267695,0.4154169641565126,0.9096311042895283,-0.9944142624112684,0.1055474997953668,-0.1055474997953668,-0.9944142624112684,29.776947505980985,14.437650008881075,29.776947505980985,14.437650008881075,29.776947505980985,14.437650008881075,925929.5493782004,1684.6198648422933,699.81967001054,0.4154169641565126,0.4154169641565126,0.4154169641565126,173.9412887267695,454071.0542434027,78359.61128538578,0.8528266376100591,29.930379746835442,14.386075949367088,29.930379746835442,14.386075949367088,29.776947505980985,14.437650008881075,6473.741298675537,27.1578426361084,45.07691192626953,40.97304619414897,3.5083245257847415,17.50229880883347,289.04720559199137,72,72,158,45.56962025316456,100.0,45.56962025316456,45.56962025316456
4,4,1998-05-24,3,Type 3,Type 3,Temporally clustered,Back-to-Back,3,1,2.522727272727273,7.818181818181818,8,3.272727272727273,7.818181818181818,8,8,3.272727272727273,7.818181818181818,8,2,4,370,1,1.25,212,96,96,212,45.283018867924525,100.0,45.283018867924525,45.283018867924525,62.09882411592492,17.632195034404848,1743.8426042451167,1186.5390874406085,1625096.7234224891,50.015120765648774,0.6804163888140831,0.7328257213234279,0.64258542270209,0.7662140526842198,-0.7662140526842198,0.64258542270209,62.09882411592492,17.632195034404848,62.09882411592492,17.632195034404848,62.09882411592492,17.632195034404848,1625096.7234224891,1743.8426042451167,1186.5390874406085,0.6804163888140831,0.6804163888140831,0.6804163888140831,50.015120765648774,486557.92454086256,225260.00096390268,0.6835426688585202,62.0,17.03301886792453,62.0,17.03301886792453,62.09882411592492,17.632195034404848,6953.206357955933,29.386823654174805,48.46710968017578,32.79814319790534,4.865793599300596,67.13942614057946,8.98679648941276,92,92,212,43.39622641509434,100.0,43.39622641509434,43.39622641509434
4,4,1998-05-25,3,Type 3,Type 3,Temporally clustered,Back-to-Back,3,2,3.023809523809524,7.452380952380952,7,3.272727272727273,7.818181818181818,8,8,3.272727272727273,7.818181818181818,8,2,4,374,0,1.25,157,75,75,157,47.77070063694268,100.0,47.77070063694268,47.77070063694268,30.041193869026472,14.707713340346661,1671.8542828753434,732.7568690752099,962162.0023783768,174.75114468076768,0.43828991352941116,0.8988336618631844,-0.9958067554362856,0.09148172400789986,-0.09148172400789986,-0.9958067554362856,30.041193869026472,14.707713340346661,30.041193869026472,14.707713340346661,30.041193869026472,14.707713340346661,962162.0023783768,1671.8542828753434,732.7568690752099,0.43828991352941116,0.43828991352941116,0.43828991352941116,174.75114468076768,447215.47890698054,85909.22066830468,0.8388571740593816,30.136942675159236,14.621019108280255,30.136942675159236,14.621019108280255,30.041193869026472,14.707713340346661,6505.987867355347,26.97218894958496,46.17732238769531,41.43941316786845,3.747221949231861,14.08493641792965,312.9366242825223,74,74,157,47.13375796178344,100.0,47.13375796178344,47.13375796178344
4,4,1998-05-25,3,Type 3,Type 3,Temporally clustered,Back-to-Back,3,2,3.023809523809524,7.452380952380952,7,3.272727272727273,7.818181818181818,8,8,3.272727272727273,7.818181818181818,8,2,4,374,1,1.25,217,89,89,217,41.013824884792626,100.0,41.013824884792626,41.013824884792626,61.6659049337068,18.033032868394308,1668.4977756505077,1240.4229077449656,1625493.7030477652,51.07144886174977,0.7434369561933364,0.6688060198338434,0.6283507870749245,0.7779301307844573,-0.7779301307844573,0.6283507870749245,61.6659049337068,18.033032868394308,61.6659049337068,18.033032868394308,61.6659049337068,18.033032868394308,1625493.7030477652,1668.4977756505077,1240.4229077449656,0.7434369561933364,0.7434369561933364,0.7434369561933364,51.07144886174977,445421.5723761107,246183.8384093561,0.6440400341435135,61.70276497695853,17.352534562211982,61.70276497695853,17.352534562211982,61.6659049337068,18.033032868394308,7320.763120651245,29.282140731811523,49.01560974121094,33.736235579037995,5.885728559779785,75.4168996953064,357.0334651747729,91,91,217,41.935483870967744,100.0,41.935483870967744,41.935483870967744
4,4,1998-05-26,3,Type 3,Type 3,Temporally clustered,Back-to-Back,3,3,3.272727272727273,7.363636363636363,7,3.272727272727273,7.818181818181818,8,8,3.272727272727273,7.818181818181818,8,2,4,367,0,1.25,147,71,71,147,48.29931972789116,100.0,48.29931972789116,48.29931972789116,29.17025410250766,15.146852413823988,1653.8526342795094,816.7890989596982,1060954.1688765753,172.27663718739635,0.49387054325763874,0.8695354429247866,-0.99092848339333,0.13439025559836898,-0.13439025559836898,-0.99092848339333,29.17025410250766,15.146852413823988,29.17025410250766,15.146852413823988,29.17025410250766,15.146852413823988,1060954.1688765753,1653.8526342795094,816.7890989596982,0.49387054325763874,0.49387054325763874,0.49387054325763874,172.27663718739635,437636.5657461236,106743.10914870331,0.8039179012895258,29.289115646258505,15.071428571428571,29.289115646258505,15.071428571428571,29.17025410250766,15.146852413823988,6015.435911178589,24.943403244018555,45.78345489501953,40.92133272910605,3.7720592304763785,15.261194125417205,303.16686023485016,70,70,147,47.61904761904762,100.0,47.61904761904762,47.61904761904762
4,4,1998-05-26,3,Type 3,Type 3,Temporally clustered,Back-to-Back,3,3,3.272727272727273,7.363636363636363,7,3.272727272727273,7.818181818181818,8,8,3.272727272727273,7.818181818181818,8,2,4,367,1,1.25,220,97,97,220,44.09090909090909,100.0,44.09090909090909,44.09090909090909,61.08328815619943,18.173961726234218,1626.1750953521823,1324.5840560681181,1691752.0450769467,44.55262860043584,0.8145396272848784,0.5801079171866312,0.712606333504279,0.7015641192717799,-0.7015641192717799,0.712606333504279,61.08328815619943,18.173961726234218,61.08328815619943,18.173961726234218,61.08328815619943,18.173961726234218,1691752.0450769467,1626.1750953521823,1324.5840560681181,0.8145396272848784,0.8145396272848784,0.8145396272848784,44.55262860043584,423111.2705189887,280723.6674543788,0.6011512752369205,61.263636363636365,17.454545454545453,61.263636363636365,17.454545454545453,61.08328815619943,18.173961726234218,7574.803424835205,29.144248962402344,48.82356643676758,34.430924658341844,6.3429509311699315,81.88711253036892,346.5249775813928,94,94,220,42.72727272727273,100.0,42.72727272727273,42.72727272727273
5,5,1998-08-01,4,Type 4,Type 4,Mixed,Mixed Multi-Day,11,1,3.25,8.0,8,3.34375,8.0,8,8,3.34375,8.0,8,2,3,431,0,1.25,306,155,154,307,50.326797385620914,99.35483870967742,50.1628664495114,50.1628664495114,31.843236411127688,35.954117877341396,2217.1985977516993,1635.54367875834,2848109.113559564,70.67558434904191,0.7376622375716937,0.6751699217683813,0.3309165478931739,0.9436600226408157,-0.9436600226408157,0.3309165478931739,31.843236411127688,35.954117877341396,31.843236411127688,35.954117877341396,31.843236411127688,35.954117877341396,2848109.113559564,2217.1985977516993,1635.54367875834,0.7376622375716937,0.7376622375716937,0.7376622375716937,70.67558434904191,786555.1394995362,428000.5000202183,0.6476073338316116,31.83986928104575,36.69281045751634,31.83986928104575,36.69281045751634,31.843236411127688,35.954117877341396,10062.769662857056,24.766359329223633,43.670867919921875,32.88486817927142,5.060828332829308,81.96958920707812,179.78766295776865,151,150,307,49.01960784313726,99.33774834437087,48.85993485342019,48.85993485342019
5,5,1998-08-01,4,Type 4,Type 4,Mixed,Mixed Multi-Day,11,1,3.25,8.0,8,3.34375,8.0,8,8,3.34375,8.0,8,2,3,431,1,1.25,125,57,57,125,45.6,100.0,45.6,45.6,47.176890349187396,25.792305329741936,1039.0994494998981,810.0384765684851,661077.9083610123,112.10307486940766,0.7795581808443297,0.6263298194072189,-0.3762739862345637,0.9265084388623513,-0.9265084388623513,-0.3762739862345637,47.176890349187396,25.792305329741936,47.176890349187396,25.792305329741936,47.176890349187396,25.792305329741936,661077.9083610123,1039.0994494998981,810.0384765684851,0.7795581808443297,0.7795581808443297,0.7795581808443297,112.10307486940766,172756.4265521586,104985.97336342275,0.622002353996607,47.244,25.772,47.244,25.772,47.176890349187396,25.792305329741936,5493.4831466674805,34.982826232910156,49.17113494873047,43.94786517333984,3.2853539062097736,7.097147568200923,288.49383193618473,57,57,125,45.6,100.0,45.6,45.6
5,5,1998-08-02,4,Type 4,Type 4,Mixed,Mixed Multi-Day,11,2,3.34375,7.6875,8,3.34375,8.0,8,8,3.34375,8.0,8,1,2,536,0,1.25,536,208,208,536,38.80597014925373,100.0,38.80597014925373,38.80597014925373,36.35417728781264,32.47933928430957,2448.005001388641,1856.593721650396,3569595.9451937084,131.39247421542228,0.7584109185223213,0.6517767092080913,-0.6612133327404888,0.7501979262876002,-0.7501979262876002,-0.6612133327404888,36.35417728781264,32.47933928430957,36.35417728781264,32.47933928430957,36.35417728781264,32.47933928430957,3569595.9451937084,2448.005001388641,1856.593721650396,0.7584109185223213,0.7584109185223213,0.7584109185223213,131.39247421542228,958836.5578918082,551510.4395634668,0.6348452107411837,35.600746268656714,33.46641791044776,35.600746268656714,33.46641791044776,36.35417728781264,32.47933928430957,19417.93981361389,20.82699203491211,49.10535430908203,36.227499652264726,6.528808903112493,130.17015600685585,147.0376099032465,203,203,536,37.87313432835821,100.0,37.87313432835821,37.87313432835821
5,5,1998-08-03,4,Type 4,Type 4,Mixed,Mixed Multi-Day,11,3,3.1578947368421053,7.657894736842105,8,3.34375,8.0,8,8,3.34375,8.0,8,1,3,604,0,1.25,604,248,248,604,41.05960264900662,100.0,41.05960264900662,41.05960264900662,36.4058103767787,31.74247621024345,2534.4136287527253,1816.3455649787854,3615479.0930282613,126.72939489066904,0.7166728999451732,0.6974094597036777,-0.5980364093803936,0.8014689345541761,-0.8014689345541761,-0.5980364093803936,36.4058103767787,31.74247621024345,36.4058103767787,31.74247621024345,36.4058103767787,31.74247621024345,3615479.0930282613,2534.4136287527253,1816.3455649787854,0.7166728999451732,0.7166728999451732,0.7166728999451732,126.72939489066904,1027720.3906572093,527857.7938268966,0.6606677831484529,35.688741721854306,32.63576158940398,35.688741721854306,32.63576158940398,36.4058103767787,31.74247621024345,22159.263803482056,19.233551025390625,49.41741180419922,36.68752285344711,6.4815000957555124,119.93438004821654,145.48989882064478,240,240,604,39.735099337748345,100.0,39.735099337748345,39.735099337748345
5,5,1998-08-04,4,Type 4,Type 4,Mixed,Mixed Multi-Day,11,4,3.141025641025641,7.743589743589744,8,3.34375,8.0,8,8,3.34375,8.0,8,1,2,580,0,1.25,580,245,245,580,42.241379310344826,100.0,42.241379310344826,42.241379310344826,36.20478344429391,32.02180485041656,2536.2449017485246,1831.9959149620158,3649266.40753449,125.51574629303407,0.7223261104237256,0.6915525939508373,-0.5809266727975384,0.8139558961223771,-0.8139558961223771,-0.5809266727975384,36.20478344429391,32.02180485041656,36.20478344429391,32.02180485041656,36.20478344429391,32.02180485041656,3649266.40753449,2536.2449017485246,1831.9959149620158,0.7223261104237256,0.7223261104237256,0.7223261104237256,125.51574629303407,1029206.1122632615,536993.4451900022,0.6571359999212448,35.536206896551725,32.87931034482759,35.536206896551725,32.87931034482759,36.20478344429391,32.02180485041656,21176.273530960083,20.706363677978516,49.18354415893555,36.5108164326898,6.326948067641677,113.99334277859076,146.35175638271917,236,236,580,40.689655172413794,100.0,40.689655172413794,40.689655172413794
5,5,1998-08-05,4,Type 4,Type 4,Mixed,Mixed Multi-Day,11,5,3.141025641025641,7.743589743589744,8,3.34375,8.0,8,8,3.34375,8.0,8,1,2,553,0,1.25,553,233,233,553,42.13381555153707,100.0,42.13381555153707,42.13381555153707,36.88051891932417,32.21192926369727,2528.74674132265,1864.7834379966546,3703596.123451647,124.19146964550598,0.7374338471796854,0.6754193667890849,-0.5619602335741936,0.8271642496392344,-0.8271642496392344,-0.5619602335741936,36.88051891932417,32.21192926369727,36.88051891932417,32.21192926369727,36.88051891932417,32.21192926369727,3703596.123451647,2528.74674132265,1864.7834379966546,0.7374338471796854,0.7374338471796854,0.7374338471796854,124.19146964550598,1023129.6130799875,556386.7633002596,0.6477486579940865,36.17811934900543,33.096745027124776,36.17811934900543,33.096745027124776,36.88051891932417,32.21192926369727,19986.33136367798,19.87987518310547,48.50526809692383,36.14164803558405,6.438776691011046,118.19705766978882,145.92629257887063,224,224,553,40.50632911392405,100.0,40.50632911392405,40.50632911392405
5,5,1998-08-06,4,Type 4,Type 4,Mixed,Mixed Multi-Day,11,6,3.128205128205128,7.871794871794871,8,3.34375,8.0,8,8,3.34375,8.0,8,1,1,527,0,1.25,527,216,216,527,40.98671726755218,100.0,40.98671726755218,40.98671726755218,38.69243149846711,31.59847326657092,2448.0317775690546,1853.8804967727858,3564418.3270001058,123.47298957218783,0.7572942940363817,0.6530737724177401,-0.5515438127932135,0.834145924026201,-0.834145924026201,-0.5515438127932135,38.69243149846711,31.59847326657092,38.69243149846711,31.59847326657092,38.69243149846711,31.59847326657092,3564418.3270001058,2448.0317775690546,1853.8804967727858,0.7572942940363817,0.7572942940363817,0.7572942940363817,123.47298957218783,958857.5334380647,549899.6634103218,0.6355280594127429,37.83965844402277,32.48671726755218,37.83965844402277,32.48671726755218,38.69243149846711,31.59847326657092,19146.693841934204,21.71292495727539,49.13978958129883,36.33148736609906,6.7922218187132275,127.23331109318671,140.49857773289597,204,204,527,38.70967741935484,100.0,38.70967741935484,38.70967741935484
5,5,1998-08-07,4,Type 4,Type 4,Mixed,Mixed Multi-Day,11,7,3.0609756097560976,7.829268292682927,8,3.34375,8.0,8,8,3.34375,8.0,8,3,1,452,0,1.25,392,167,167,392,42.60204081632653,100.0,42.60204081632653,42.60204081632653,38.85545662109036,28.110581414312428,2446.8790185079183,1289.371152092331,2477880.3267379995,146.2444179574801,0.5269451993088633,0.8498992628102122,-0.8314154819150321,0.5556512363272442,-0.5556512363272442,-0.8314154819150321,38.85545662109036,28.110581414312428,38.85545662109036,28.110581414312428,38.85545662109036,28.110581414312428,2477880.3267379995,2446.8790185079183,1289.371152092331,0.5269451993088633,0.5269451993088633,0.5269451993088633,146.2444179574801,957954.7089942838,265996.47485566477,0.7826739510811448,37.76020408163265,28.56122448979592,37.76020408163265,28.56122448979592,38.85545662109036,28.110581414312428,15074.3076877594,25.957622528076172,48.79407501220703,38.45486655040663,6.517863740033406,118.43894234443812,114.67939850995447,172,172,392,43.87755102040816,100.0,43.87755102040816,43.87755102040816
5,5,1998-08-07,4,Type 4,Type 4,Mixed,Mixed Multi-Day,11,7,3.0609756097560976,7.829268292682927,8,3.34375,8.0,8,8,3.34375,8.0,8,3,1,452,1,1.25,19,10,10,19,52.63157894736842,100.0,52.63157894736842,52.63157894736842,36.95622249949766,42.82160164250247,472.50060840858276,217.33246299995753,80652.3182688105,171.15927451320778,0.4599622923914309,0.8879384492058106,-0.9881193904263372,0.1536882242186554,-0.1536882242186554,-0.9881193904263372,36.95622249949766,42.82160164250247,36.95622249949766,42.82160164250247,36.95622249949766,42.82160164250247,80652.3182688105,472.50060840858276,217.33246299995753,0.4599622923914309,0.4599622923914309,0.4599622923914309,171.15927451320778,35721.09199143694,7557.343915780465,0.8253785341969775,36.921052631578945,42.81578947368421,36.921052631578945,42.81578947368421,36.95622249949766,42.82160164250247,509.1513481140137,25.498519897460938,28.075183868408203,26.79743937442177,0.6449170442812798,2.947783826190141,77.33566060716,10,10,19,52.63157894736842,100.0,52.63157894736842,52.63157894736842
5,5,1998-08-07,4,Type 4,Type 4,Mixed,Mixed Multi-Day,11,7,3.0609756097560976,7.829268292682927,8,3.34375,8.0,8,8,3.34375,8.0,8,3,1,452,2,1.25,41,18,18,41,43.90243902439025,100.0,43.90243902439025,43.90243902439025,49.59804277226645,41.435564400658514,735.2039963448442,311.71179796804495,179991.0790719367,106.24258776718544,0.42398001033421734,0.9056715468849604,-0.2797048120873305,0.9600860472349294,-0.9600860472349294,-0.2797048120873305,49.59804277226645,41.435564400658514,49.59804277226645,41.435564400658514,49.59804277226645,41.435564400658514,179991.0790719367,735.2039963448442,311.71179796804495,0.42398001033421734,0.42398001033421734,0.42398001033421734,106.24258776718544,86483.98659862875,15546.279198795404,0.8476307096007988,49.646341463414636,41.426829268292686,49.646341463414636,41.426829268292686,49.59804277226645,41.435564400658514,1295.8908405303955,25.64040184020996,38.196990966796875,31.607093671473063,2.180664613129412,4.151953382290979,283.52859884820725,19,19,41,46.34146341463415,100.0,46.34146341463415,46.34146341463415
5,5,1998-08-08,4,Type 4,Type 4,Mixed,Mixed Multi-Day,11,8,2.9875,7.875,8,3.34375,8.0,8,8,3.34375,8.0,8,2,4,424,0,1.25,403,170,170,403,42.18362282878412,100.0,42.18362282878412,42.18362282878412,39.76973575317651,27.829777969571523,2369.0969109144567,1190.0136349435656,2214239.7619901905,148.8311599344705,0.5023068619359382,0.8646894335263213,-0.8556458592495183,0.5175617485374605,-0.5175617485374605,-0.8556458592495183,39.76973575317651,27.829777969571523,39.76973575317651,27.829777969571523,39.76973575317651,27.829777969571523,2214239.7619901905,2369.0969109144567,1190.0136349435656,0.5023068619359382,0.5023068619359382,0.5023068619359382,148.8311599344705,898019.2277287074,226581.1922162557,0.7985229347261454,38.85732009925558,28.15260545905707,38.85732009925558,28.15260545905707,39.76973575317651,27.829777969571523,15706.360292434692,27.142972946166992,48.478294372558594,38.973598740532736,6.053327023151292,96.6210547626263,111.51738433428861,170,170,403,42.18362282878412,100.0,42.18362282878412,42.18362282878412
5,5,1998-08-08,4,Type 4,Type 4,Mixed,Mixed Multi-Day,11,8,2.9875,7.875,8,3.34375,8.0,8,8,3.34375,8.0,8,2,4,424,1,1.25,21,9,9,21,42.857142857142854,100.0,42.857142857142854,42.857142857142854,50.88927738247682,39.80837841454539,620.7953825824211,234.22762142016222,114202.72520764759,109.78617146792388,0.37730245422542996,0.9260900917488899,-0.33851082559439044,0.9409624971035797,-0.9409624971035797,-0.33851082559439044,50.88927738247682,39.80837841454539,50.88927738247682,39.80837841454539,50.88927738247682,39.80837841454539,114202.72520764759,620.7953825824211,234.22762142016222,0.37730245422542996,0.37730245422542996,0.37730245422542996,109.78617146792388,61661.90512570473,8778.012581783492,0.8753829807377765,50.833333333333336,39.88095238095238,50.833333333333336,39.88095238095238,50.88927738247682,39.80837841454539,615.2014122009277,25.97357940673828,31.79817771911621,29.295305342901322,1.358568406130542,9.373218831170766,149.26320061551965,10,10,21,47.61904761904762,100.0,47.61904761904762,47.61904761904762
5,5,1998-08-09,4,Type 4,Type 4,Mixed,Mixed Multi-Day,11,9,2.844444444444445,7.888888888888889,8,3.34375,8.0,8,8,3.34375,8.0,8,2,4,430,0,1.25,409,177,177,409,43.27628361858191,100.0,43.27628361858191,43.27628361858191,39.40555351988267,27.804056406527984,2334.878763964851,1221.7815977067912,2240514.6922152857,151.85691516341024,0.523274105946335,0.8521644266490263,-0.8817724287793218,0.4716750829168484,-0.4716750829168484,-0.8817724287793218,39.40555351988267,27.804056406527984,39.40555351988267,27.804056406527984,39.40555351988267,27.804056406527984,2240514.6922152857,2334.878763964851,1221.7815977067912,0.523274105946335,0.523274105946335,0.523274105946335,151.85691516341024,872265.4147862449,238840.04359919357,0.7850428671763928,38.580684596577015,28.094132029339853,38.580684596577015,28.094132029339853,39.40555351988267,27.804056406527984,15936.280696868896,26.698759078979492,48.79649353027344,38.96401148378703,5.947092897833493,87.30680009016913,111.41049742249912,177,177,409,43.27628361858191,100.0,43.27628361858191,43.27628361858191
5,5,1998-08-09,4,Type 4,Type 4,Mixed,Mixed Multi-Day,11,9,2.844444444444445,7.888888888888889,8,3.34375,8.0,8,8,3.34375,8.0,8,2,4,430,1,1.25,21,9,9,21,42.857142857142854,100.0,42.857142857142854,42.857142857142854,50.86882297787124,39.872071650639064,620.7953825824211,234.22762142016222,114202.72520764759,109.78617146792388,0.37730245422542996,0.9260900917488899,-0.33851082559439044,0.9409624971035797,-0.9409624971035797,-0.33851082559439044,50.86882297787124,39.872071650639064,50.86882297787124,39.872071650639064,50.86882297787124,39.872071650639064,114202.72520764759,620.7953825824211,234.22762142016222,0.37730245422542996,0.37730245422542996,0.37730245422542996,109.78617146792388,61661.90512570473,8778.012581783492,0.8753829807377765,50.833333333333336,39.88095238095238,50.833333333333336,39.88095238095238,50.86882297787124,39.872071650639064,599.085807800293,25.965024948120117,32.06658935546875,28.52789560953776,1.1242594190368624,3.1921603630928663,107.9813709955841,9,9,21,42.857142857142854,100.0,42.857142857142854,42.857142857142854
5,5,1998-08-10,4,Type 4,Type 4,Mixed,Mixed Multi-Day,11,10,2.9148936170212765,7.638297872340425,8,3.34375,8.0,8,8,3.34375,8.0,8,2,3,441,0,1.25,423,186,186,423,43.97163120567376,100.0,43.97163120567376,43.97163120567376,39.9213363045259,27.694433788084346,2312.6314057246627,1270.7837793244478,2308170.909475237,153.6299052650381,0.5494968961239406,0.8354957577092509,-0.8959437134800246,0.4441676060628732,-0.4441676060628732,-0.8959437134800246,39.9213363045259,27.694433788084346,39.9213363045259,27.694433788084346,39.9213363045259,27.694433788084346,2308170.909475237,2312.6314057246627,1270.7837793244478,0.5494968961239406,0.5494968961239406,0.5494968961239406,153.6299052650381,855722.2429990447,258382.62620706033,0.7680805161625582,39.086288416075654,27.97517730496454,39.086288416075654,27.97517730496454,39.9213363045259,27.694433788084346,16633.5887298584,26.63331413269043,49.205108642578125,39.32290479871962,6.131257925124109,87.94800235089939,110.52111714206269,186,186,423,43.97163120567376,100.0,43.97163120567376,43.97163120567376
5,5,1998-08-10,4,Type 4,Type 4,Mixed,Mixed Multi-Day,11,10,2.9148936170212765,7.638297872340425,8,3.34375,8.0,8,8,3.34375,8.0,8,2,3,441,1,1.25,18,10,10,18,55.55555555555556,100.0,55.55555555555556,55.55555555555556,51.104168333992156,39.28944684773325,512.1780333918247,249.19193265249643,100240.8655392581,111.26369940652694,0.4865338152092526,0.8736617461340108,-0.3626608707695687,0.9319211837986398,-0.9319211837986398,-0.3626608707695687,51.104168333992156,39.28944684773325,51.104168333992156,39.28944684773325,51.104168333992156,39.28944684773325,100240.8655392581,512.1780333918247,249.19193265249643,0.4865338152092526,0.4865338152092526,0.4865338152092526,111.26369940652694,41972.21406225873,9935.45908785381,0.8085936339484663,51.05555555555556,39.333333333333336,51.05555555555556,39.333333333333336,51.104168333992156,39.28944684773325,542.473934173584,28.028165817260742,32.45154571533203,30.137440787421333,1.1965164765818772,6.427895581490397,139.2727334194215,9,9,18,50.0,100.0,50.0,50.0
5,5,1998-08-11,4,Type 4,Type 4,Mixed,Mixed Multi-Day,11,11,3.2222222222222223,7.611111111111111,8,3.34375,8.0,8,8,3.34375,8.0,8,2,0,412,0,1.25,399,176,176,399,44.11027568922306,100.0,44.11027568922306,44.11027568922306,41.126125203646914,27.140672364112238,2271.7046167328244,1358.3482113415985,2423554.8727614577,152.96794337013392,0.5979422682580893,0.8015391717379576,-0.8907523799024605,0.45448894122750966,-0.45448894122750966,-0.8907523799024605,41.126125203646914,27.140672364112238,41.126125203646914,27.140672364112238,41.126125203646914,27.140672364112238,2423554.8727614577,2271.7046167328244,1358.3482113415985,0.5979422682580893,0.5979422682580893,0.5979422682580893,152.96794337013392,825702.6985096366,295217.5781207872,0.7366292819608591,40.33458646616541,27.357142857142858,40.33458646616541,27.357142857142858,41.126125203646914,27.140672364112238,15858.997964859009,26.72128677368164,51.12932586669922,39.74686206731581,6.008972436503454,81.97787099801195,106.8320279833798,179,179,399,44.86215538847118,100.0,44.86215538847118,44.86215538847118
5,5,1998-08-11,4,Type 4,Type 4,Mixed,Mixed Multi-Day,11,11,3.2222222222222223,7.611111111111111,8,3.34375,8.0,8,8,3.34375,8.0,8,2,0,412,1,1.25,13,7,7,13,53.84615384615385,100.0,53.84615384615385,53.84615384615385,51.60950068433424,38.70959128487251,348.3412049199961,248.41745531895668,67963.67271719004,106.40745354686628,0.7131440432836851,0.7010175272623342,-0.2824662505855706,0.959277236923784,-0.959277236923784,-0.2824662505855706,51.60950068433424,38.70959128487251,51.60950068433424,38.70959128487251,51.60950068433424,38.70959128487251,67963.67271719004,348.3412049199961,248.41745531895668,0.7131440432836851,0.7131440432836851,0.7131440432836851,106.40745354686628,19414.655207218348,9873.797137143334,0.662877470579488,51.57692307692308,38.73076923076923,51.57692307692308,38.73076923076923,51.60950068433424,38.70959128487251,389.94311141967773,28.602336883544922,32.09407424926758,29.995623955359825,0.9883628289989196,3.6815561624109563,129.6757995027505,7,7,13,53.84615384615385,100.0,53.84615384615385,53.84615384615385
6,6,1999-08-18,4,Type 4,Type 4,Mixed,Mixed Multi-Day,5,1,2.759259259259259,7.0,7,3.571428571428572,7.846153846153846,8,8,3.571428571428572,7.846153846153846,8,4,4,422,0,1.25,338,134,134,338,39.64497041420118,100.0,39.64497041420118,39.64497041420118,36.436754343710064,37.4873777979399,2003.739404401756,1204.4821074938702,1895533.5393579432,1.163316664549626,0.6011171437003731,0.7991609221862046,0.9997938868413547,0.020302311066879197,-0.020302311066879197,0.9997938868413547,36.436754343710064,37.4873777979399,36.436754343710064,37.4873777979399,36.436754343710064,37.4873777979399,1895533.5393579432,2003.739404401756,1204.4821074938702,0.6011171437003731,0.6011171437003731,0.6011171437003731,1.163316664549626,642395.4561203686,232124.34356366005,0.7345693675002801,35.73372781065089,37.89349112426036,35.73372781065089,37.89349112426036,36.436754343710064,37.4873777979399,11177.90587234497,21.884599685668945,49.24928283691406,33.070727432973285,6.15334992401881,76.65876829422271,125.79913381327927,133,133,338,39.349112426035504,100.0,39.349112426035504,39.349112426035504
6,6,1999-08-18,4,Type 4,Type 4,Mixed,Mixed Multi-Day,5,1,2.759259259259259,7.0,7,3.571428571428572,7.846153846153846,8,8,3.571428571428572,7.846153846153846,8,4,4,422,1,1.25,9,4,4,9,44.44444444444444,100.0,44.44444444444444,44.44444444444444,36.86062157997889,24.371360011592984,408.6510330293789,142.7034850804681,45801.22164455371,123.16446046307846,0.3492062262086802,0.937045896195641,-0.547044088401866,0.8371037960399961,-0.8371037960399961,-0.547044088401866,36.86062157997889,24.371360011592984,36.86062157997889,24.371360011592984,36.86062157997889,24.371360011592984,45801.22164455371,408.6510330293789,142.7034850804681,0.3492062262086802,0.3492062262086802,0.3492062262086802,123.16446046307846,26719.306687356566,3258.2855446578224,0.8913092979769685,36.833333333333336,24.38888888888889,36.833333333333336,24.38888888888889,36.86062157997889,24.371360011592984,298.88477516174316,31.712596893310547,35.46982192993164,33.20941946241591,1.1679282232973862,3.381385676028043,125.03742230395659,4,4,9,44.44444444444444,100.0,44.44444444444444,44.44444444444444
6,6,1999-08-18,4,Type 4,Type 4,Mixed,Mixed Multi-Day,5,1,2.759259259259259,7.0,7,3.571428571428572,7.846153846153846,8,8,3.571428571428572,7.846153846153846,8,4,4,422,2,1.25,32,16,16,32,50.0,100.0,50.0,50.0,50.20285818094221,23.762297472165887,907.6616691258714,341.61442367753176,243528.65827546734,35.4567601071206,0.37636757758705996,0.9264704239970364,0.8145535305141571,0.5800883949252236,-0.5800883949252236,0.8145535305141571,50.20285818094221,23.762297472165887,50.20285818094221,23.762297472165887,50.20285818094221,23.762297472165887,243528.65827546734,907.6616691258714,341.61442367753176,0.37636757758705996,0.37636757758705996,0.37636757758705996,35.4567601071206,131815.95289605804,18672.066314325144,0.875923236864315,50.40625,23.9375,50.40625,23.9375,50.20285818094221,23.762297472165887,1341.8486633300781,34.995948791503906,46.502044677734375,41.93277072906494,4.405867006796946,28.387275331448933,226.91778985162426,14,14,32,43.75,100.0,43.75,43.75
6,6,1999-08-18,4,Type 4,Type 4,Mixed,Mixed Multi-Day,5,1,2.759259259259259,7.0,7,3.571428571428572,7.846153846153846,8,8,3.571428571428572,7.846153846153846,8,4,4,422,3,1.25,43,18,18,43,41.86046511627907,100.0,41.86046511627907,41.86046511627907,65.28595217874003,43.364958392842446,492.42130109020167,406.9363361032242,157381.31988863865,24.743799980246337,0.8263987264610263,0.5630853797636677,0.9081884719957171,0.41856146422489104,-0.41856146422489104,0.9081884719957171,65.28595217874003,43.364958392842446,65.28595217874003,43.364958392842446,65.28595217874003,43.364958392842446,157381.31988863865,492.42130109020167,406.9363361032242,0.8263987264610263,0.8263987264610263,0.8263987264610263,24.743799980246337,38796.59804277873,26495.549062578604,0.5942000648282464,65.29069767441861,43.383720930232556,65.29069767441861,43.383720930232556,65.28595217874003,43.364958392842446,1723.7494277954102,38.32268524169922,42.249473571777344,40.0871959952421,0.9615836622849703,2.1197006291663336,190.45517977523838,19,19,43,44.18604651162791,100.0,44.18604651162791,44.18604651162791
6,6,1999-08-19,4,Type 4,Type 4,Mixed,Mixed Multi-Day,5,2,3.571428571428572,7.571428571428571,8,3.571428571428572,7.846153846153846,8,8,3.571428571428572,7.846153846153846,8,3,0,500,0,1.25,439,204,204,439,46.46924829157175,100.0,46.46924829157175,46.46924829157175,36.369756709471496,36.370257781427,1984.49127509792,1590.9979835504346,2479754.599289447,8.098862724948788,0.8017157865669783,0.5977054438176813,0.9900264542974353,0.14088158073803747,-0.14088158073803747,0.9900264542974353,36.369756709471496,36.370257781427,36.369756709471496,36.370257781427,36.369756709471496,36.370257781427,2479754.599289447,1984.49127509792,1590.9979835504346,0.8017157865669783,0.8017157865669783,0.8017157865669783,8.098862724948788,630112.899350363,405003.9333858478,0.6087360184113062,35.77107061503417,36.916856492027335,35.77107061503417,36.916856492027335,36.369756709471496,36.370257781427,15038.681257247925,21.783679962158203,49.72142028808594,34.256677123571585,6.446163530714788,80.90393932461411,138.3881523532878,197,197,439,44.874715261959,100.0,44.874715261959,44.874715261959
6,6,1999-08-19,4,Type 4,Type 4,Mixed,Mixed Multi-Day,5,2,3.571428571428572,7.571428571428571,8,3.571428571428572,7.846153846153846,8,8,3.571428571428572,7.846153846153846,8,3,0,500,1,1.25,18,10,10,18,55.55555555555556,100.0,55.55555555555556,55.55555555555556,52.027840751865924,25.26348954469391,572.4485918670402,312.640551967993,140563.21489122315,26.28646003078535,0.5461460756647445,0.8376899569864731,0.8965911106238275,0.44285932343164197,-0.44285932343164197,0.8965911106238275,52.027840751865924,25.26348954469391,52.027840751865924,25.26348954469391,52.027840751865924,25.26348954469391,140563.21489122315,572.4485918670402,312.640551967993,0.5461460756647445,0.5461460756647445,0.5461460756647445,26.28646003078535,52431.58245288915,15639.058357576214,0.7702525175116051,52.166666666666664,25.38888888888889,52.166666666666664,25.38888888888889,52.027840751865924,25.26348954469391,706.6639289855957,35.03746032714844,46.216312408447266,39.259107165866425,4.421772542987101,19.706251703125375,225.20611605835848,11,11,18,61.111111111111114,100.0,61.111111111111114,61.111111111111114
6,6,1999-08-19,4,Type 4,Type 4,Mixed,Mixed Multi-Day,5,2,3.571428571428572,7.571428571428571,8,3.571428571428572,7.846153846153846,8,8,3.571428571428572,7.846153846153846,8,3,0,500,2,1.25,43,18,18,43,41.86046511627907,100.0,41.86046511627907,41.86046511627907,65.23968325194552,43.35808770222461,492.42130109020167,406.9363361032242,157381.31988863865,24.743799980246337,0.8263987264610263,0.5630853797636677,0.9081884719957171,0.41856146422489104,-0.41856146422489104,0.9081884719957171,65.23968325194552,43.35808770222461,65.23968325194552,43.35808770222461,65.23968325194552,43.35808770222461,157381.31988863865,492.42130109020167,406.9363361032242,0.8263987264610263,0.8263987264610263,0.8263987264610263,24.743799980246337,38796.59804277873,26495.549062578604,0.5942000648282464,65.29069767441861,43.383720930232556,65.29069767441861,43.383720930232556,65.23968325194552,43.35808770222461,1742.3676261901855,37.454219818115234,42.2130241394043,40.52017735326013,1.2724205504567054,5.020522044588212,235.4593972434223,19,19,43,44.18604651162791,100.0,44.18604651162791,44.18604651162791
6,6,1999-08-20,4,Type 4,Type 4,Mixed,Mixed Multi-Day,5,3,3.54,7.72,8,3.571428571428572,7.846153846153846,8,8,3.571428571428572,7.846153846153846,8,2,1,519,0,1.25,476,222,222,476,46.63865546218487,100.0,46.63865546218487,46.63865546218487,36.86996528046988,35.358391546361084,2055.2668837488745,1725.1314754223968,2784712.119733905,167.08893375461184,0.8393710272194432,0.5435589008236151,-0.974718056943054,0.2234383795795995,-0.2234383795795995,-0.974718056943054,36.86996528046988,35.358391546361084,36.86996528046988,35.358391546361084,36.86996528046988,35.358391546361084,2784712.119733905,2055.2668837488745,1725.1314754223968,0.8393710272194432,0.8393710272194432,0.8393710272194432,167.08893375461184,675859.5141495694,476172.5771988889,0.5866672631996502,36.26890756302521,36.03361344537815,36.26890756302521,36.03361344537815,36.86996528046988,35.358391546361084,16598.303142547607,21.247821807861328,49.86648941040039,34.87038475325128,6.580935024142808,92.58553077539173,143.83946618382734,212,212,476,44.53781512605042,100.0,44.53781512605042,44.53781512605042
6,6,1999-08-20,4,Type 4,Type 4,Mixed,Mixed Multi-Day,5,3,3.54,7.72,8,3.571428571428572,7.846153846153846,8,8,3.571428571428572,7.846153846153846,8,2,1,519,1,1.25,43,18,18,43,41.86046511627907,100.0,41.86046511627907,41.86046511627907,65.27719049488609,43.35909451354572,492.42130109020167,406.9363361032242,157381.31988863865,24.743799980246337,0.8263987264610263,0.5630853797636677,0.9081884719957171,0.41856146422489104,-0.41856146422489104,0.9081884719957171,65.27719049488609,43.35909451354572,65.27719049488609,43.35909451354572,65.27719049488609,43.35909451354572,157381.31988863865,492.42130109020167,406.9363361032242,0.8263987264610263,0.8263987264610263,0.8263987264610263,24.743799980246337,38796.59804277873,26495.549062578604,0.5942000648282464,65.29069767441861,43.383720930232556,65.29069767441861,43.383720930232556,65.27719049488609,43.35909451354572,1726.4128036499023,37.88683319091797,42.24287033081055,40.14913496860238,1.019418898736914,2.946879998839064,201.81207251017838,19,19,43,44.18604651162791,100.0,44.18604651162791,44.18604651162791
6,6,1999-08-21,4,Type 4,Type 4,Mixed,Mixed Multi-Day,5,4,3.519230769230769,7.846153846153846,8,3.571428571428572,7.846153846153846,8,8,3.571428571428572,7.846153846153846,8,1,3,484,0,1.25,484,222,222,484,45.86776859504132,100.0,45.86776859504132,45.86776859504132,36.987140671795956,35.14263229497727,2046.5305167831211,1774.6479867002633,2852465.018344411,177.05709741284562,0.8671495353461811,0.4980478725473106,-0.9986811936438718,0.051340758292525476,-0.051340758292525476,-0.9986811936438718,36.987140671795956,35.14263229497727,36.987140671795956,35.14263229497727,36.987140671795956,35.14263229497727,2852465.018344411,2046.5305167831211,1774.6479867002633,0.8671495353461811,0.8671495353461811,0.8671495353461811,177.05709741284562,670125.9449799344,503900.07627188775,0.5707930938919079,36.36570247933884,35.84504132231405,36.36570247933884,35.84504132231405,36.987140671795956,35.14263229497727,16852.70955657959,21.353395462036133,49.225738525390625,34.81964784417271,6.458495218210743,96.19140596819993,143.93187689300237,209,209,484,43.18181818181818,100.0,43.18181818181818,43.18181818181818
6,6,1999-08-22,4,Type 4,Type 4,Mixed,Mixed Multi-Day,5,5,3.5625,7.708333333333333,8,3.571428571428572,7.846153846153846,8,8,3.571428571428572,7.846153846153846,8,1,3,430,0,1.25,430,183,183,430,42.55813953488372,100.0,42.55813953488372,42.55813953488372,38.35644760977115,33.83177911374344,2091.169701598399,1818.3048031928095,2986385.3415725864,15.464988937594882,0.8695156599691438,0.4939053725850978,0.9637935715238016,0.26664949182286973,-0.26664949182286973,0.9637935715238016,38.35644760977115,33.83177911374344,38.35644760977115,33.83177911374344,38.35644760977115,33.83177911374344,2986385.3415725864,2091.169701598399,1818.3048031928095,0.8695156599691438,0.8695156599691438,0.8695156599691438,15.464988937594882,699678.5153413021,528997.1771702466,0.5694574407271638,37.74186046511628,34.61860465116279,37.74186046511628,34.61860465116279,38.35644760977115,33.83177911374344,15055.91905593872,21.457969665527344,49.5330924987793,35.01376524636912,6.742462698473081,104.04031042104768,146.85068360696607,168,168,430,39.06976744186046,100.0,39.06976744186046,39.06976744186046
7,7,2000-07-07,4,Type 4,Type 4,Mixed,Mixed Multi-Day,3,1,3.175,8.25,8,3.333333333333333,9.22222222222222,9,9,3.333333333333333,9.22222222222222,9,2,11,378,0,1.25,349,157,157,349,44.98567335243553,100.0,44.98567335243553,44.98567335243553,36.0605715954815,31.956598092281613,2604.2871227577252,1093.8501967302964,2237363.7335959845,136.2991319823044,0.4200190475050229,0.9075152889802868,-0.7229566791192205,0.6908933637812049,-0.6908933637812049,-0.7229566791192205,36.0605715954815,31.956598092281613,36.0605715954815,31.956598092281613,36.0605715954815,31.956598092281613,2237363.7335959845,2604.2871227577252,1093.8501967302964,0.4200190475050229,0.4200190475050229,0.4200190475050229,136.2991319823044,1085169.8268418738,191441.32046190533,0.8500394416371562,34.91547277936963,32.62893982808023,34.91547277936963,32.62893982808023,36.0605715954815,31.956598092281613,13182.756832122803,26.394739151000977,48.3244514465332,37.772942212386255,6.2365071333536335,131.1178660327565,124.34720015083508,161,161,349,46.13180515759312,100.0,46.13180515759312,46.13180515759312
7,7,2000-07-07,4,Type 4,Type 4,Mixed,Mixed Multi-Day,3,1,3.175,8.25,8,3.333333333333333,9.22222222222222,9,9,3.333333333333333,9.22222222222222,9,2,11,378,1,1.25,29,15,15,29,51.724137931034484,100.0,51.724137931034484,51.724137931034484,33.926137253363464,20.390696821487253,532.4636090155806,403.87804398505216,168900.15849073027,43.522695589649715,0.7585082569900737,0.6516634285257078,0.725101648077543,0.6886418517308043,-0.6886418517308043,0.725101648077543,33.926137253363464,20.390696821487253,33.926137253363464,20.390696821487253,33.926137253363464,20.390696821487253,168900.15849073027,532.4636090155806,403.87804398505216,0.7585082569900737,0.7585082569900737,0.7585082569900737,43.522695589649715,45362.79918814353,26098.795906110678,0.6347857073203068,33.94827586206897,20.396551724137932,33.94827586206897,20.396551724137932,33.926137253363464,20.390696821487253,1253.8476181030273,40.13478469848633,45.04052734375,43.236124762173354,1.143039216495646,2.4001124311690374,254.33558722117644,15,15,29,51.724137931034484,100.0,51.724137931034484,51.724137931034484
7,7,2000-07-08,4,Type 4,Type 4,Mixed,Mixed Multi-Day,3,2,3.159090909090909,9.136363636363637,9,3.333333333333333,9.22222222222222,9,9,3.333333333333333,9.22222222222222,9,2,15,437,0,1.25,420,189,189,420,45.0,100.0,45.0,45.0,39.196798047507066,29.47062922299907,3089.7906583316803,1082.9581992646192,2628031.8902186784,138.07145674495268,0.3504956545662411,0.9365643577086319,-0.7439787572159307,0.6682032690816765,-0.6682032690816765,-0.7439787572159307,39.196798047507066,29.47062922299907,39.196798047507066,29.47062922299907,39.196798047507066,29.47062922299907,2628031.8902186784,3089.7906583316803,1082.9581992646192,0.3504956545662411,0.3504956545662411,0.3504956545662411,138.07145674495268,1527489.0099701951,187647.75381671468,0.8905931248290656,37.976190476190474,30.19047619047619,37.976190476190474,30.19047619047619,39.196798047507066,29.47062922299907,16725.636953353882,24.99182891845703,49.32841491699219,39.82294512703305,6.344584454985382,142.42180530735018,123.7692575818018,200,200,420,47.61904761904762,100.0,47.61904761904762,47.61904761904762
7,7,2000-07-08,4,Type 4,Type 4,Mixed,Mixed Multi-Day,3,2,3.159090909090909,9.136363636363637,9,3.333333333333333,9.22222222222222,9,9,3.333333333333333,9.22222222222222,9,2,15,437,1,1.25,17,8,8,17,47.05882352941177,100.0,47.05882352941177,47.05882352941177,34.80699177028674,21.00878885453835,484.05142910871916,303.28067977045964,115299.15723320573,155.87926489636916,0.6265463988586677,0.7793841222896674,-0.9126863443694594,0.40866078451634247,-0.40866078451634247,-0.9126863443694594,34.80699177028674,21.00878885453835,34.80699177028674,21.00878885453835,34.80699177028674,21.00878885453835,115299.15723320573,484.05142910871916,303.28067977045964,0.6265463988586677,0.6265463988586677,0.6265463988586677,155.87926489636916,37488.92576355094,14716.667315525134,0.7181017119519412,34.85294117647059,20.970588235294116,34.85294117647059,20.970588235294116,34.80699177028674,21.00878885453835,699.8030166625977,37.41785430908203,43.14741516113281,41.16488333309398,1.7154721715430952,6.3808115217545245,311.52501674344046,9,9,17,52.94117647058823,100.0,52.94117647058823,52.94117647058823
7,7,2000-07-09,4,Type 4,Type 4,Mixed,Mixed Multi-Day,3,3,3.333333333333333,9.22222222222222,9,3.333333333333333,9.22222222222222,9,9,3.333333333333333,9.22222222222222,9,1,22,399,0,1.25,399,180,180,399,45.11278195488722,100.0,45.11278195488722,45.11278195488722,40.46840630560699,28.094137673413584,2875.84787837338,1237.3703209230782,2794830.5775634684,136.52156267979484,0.4302627862301786,0.9027036804984477,-0.7256333748326181,0.6880815397385873,-0.6880815397385873,-0.7256333748326181,40.46840630560699,28.094137673413584,40.46840630560699,28.094137673413584,40.46840630560699,28.094137673413584,2794830.5775634684,2875.84787837338,1237.3703209230782,0.4302627862301786,0.4302627862301786,0.4302627862301786,136.52156267979484,1323280.1631271476,244973.6497762051,0.8437920904380405,39.48245614035088,28.705513784461154,39.48245614035088,28.705513784461154,40.46840630560699,28.094137673413584,16175.212226867676,26.230337142944336,49.94055938720703,40.53937901470596,5.78400809517619,118.00867190666753,124.80552113205717,191,191,399,47.86967418546366,100.0,47.86967418546366,47.86967418546366
8,8,2000-07-28,4,Type 4,Type 4,Mixed,Mixed Multi-Day,6,1,2.953125,7.25,7,3.3846153846153846,8.620689655172415,9,9,3.3846153846153846,8.620689655172415,9,2,3,449,0,1.25,438,230,230,438,52.51141552511415,100.0,52.51141552511415,52.51141552511415,41.431086775079784,37.35697062918053,2413.524438107347,1436.6298104820153,2723243.375882648,18.853578822132448,0.5952414600817553,0.8035468898575491,0.9463474869489004,0.3231507913428357,-0.3231507913428357,0.9463474869489004,41.431086775079784,37.35697062918053,41.431086775079784,37.35697062918053,41.431086775079784,37.35697062918053,2723243.375882648,2413.524438107347,1436.6298104820153,0.5952414600817553,0.5952414600817553,0.5952414600817553,18.853578822132448,932016.0341346217,330224.8339784946,0.7383820772083405,41.050228310502284,37.70319634703196,41.050228310502284,37.70319634703196,41.431086775079784,37.35697062918053,15806.11448097229,22.60730743408203,48.89080810546875,36.087019362950436,5.599088064469607,51.086927414027635,138.6636153768448,227,227,438,51.82648401826484,100.0,51.82648401826484,51.82648401826484
8,8,2000-07-28,4,Type 4,Type 4,Mixed,Mixed Multi-Day,6,1,2.953125,7.25,7,3.3846153846153846,8.620689655172415,9,9,3.3846153846153846,8.620689655172415,9,2,3,449,1,1.25,11,5,5,11,45.45454545454545,100.0,45.45454545454545,45.45454545454545,52.342775203635405,25.284823773738555,553.1874309397712,167.84920960905606,72925.8476402556,13.388797277513902,0.3034219510806832,0.9528562953574854,0.97282117198266,0.23155769765283934,-0.23155769765283934,0.97282117198266,52.342775203635405,25.284823773738555,52.342775203635405,25.284823773738555,52.342775203635405,25.284823773738555,72925.8476402556,553.1874309397712,167.84920960905606,0.3034219510806832,0.3034219510806832,0.3034219510806832,13.388797277513902,48962.61339995905,4507.737146621573,0.9156965102988307,52.5,25.318181818181817,52.5,25.318181818181817,52.342775203635405,25.284823773738555,437.1354179382324,35.02928161621094,45.98997497558594,39.73958344893022,3.803399812457873,16.2584207267357,256.8962457937239,5,5,11,45.45454545454545,100.0,45.45454545454545,45.45454545454545
8,8,2000-07-29,4,Type 4,Type 4,Mixed,Mixed Multi-Day,6,2,3.0,8.222222222222221,8,3.3846153846153846,8.620689655172415,9,9,3.3846153846153846,8.620689655172415,9,2,1,556,0,1.25,538,271,271,538,50.37174721189591,100.0,50.37174721189591,50.37174721189591,43.50884179126104,36.36599857661639,2862.4177990967964,1377.3789292984748,3096537.4737437335,25.945670335029234,0.4811942301829911,0.8766140044732337,0.8992093195102245,0.43751868497923485,-0.43751868497923485,0.8992093195102245,43.50884179126104,36.36599857661639,43.50884179126104,36.36599857661639,43.50884179126104,36.36599857661639,3096537.4737437335,2862.4177990967964,1377.3789292984748,0.4811942301829911,0.4811942301829911,0.4811942301829911,25.945670335029234,1310949.7050537835,303547.63438006607,0.8119862901189356,43.24907063197026,36.75278810408922,43.24907063197026,36.75278810408922,43.50884179126104,36.36599857661639,20283.287622451782,22.57639503479004,49.6206169128418,37.701278108646434,5.672978070031456,48.81689206509206,151.47333637083852,263,263,538,48.88475836431227,100.0,48.88475836431227,48.88475836431227
8,8,2000-07-29,4,Type 4,Type 4,Mixed,Mixed Multi-Day,6,2,3.0,8.222222222222221,8,3.3846153846153846,8.620689655172415,9,9,3.3846153846153846,8.620689655172415,9,2,1,556,1,1.25,18,8,8,18,44.44444444444444,100.0,44.44444444444444,44.44444444444444,53.766551160618484,26.184164217155228,665.7615119875002,388.5981474782119,203193.25714506384,175.4685489959412,0.5836897154329761,0.8119767952951435,-0.996874115493949,0.07900631530552997,-0.07900631530552997,-0.996874115493949,53.766551160618484,26.184164217155228,53.766551160618484,26.184164217155228,53.766551160618484,26.184164217155228,203193.25714506384,665.7615119875002,388.5981474782119,0.5836897154329761,0.5836897154329761,0.5836897154329761,175.4685489959412,70918.14253502115,24161.363235759698,0.7458825323092414,53.888888888888886,26.166666666666668,53.888888888888886,26.166666666666668,53.766551160618484,26.184164217155228,701.4888458251953,34.859962463378906,45.8248291015625,38.971602545844185,3.0270010475394384,12.382613532194293,279.0339974478812,8,8,18,44.44444444444444,100.0,44.44444444444444,44.44444444444444
8,8,2000-07-30,4,Type 4,Type 4,Mixed,Mixed Multi-Day,6,3,3.1206896551724137,7.413793103448276,7,3.3846153846153846,8.620689655172415,9,9,3.3846153846153846,8.620689655172415,9,1,1,583,0,1.25,583,277,277,583,47.51286449399657,100.0,47.51286449399657,47.51286449399657,43.82524778676246,34.47554261133818,3030.719687476349,1371.5111075524328,3264637.6186157865,34.09321115724623,0.4525364431490782,0.8917459097870767,0.8281267576113382,0.5605408756978671,-0.5605408756978671,0.8281267576113382,43.82524778676246,34.47554261133818,43.82524778676246,34.47554261133818,43.82524778676246,34.47554261133818,3264637.6186157865,3030.719687476349,1371.5111075524328,0.4525364431490782,0.4525364431490782,0.4525364431490782,34.09321115724623,1469641.8918490782,300966.8349023522,0.8300206983309397,43.767581475128644,34.84476843910806,43.767581475128644,34.84476843910806,43.82524778676246,34.47554261133818,22903.46725654602,25.82307243347168,50.70626449584961,39.28553560299489,5.451843482917924,41.299500165604755,172.63013066332041,273,273,583,46.82675814751286,100.0,46.82675814751286,46.82675814751286
8,8,2000-07-31,4,Type 4,Type 4,Mixed,Mixed Multi-Day,6,4,3.096774193548387,7.387096774193548,7,3.3846153846153846,8.620689655172415,9,9,3.3846153846153846,8.620689655172415,9,1,5,557,0,1.25,557,264,264,557,47.3967684021544,100.0,47.3967684021544,47.3967684021544,44.06972832831982,33.65947663588692,3019.2546700283624,1354.8350788990697,3212743.553244818,35.97681522777623,0.448731633123993,0.8936665605436259,0.8092547757952266,0.5874578349572142,-0.5874578349572142,0.8092547757952266,44.06972832831982,33.65947663588692,44.06972832831982,33.65947663588692,44.06972832831982,33.65947663588692,3212743.553244818,3019.2546700283624,1354.8350788990697,0.448731633123993,0.448731633123993,0.448731633123993,35.97681522777623,1458543.8019980919,293692.49456247175,0.832389903611199,44.15350089766607,34.11220825852783,44.15350089766607,34.11220825852783,44.06972832831982,33.65947663588692,22031.269941329956,25.753501892089844,50.887420654296875,39.55344693236976,5.3942720057966485,50.811587937495275,188.7962143457907,262,262,557,47.03770197486535,100.0,47.03770197486535,47.03770197486535
8,8,2000-08-01,4,Type 4,Type 4,Mixed,Mixed Multi-Day,6,5,3.3846153846153846,7.923076923076923,8,3.3846153846153846,8.620689655172415,9,9,3.3846153846153846,8.620689655172415,9,1,0,455,0,1.25,455,225,225,455,49.45054945054945,100.0,49.45054945054945,49.45054945054945,44.146650318441665,32.32952371447101,2776.819931665441,1307.3616767649892,2851237.205872118,47.74880155485551,0.4708125513853103,0.8822332692990298,0.6723822902922345,0.7402040635536725,-0.7402040635536725,0.6723822902922345,44.146650318441665,32.32952371447101,44.146650318441665,32.32952371447101,44.146650318441665,32.32952371447101,2851237.205872118,2776.819931665441,1307.3616767649892,0.4708125513853103,0.4708125513853103,0.4708125513853103,47.74880155485551,1233716.6292631144,273471.12861980224,0.8185553676444828,44.357142857142854,32.79450549450549,44.357142857142854,32.79450549450549,44.146650318441665,32.32952371447101,18028.927089691162,22.436281204223633,50.74995422363281,39.62401558173882,5.297451178398145,55.224135135576965,201.0314314773598,219,219,455,48.13186813186813,100.0,48.13186813186813,48.13186813186813
8,8,2000-08-02,4,Type 4,Type 4,Mixed,Mixed Multi-Day,6,6,3.310344827586207,8.620689655172415,9,3.3846153846153846,8.620689655172415,9,9,3.3846153846153846,8.620689655172415,9,1,5,376,0,1.25,376,174,174,376,46.276595744680854,100.0,46.276595744680854,46.276595744680854,46.430086318641365,32.36687747010387,2493.1798549390455,1164.0513716653154,2279374.248114318,62.775912442109814,0.4668942633076805,0.8843131497893596,0.45747180369517887,0.8892241274413778,-0.8892241274413778,0.45747180369517887,46.430086318641365,32.36687747010387,46.430086318641365,32.36687747010387,46.430086318641365,32.36687747010387,2279374.248114318,2493.1798549390455,1164.0513716653154,0.4668942633076805,0.4668942633076805,0.4668942633076805,62.775912442109814,994551.3262518208,216802.4953401444,0.8210246325427679,46.609042553191486,32.962765957446805,46.609042553191486,32.962765957446805,46.430086318641365,32.36687747010387,14928.319780349731,22.02848243713379,50.58992385864258,39.70297813922801,5.598932069370571,68.1819586203022,194.30162517522677,170,170,376,45.212765957446805,100.0,45.212765957446805,45.212765957446805
9,9,2001-07-28,4,Type 4,Type 4,Mixed,Mixed Multi-Day,3,1,3.5625,7.708333333333333,8,3.5625,8.761904761904763,9,9,3.5625,8.761904761904763,9,1,1,382,0,1.25,382,174,174,382,45.54973821989529,100.0,45.54973821989529,45.54973821989529,40.800075316540536,34.867222370972634,2174.473880780751,1568.194045575324,2678205.374785724,121.86356698554034,0.7211832064003728,0.6927443848968227,-0.527898387154067,0.8493075372561666,-0.8493075372561666,-0.527898387154067,40.800075316540536,34.867222370972634,40.800075316540536,34.867222370972634,40.800075316540536,34.867222370972634,2678205.374785724,2174.473880780751,1568.194045575324,0.7211832064003728,0.7211832064003728,0.7211832064003728,121.86356698554034,756533.8653116322,393477.2103324643,0.6578491993113318,40.15706806282723,35.79842931937173,40.15706806282723,35.79842931937173,40.800075316540536,34.867222370972634,13493.954084396362,23.735750198364258,48.85321044921875,35.32448713192765,6.61746476277735,118.7065903625883,150.31023920803793,162,162,382,42.40837696335078,100.0,42.40837696335078,42.40837696335078
9,9,2001-07-29,4,Type 4,Type 4,Mixed,Mixed Multi-Day,3,2,3.5,8.238095238095237,8,3.5625,8.761904761904763,9,9,3.5625,8.761904761904763,9,2,1,373,0,1.25,363,169,169,363,46.5564738292011,100.0,46.5564738292011,46.5564738292011,39.8946890750669,35.43019589765749,1952.1894454683047,1501.8425843387463,2302694.1426884304,120.4412554687384,0.7693119066005778,0.6388733758442152,-0.5066546804764318,0.8621490791918326,-0.8621490791918326,-0.5066546804764318,39.8946890750669,35.43019589765749,39.8946890750669,35.43019589765749,39.8946890750669,35.43019589765749,2302694.1426884304,1952.1894454683047,1501.8425843387463,0.7693119066005778,0.7693119066005778,0.7693119066005778,120.4412554687384,609766.9809596556,360884.98370132543,0.6282035200666684,39.25757575757576,36.260330578512395,39.25757575757576,36.260330578512395,39.8946890750669,35.43019589765749,12801.124994277954,22.87828826904297,49.88555145263672,35.264807146771226,6.699042190890283,108.61202950726926,147.81265256496462,159,159,363,43.80165289256198,100.0,43.80165289256198,43.80165289256198
9,9,2001-07-29,4,Type 4,Type 4,Mixed,Mixed Multi-Day,3,2,3.5,8.238095238095237,8,3.5625,8.761904761904763,9,9,3.5625,8.761904761904763,9,2,1,373,1,1.25,10,6,6,10,60.0,100.0,60.0,60.0,53.93903723618648,24.868902431025084,464.31378440423885,209.72799446044107,76481.75805260106,54.273394533837696,0.45169452535109017,0.8921726602893933,0.5839182418385236,0.8118124702467975,-0.8118124702467975,0.5839182418385236,53.93903723618648,24.868902431025084,53.93903723618648,24.868902431025084,53.93903723618648,24.868902431025084,76481.75805260106,464.31378440423885,209.72799446044107,0.45169452535109017,0.45169452535109017,0.45169452535109017,54.273394533837696,34493.96646204576,7037.733065663809,0.8305455075112373,54.0,25.0,54.0,25.0,53.93903723618648,24.868902431025084,395.4602966308594,34.83090591430664,45.80315399169922,39.54602966308594,4.171115612117577,15.77341613798791,202.99033611668222,5,5,10,50.0,100.0,50.0,50.0
9,9,2001-07-30,4,Type 4,Type 4,Mixed,Mixed Multi-Day,3,3,2.6666666666666665,8.761904761904763,9,3.5625,8.761904761904763,9,9,3.5625,8.761904761904763,9,2,2,379,0,1.25,368,179,179,368,48.641304347826086,100.0,48.641304347826086,48.641304347826086,40.47259376808489,34.93969821432145,1973.0129077811043,1440.7570978125596,2232598.2276592725,115.8288249515423,0.7302319676321165,0.6831992926285327,-0.4356839859255873,0.900099696926953,-0.900099696926953,-0.4356839859255873,40.47259376808489,34.93969821432145,40.47259376808489,34.93969821432145,40.47259376808489,34.93969821432145,2232598.2276592725,1973.0129077811043,1440.7570978125596,0.7302319676321165,0.7302319676321165,0.7302319676321165,115.8288249515423,622844.7894833358,332124.9623835631,0.652214154705652,39.90489130434783,35.84510869565217,39.90489130434783,35.84510869565217,40.47259376808489,34.93969821432145,13261.13127708435,23.370723724365234,49.493431091308594,36.035682818164,6.919969430763601,112.91939363507,152.65776932897165,168,168,368,45.65217391304348,100.0,45.65217391304348,45.65217391304348
9,9,2001-07-30,4,Type 4,Type 4,Mixed,Mixed Multi-Day,3,3,2.6666666666666665,8.761904761904763,9,3.5625,8.761904761904763,9,9,3.5625,8.761904761904763,9,2,2,379,1,1.25,11,5,5,11,45.45454545454545,100.0,45.45454545454545,45.45454545454545,53.808819195519966,25.081460165513572,456.4287618682635,285.18236126451166,102231.69127668247,64.49950252281363,0.6248124243906046,0.7807748935046099,0.4305189335924658,0.9025815463537941,-0.9025815463537941,0.4305189335924658,53.808819195519966,25.081460165513572,53.808819195519966,25.081460165513572,53.808819195519966,25.081460165513572,102231.69127668247,456.4287618682635,285.18236126451166,0.6248124243906046,0.6248124243906046,0.6248124243906046,64.49950252281363,33332.354345695356,13012.636668224392,0.7192223715327501,53.86363636363637,25.227272727272727,53.86363636363637,25.227272727272727,53.808819195519966,25.081460165513572,430.3925552368164,34.59364318847656,46.37127685546875,39.12659593061967,4.399276366256471,17.07180965432517,198.90104014539332,6,6,11,54.54545454545455,100.0,54.54545454545455,54.54545454545455
10,10,2001-08-07,4,Type 4,Type 4,Mixed,Mixed Multi-Day,6,1,3.362068965517241,7.793103448275862,8,3.362068965517241,9.8,10,10,3.362068965517241,9.8,10,3,2,382,0,1.25,354,161,161,354,45.48022598870057,100.0,45.48022598870057,45.48022598870057,37.68795343568742,33.49592949720652,2356.392108226855,1279.1724453474428,2367372.1631893944,123.40354251891372,0.5428521173880515,0.8398283030758782,-0.5505323565231224,0.8348138262038415,-0.8348138262038415,-0.5505323565231224,37.68795343568742,33.49592949720652,37.68795343568742,33.49592949720652,37.68795343568742,33.49592949720652,2367372.1631893944,2356.392108226855,1279.1724453474428,0.5428521173880515,0.5428521173880515,0.5428521173880515,123.40354251891372,888413.4028342082,261805.14318978504,0.7723866094015112,36.59887005649718,34.43785310734463,36.59887005649718,34.43785310734463,37.68795343568742,33.49592949720652,12790.886699676514,25.73504066467285,50.63574981689453,36.13244830417094,7.216719780178716,145.07441165698106,135.76310503230098,163,163,354,46.045197740113,100.0,46.045197740113,46.045197740113
10,10,2001-08-07,4,Type 4,Type 4,Mixed,Mixed Multi-Day,6,1,3.362068965517241,7.793103448275862,8,3.362068965517241,9.8,10,10,3.362068965517241,9.8,10,3,2,382,1,1.25,14,7,7,14,50.0,100.0,50.0,50.0,25.816846061066492,18.505348672042704,401.204070913587,231.2398084345077,72864.80606483191,23.481650393147333,0.5763645615757301,0.8171926897370144,0.9171877311507283,0.39845534985312897,-0.39845534985312897,0.9171877311507283,25.816846061066492,18.505348672042704,25.816846061066492,18.505348672042704,25.816846061066492,18.505348672042704,72864.80606483191,401.204070913587,231.2398084345077,0.5763645615757301,0.5763645615757301,0.5763645615757301,23.481650393147333,25754.353042821524,8555.495840772452,0.7506402354088054,25.785714285714285,18.5,25.785714285714285,18.5,25.816846061066492,18.505348672042704,554.1442489624023,37.92449188232422,41.410003662109375,39.58173206874302,0.9526918620818053,3.340423156372601,79.78658738623956,7,7,14,50.0,100.0,50.0,50.0
10,10,2001-08-07,4,Type 4,Type 4,Mixed,Mixed Multi-Day,6,1,3.362068965517241,7.793103448275862,8,3.362068965517241,9.8,10,10,3.362068965517241,9.8,10,3,2,382,2,1.25,14,7,7,14,50.0,100.0,50.0,50.0,51.80124347944548,39.135224129904664,400.0029469006257,197.17161860879114,61943.7472035851,89.06938024107801,0.492925415016443,0.8700715690280124,0.01624166472320854,0.9998680954641062,-0.9998680954641062,0.01624166472320854,51.80124347944548,39.135224129904664,51.80124347944548,39.135224129904664,51.80124347944548,39.135224129904664,61943.7472035851,400.0029469006257,197.17161860879114,0.492925415016443,0.492925415016443,0.492925415016443,89.06938024107801,25600.377204669574,6220.263549569693,0.8045211095021396,51.785714285714285,39.142857142857146,51.785714285714285,39.142857142857146,51.80124347944548,39.135224129904664,415.85366439819336,28.34407615661621,30.65629005432129,29.703833171299525,0.6973692864491721,1.58766184376467,122.25378101734137,7,7,14,50.0,100.0,50.0,50.0
10,10,2001-08-08,4,Type 4,Type 4,Mixed,Mixed Multi-Day,6,2,2.962962962962963,8.0,8,3.362068965517241,9.8,10,10,3.362068965517241,9.8,10,3,2,420,0,1.25,391,173,173,391,44.24552429667519,100.0,44.24552429667519,44.24552429667519,37.0817583764274,33.90590486372263,2296.6875495589047,1289.0345953253327,2325178.8858397314,124.25632166315157,0.56125814570332,0.8276408000344538,-0.5628961250871972,0.8265276476693435,-0.8265276476693435,-0.5628961250871972,37.0817583764274,33.90590486372263,37.0817583764274,33.90590486372263,37.0817583764274,33.90590486372263,2325178.8858397314,2296.6875495589047,1289.0345953253327,0.56125814570332,0.56125814570332,0.56125814570332,124.25632166315157,843963.7920478216,265857.6300712871,0.760450082533409,36.01150895140665,34.70460358056266,36.01150895140665,34.70460358056266,37.0817583764274,33.90590486372263,13980.76441192627,26.16298484802246,50.401912689208984,35.75643072103905,7.062797716375281,132.4962822634103,131.66213299170894,176,176,391,45.012787723785166,100.0,45.012787723785166,45.012787723785166
10,10,2001-08-08,4,Type 4,Type 4,Mixed,Mixed Multi-Day,6,2,2.962962962962963,8.0,8,3.362068965517241,9.8,10,10,3.362068965517241,9.8,10,3,2,420,1,1.25,14,7,7,14,50.0,100.0,50.0,50.0,25.810804577124873,18.505246374923864,401.204070913587,231.2398084345077,72864.80606483191,23.481650393147333,0.5763645615757301,0.8171926897370144,0.9171877311507283,0.39845534985312897,-0.39845534985312897,0.9171877311507283,25.810804577124873,18.505246374923864,25.810804577124873,18.505246374923864,25.810804577124873,18.505246374923864,72864.80606483191,401.204070913587,231.2398084345077,0.5763645615757301,0.5763645615757301,0.5763645615757301,23.481650393147333,25754.353042821524,8555.495840772452,0.7506402354088054,25.785714285714285,18.5,25.785714285714285,18.5,25.810804577124873,18.505246374923864,561.7194747924805,38.84495544433594,41.73170852661133,40.12281962803432,0.8509914840174467,2.712446706336657,77.63401347132701,7,7,14,50.0,100.0,50.0,50.0
10,10,2001-08-08,4,Type 4,Type 4,Mixed,Mixed Multi-Day,6,2,2.962962962962963,8.0,8,3.362068965517241,9.8,10,10,3.362068965517241,9.8,10,3,2,420,2,1.25,15,9,9,15,60.0,100.0,60.0,60.0,51.65227406612645,39.11133226965212,388.9029636098187,227.64770412664333,69533.55098017931,85.55860381870349,0.5853586252303269,0.8107744938442881,0.0774393783161178,0.9969970625262711,-0.9969970625262711,0.0774393783161178,51.65227406612645,39.11133226965212,51.65227406612645,39.11133226965212,51.65227406612645,39.11133226965212,69533.55098017931,388.9029636098187,227.64770412664333,0.5853586252303269,0.5853586252303269,0.5853586252303269,85.55860381870349,24199.282416719998,8291.75635106108,0.7447986686321831,51.63333333333333,39.1,51.63333333333333,39.1,51.65227406612645,39.11133226965212,446.4413871765137,28.305387496948242,31.961097717285156,29.76275914510091,0.8388761292106643,2.065640936755839,52.47312716841238,9,9,15,60.0,100.0,60.0,60.0
10,10,2001-08-09,4,Type 4,Type 4,Mixed,Mixed Multi-Day,6,3,2.869565217391304,7.217391304347826,7,3.362068965517241,9.8,10,10,3.362068965517241,9.8,10,3,2,442,0,1.25,417,183,183,417,43.884892086330936,100.0,43.884892086330936,43.884892086330936,36.685396023893,33.886256641797836,2255.369374721564,1318.6879746739473,2335875.0403183973,126.16938170469388,0.5846882508266503,0.8112580658121508,-0.5901743517368055,0.8072758107066267,-0.8072758107066267,-0.5901743517368055,36.685396023893,33.886256641797836,36.685396023893,33.886256641797836,36.685396023893,33.886256641797836,2335875.0403183973,2255.369374721564,1318.6879746739473,0.5846882508266503,0.5846882508266503,0.5846882508266503,126.16938170469388,813870.5626291102,278230.07592794835,0.7452340323730964,35.66306954436451,34.65107913669065,35.66306954436451,34.65107913669065,36.685396023893,33.886256641797836,14994.21601486206,26.222299575805664,50.728363037109375,35.957352553626045,6.94400281010818,126.73364735116763,131.7338766700045,182,182,417,43.645083932853716,100.0,43.645083932853716,43.645083932853716
10,10,2001-08-09,4,Type 4,Type 4,Mixed,Mixed Multi-Day,6,3,2.869565217391304,7.217391304347826,7,3.362068965517241,9.8,10,10,3.362068965517241,9.8,10,3,2,442,1,1.25,10,6,6,10,60.0,100.0,60.0,60.0,26.03655227481119,19.002583280402938,419.2206776333415,136.32518568722384,44885.76949923159,7.450006727298842,0.32518716981431073,0.9456496732871844,0.9915583742119202,0.12966106019238624,-0.12966106019238624,0.9915583742119202,26.03655227481119,19.002583280402938,26.03655227481119,19.002583280402938,26.03655227481119,19.002583280402938,44885.76949923159,419.2206776333415,136.32518568722384,0.32518716981431073,0.32518716981431073,0.32518716981431073,7.450006727298842,28119.356248857286,2973.5290004249696,0.9043662568917238,26.0,19.0,26.0,19.0,26.03655227481119,19.002583280402938,394.5235824584961,38.02881622314453,41.540199279785156,39.45235824584961,1.0254225426060328,3.8592409409564428,85.74485092371157,6,6,10,60.0,100.0,60.0,60.0
10,10,2001-08-09,4,Type 4,Type 4,Mixed,Mixed Multi-Day,6,3,2.869565217391304,7.217391304347826,7,3.362068965517241,9.8,10,10,3.362068965517241,9.8,10,3,2,442,2,1.25,15,9,9,15,60.0,100.0,60.0,60.0,51.647538632476476,39.09335224499321,388.9029636098187,227.64770412664333,69533.55098017931,85.55860381870349,0.5853586252303269,0.8107744938442881,0.0774393783161178,0.9969970625262711,-0.9969970625262711,0.0774393783161178,51.647538632476476,39.09335224499321,51.647538632476476,39.09335224499321,51.647538632476476,39.09335224499321,69533.55098017931,388.9029636098187,227.64770412664333,0.5853586252303269,0.5853586252303269,0.5853586252303269,85.55860381870349,24199.282416719998,8291.75635106108,0.7447986686321831,51.63333333333333,39.1,51.63333333333333,39.1,51.647538632476476,39.09335224499321,456.9717826843262,28.742076873779297,31.957500457763672,30.46478551228841,0.7930816015037894,1.4334601101840276,120.98290567743445,9,9,15,60.0,100.0,60.0,60.0
10,10,2001-08-10,4,Type 4,Type 4,Mixed,Mixed Multi-Day,6,4,2.9166666666666665,9.233333333333333,9,3.362068965517241,9.8,10,10,3.362068965517241,9.8,10,2,12,428,0,1.25,418,181,181,418,43.301435406698566,100.0,43.301435406698566,43.301435406698566,36.699519432875725,33.67664664877774,2267.9216233594766,1242.9999485023473,2214058.205072129,129.591711766688,0.5480788823121184,0.8364266487645519,-0.637312522976127,0.7706054425306141,-0.7706054425306141,-0.637312522976127,36.699519432875725,33.67664664877774,36.699519432875725,33.67664664877774,36.699519432875725,33.67664664877774,2214058.205072129,2267.9216233594766,1242.9999485023473,0.5480788823121184,0.5480788823121184,0.5480788823121184,129.591711766688,822954.9583522374,247207.81951629405,0.7689997964527754,35.643540669856456,34.495215311004785,35.643540669856456,34.495215311004785,36.699519432875725,33.67664664877774,15254.355764389038,26.5985164642334,51.059688568115234,36.493674077485736,7.167098226405466,133.19922346209478,132.67716988541426,180,180,418,43.0622009569378,100.0,43.0622009569378,43.0622009569378
10,10,2001-08-10,4,Type 4,Type 4,Mixed,Mixed Multi-Day,6,4,2.9166666666666665,9.233333333333333,9,3.362068965517241,9.8,10,10,3.362068965517241,9.8,10,2,12,428,1,1.25,10,7,7,10,70.0,100.0,70.0,70.0,51.71680449034683,38.50276773203843,349.8562291444491,261.0606645534842,71733.31998388692,75.22175844676023,0.7461941300627725,0.6657284132886789,0.255078582023994,0.9669203260830898,-0.9669203260830898,0.255078582023994,51.71680449034683,38.50276773203843,51.71680449034683,38.50276773203843,51.71680449034683,38.50276773203843,71733.31998388692,349.8562291444491,261.0606645534842,0.7461941300627725,0.7461941300627725,0.7461941300627725,75.22175844676023,19583.900971387724,10904.427292337088,0.6423409247626333,51.7,38.5,51.7,38.5,51.71680449034683,38.50276773203843,298.05759048461914,28.903316497802734,30.36077308654785,29.805759048461915,0.47610458503507647,1.4977250055341433,78.15740645722974,7,7,10,70.0,100.0,70.0,70.0
10,10,2001-08-11,4,Type 4,Type 4,Mixed,Mixed Multi-Day,6,5,2.84,9.8,10,3.362068965517241,9.8,10,10,3.362068965517241,9.8,10,1,10,439,0,1.25,439,197,197,439,44.874715261959,100.0,44.874715261959,44.874715261959,37.43062122437205,33.17955403746269,2365.4120596200664,1222.3155157349179,2270805.8931530355,128.02961232843987,0.5167452794382247,0.8561391920583423,-0.6160686627516387,0.7876924544359986,-0.7876924544359986,-0.6160686627516387,37.43062122437205,33.17955403746269,37.43062122437205,33.17955403746269,37.43062122437205,33.17955403746269,2270805.8931530355,2365.4120596200664,1222.3155157349179,0.5167452794382247,0.5167452794382247,0.5167452794382247,128.02961232843987,895227.8738873672,239048.83520101092,0.7892499834602659,36.29726651480638,34.12870159453303,36.29726651480638,34.12870159453303,37.43062122437205,33.17955403746269,16047.851150512695,24.26812744140625,50.97150421142578,36.55546959114509,7.368292167298476,148.77506654694972,134.72515669522087,196,196,439,44.64692482915718,100.0,44.64692482915718,44.64692482915718
10,10,2001-08-12,4,Type 4,Type 4,Mixed,Mixed Multi-Day,6,6,3.0806451612903225,9.161290322580646,9,3.362068965517241,9.8,10,10,3.362068965517241,9.8,10,1,16,378,0,1.25,378,182,182,378,48.148148148148145,100.0,48.148148148148145,48.148148148148145,39.879458716182164,32.11686247174234,2475.6101748432134,1170.8890730128182,2276606.090934916,125.43634005156528,0.4729698903774192,0.8810785905901766,-0.5797980534903837,0.8147602206592821,-0.8147602206592821,-0.5797980534903837,39.879458716182164,32.11686247174234,39.879458716182164,32.11686247174234,39.879458716182164,32.11686247174234,2276606.090934916,2475.6101748432134,1170.8890730128182,0.4729698903774192,0.4729698903774192,0.4729698903774192,125.43634005156528,980583.3180459591,219356.9954081307,0.8171934112483477,38.69047619047619,33.2010582010582,38.69047619047619,33.2010582010582,39.879458716182164,32.11686247174234,13910.734035491943,23.479267120361328,49.68976593017578,36.80088369177763,7.673156441800116,164.00229745661815,136.82636233617743,176,176,378,46.560846560846564,100.0,46.560846560846564,46.560846560846564
11,11,2002-07-16,4,Type 4,Type 4,Mixed,Mixed Multi-Day,5,1,3.175675675675676,7.702702702702703,8,3.764705882352941,9.352941176470589,9,9,3.764705882352941,9.352941176470589,9,3,8,409,0,1.25,190,77,77,190,40.526315789473685,100.0,40.526315789473685,40.526315789473685,27.802712911067047,36.55547055190488,1532.503758217265,845.3727286883773,1017512.2891574951,60.085008675941246,0.5516284864917947,0.8340899309371693,0.49871454445750063,0.8667662909611492,-0.8667662909611492,0.49871454445750063,27.802712911067047,36.55547055190488,27.802712911067047,36.55547055190488,27.802712911067047,36.55547055190488,1017512.2891574951,1532.503758217265,845.3727286883773,0.5516284864917947,0.5516284864917947,0.5516284864917947,60.085008675941246,375770.84303200664,114344.80806560525,0.7666983133276186,28.173684210526314,36.9,28.173684210526314,36.9,27.802712911067047,36.55547055190488,5955.08380317688,25.865270614624023,42.60098648071289,31.342546332509894,4.718762756119705,50.59557222864683,221.02767349604852,79,79,190,41.578947368421055,100.0,41.578947368421055,41.578947368421055
11,11,2002-07-16,4,Type 4,Type 4,Mixed,Mixed Multi-Day,5,1,3.175675675675676,7.702702702702703,8,3.764705882352941,9.352941176470589,9,9,3.764705882352941,9.352941176470589,9,3,8,409,1,1.25,16,6,6,16,37.5,100.0,37.5,37.5,43.56598806288703,22.7293196423725,599.0707890488796,219.14704028016325,103110.67613413748,89.29129772965966,0.3658115940323081,0.9306889263720407,0.012368872628486842,0.9999235025690216,-0.9999235025690216,0.012368872628486842,43.56598806288703,22.7293196423725,43.56598806288703,22.7293196423725,43.56598806288703,22.7293196423725,103110.67613413748,599.0707890488796,219.14704028016325,0.3658115940323081,0.3658115940323081,0.3658115940323081,89.29129772965966,57421.72964666356,7684.068042168878,0.8819756716768264,43.5625,22.6875,43.5625,22.6875,43.56598806288703,22.7293196423725,678.3238983154297,39.388587951660156,43.89455032348633,42.395243644714355,1.0997838629249335,4.644950387083431,4.4242246725078225,6,6,16,37.5,100.0,37.5,37.5
11,11,2002-07-16,4,Type 4,Type 4,Mixed,Mixed Multi-Day,5,1,3.175675675675676,7.702702702702703,8,3.764705882352941,9.352941176470589,9,9,3.764705882352941,9.352941176470589,9,3,8,409,2,1.25,203,91,91,203,44.827586206896555,100.0,44.827586206896555,44.827586206896555,58.94330466261413,40.041180811788024,1307.3320929357485,973.7999021754655,999874.587210125,14.038953451529466,0.7448756956533499,0.6672032658979856,0.9701310275770662,0.24258151069746808,-0.24258151069746808,0.9701310275770662,58.94330466261413,40.041180811788024,58.94330466261413,40.041180811788024,58.94330466261413,40.041180811788024,999874.587210125,1307.3320929357485,973.7999021754655,0.7448756956533499,0.7448756956533499,0.7448756956533499,14.038953451529466,273458.75219516235,151725.7999163114,0.6431530751462194,58.6871921182266,40.09113300492611,58.6871921182266,40.09113300492611,58.94330466261413,40.041180811788024,7909.261919021606,25.403484344482422,45.35981750488281,38.96188137449067,3.921734802417991,22.54231031744074,104.16131113265556,95,95,203,46.79802955665025,100.0,46.79802955665025,46.79802955665025
11,11,2002-07-17,4,Type 4,Type 4,Mixed,Mixed Multi-Day,5,2,3.2058823529411766,9.352941176470589,9,3.764705882352941,9.352941176470589,9,9,3.764705882352941,9.352941176470589,9,2,8,481,0,1.25,249,111,111,249,44.57831325301205,100.0,44.57831325301205,44.57831325301205,29.86586992060762,35.2273746910096,1607.649955103827,1185.3240913393913,1496643.9191311987,52.310141301049,0.7373023509106118,0.6755629085005223,0.6113869847591135,0.7913317603048418,-0.7913317603048418,0.6113869847591135,29.86586992060762,35.2273746910096,29.86586992060762,35.2273746910096,29.86586992060762,35.2273746910096,1496643.9191311987,1607.649955103827,1185.3240913393913,0.7373023509106118,0.7373023509106118,0.7373023509106118,52.310141301049,413526.1405032539,224798.91224152857,0.6478300338128691,29.889558232931726,35.85341365461847,29.889558232931726,35.85341365461847,29.86586992060762,35.2273746910096,8330.930437088013,26.311067581176758,45.600643157958984,33.45755195617676,6.139847595846509,69.49254955390454,181.77829940223467,107,107,249,42.971887550200805,100.0,42.971887550200805,42.971887550200805
11,11,2002-07-17,4,Type 4,Type 4,Mixed,Mixed Multi-Day,5,2,3.2058823529411766,9.352941176470589,9,3.764705882352941,9.352941176470589,9,9,3.764705882352941,9.352941176470589,9,2,8,481,1,1.25,232,117,117,232,50.43103448275862,100.0,50.43103448275862,50.43103448275862,59.042064488896884,38.65522178651602,1404.980452067555,1305.0237951484567,1440053.389205701,61.22760718173066,0.9288554821015459,0.3704422942509465,0.4813313818977409,0.876538704679041,-0.876538704679041,0.4813313818977409,59.042064488896884,38.65522178651602,59.042064488896884,38.65522178651602,59.042064488896884,38.65522178651602,1440053.389205701,1404.980452067555,1305.0237951484567,0.9288554821015459,0.9288554821015459,0.9288554821015459,61.22760718173066,315835.2113107123,272493.936944589,0.5368342062386782,58.85344827586207,38.73275862068966,58.85344827586207,38.73275862068966,59.042064488896884,38.65522178651602,9087.591451644897,26.35384178161621,46.136741638183594,39.17065280881421,3.8796915169773936,18.529727914057688,117.61984852551551,116,116,232,50.0,100.0,50.0,50.0
11,11,2002-07-18,4,Type 4,Type 4,Mixed,Mixed Multi-Day,5,3,2.75,7.777777777777778,8,3.764705882352941,9.352941176470589,9,9,3.764705882352941,9.352941176470589,9,1,2,587,0,1.25,587,234,234,587,39.863713798977855,100.0,39.863713798977855,39.863713798977855,46.06924804685561,34.43107287561349,3278.207225977374,1823.0833340688448,4693888.894682836,9.494819712649218,0.5561220534267188,0.8311006327108948,0.9863005199668234,0.16495843207661048,-0.16495843207661048,0.9863005199668234,46.06924804685561,34.43107287561349,46.06924804685561,34.43107287561349,46.06924804685561,34.43107287561349,4693888.894682836,3278.207225977374,1823.0833340688448,0.5561220534267188,0.5561220534267188,0.5561220534267188,9.494819712649218,1719462.8186320434,531781.254873532,0.7637833848706344,44.97870528109029,34.895229982964224,44.97870528109029,34.895229982964224,46.06924804685561,34.43107287561349,22366.35831642151,25.666595458984375,49.236351013183594,38.10282507056475,6.3781310311302075,112.44142880701828,116.94284392396978,229,229,587,39.01192504258944,100.0,39.01192504258944,39.01192504258944
11,11,2002-07-19,4,Type 4,Type 4,Mixed,Mixed Multi-Day,5,4,3.764705882352941,7.764705882352941,8,3.764705882352941,9.352941176470589,9,9,3.764705882352941,9.352941176470589,9,1,5,570,0,1.25,570,228,225,573,39.473684210526315,98.6842105263158,39.26701570680628,39.26701570680628,45.380808184367915,32.48894861445038,3140.272705638008,1975.8651897274754,4873203.59391764,5.630984457286729,0.6292017843482289,0.7772419922861893,0.9951744835020646,0.0981210853303145,-0.0981210853303145,0.9951744835020646,45.380808184367915,32.48894861445038,45.380808184367915,32.48894861445038,45.380808184367915,32.48894861445038,4873203.59391764,3140.272705638008,1975.8651897274754,0.6292017843482289,0.6292017843482289,0.6292017843482289,5.630984457286729,1577810.0265240092,624646.9196762868,0.7163863199442174,44.51578947368421,33.08070175438596,44.51578947368421,33.08070175438596,45.380808184367915,32.48894861445038,22386.459224700928,26.151344299316406,50.15406799316406,39.274489867896364,6.270143038596346,104.27443296854071,128.76745147303077,223,221,572,38.771929824561404,99.10313901345292,38.63636363636363,38.63636363636363
11,11,2002-07-20,4,Type 4,Type 4,Mixed,Mixed Multi-Day,5,5,2.9166666666666665,8.305555555555555,8,3.764705882352941,9.352941176470589,9,9,3.764705882352941,9.352941176470589,9,3,9,455,0,1.25,57,25,25,57,43.85964912280702,100.0,43.85964912280702,43.85964912280702,24.02449537722921,27.739456167004434,692.8886944266794,543.2124638852633,295612.696333626,159.38355241876442,0.7839822878546698,0.6207831926930348,-0.9359584959438288,0.35211034331664526,-0.35211034331664526,-0.9359584959438288,24.02449537722921,27.739456167004434,24.02449537722921,27.739456167004434,24.02449537722921,27.739456167004434,295612.696333626,692.8886944266794,543.2124638852633,0.7839822878546698,0.7839822878546698,0.7839822878546698,159.38355241876442,76815.15885828933,47212.764947247764,0.6193376177023452,24.04385964912281,27.763157894736842,24.04385964912281,27.763157894736842,24.02449537722921,27.739456167004434,2367.460906982422,37.44065856933594,44.23395538330078,41.534401876884594,1.35599094912894,3.247015323139571,216.0157022926237,25,25,57,43.85964912280702,100.0,43.85964912280702,43.85964912280702
11,11,2002-07-20,4,Type 4,Type 4,Mixed,Mixed Multi-Day,5,5,2.9166666666666665,8.305555555555555,8,3.764705882352941,9.352941176470589,9,9,3.764705882352941,9.352941176470589,9,3,9,455,1,1.25,366,176,176,366,48.08743169398907,100.0,48.08743169398907,48.08743169398907,43.20722728200316,30.340417321748625,2636.1214886721727,1117.7250609568202,2314143.5276647485,122.99055952657949,0.4240036226554277,0.9056604926654765,-0.5445008421005618,0.838760295288099,-0.838760295288099,-0.5445008421005618,43.20722728200316,30.340417321748625,43.20722728200316,30.340417321748625,43.20722728200316,30.340417321748625,2314143.5276647485,2636.1214886721727,1117.7250609568202,0.4240036226554277,0.4240036226554277,0.4240036226554277,122.99055952657949,1111861.8404862708,199889.4899025484,0.8476163238627715,42.28688524590164,31.35792349726776,42.28688524590164,31.35792349726776,43.20722728200316,30.340417321748625,14484.587791442871,25.552431106567383,49.942752838134766,39.57537647935211,7.075504165809267,143.0916400557193,141.79475525320797,181,181,366,49.45355191256831,100.0,49.45355191256831,49.45355191256831
11,11,2002-07-20,4,Type 4,Type 4,Mixed,Mixed Multi-Day,5,5,2.9166666666666665,8.305555555555555,8,3.764705882352941,9.352941176470589,9,9,3.764705882352941,9.352941176470589,9,3,9,455,2,1.25,32,13,13,32,40.625,100.0,40.625,40.625,63.69674091480725,29.505136828370077,520.5412465171355,363.63296356287657,148664.84229965688,30.337622369590008,0.6985670511143756,0.7155446003551179,0.8630640743924886,0.505094450071506,-0.505094450071506,0.8630640743924886,63.69674091480725,29.505136828370077,63.69674091480725,29.505136828370077,63.69674091480725,29.505136828370077,148664.84229965688,520.5412465171355,363.63296356287657,0.6985670511143756,0.6985670511143756,0.6985670511143756,30.337622369590008,43354.11029209812,21156.62915032325,0.6720448512420718,63.78125,29.5,63.78125,29.5,63.69674091480725,29.505136828370077,1369.714412689209,34.196441650390625,47.04071807861328,42.80357539653778,3.078581620815272,8.214083386486848,273.9956473645711,13,13,32,40.625,100.0,40.625,40.625
12,12,2002-07-31,1,Type 1,Type 1,Independent,Independent,1,1,3.1346153846153846,9.461538461538462,9,3.1346153846153846,9.461538461538462,9,9,3.1346153846153846,9.461538461538462,9,1,15,362,0,1.25,362,166,166,362,45.85635359116022,100.0,45.85635359116022,45.85635359116022,33.806139003448365,30.896018131355483,2320.714927260328,1097.342550546942,2000110.0719047433,61.23347218457411,0.47284676702725703,0.8811446730882908,0.48124165370978716,0.8765879709046145,-0.8765879709046145,0.48124165370978716,33.806139003448365,30.896018131355483,33.806139003448365,30.896018131355483,33.806139003448365,30.896018131355483,2000110.0719047433,2320.714927260328,1097.342550546942,0.47284676702725703,0.47284676702725703,0.47284676702725703,61.23347218457411,861714.8437774256,192665.70771853888,0.817271185962997,33.892265193370164,31.69060773480663,33.892265193370164,31.69060773480663,33.806139003448365,30.896018131355483,13827.41926574707,25.67741584777832,49.1497802734375,38.19729078935655,6.225760884900399,88.48053642048328,185.3400570206257,167,167,362,46.13259668508287,100.0,46.13259668508287,46.13259668508287
13,13,2002-08-06,3,Type 3,Type 3,Temporally clustered,Back-to-Back,2,1,2.8846153846153846,8.884615384615385,9,2.8846153846153846,9.620689655172416,10,10,2.8846153846153846,9.620689655172416,10,4,23,359,0,1.25,125,57,57,125,45.6,100.0,45.6,45.6,25.94412851101665,33.85413474675237,1040.9372025674256,849.4916705569674,694502.0572211561,76.17904688007283,0.8160834952019523,0.5779340177381541,0.23888858633084484,0.9710469830656241,-0.9710469830656241,0.23888858633084484,25.94412851101665,33.85413474675237,25.94412851101665,33.85413474675237,25.94412851101665,33.85413474675237,694502.0572211561,1040.9372025674256,849.4916705569674,0.8160834952019523,0.8160834952019523,0.8160834952019523,76.17904688007283,173368.04155022366,115461.77573530673,0.6002428806678088,26.196,34.228,26.196,34.228,25.94412851101665,33.85413474675237,3958.99893951416,26.191360473632812,41.67817306518555,31.67199151611328,5.208095403222133,47.54693176875532,209.35569977481828,63,63,125,50.4,100.0,50.4,50.4
13,13,2002-08-06,3,Type 3,Type 3,Temporally clustered,Back-to-Back,2,1,2.8846153846153846,8.884615384615385,9,2.8846153846153846,9.620689655172416,10,10,2.8846153846153846,9.620689655172416,10,4,23,359,1,1.25,31,15,15,31,48.38709677419355,100.0,48.38709677419355,48.38709677419355,43.47141281585606,21.140680030018665,821.5836070876612,234.1749753572406,151106.14631725443,125.38539131964636,0.28502878263034115,0.9585189581183388,-0.5790733207307169,0.8152754683037509,-0.8152754683037509,-0.5790733207307169,43.47141281585606,21.140680030018665,43.47141281585606,21.140680030018665,43.47141281585606,21.140680030018665,151106.14631725443,821.5836070876612,234.1749753572406,0.28502878263034115,0.28502878263034115,0.28502878263034115,125.38539131964636,107999.93974962762,8774.06705337028,0.9248628415382504,43.46774193548387,21.112903225806452,43.46774193548387,21.112903225806452,43.47141281585606,21.140680030018665,1307.72416305542,38.46809005737305,44.473819732666016,42.18465042114258,1.361357904284248,3.0989632466306727,7.067726021193857,14,14,31,45.16129032258065,100.0,45.16129032258065,45.16129032258065
13,13,2002-08-06,3,Type 3,Type 3,Temporally clustered,Back-to-Back,2,1,2.8846153846153846,8.884615384615385,9,2.8846153846153846,9.620689655172416,10,10,2.8846153846153846,9.620689655172416,10,4,23,359,2,1.25,24,10,10,24,41.666666666666664,100.0,41.666666666666664,41.666666666666664,51.89890236856987,25.03970548435333,771.3069347793793,387.5981836820168,234800.4098820345,113.07448676951205,0.502521326082571,0.8645648135520057,-0.39192749052078046,0.9199961098689948,-0.9199961098689948,-0.39192749052078046,51.89890236856987,25.03970548435333,51.89890236856987,25.03970548435333,51.89890236856987,25.03970548435333,234800.4098820345,771.3069347793793,387.5981836820168,0.502521326082571,0.502521326082571,0.502521326082571,113.07448676951205,95186.30202220185,24037.176318975748,0.7983855474322816,51.833333333333336,25.25,51.833333333333336,25.25,51.89890236856987,25.03970548435333,1031.240650177002,35.618812561035156,48.37928009033203,42.96836042404175,4.586838879950691,24.21540297137602,164.14168921210015,11,11,24,45.833333333333336,100.0,45.833333333333336,45.833333333333336
13,13,2002-08-06,3,Type 3,Type 3,Temporally clustered,Back-to-Back,2,1,2.8846153846153846,8.884615384615385,9,2.8846153846153846,9.620689655172416,10,10,2.8846153846153846,9.620689655172416,10,4,23,359,3,1.25,179,83,83,179,46.36871508379888,100.0,46.36871508379888,46.36871508379888,60.83804902567948,40.23046121628152,1167.938616550702,916.9804322830038,841143.2569096353,28.946449561431933,0.7851272483746977,0.6193344846361906,0.8750724433950693,0.4839919615144277,-0.4839919615144277,0.8750724433950693,60.83804902567948,40.23046121628152,60.83804902567948,40.23046121628152,60.83804902567948,40.23046121628152,841143.2569096353,1167.938616550702,916.9804322830038,0.7851272483746977,0.7851272483746977,0.7851272483746977,28.946449561431933,218252.8979248588,134536.4981103879,0.6186492575390601,60.891061452513966,40.05865921787709,60.891061452513966,40.05865921787709,60.83804902567948,40.23046121628152,7101.1324634552,23.47186279296875,45.342628479003906,39.67113108075531,4.584779597456494,19.60401860169008,346.69463246939756,87,87,179,48.60335195530726,100.0,48.60335195530726,48.60335195530726
13,13,2002-08-07,3,Type 3,Type 3,Temporally clustered,Back-to-Back,2,2,2.8448275862068964,9.620689655172416,10,2.8846153846153846,9.620689655172416,10,10,2.8846153846153846,9.620689655172416,10,3,16,358,0,1.25,125,62,62,125,49.6,100.0,49.6,49.6,25.77883684588748,33.04722644343183,1117.5631844251247,822.342422866004,721796.3191499542,65.84095131948698,0.7358352837016705,0.6771605682994855,0.40927100469533423,0.9124128696569727,-0.9124128696569727,0.40927100469533423,25.77883684588748,33.04722644343183,25.77883684588748,33.04722644343183,25.77883684588748,33.04722644343183,721796.3191499542,1117.5631844251247,822.342422866004,0.7358352837016705,0.7358352837016705,0.7358352837016705,65.84095131948698,199831.59538918803,108199.52967122073,0.648738322628918,26.092,33.508,26.092,33.508,25.77883684588748,33.04722644343183,4060.4792861938477,27.385242462158203,42.5493278503418,32.48383428955078,5.642870928320689,58.84512519660279,209.80704324680687,64,64,125,51.2,100.0,51.2,51.2
13,13,2002-08-07,3,Type 3,Type 3,Temporally clustered,Back-to-Back,2,2,2.8448275862068964,9.620689655172416,10,2.8846153846153846,9.620689655172416,10,10,2.8846153846153846,9.620689655172416,10,3,16,358,1,1.25,31,17,17,31,54.83870967741935,100.0,54.83870967741935,54.83870967741935,43.59244721677583,20.744786174092223,786.1612894238868,342.1228046862828,211243.60014236745,118.38266082962713,0.4351814434121992,0.900342774341903,-0.4753579831067574,0.8797924686519405,-0.8797924686519405,-0.4753579831067574,43.59244721677583,20.744786174092223,43.59244721677583,20.744786174092223,43.59244721677583,20.744786174092223,211243.60014236745,786.1612894238868,342.1228046862828,0.4351814434121992,0.4351814434121992,0.4351814434121992,118.38266082962713,98887.93167818055,18727.682157825344,0.8407721428556435,43.564516129032256,20.661290322580644,43.564516129032256,20.661290322580644,43.59244721677583,20.744786174092223,1292.5721893310547,33.10829162597656,44.313594818115234,41.69587707519531,2.5831913405127587,9.691215513814376,17.467212473898854,18,18,31,58.064516129032256,100.0,58.064516129032256,58.064516129032256
13,13,2002-08-07,3,Type 3,Type 3,Temporally clustered,Back-to-Back,2,2,2.8448275862068964,9.620689655172416,10,2.8846153846153846,9.620689655172416,10,10,2.8846153846153846,9.620689655172416,10,3,16,358,2,1.25,202,92,92,202,45.54455445544554,100.0,45.54455445544554,45.54455445544554,60.83972684521787,39.75319973586858,1223.7624186501241,933.8280367738757,897540.1852786447,31.455987246857177,0.7630795181665558,0.6463046100367047,0.8530412791439577,0.521843440196809,-0.521843440196809,0.8530412791439577,60.83972684521787,39.75319973586858,60.83972684521787,39.75319973586858,60.83972684521787,39.75319973586858,897540.1852786447,1223.7624186501241,933.8280367738757,0.7630795181665558,0.7630795181665558,0.7630795181665558,31.455987246857177,239615.1131680643,139525.56836239214,0.6319952588596484,60.95049504950495,39.52970297029703,60.95049504950495,39.52970297029703,60.83972684521787,39.75319973586858,8034.691453933716,20.36009979248047,45.642757415771484,39.77570026699859,5.143056629390767,26.573621018524424,339.0697837704417,90,90,202,44.554455445544555,100.0,44.554455445544555,44.554455445544555
14,14,2006-08-20,3,Type 3,Type 3,Temporally clustered,Back-to-Back,4,1,2.28125,8.25,8,3.7916666666666665,8.882352941176471,9,9,3.7916666666666665,8.882352941176471,9,2,10,394,0,1.25,345,141,141,345,40.869565217391305,100.0,40.869565217391305,40.869565217391305,32.41985090438441,33.104238807316044,2244.3838637157496,1600.575156843229,2821389.7923115934,121.53766556160217,0.7131467939683697,0.701014728984089,-0.5230589672417546,0.8522964958205502,-0.8522964958205502,-0.5230589672417546,32.41985090438441,33.104238807316044,32.41985090438441,33.104238807316044,32.41985090438441,33.104238807316044,2821389.7923115934,2244.3838637157496,1600.575156843229,0.7131467939683697,0.7131467939683697,0.7131467939683697,121.53766556160217,805961.4284332218,409894.53323259635,0.6628757466706758,31.807246376811595,33.946376811594206,31.807246376811595,33.946376811594206,32.41985090438441,33.104238807316044,12051.799211502075,25.999317169189453,48.91217041015625,34.93275133768717,6.394444706546728,109.37481153442015,148.47789035473338,133,133,345,38.55072463768116,100.0,38.55072463768116,38.55072463768116
14,14,2006-08-20,3,Type 3,Type 3,Temporally clustered,Back-to-Back,4,1,2.28125,8.25,8,3.7916666666666665,8.882352941176471,9,9,3.7916666666666665,8.882352941176471,9,2,10,394,1,1.25,49,21,21,49,42.857142857142854,100.0,42.857142857142854,42.857142857142854,48.7570243350719,41.86902515104832,765.6133798912209,375.7756535309008,225958.16268058773,129.64645438258245,0.4908164661180443,0.871262989336397,-0.6380484983819635,0.7699961777259167,-0.7699961777259167,-0.6380484983819635,48.7570243350719,41.86902515104832,48.7570243350719,41.86902515104832,48.7570243350719,41.86902515104832,225958.16268058773,765.6133798912209,375.7756535309008,0.4908164661180443,0.4908164661180443,0.4908164661180443,129.64645438258245,93786.21559495345,22593.174685852096,0.8058661878934213,48.765306122448976,41.80612244897959,48.765306122448976,41.80612244897959,48.7570243350719,41.86902515104832,1498.9575443267822,23.274768829345703,37.4818000793457,30.59097029238331,2.996352182238569,7.020394340817473,354.3796022967129,21,21,49,42.857142857142854,100.0,42.857142857142854,42.857142857142854
14,14,2006-08-21,3,Type 3,Type 3,Temporally clustered,Back-to-Back,4,2,2.9,8.314285714285715,8,3.7916666666666665,8.882352941176471,9,9,3.7916666666666665,8.882352941176471,9,4,1,454,0,1.25,374,155,155,374,41.44385026737968,100.0,41.44385026737968,41.44385026737968,32.93676722185646,32.362950325129994,2121.6485465841292,1646.2541239646175,2743217.239725433,117.7270942653756,0.7759315870741643,0.6308170671284732,-0.4652606823377441,0.885173710336348,-0.885173710336348,-0.4652606823377441,32.93676722185646,32.362950325129994,32.93676722185646,32.362950325129994,32.93676722185646,32.362950325129994,2743217.239725433,2121.6485465841292,1646.2541239646175,0.7759315870741643,0.7759315870741643,0.7759315870741643,117.7270942653756,720222.8088356077,433624.42250728165,0.6241925181008462,32.18181818181818,33.24331550802139,32.18181818181818,33.24331550802139,32.93676722185646,32.362950325129994,13352.59789466858,26.326034545898438,50.21650695800781,35.70213340820476,6.729895720900294,120.54769521020867,143.88177648896993,146,146,374,39.037433155080215,100.0,39.037433155080215,39.037433155080215
14,14,2006-08-21,3,Type 3,Type 3,Temporally clustered,Back-to-Back,4,2,2.9,8.314285714285715,8,3.7916666666666665,8.882352941176471,9,9,3.7916666666666665,8.882352941176471,9,4,1,454,1,1.25,16,7,7,16,43.75,100.0,43.75,43.75,45.136154154645666,17.656881479586264,543.2593074610772,328.834679448239,140305.49158241373,37.67566384243648,0.6052996698483605,0.7959976819573445,0.7914832052988232,0.6111909159419018,-0.6111909159419018,0.7914832052988232,45.136154154645666,17.656881479586264,45.136154154645666,17.656881479586264,45.136154154645666,17.656881479586264,140305.49158241373,543.2593074610772,328.834679448239,0.6052996698483605,0.6052996698483605,0.6052996698483605,37.67566384243648,47220.908022894284,17301.15942525217,0.7318567102773582,45.0,17.5625,45.0,17.5625,45.136154154645666,17.656881479586264,639.579174041748,32.97610092163086,43.64060974121094,39.97369837760925,3.4538142813228,17.830852305998974,54.11811733219804,7,7,16,43.75,100.0,43.75,43.75
14,14,2006-08-21,3,Type 3,Type 3,Temporally clustered,Back-to-Back,4,2,2.9,8.314285714285715,8,3.7916666666666665,8.882352941176471,9,9,3.7916666666666665,8.882352941176471,9,4,1,454,2,1.25,43,20,20,43,46.51162790697674,100.0,46.51162790697674,46.51162790697674,49.241965765131624,41.78305190233853,834.4589458071154,360.42639434473324,236217.15984993606,126.28642120630818,0.4319282526189677,0.901907969024293,-0.5918221614774396,0.8060685635751907,-0.8060685635751907,-0.5918221614774396,49.241965765131624,41.78305190233853,49.241965765131624,41.78305190233853,49.241965765131624,41.78305190233853,236217.15984993606,834.4589458071154,360.42639434473324,0.4319282526189677,0.4319282526189677,0.4319282526189677,126.28642120630818,111411.47715800356,20785.149718455225,0.8427709525608433,49.26744186046512,41.73255813953488,49.26744186046512,41.73255813953488,49.241965765131624,41.78305190233853,1322.1292362213135,23.872615814208984,37.03956985473633,30.747191540030546,2.547528042897825,5.995129962297609,339.31286469550594,20,20,43,46.51162790697674,100.0,46.51162790697674,46.51162790697674
14,14,2006-08-21,3,Type 3,Type 3,Temporally clustered,Back-to-Back,4,2,2.9,8.314285714285715,8,3.7916666666666665,8.882352941176471,9,9,3.7916666666666665,8.882352941176471,9,4,1,454,3,1.25,21,9,9,21,42.857142857142854,100.0,42.857142857142854,42.857142857142854,60.09519423344051,44.43495067458742,451.8471421298025,253.25107768198592,89873.721064562,176.13627958133625,0.5604795384746161,0.8281682721230519,-0.99772714598294,0.06738354523722549,-0.06738354523722549,-0.99772714598294,60.09519423344051,44.43495067458742,60.09519423344051,44.43495067458742,60.09519423344051,44.43495067458742,89873.721064562,451.8471421298025,253.25107768198592,0.5604795384746161,0.5604795384746161,0.5604795384746161,176.13627958133625,32666.53437613918,10261.777335533961,0.7609554877336683,60.07142857142857,44.45238095238095,60.07142857142857,44.45238095238095,60.09519423344051,44.43495067458742,811.2453346252441,34.895668029785156,40.14060974121094,38.630730220249724,1.4940982936427507,2.7075289269452836,135.66470322974874,9,9,21,42.857142857142854,100.0,42.857142857142854,42.857142857142854
14,14,2006-08-22,3,Type 3,Type 3,Temporally clustered,Back-to-Back,4,3,2.676470588235294,8.882352941176471,9,3.7916666666666665,8.882352941176471,9,9,3.7916666666666665,8.882352941176471,9,3,3,434,0,1.25,391,168,168,391,42.966751918158565,100.0,42.966751918158565,42.966751918158565,35.02580909205152,32.051993672647676,2181.525139121475,1839.1664477277004,3151164.9613280483,44.71799880500694,0.8430645215797758,0.5378124324087941,0.71057847551204,0.7036179575159983,-0.7036179575159983,0.71057847551204,35.02580909205152,32.051993672647676,35.02580909205152,32.051993672647676,35.02580909205152,32.051993672647676,3151164.9613280483,2181.525139121475,1839.1664477277004,0.8430645215797758,0.8430645215797758,0.8430645215797758,44.71799880500694,761448.3092190353,541205.3155915726,0.5845362840254191,34.54859335038363,33.03708439897698,34.54859335038363,33.03708439897698,35.02580909205152,32.051993672647676,13834.09658241272,23.5072021484375,49.7523307800293,35.38132118264123,6.953642115111072,118.08136593430582,157.5617362349146,159,159,391,40.66496163682864,100.0,40.66496163682864,40.66496163682864
14,14,2006-08-22,3,Type 3,Type 3,Temporally clustered,Back-to-Back,4,3,2.676470588235294,8.882352941176471,9,3.7916666666666665,8.882352941176471,9,9,3.7916666666666665,8.882352941176471,9,3,3,434,1,1.25,20,8,8,20,40.0,100.0,40.0,40.0,44.412108990517346,17.451239527314563,657.8781123281489,320.0213223336343,165353.82074187876,25.374912250130876,0.48644470204536616,0.873711366443172,0.9035230214448318,0.4285395544394964,-0.4285395544394964,0.9035230214448318,44.412108990517346,17.451239527314563,44.412108990517346,17.451239527314563,44.412108990517346,17.451239527314563,165353.82074187876,657.8781123281489,320.0213223336343,0.48644470204536616,0.48644470204536616,0.48644470204536616,25.374912250130876,69248.57770887174,16386.183479706862,0.8086503278309797,44.2,17.35,44.2,17.35,44.412108990517346,17.451239527314563,772.2599029541016,33.01593780517578,43.65760040283203,38.61299514770508,3.9166686664803625,25.16954595299316,63.53455706646022,7,7,20,35.0,100.0,35.0,35.0
14,14,2006-08-22,3,Type 3,Type 3,Temporally clustered,Back-to-Back,4,3,2.676470588235294,8.882352941176471,9,3.7916666666666665,8.882352941176471,9,9,3.7916666666666665,8.882352941176471,9,3,3,434,2,1.25,23,10,10,23,43.47826086956522,100.0,43.47826086956522,43.47826086956522,59.72967625322075,44.40027034352142,490.4696793307081,248.81156561852646,95845.69479270582,179.5471884424739,0.5072924506934928,0.8617739665767296,-0.9999687710425812,0.007902970301712088,-0.007902970301712088,-0.9999687710425812,59.72967625322075,44.40027034352142,59.72967625322075,44.40027034352142,59.72967625322075,44.40027034352142,95845.69479270582,490.4696793307081,248.81156561852646,0.5072924506934928,0.5072924506934928,0.5072924506934928,179.5471884424739,38489.68101484282,9905.151229686768,0.795326261704184,59.71739130434783,44.41304347826087,59.71739130434783,44.41304347826087,59.72967625322075,44.40027034352142,897.3142127990723,35.931121826171875,40.364768981933594,39.01366142604662,1.2014184477152365,1.7239983898570144,145.4113493347203,10,10,23,43.47826086956522,100.0,43.47826086956522,43.47826086956522
14,14,2006-08-23,3,Type 3,Type 3,Temporally clustered,Back-to-Back,4,4,3.7916666666666665,6.583333333333333,7,3.7916666666666665,8.882352941176471,9,9,3.7916666666666665,8.882352941176471,9,2,3,373,0,1.25,287,128,128,287,44.599303135888505,100.0,44.599303135888505,44.599303135888505,35.20688268336332,28.646735203328056,2052.840927530926,1660.560682139967,2677317.826830968,115.20773795285346,0.8089086006957306,0.5879344144719504,-0.4259014870676781,0.9047695415483108,-0.9047695415483108,-0.4259014870676781,35.20688268336332,28.646735203328056,35.20688268336332,28.646735203328056,35.20688268336332,28.646735203328056,2677317.826830968,2052.840927530926,1660.560682139967,0.8089086006957306,0.8089086006957306,0.8089086006957306,115.20773795285346,674264.9397993651,441193.88465106435,0.604473177332714,34.59407665505226,29.385017421602786,34.59407665505226,29.385017421602786,35.20688268336332,28.646735203328056,10513.34246635437,25.88169288635254,48.893638610839844,36.6318552834647,6.551907883283437,101.29212803730168,143.73638524119457,122,122,287,42.508710801393725,100.0,42.508710801393725,42.508710801393725
14,14,2006-08-23,3,Type 3,Type 3,Temporally clustered,Back-to-Back,4,4,3.7916666666666665,6.583333333333333,7,3.7916666666666665,8.882352941176471,9,9,3.7916666666666665,8.882352941176471,9,2,3,373,1,1.25,86,41,41,86,47.674418604651166,100.0,47.674418604651166,47.674418604651166,54.60643411141143,41.96844013917587,1018.4270250667487,635.1372999944084,508027.7262962148,20.613377184700283,0.6236453711082351,0.781707394806568,0.9359773636752122,0.3520601861721935,-0.3520601861721935,0.9359773636752122,54.60643411141143,41.96844013917587,54.60643411141143,41.96844013917587,54.60643411141143,41.96844013917587,508027.7262962148,1018.4270250667487,635.1372999944084,0.6236453711082351,0.6236453711082351,0.6236453711082351,20.613377184700283,165950.97686180926,64543.90237506995,0.7199768489922144,54.03488372093023,41.872093023255815,54.03488372093023,41.872093023255815,54.60643411141143,41.96844013917587,2992.4976119995117,24.068220138549805,41.35929870605469,34.79648386045944,4.953300325900481,48.60505577422811,77.0901070710686,40,40,86,46.51162790697674,100.0,46.51162790697674,46.51162790697674
15,15,2007-07-25,4,Type 4,Type 4,Mixed,Mixed Multi-Day,8,1,3.0384615384615383,7.076923076923077,7,3.421052631578948,9.421052631578949,9,9,3.421052631578948,9.421052631578949,9,2,11,399,0,1.25,388,168,168,388,43.29896907216495,100.0,43.29896907216495,43.29896907216495,32.9808771984905,36.09612438108297,1595.141702524014,1425.2583096577544,1785594.0588751195,162.09521190071135,0.8934994975070548,0.44906419135201653,-0.9515687153488745,0.30743613966040595,-0.30743613966040595,-0.9515687153488745,32.9808771984905,36.09612438108297,32.9808771984905,36.09612438108297,32.9808771984905,36.09612438108297,1785594.0588751195,1595.141702524014,1425.2583096577544,0.8934994975070548,0.8934994975070548,0.8934994975070548,162.09521190071135,407116.32818099356,325017.7998797567,0.5560679560989026,32.44072164948454,36.54639175257732,32.44072164948454,36.54639175257732,32.9808771984905,36.09612438108297,13698.519088745117,24.954235076904297,48.96012878417969,35.30546156893072,6.185066363230719,69.63478733873194,135.6890884236951,165,165,388,42.52577319587629,100.0,42.52577319587629,42.52577319587629
15,15,2007-07-25,4,Type 4,Type 4,Mixed,Mixed Multi-Day,8,1,3.0384615384615383,7.076923076923077,7,3.421052631578948,9.421052631578949,9,9,3.421052631578948,9.421052631578949,9,2,11,399,1,1.25,11,4,4,11,36.36363636363637,100.0,36.36363636363637,36.36363636363637,40.67099322899447,18.317541235617725,557.2633610361742,182.42318759570344,79841.81693921493,110.51549944875363,0.3273554307545111,0.9449012763011427,-0.350460753643229,0.9365774181325428,-0.9365774181325428,-0.350460753643229,40.67099322899447,18.317541235617725,40.67099322899447,18.317541235617725,40.67099322899447,18.317541235617725,79841.81693921493,557.2633610361742,182.42318759570344,0.3273554307545111,0.3273554307545111,0.3273554307545111,110.51549944875363,49686.79256853333,5324.515099612354,0.9032105338827363,40.68181818181818,18.227272727272727,40.68181818181818,18.227272727272727,40.67099322899447,18.317541235617725,386.1477813720703,33.196773529052734,39.807525634765625,35.104343761097304,2.4473699897046317,10.056590092904278,353.46611451829517,4,4,11,36.36363636363637,100.0,36.36363636363637,36.36363636363637
15,15,2007-07-26,4,Type 4,Type 4,Mixed,Mixed Multi-Day,8,2,3.2096774193548385,8.129032258064516,8,3.421052631578948,9.421052631578949,9,9,3.421052631578948,9.421052631578949,9,1,5,450,0,1.25,450,207,207,450,46.0,100.0,46.0,46.0,33.99114194646723,32.92495964169244,1915.0675588665076,1562.6295962679503,2350336.3987645204,113.7602806225598,0.8159657809632791,0.5781002026439586,-0.40291091836571835,0.9152391992597856,-0.9152391992597856,-0.40291091836571835,33.99114194646723,32.92495964169244,33.99114194646723,32.92495964169244,33.99114194646723,32.92495964169244,2350336.3987645204,1915.0675588665076,1562.6295962679503,0.8159657809632791,0.8159657809632791,0.8159657809632791,113.7602806225598,586797.4008036678,390689.80082120595,0.6003121062129881,33.42666666666667,33.50888888888889,33.42666666666667,33.50888888888889,33.99114194646723,32.92495964169244,16143.684684753418,25.810638427734375,48.86783218383789,35.8748548550076,6.457010607673396,83.44620403180231,140.74961416419612,199,199,450,44.22222222222222,100.0,44.22222222222222,44.22222222222222
15,15,2007-07-27,4,Type 4,Type 4,Mixed,Mixed Multi-Day,8,3,3.1323529411764706,8.0,8,3.421052631578948,9.421052631578949,9,9,3.421052631578948,9.421052631578949,9,1,4,446,0,1.25,446,195,195,446,43.7219730941704,100.0,43.7219730941704,43.7219730941704,34.806854997086596,31.22830911927731,2074.2782744226906,1533.9436435623861,2499000.276253648,127.0401441040646,0.7395071637576258,0.6731486869564197,-0.602374436796437,0.7982136542894862,-0.7982136542894862,-0.602374436796437,34.806854997086596,31.22830911927731,34.806854997086596,31.22830911927731,34.806854997086596,31.22830911927731,2499000.276253648,2074.2782744226906,1533.9436435623861,0.7395071637576258,0.7395071637576258,0.7395071637576258,127.0401441040646,688420.857558716,376477.29626007174,0.6464663828085325,34.16591928251121,31.791479820627803,34.16591928251121,31.791479820627803,34.806854997086596,31.22830911927731,16719.135431289673,25.63410186767578,50.055816650390625,37.486850742801956,6.526185051353567,87.2121610537278,135.55653759958741,194,194,446,43.497757847533634,100.0,43.497757847533634,43.497757847533634
15,15,2007-07-28,4,Type 4,Type 4,Mixed,Mixed Multi-Day,8,4,2.857142857142857,6.857142857142857,7,3.421052631578948,9.421052631578949,9,9,3.421052631578948,9.421052631578949,9,1,6,480,0,1.25,480,221,221,480,46.041666666666664,100.0,46.041666666666664,46.041666666666664,36.287112911579776,30.07116068878453,2330.0241677410977,1607.6547044949662,2942002.807205533,127.54843567299858,0.689973403174418,0.7238347207145509,-0.60943188214923,0.7928384331123505,-0.7928384331123505,-0.60943188214923,36.287112911579776,30.07116068878453,36.287112911579776,30.07116068878453,36.287112911579776,30.07116068878453,2942002.807205533,2330.0241677410977,1607.6547044949662,0.689973403174418,0.689973403174418,0.689973403174418,127.54843567299858,868642.0195612152,413528.5838215674,0.6774777219735466,35.58541666666667,30.685416666666665,35.58541666666667,30.685416666666665,36.287112911579776,30.07116068878453,18393.921424865723,25.479589462280273,49.495765686035156,38.32066963513692,6.245413787878631,95.8428880869534,135.09680002846247,221,221,480,46.041666666666664,100.0,46.041666666666664,46.041666666666664
15,15,2007-07-29,4,Type 4,Type 4,Mixed,Mixed Multi-Day,8,5,3.210526315789474,8.578947368421053,9,3.421052631578948,9.421052631578949,9,9,3.421052631578948,9.421052631578949,9,2,6,488,0,1.25,431,209,209,431,48.49187935034803,100.0,48.49187935034803,48.49187935034803,38.897148267074634,31.922633875959885,2583.765588919021,1222.6669943670945,2481139.4837802052,126.88181294794518,0.473211269478446,0.8809489737996166,-0.6001663560268639,0.7998752059499254,-0.7998752059499254,-0.6001663560268639,38.897148267074634,31.922633875959885,38.897148267074634,31.922633875959885,38.897148267074634,31.922633875959885,2481139.4837802052,2583.765588919021,1222.6669943670945,0.473211269478446,0.473211269478446,0.473211269478446,126.88181294794518,1068135.138957129,239186.3326583464,0.817040920805209,37.86890951276102,32.73897911832947,37.86890951276102,32.73897911832947,38.897148267074634,31.922633875959885,16209.21572303772,25.468820571899414,49.49787139892578,37.6083891485794,6.975807775854105,132.54068919873941,132.80271896021284,214,214,431,49.65197215777262,100.0,49.65197215777262,49.65197215777262
15,15,2007-07-29,4,Type 4,Type 4,Mixed,Mixed Multi-Day,8,5,3.210526315789474,8.578947368421053,9,3.421052631578948,9.421052631578949,9,9,3.421052631578948,9.421052631578949,9,2,6,488,1,1.25,57,26,26,57,45.6140350877193,100.0,45.6140350877193,45.6140350877193,27.44462468572525,20.987172547177785,735.4210159660385,525.6227667760133,303598.8245540238,58.776066738301154,0.7147236145890703,0.699407002215973,0.5183842619812389,0.8551477982958071,-0.8551477982958071,0.5183842619812389,27.44462468572525,20.987172547177785,27.44462468572525,20.987172547177785,27.44462468572525,20.987172547177785,303598.8245540238,735.4210159660385,525.6227667760133,0.7147236145890703,0.7147236145890703,0.7147236145890703,58.776066738301154,86535.0513159232,44204.6868725234,0.6618879042819611,27.37719298245614,20.99122807017544,27.37719298245614,20.99122807017544,27.44462468572525,20.987172547177785,2349.971893310547,37.654083251953125,44.519187927246094,41.22757707562363,1.5339640059126538,7.025768263050047,93.65217732463375,25,25,57,43.85964912280702,100.0,43.85964912280702,43.85964912280702
15,15,2007-07-30,4,Type 4,Type 4,Mixed,Mixed Multi-Day,8,6,3.421052631578948,9.421052631578949,9,3.421052631578948,9.421052631578949,9,9,3.421052631578948,9.421052631578949,9,2,12,468,0,1.25,433,204,204,433,47.11316397228637,100.0,47.11316397228637,47.11316397228637,39.57708154061058,32.251469494548374,2590.1615687995436,1237.450757649471,2517356.1479448294,123.69111383926186,0.4777504123895211,0.8784956137976117,-0.5547153907121919,0.832040164479468,-0.832040164479468,-0.5547153907121919,39.57708154061058,32.251469494548374,39.57708154061058,32.251469494548374,39.57708154061058,32.251469494548374,2517356.1479448294,2590.1615687995436,1237.450757649471,0.4777504123895211,0.4777504123895211,0.4777504123895211,123.69111383926186,1073429.912397778,245005.50041715993,0.8141695087709616,38.647806004618936,33.16512702078522,38.647806004618936,33.16512702078522,39.57708154061058,32.251469494548374,16269.1539478302,22.198226928710938,49.5987548828125,37.57310380561247,7.08756817549922,133.63196291817093,139.0557787765859,205,205,433,47.34411085450346,100.0,47.34411085450346,47.34411085450346
15,15,2007-07-30,4,Type 4,Type 4,Mixed,Mixed Multi-Day,8,6,3.421052631578948,9.421052631578949,9,3.421052631578948,9.421052631578949,9,9,3.421052631578948,9.421052631578949,9,2,12,468,1,1.25,35,15,15,35,42.857142857142854,100.0,42.857142857142854,42.857142857142854,27.167539380881024,19.314119495033925,681.8213407690467,340.1882014687667,182171.19991155382,23.20019696252038,0.49894038383289413,0.8666363097520692,0.9191339850175712,0.3939450692491521,-0.3939450692491521,0.9191339850175712,27.167539380881024,19.314119495033925,27.167539380881024,19.314119495033925,27.167539380881024,19.314119495033925,182171.19991155382,681.8213407690467,340.1882014687667,0.49894038383289413,0.49894038383289413,0.49894038383289413,23.20019696252038,74380.8545164961,18516.481986968676,0.8006780098988299,27.1,19.3,27.1,19.3,27.167539380881024,19.314119495033925,1422.2494316101074,37.8281135559082,42.80372619628906,40.63569804600307,1.3038452560324352,7.268250979666679,77.5709329969379,15,15,35,42.857142857142854,100.0,42.857142857142854,42.857142857142854
15,15,2007-07-31,4,Type 4,Type 4,Mixed,Mixed Multi-Day,8,7,3.267857142857143,8.75,9,3.421052631578948,9.421052631578949,9,9,3.421052631578948,9.421052631578949,9,2,4,408,0,1.25,28,14,14,28,50.0,100.0,50.0,50.0,27.07022931428376,19.168534580880944,734.8218529197605,280.2464199101001,161737.9812023536,25.708381326526734,0.38138008388912437,0.9244183206821057,0.9010135752745266,0.4337908910650556,-0.4337908910650556,0.9010135752745266,27.07022931428376,19.168534580880944,27.07022931428376,19.168534580880944,27.07022931428376,19.168534580880944,161737.9812023536,734.8218529197605,280.2464199101001,0.38138008388912437,0.38138008388912437,0.38138008388912437,25.708381326526734,86394.10488454881,12566.088939588504,0.8730187517425464,27.0,19.142857142857142,27.0,19.142857142857142,27.07022931428376,19.168534580880944,1139.2288818359375,38.24006652832031,43.09608459472656,40.68674577985491,1.2748680066274871,7.915598839189798,68.94474700666242,14,14,28,50.0,100.0,50.0,50.0
15,15,2007-07-31,4,Type 4,Type 4,Mixed,Mixed Multi-Day,8,7,3.267857142857143,8.75,9,3.421052631578948,9.421052631578949,9,9,3.421052631578948,9.421052631578949,9,2,4,408,1,1.25,380,167,167,380,43.94736842105263,100.0,43.94736842105263,43.94736842105263,42.33107021984584,31.575786273817442,2513.167506973316,1344.5431851136946,2653909.2808753434,113.46522019503715,0.5349994305524699,0.8448524186557869,-0.39819231975356645,0.9173019549141239,-0.9173019549141239,-0.39819231975356645,42.33107021984584,31.575786273817442,42.33107021984584,31.575786273817442,42.33107021984584,31.575786273817442,2653909.2808753434,2513.167506973316,1344.5431851136946,0.5349994305524699,0.5349994305524699,0.5349994305524699,113.46522019503715,1010561.7468970356,289247.4202617086,0.7774693181353881,41.49473684210526,32.613157894736844,41.49473684210526,32.613157894736844,42.33107021984584,31.575786273817442,14458.35982131958,22.976036071777344,50.214019775390625,38.04831531926205,7.609896863347569,139.51579714395578,145.31523937868184,160,160,380,42.10526315789474,100.0,42.10526315789474,42.10526315789474
15,15,2007-08-01,4,Type 4,Type 4,Mixed,Mixed Multi-Day,8,8,3.2884615384615383,9.076923076923077,9,3.421052631578948,9.421052631578949,9,9,3.421052631578948,9.421052631578949,9,1,6,374,0,1.25,374,150,150,374,40.106951871657756,100.0,40.106951871657756,40.106951871657756,43.50794528732035,32.048435131915646,2478.5398935159988,1534.4521542022724,2987026.9853054015,104.93685066584133,0.6190952012580013,0.7853159439227723,-0.25775427963523334,0.966210500527562,-0.966210500527562,-0.25775427963523334,43.50794528732035,32.048435131915646,43.50794528732035,32.048435131915646,43.50794528732035,32.048435131915646,2987026.9853054015,2478.5398935159988,1534.4521542022724,0.6190952012580013,0.6190952012580013,0.6190952012580013,104.93685066584133,982905.600600048,376726.94616575906,0.7229200293403617,42.85828877005348,32.967914438502675,42.85828877005348,32.967914438502675,43.50794528732035,32.048435131915646,14080.311674118042,22.254783630371094,50.33881378173828,37.64789217678621,7.146183863053385,118.8431510017528,148.9159971656494,146,146,374,39.037433155080215,100.0,39.037433155080215,39.037433155080215
16,16,2010-06-18,3,Type 3,Type 3,Temporally clustered,Back-to-Back,5,1,2.83,7.64,8,3.1486486486486487,8.290322580645162,8,8,3.1486486486486487,8.290322580645162,8,5,1,387,0,1.25,83,38,38,83,45.78313253012048,100.0,45.78313253012048,45.78313253012048,25.360214729586904,28.716951413572772,939.6048498095072,569.063864166686,419948.60184269166,9.596854073394809,0.6056416846742079,0.7957374879851944,0.9860051923186668,0.16671460859993312,-0.16671460859993312,0.9860051923186668,25.360214729586904,28.716951413572772,25.360214729586904,28.716951413572772,25.360214729586904,28.716951413572772,419948.60184269166,939.6048498095072,569.063864166686,0.6056416846742079,0.6056416846742079,0.6056416846742079,9.596854073394809,141257.16380568745,51813.38904005128,0.7316349475548991,25.512048192771083,28.765060240963855,25.512048192771083,28.765060240963855,25.360214729586904,28.716951413572772,3410.885265350342,31.918346405029297,46.651039123535156,41.09500319699207,3.09186261470937,15.760546791471949,250.262485390432,38,38,83,45.78313253012048,100.0,45.78313253012048,45.78313253012048
16,16,2010-06-18,3,Type 3,Type 3,Temporally clustered,Back-to-Back,5,1,2.83,7.64,8,3.1486486486486487,8.290322580645162,8,8,3.1486486486486487,8.290322580645162,8,5,1,387,1,1.25,22,12,12,22,54.54545454545455,100.0,54.54545454545455,54.54545454545455,35.05592298239377,18.153546091383262,570.1960967710783,334.68860152345604,149883.92012450434,168.55059268409153,0.5869710498173166,0.8096079215746084,-0.9801003662354265,0.1985025745555531,-0.1985025745555531,-0.9801003662354265,35.05592298239377,18.153546091383262,35.05592298239377,18.153546091383262,35.05592298239377,18.153546091383262,149883.92012450434,570.1960967710783,334.68860152345604,0.5869710498173166,0.5869710498173166,0.5869710498173166,168.55059268409153,52019.77420367565,17922.633598356282,0.7437515498596319,35.13636363636363,18.136363636363637,35.13636363636363,18.136363636363637,35.05592298239377,18.153546091383262,928.0483055114746,34.78793716430664,44.035919189453125,42.18401388688521,2.123634330293832,8.721942462554395,282.60684561859847,12,12,22,54.54545454545455,100.0,54.54545454545455,54.54545454545455
16,16,2010-06-18,3,Type 3,Type 3,Temporally clustered,Back-to-Back,5,1,2.83,7.64,8,3.1486486486486487,8.290322580645162,8,8,3.1486486486486487,8.290322580645162,8,5,1,387,2,1.25,135,61,61,135,45.18518518518518,100.0,45.18518518518518,45.18518518518518,46.89558827927067,21.838489535354334,1091.601565349108,845.6103406735119,724977.1461870507,92.36150486780679,0.7746510883786385,0.632388876620858,-0.041204366866838094,0.9991507394538138,-0.9991507394538138,-0.041204366866838094,46.89558827927067,21.838489535354334,46.89558827927067,21.838489535354334,46.89558827927067,21.838489535354334,724977.1461870507,1091.601565349108,845.6103406735119,0.7746510883786385,0.7746510883786385,0.7746510883786385,92.36150486780679,190655.0363956196,114409.09572063564,0.6249670686390753,46.84074074074074,21.581481481481482,46.84074074074074,21.581481481481482,46.89558827927067,21.838489535354334,5823.193660736084,31.12748908996582,48.072044372558594,43.134767857304325,4.109750490509343,29.017930393868674,11.26805254830883,64,64,135,47.407407407407405,100.0,47.407407407407405,47.407407407407405
16,16,2010-06-18,3,Type 3,Type 3,Temporally clustered,Back-to-Back,5,1,2.83,7.64,8,3.1486486486486487,8.290322580645162,8,8,3.1486486486486487,8.290322580645162,8,5,1,387,3,1.25,109,52,52,109,47.706422018348626,100.0,47.706422018348626,47.706422018348626,58.91145363277153,40.91042467965667,989.321319307269,632.4160563157479,491394.3254217222,87.37990208295334,0.639242320946415,0.7690053674136745,0.04571339905832451,0.9989545961386506,-0.9989545961386506,0.04571339905832451,58.91145363277153,40.91042467965667,58.91145363277153,40.91042467965667,58.91145363277153,40.91042467965667,491394.3254217222,989.321319307269,632.4160563157479,0.639242320946415,0.639242320946415,0.639242320946415,87.37990208295334,156601.0676537401,63992.010925754126,0.7099092531015492,58.91284403669725,40.87614678899082,58.91284403669725,40.87614678899082,58.91145363277153,40.91042467965667,4435.5328159332275,31.685346603393555,44.40004348754883,40.692961614066306,2.5837774558199444,3.8084258895465277,358.2374099147407,51,51,109,46.788990825688074,100.0,46.788990825688074,46.788990825688074
16,16,2010-06-18,3,Type 3,Type 3,Temporally clustered,Back-to-Back,5,1,2.83,7.64,8,3.1486486486486487,8.290322580645162,8,8,3.1486486486486487,8.290322580645162,8,5,1,387,4,1.25,38,18,18,38,47.36842105263158,100.0,47.36842105263158,47.36842105263158,64.76358710148692,20.66213599595169,857.8431875693542,292.3012693621603,196937.53125800096,8.985987974071634,0.3407397454427282,0.9401576601164428,0.9877265680441562,0.15619291526734777,-0.15619291526734777,0.9877265680441562,64.76358710148692,20.66213599595169,64.76358710148692,20.66213599595169,64.76358710148692,20.66213599595169,196937.53125800096,857.8431875693542,292.3012693621603,0.3407397454427282,0.3407397454427282,0.3407397454427282,8.985987974071634,117743.18951346402,13670.405131316831,0.8959741937790471,64.73684210526316,20.657894736842106,64.73684210526316,20.657894736842106,64.76358710148692,20.66213599595169,1142.896396636963,29.390239715576172,30.745555877685547,30.076220964130602,0.3033274655871532,2.826216510995307,80.43154129644611,18,18,38,47.36842105263158,100.0,47.36842105263158,47.36842105263158
16,16,2010-06-19,3,Type 3,Type 3,Temporally clustered,Back-to-Back,5,2,3.1486486486486487,8.108108108108109,8,3.1486486486486487,8.290322580645162,8,8,3.1486486486486487,8.290322580645162,8,4,3,441,0,1.25,156,80,80,156,51.282051282051285,100.0,51.282051282051285,51.282051282051285,27.178828115833074,25.908839561600676,1261.7367568847956,870.1549008437739,862293.6878750508,141.56198628387997,0.6896485309599525,0.7241442561705363,-0.7832811753650196,0.6216675963236249,-0.6216675963236249,-0.7832811753650196,27.178828115833074,25.908839561600676,27.178828115833074,25.908839561600676,27.178828115833074,25.908839561600676,862293.6878750508,1261.7367568847956,870.1549008437739,0.6896485309599525,0.6896485309599525,0.6896485309599525,141.56198628387997,254716.74298786581,121147.12823399008,0.6776834979106512,27.30128205128205,25.92948717948718,27.30128205128205,25.92948717948718,27.178828115833074,25.908839561600676,6516.445770263672,31.928356170654297,47.92082214355469,41.772088270920975,3.2288191358333953,12.479621991322682,259.46488213616476,78,78,156,50.0,100.0,50.0,50.0
16,16,2010-06-19,3,Type 3,Type 3,Temporally clustered,Back-to-Back,5,2,3.1486486486486487,8.108108108108109,8,3.1486486486486487,8.290322580645162,8,8,3.1486486486486487,8.290322580645162,8,4,3,441,1,1.25,117,55,55,117,47.00854700854701,100.0,47.00854700854701,47.00854700854701,46.73779188804428,21.889217528423526,1114.8718942201026,749.7789321934058,656520.1825825,86.59880457091622,0.6725247412555019,0.7400746397487353,0.05932720101200227,0.9982385903280244,-0.9982385903280244,0.05932720101200227,46.73779188804428,21.889217528423526,46.73779188804428,21.889217528423526,46.73779188804428,21.889217528423526,656520.1825825,1114.8718942201026,749.7789321934058,0.6725247412555019,0.6725247412555019,0.6725247412555019,86.59880457091622,198870.29448350717,89946.95154577344,0.6885679342823783,46.662393162393165,21.585470085470085,46.662393162393165,21.585470085470085,46.73779188804428,21.889217528423526,5009.802959442139,30.579219818115234,48.83464813232422,42.81882871318067,4.306641481860694,34.5256083510549,13.043146918011837,55,55,117,47.00854700854701,100.0,47.00854700854701,47.00854700854701
16,16,2010-06-19,3,Type 3,Type 3,Temporally clustered,Back-to-Back,5,2,3.1486486486486487,8.108108108108109,8,3.1486486486486487,8.290322580645162,8,8,3.1486486486486487,8.290322580645162,8,4,3,441,2,1.25,143,65,65,143,45.45454545454545,100.0,45.45454545454545,45.45454545454545,60.519440549296604,37.493504621735546,1510.2747870441706,619.5029880462002,734834.0280613212,97.24616358383709,0.410192233466771,0.9119990853085007,-0.1261325460927876,0.9920133974983154,-0.9920133974983154,-0.1261325460927876,60.519440549296604,37.493504621735546,60.519440549296604,37.493504621735546,60.519440549296604,37.493504621735546,734834.0280613212,1510.2747870441706,619.5029880462002,0.410192233466771,0.410192233466771,0.410192233466771,97.24616358383709,364948.78918101045,61405.43235170728,0.8559755497882525,60.47202797202797,37.56293706293706,60.47202797202797,37.56293706293706,60.519440549296604,37.493504621735546,5910.812557220459,31.683021545410156,48.088775634765625,41.33435354699622,2.7201668119079216,8.772012048988582,151.4464752619832,65,65,143,45.45454545454545,100.0,45.45454545454545,45.45454545454545
16,16,2010-06-19,3,Type 3,Type 3,Temporally clustered,Back-to-Back,5,2,3.1486486486486487,8.108108108108109,8,3.1486486486486487,8.290322580645162,8,8,3.1486486486486487,8.290322580645162,8,4,3,441,3,1.25,25,10,10,25,40.0,100.0,40.0,40.0,65.67991365117024,20.344179060379847,708.3858222796563,211.2613502857333,117538.4050526001,5.549204544799238,0.29822921865639995,0.9544942813551023,0.9953135207810495,0.09670054472665301,-0.09670054472665301,0.9953135207810495,65.67991365117024,20.344179060379847,65.67991365117024,20.344179060379847,65.67991365117024,20.344179060379847,117538.4050526001,708.3858222796563,211.2613502857333,0.29822921865639995,0.29822921865639995,0.29822921865639995,5.549204544799238,80289.67571309196,7141.0172999282095,0.9183236795473556,65.66,20.34,65.66,20.34,65.67991365117024,20.344179060379847,748.1559886932373,29.342926025390625,30.618974685668945,29.92623954772949,0.2708436745019952,2.130215628976378,77.45259810947425,10,10,25,40.0,100.0,40.0,40.0
16,16,2010-06-20,3,Type 3,Type 3,Temporally clustered,Back-to-Back,5,3,3.071428571428572,7.857142857142857,8,3.1486486486486487,8.290322580645162,8,8,3.1486486486486487,8.290322580645162,8,3,3,499,0,1.25,325,144,144,325,44.30769230769231,100.0,44.30769230769231,44.30769230769231,33.22279845278893,23.587257682565294,2326.6931769359635,1143.8109907663938,2090177.9550635067,174.0237117216575,0.4916037069712327,0.8708190370519827,-0.9945650690563763,0.10411687381440814,-0.10411687381440814,-0.9945650690563763,33.22279845278893,23.587257682565294,33.22279845278893,23.587257682565294,33.22279845278893,23.587257682565294,2090177.9550635067,2326.6931769359635,1143.8109907663938,0.4916037069712327,0.4916037069712327,0.4916037069712327,174.0237117216575,866160.1823360587,209328.5732156799,0.8053642382264686,33.19846153846154,23.524615384615384,33.19846153846154,23.524615384615384,33.22279845278893,23.587257682565294,13703.149099349976,29.753856658935547,49.72218322753906,42.16353569030762,3.5524972170551843,7.3692841793064305,19.700063384868287,144,144,325,44.30769230769231,100.0,44.30769230769231,44.30769230769231
16,16,2010-06-20,3,Type 3,Type 3,Temporally clustered,Back-to-Back,5,3,3.071428571428572,7.857142857142857,8,3.1486486486486487,8.290322580645162,8,8,3.1486486486486487,8.290322580645162,8,3,3,499,1,1.25,152,69,69,152,45.39473684210526,100.0,45.39473684210526,45.39473684210526,61.306466743661,35.53322579537472,1506.8229097088133,720.433703562759,852601.5500724444,97.41806561227187,0.4781143815380266,0.8782975795062345,-0.1291082684664102,0.9916305032690379,-0.9916305032690379,-0.1291082684664102,61.306466743661,35.53322579537472,61.306466743661,35.53322579537472,61.306466743661,35.53322579537472,852601.5500724444,1506.8229097088133,720.433703562759,0.4781143815380266,0.4781143815380266,0.4781143815380266,97.41806561227187,363282.4449957335,83043.95539666455,0.8139389574005603,61.28947368421053,35.66447368421053,61.28947368421053,35.66447368421053,61.306466743661,35.53322579537472,6274.331256866455,31.00988006591797,48.73067855834961,41.27849511096352,3.2800330263422666,14.643351878184115,173.9587313411112,68,68,152,44.73684210526316,100.0,44.73684210526316,44.73684210526316
16,16,2010-06-20,3,Type 3,Type 3,Temporally clustered,Back-to-Back,5,3,3.071428571428572,7.857142857142857,8,3.1486486486486487,8.290322580645162,8,8,3.1486486486486487,8.290322580645162,8,3,3,499,2,1.25,22,7,7,22,31.818181818181817,100.0,31.818181818181817,31.818181818181817,65.92709128837457,20.364711288403626,730.5462728052725,220.90799026420666,126750.31150873327,5.399794669023322,0.3023874030811595,0.9531851123773558,0.9955623018528,0.0941047455209052,-0.0941047455209052,0.9955623018528,65.92709128837457,20.364711288403626,65.92709128837457,20.364711288403626,65.92709128837457,20.364711288403626,126750.31150873327,730.5462728052725,220.90799026420666,0.3023874030811595,0.3023874030811595,0.3023874030811595,5.399794669023322,85391.65707354808,7808.054426011332,0.9162223326619605,65.9090909090909,20.363636363636363,65.9090909090909,20.363636363636363,65.92709128837457,20.364711288403626,656.489372253418,29.453489303588867,30.351444244384766,29.840426011519,0.23311428827868017,1.8830814597962782,86.37357466051375,7,7,22,31.818181818181817,100.0,31.818181818181817,31.818181818181817
16,16,2010-06-21,3,Type 3,Type 3,Temporally clustered,Back-to-Back,5,4,2.838709677419355,7.645161290322581,8,3.1486486486486487,8.290322580645162,8,8,3.1486486486486487,8.290322580645162,8,3,4,458,0,1.25,326,161,161,326,49.38650306748466,100.0,49.38650306748466,49.38650306748466,31.388487665867313,22.737713143108024,2119.726906794348,1235.8631028440564,2057501.4992624973,176.86193505755503,0.5830293982129263,0.8124510574917563,-0.9985005222424955,0.054742187401160124,-0.054742187401160124,-0.9985005222424955,31.388487665867313,22.737713143108024,31.388487665867313,22.737713143108024,31.388487665867313,22.737713143108024,2057501.4992624973,2119.726906794348,1235.8631028440564,0.5830293982129263,0.5830293982129263,0.5830293982129263,176.86193505755503,718918.7455020696,244377.21743541418,0.7463113862844312,31.521472392638035,22.677914110429448,31.521472392638035,22.677914110429448,31.388487665867313,22.737713143108024,13931.15686416626,30.004549026489258,49.00850296020508,42.73361001277994,3.445993544531258,15.183313701912546,295.88389324627485,165,165,326,50.61349693251534,100.0,50.61349693251534,50.61349693251534
16,16,2010-06-21,3,Type 3,Type 3,Temporally clustered,Back-to-Back,5,4,2.838709677419355,7.645161290322581,8,3.1486486486486487,8.290322580645162,8,8,3.1486486486486487,8.290322580645162,8,3,4,458,1,1.25,104,45,45,104,43.26923076923077,100.0,43.26923076923077,43.26923076923077,61.4958733603415,32.55153153133924,1047.124347413936,691.0640639601792,568337.678473568,127.2612425246813,0.659963705043138,0.751297483042326,-0.6054501671635885,0.7958832169870041,-0.7958832169870041,-0.6054501671635885,61.4958733603415,32.55153153133924,61.4958733603415,32.55153153133924,61.4958733603415,32.55153153133924,568337.678473568,1047.124347413936,691.0640639601792,0.659963705043138,0.659963705043138,0.659963705043138,127.2612425246813,175435.10383152982,76411.12647954539,0.69659610792997,61.50961538461539,32.63461538461539,61.50961538461539,32.63461538461539,61.4958733603415,32.55153153133924,4289.389228820801,33.494876861572266,47.63375473022461,41.244127200200005,3.283938050636407,9.303650578562536,187.97435707687907,44,44,104,42.30769230769231,100.0,42.30769230769231,42.30769230769231
16,16,2010-06-21,3,Type 3,Type 3,Temporally clustered,Back-to-Back,5,4,2.838709677419355,7.645161290322581,8,3.1486486486486487,8.290322580645162,8,8,3.1486486486486487,8.290322580645162,8,3,4,458,2,1.25,28,12,12,28,42.857142857142854,100.0,42.857142857142854,42.857142857142854,66.15495147777673,20.898037102519865,671.8510021892916,334.34930946444837,176426.2817423814,11.992365800607132,0.49765395656914807,0.8673756622773505,0.9781752946028656,0.2077813587129442,-0.2077813587129442,0.9781752946028656,66.15495147777673,20.898037102519865,66.15495147777673,20.898037102519865,66.15495147777673,20.898037102519865,176426.2817423814,671.8510021892916,334.34930946444837,0.49765395656914807,0.49765395656914807,0.49765395656914807,11.992365800607132,72221.4030628409,17886.313718296555,0.8015007553488387,66.14285714285714,20.892857142857142,66.14285714285714,20.892857142857142,66.15495147777673,20.898037102519865,838.1794033050537,29.562454223632812,30.551380157470703,29.934978689466202,0.24406763306384033,1.3828560203076525,65.49594615100762,12,12,28,42.857142857142854,100.0,42.857142857142854,42.857142857142854
16,16,2010-06-22,3,Type 3,Type 3,Temporally clustered,Back-to-Back,5,5,2.7096774193548385,8.290322580645162,8,3.1486486486486487,8.290322580645162,8,8,3.1486486486486487,8.290322580645162,8,4,3,391,0,1.25,277,130,130,277,46.931407942238266,100.0,46.931407942238266,46.931407942238266,29.903603180794683,21.982819316231666,1712.3057740852491,1148.325876870204,1544316.6508823363,173.86726767577568,0.6706313172854098,0.7417908305418961,-0.994277074611741,0.10683210613630405,-0.10683210613630405,-0.994277074611741,29.903603180794683,21.982819316231666,29.903603180794683,21.982819316231666,29.903603180794683,21.982819316231666,1544316.6508823363,1712.3057740852491,1148.325876870204,0.6706313172854098,0.6706313172854098,0.6706313172854098,173.86726767577568,469118.5702345094,210984.3711183557,0.6897758290845438,30.113718411552348,22.012635379061372,30.113718411552348,22.012635379061372,29.903603180794683,21.982819316231666,11756.6712474823,29.513721466064453,47.33289337158203,42.44285648910578,3.304291278082426,21.947043786033998,261.3873938053715,131,131,277,47.292418772563174,100.0,47.292418772563174,47.292418772563174
16,16,2010-06-22,3,Type 3,Type 3,Temporally clustered,Back-to-Back,5,5,2.7096774193548385,8.290322580645162,8,3.1486486486486487,8.290322580645162,8,8,3.1486486486486487,8.290322580645162,8,4,3,391,1,1.25,7,3,3,7,42.857142857142854,100.0,42.857142857142854,42.857142857142854,47.75435305904237,12.77067848823929,537.609992870881,136.47178705492246,57623.56091518829,25.60838958243926,0.25384905203519753,0.9672438465975535,0.9017692482202793,0.4322177957514386,-0.4322177957514386,0.9017692482202793,47.75435305904237,12.77067848823929,47.75435305904237,12.77067848823929,47.75435305904237,12.77067848823929,57623.56091518829,537.609992870881,136.47178705492246,0.25384905203519753,0.25384905203519753,0.25384905203519753,25.60838958243926,46243.9207095406,2979.9277859142558,0.9394617065305365,47.785714285714285,12.785714285714286,47.785714285714285,12.785714285714286,47.75435305904237,12.77067848823929,229.29454803466797,31.782390594482422,33.96971130371094,32.756364004952566,0.7262242447179567,3.789766012020859,243.96872214260108,3,3,7,42.857142857142854,100.0,42.857142857142854,42.857142857142854
16,16,2010-06-22,3,Type 3,Type 3,Temporally clustered,Back-to-Back,5,5,2.7096774193548385,8.290322580645162,8,3.1486486486486487,8.290322580645162,8,8,3.1486486486486487,8.290322580645162,8,4,3,391,2,1.25,78,31,31,78,39.743589743589745,100.0,39.743589743589745,39.743589743589745,61.7697431601065,31.19376028634405,952.103875384151,577.1499254351874,431581.53778424667,148.89502956462005,0.6061837792670692,0.7953246040161797,-0.8562222718731572,0.5166076084886567,-0.5166076084886567,-0.8562222718731572,61.7697431601065,31.19376028634405,61.7697431601065,31.19376028634405,61.7697431601065,31.19376028634405,431581.53778424667,952.103875384151,577.1499254351874,0.6061837792670692,0.6061837792670692,0.6061837792670692,148.89502956462005,145040.28632344306,53296.32582877477,0.7312834718187516,61.833333333333336,31.26923076923077,61.833333333333336,31.26923076923077,61.7697431601065,31.19376028634405,3241.830265045166,33.70676040649414,48.53183364868164,41.561926474938026,3.518434697767398,10.330648283214117,215.9220026650053,34,34,78,43.58974358974359,100.0,43.58974358974359,43.58974358974359
16,16,2010-06-22,3,Type 3,Type 3,Temporally clustered,Back-to-Back,5,5,2.7096774193548385,8.290322580645162,8,3.1486486486486487,8.290322580645162,8,8,3.1486486486486487,8.290322580645162,8,4,3,391,3,1.25,29,13,13,29,44.827586206896555,100.0,44.827586206896555,44.827586206896555,66.13720317516463,20.849952602773012,656.2745496447499,330.2204238320385,170207.76713226168,13.684182825938535,0.5031742035567145,0.864185003847594,0.9716144649326848,0.23656992947873273,-0.23656992947873273,0.9716144649326848,66.13720317516463,20.849952602773012,66.13720317516463,20.849952602773012,66.13720317516463,20.849952602773012,170207.76713226168,656.2745496447499,330.2204238320385,0.5031742035567145,0.5031742035567145,0.5031742035567145,13.684182825938535,68911.40552182708,17447.284530529778,0.7979672396610928,66.12068965517241,20.844827586206897,66.12068965517241,20.844827586206897,66.13720317516463,20.849952602773012,874.1701068878174,29.588937759399414,30.673397064208984,30.143796789235083,0.29974865421057706,1.809900916648205,71.72636015288916,13,13,29,44.827586206896555,100.0,44.827586206896555,44.827586206896555
17,17,2010-07-08,4,Type 4,Type 4,Mixed,Mixed Multi-Day,6,1,3.380952380952381,8.904761904761905,9,3.380952380952381,9.384615384615383,9,9,3.380952380952381,9.384615384615383,9,3,6,397,0,1.25,378,160,160,378,42.32804232804233,100.0,42.32804232804233,42.32804232804233,50.76873494093843,34.841724195750984,2332.831075773249,1265.867170922732,2319323.403314464,45.47498261225384,0.542631304970568,0.8399709916812238,0.7012206281462766,0.7129443391051936,-0.7129443391051936,0.7012206281462766,50.76873494093843,34.841724195750984,50.76873494093843,34.841724195750984,50.76873494093843,34.841724195750984,2319323.403314464,2332.831075773249,1265.867170922732,0.542631304970568,0.542631304970568,0.542631304970568,45.47498261225384,870736.13249494,256387.15110718732,0.77252962933406,50.664021164021165,35.24338624338624,50.664021164021165,35.24338624338624,50.76873494093843,34.841724195750984,14910.940793991089,20.96357536315918,48.683555603027344,39.446933317436745,5.5580340307598215,45.573655055669704,167.86850752134228,156,156,378,41.26984126984127,100.0,41.26984126984127,41.26984126984127
17,17,2010-07-08,4,Type 4,Type 4,Mixed,Mixed Multi-Day,6,1,3.380952380952381,8.904761904761905,9,3.380952380952381,9.384615384615383,9,9,3.380952380952381,9.384615384615383,9,3,6,397,1,1.25,10,5,5,10,50.0,100.0,50.0,50.0,37.08422930431458,18.012667133816116,475.9599325977569,217.66703909637005,81367.86960902227,167.94815998341724,0.45732219077424896,0.8893010816508892,-0.9779590862652338,0.20879661297844168,-0.20879661297844168,-0.9779590862652338,37.08422930431458,18.012667133816116,37.08422930431458,18.012667133816116,37.08422930431458,18.012667133816116,81367.86960902227,475.9599325977569,217.66703909637005,0.45732219077424896,0.45732219077424896,0.45732219077424896,167.94815998341724,36246.057190153806,7580.63038543691,0.8270316374614872,37.2,18.0,37.2,18.0,37.08422930431458,18.012667133816116,396.56893157958984,34.40010452270508,43.514251708984375,39.65689315795898,2.895244795585993,12.340157261450104,276.54153175969816,5,5,10,50.0,100.0,50.0,50.0
17,17,2010-07-08,4,Type 4,Type 4,Mixed,Mixed Multi-Day,6,1,3.380952380952381,8.904761904761905,9,3.380952380952381,9.384615384615383,9,9,3.380952380952381,9.384615384615383,9,3,6,397,2,1.25,9,6,6,9,66.66666666666667,100.0,66.66666666666667,66.66666666666667,47.33669360831891,15.95082247291858,455.9947157490286,284.04449227178554,101726.95943126013,111.36616955675402,0.6229118067853194,0.7822920688383903,-0.36432697641753153,0.9312710960050566,-0.9312710960050566,-0.36432697641753153,47.33669360831891,15.95082247291858,47.33669360831891,15.95082247291858,47.33669360831891,15.95082247291858,101726.95943126013,455.9947157490286,284.04449227178554,0.6229118067853194,0.6229118067853194,0.6229118067853194,111.36616955675402,33268.98892656599,12909.003774389828,0.720451171232425,47.388888888888886,15.833333333333334,47.388888888888886,15.833333333333334,47.33669360831891,15.95082247291858,356.87981033325195,33.05728530883789,43.00599670410156,39.653312259250214,3.602590679564288,14.151754782016463,336.74233343560803,6,6,9,66.66666666666667,100.0,66.66666666666667,66.66666666666667
17,17,2010-07-09,4,Type 4,Type 4,Mixed,Mixed Multi-Day,6,2,3.125,8.892857142857142,9,3.380952380952381,9.384615384615383,9,9,3.380952380952381,9.384615384615383,9,2,2,422,0,1.25,412,187,187,412,45.38834951456311,100.0,45.38834951456311,45.38834951456311,50.82739185460008,35.16317525699358,2142.0014374026896,1392.4549247359325,2342560.331742774,41.78978670708031,0.6500718909060915,0.7598727108231869,0.7455948009764807,0.6663995743972547,-0.6663995743972547,0.7455948009764807,50.82739185460008,35.16317525699358,50.82739185460008,35.16317525699358,50.82739185460008,35.16317525699358,2342560.331742774,2142.0014374026896,1392.4549247359325,0.6500718909060915,0.6500718909060915,0.6500718909060915,41.78978670708031,734107.22525363,310228.91478741623,0.7029415119396106,50.640776699029125,35.59708737864078,50.640776699029125,35.59708737864078,50.82739185460008,35.16317525699358,16095.037322998047,21.169269561767578,49.86077880859375,39.06562457038361,5.721992299932106,51.04043042987201,160.5424203957605,184,184,412,44.66019417475728,100.0,44.66019417475728,44.66019417475728
17,17,2010-07-09,4,Type 4,Type 4,Mixed,Mixed Multi-Day,6,2,3.125,8.892857142857142,9,3.380952380952381,9.384615384615383,9,9,3.380952380952381,9.384615384615383,9,2,2,422,1,1.25,10,5,5,10,50.0,100.0,50.0,50.0,37.096866471138654,18.013254198025077,475.9599325977569,217.66703909637005,81367.86960902227,167.94815998341724,0.45732219077424896,0.8893010816508892,-0.9779590862652338,0.20879661297844168,-0.20879661297844168,-0.9779590862652338,37.096866471138654,18.013254198025077,37.096866471138654,18.013254198025077,37.096866471138654,18.013254198025077,81367.86960902227,475.9599325977569,217.66703909637005,0.45732219077424896,0.45732219077424896,0.45732219077424896,167.94815998341724,36246.057190153806,7580.63038543691,0.8270316374614872,37.2,18.0,37.2,18.0,37.096866471138654,18.013254198025077,399.59033203125,34.82377624511719,43.476600646972656,39.959033203125,2.643684297951857,11.020024718990932,277.6658354059683,5,5,10,50.0,100.0,50.0,50.0
17,17,2010-07-10,4,Type 4,Type 4,Mixed,Mixed Multi-Day,6,3,3.1346153846153846,9.384615384615383,9,3.380952380952381,9.384615384615383,9,9,3.380952380952381,9.384615384615383,9,1,11,395,0,1.25,395,174,174,395,44.050632911392405,100.0,44.050632911392405,44.050632911392405,48.975104898429635,34.48358051127957,1932.5520193074158,1444.9999320640295,2193253.852471472,38.39230975434208,0.7477159308663194,0.6640187397421202,0.7837768207879989,0.6210425872639146,-0.6210425872639146,0.7837768207879989,48.975104898429635,34.48358051127957,48.975104898429635,34.48358051127957,48.975104898429635,34.48358051127957,2193253.852471472,1932.5520193074158,1444.9999320640295,0.7477159308663194,0.7477159308663194,0.7477159308663194,38.39230975434208,597561.1691726672,334083.96858640807,0.6414042696664589,48.93037974683544,35.02405063291139,48.93037974683544,35.02405063291139,48.975104898429635,34.48358051127957,15467.457088470459,21.7088680267334,52.023643493652344,39.15811921131762,5.811762746695822,60.09731494722793,176.08004077815124,178,178,395,45.063291139240505,100.0,45.063291139240505,45.063291139240505
17,17,2010-07-11,4,Type 4,Type 4,Mixed,Mixed Multi-Day,6,4,3.013157894736842,7.763157894736842,8,3.380952380952381,9.384615384615383,9,9,3.380952380952381,9.384615384615383,9,2,7,419,0,1.25,407,174,174,407,42.75184275184275,100.0,42.75184275184275,42.75184275184275,46.678795970554724,35.09364191888751,1910.4132422200778,1216.722376464736,1825612.9019203568,51.93040260032634,0.6368896265871731,0.7709549945007499,0.6166182205216996,0.7872623261154141,-0.7872623261154141,0.6166182205216996,46.678795970554724,35.09364191888751,46.678795970554724,35.09364191888751,46.678795970554724,35.09364191888751,1825612.9019203568,1910.4132422200778,1216.722376464736,0.6368896265871731,0.6368896265871731,0.6368896265871731,51.93040260032634,583948.6009679728,236866.13462239917,0.7114255819834508,46.80958230958231,35.65970515970516,46.80958230958231,35.65970515970516,46.678795970554724,35.09364191888751,15955.967182159424,23.034250259399414,51.90205001831055,39.20385057041627,6.019470367225518,63.9178155399347,190.75329255907454,175,175,407,42.997542997543,100.0,42.997542997543,42.997542997543
17,17,2010-07-11,4,Type 4,Type 4,Mixed,Mixed Multi-Day,6,4,3.013157894736842,7.763157894736842,8,3.380952380952381,9.384615384615383,9,9,3.380952380952381,9.384615384615383,9,2,7,419,1,1.25,12,8,8,12,66.66666666666667,100.0,66.66666666666667,66.66666666666667,64.05563786172364,30.519945234059083,437.48522195796306,199.21259335783213,68449.46497487288,26.300792953164176,0.45535845180382806,0.8903081940377842,0.8964802983502471,0.4430835978343724,-0.4430835978343724,0.8964802983502471,64.05563786172364,30.519945234059083,64.05563786172364,30.519945234059083,64.05563786172364,30.519945234059083,68449.46497487288,437.48522195796306,199.21259335783213,0.45535845180382806,0.45535845180382806,0.45535845180382806,26.300792953164176,30622.931109057314,6349.705176376476,0.8282593340827554,64.08333333333333,30.5,64.08333333333333,30.5,64.05563786172364,30.519945234059083,512.2702484130859,38.672786712646484,46.13759231567383,42.689187367757164,2.307673528397144,3.4578342206001422,309.7586705589728,8,8,12,66.66666666666667,100.0,66.66666666666667,66.66666666666667
17,17,2010-07-12,4,Type 4,Type 4,Mixed,Mixed Multi-Day,6,5,3.0,7.833333333333333,8,3.380952380952381,9.384615384615383,9,9,3.380952380952381,9.384615384615383,9,1,4,382,0,1.25,382,175,175,382,45.81151832460733,100.0,45.81151832460733,45.81151832460733,46.4258376518487,34.882295310889816,1996.4050155793307,1224.2046118753162,1919519.5730050856,55.51217645142047,0.6132045363150262,0.7899241714510791,0.5662310815231111,0.824246542193031,-0.824246542193031,0.5662310815231111,46.4258376518487,34.882295310889816,46.4258376518487,34.882295310889816,46.4258376518487,34.882295310889816,1919519.5730050856,1996.4050155793307,1224.2046118753162,0.6132045363150262,0.6132045363150262,0.6132045363150262,55.51217645142047,637701.2777968493,239788.30907788698,0.7267337269130267,46.60732984293194,35.431937172774866,46.60732984293194,35.431937172774866,46.4258376518487,34.882295310889816,15090.509061813354,23.840972900390625,51.53746795654297,39.50395042359517,5.923713730056809,63.181522867958954,195.2249159347473,179,179,382,46.8586387434555,100.0,46.8586387434555,46.8586387434555
17,17,2010-07-13,4,Type 4,Type 4,Mixed,Mixed Multi-Day,6,6,3.264705882352941,7.911764705882353,8,3.380952380952381,9.384615384615383,9,9,3.380952380952381,9.384615384615383,9,1,7,401,0,1.25,401,180,180,401,44.88778054862843,100.0,44.88778054862843,44.88778054862843,46.78161818944116,33.169582486489574,2103.3702067272548,1372.230580898104,2266901.725253488,62.39080086731007,0.6523961290833488,0.7578781503362282,0.4634383136997702,0.8861291832431168,-0.8861291832431168,0.4634383136997702,46.78161818944116,33.169582486489574,46.78161818944116,33.169582486489574,46.78161818944116,33.169582486489574,2266901.725253488,2103.3702067272548,1372.230580898104,0.6523961290833488,0.6523961290833488,0.6523961290833488,62.39080086731007,707866.5962476565,301282.68274431175,0.7014488450655578,46.933915211970074,33.86907730673317,46.933915211970074,33.86907730673317,46.78161818944116,33.169582486489574,16082.413873672485,23.859617233276367,50.075599670410156,40.105770258534875,6.102272826867749,78.86312358406745,190.3773971519037,182,182,401,45.38653366583541,100.0,45.38653366583541,45.38653366583541
18,18,2010-07-16,3,Type 3,Type 3,Temporally clustered,Back-to-Back,3,1,2.95,9.15,9,3.125,9.15,9,9,3.125,9.15,9,3,16,361,0,1.25,17,8,8,17,47.05882352941177,100.0,47.05882352941177,47.05882352941177,24.863073424383053,37.58394360892962,561.5868561946394,245.9546419298999,108483.03816751236,72.00608059616583,0.4379636724344113,0.8989926705083661,0.30891606040824093,0.9510893058077418,-0.9510893058077418,0.30891606040824093,24.863073424383053,37.58394360892962,24.863073424383053,37.58394360892962,24.863073424383053,37.58394360892962,108483.03816751236,561.5868561946394,245.9546419298999,0.4379636724344113,0.4379636724344113,0.4379636724344113,72.00608059616583,50460.767528092576,9678.989741898444,0.8390583836505083,24.852941176470587,37.55882352941177,24.852941176470587,37.55882352941177,24.863073424383053,37.58394360892962,471.8235683441162,26.435428619384766,29.810958862304688,27.754327549653894,0.945538924263843,2.9281982604224295,17.79605737366207,9,9,17,52.94117647058823,100.0,52.94117647058823,52.94117647058823
18,18,2010-07-16,3,Type 3,Type 3,Temporally clustered,Back-to-Back,3,1,2.95,9.15,9,3.125,9.15,9,9,3.125,9.15,9,3,16,361,1,1.25,37,15,15,37,40.54054054054054,100.0,40.54054054054054,40.54054054054054,33.04300005495908,43.81951592133374,553.8348502716719,317.5649408188481,138134.67558182252,2.730467232354016,0.5733928456525864,0.8192805652244103,0.9988646847182908,0.04763760723031093,-0.04763760723031093,0.9988646847182908,33.04300005495908,43.81951592133374,33.04300005495908,43.81951592133374,33.04300005495908,43.81951592133374,138134.67558182252,553.8348502716719,317.5649408188481,0.5733928456525864,0.5733928456525864,0.5733928456525864,2.730467232354016,49077.286620071245,16135.598661964556,0.7525703916920629,33.013513513513516,43.7972972972973,33.013513513513516,43.7972972972973,33.04300005495908,43.81951592133374,1010.3981056213379,26.026988983154297,29.509963989257812,27.308056908684808,0.8804273318495676,3.4239748506307848,43.852880768708026,15,15,37,40.54054054054054,100.0,40.54054054054054,40.54054054054054
18,18,2010-07-16,3,Type 3,Type 3,Temporally clustered,Back-to-Back,3,1,2.95,9.15,9,3.125,9.15,9,9,3.125,9.15,9,3,16,361,2,1.25,307,134,134,307,43.648208469055376,100.0,43.648208469055376,43.648208469055376,53.81029445907816,28.675044707850663,2295.3004277508626,973.7925956091873,1755480.0041238954,35.7093804543303,0.4242549619368977,0.9055427804758434,0.8119879787503852,0.5836741576983377,-0.5836741576983377,0.8119879787503852,53.81029445907816,28.675044707850663,53.81029445907816,28.675044707850663,53.81029445907816,28.675044707850663,1755480.0041238954,2295.3004277508626,973.7925956091873,0.4242549619368977,0.4242549619368977,0.4242549619368977,35.7093804543303,842944.6485813269,151723.52308212448,0.8474631767613646,54.30130293159609,29.004885993485342,54.30130293159609,29.004885993485342,53.81029445907816,28.675044707850663,12994.604690551758,23.14409637451172,50.13706970214844,42.32770257508716,5.292220987235842,60.26978630335787,232.77742093387081,134,134,307,43.648208469055376,100.0,43.648208469055376,43.648208469055376
18,18,2010-07-17,3,Type 3,Type 3,Temporally clustered,Back-to-Back,3,2,2.772727272727273,8.590909090909092,9,3.125,9.15,9,9,3.125,9.15,9,5,17,389,0,1.25,16,8,8,16,50.0,100.0,50.0,50.0,24.827511825012472,37.647493620367875,576.634919281544,246.48305904035152,111629.22125825482,71.23695481772452,0.4274508025761883,0.9040386116626726,0.32165505533053745,0.9468569191701083,-0.9468569191701083,0.32165505533053745,24.827511825012472,37.647493620367875,24.827511825012472,37.647493620367875,24.827511825012472,37.647493620367875,111629.22125825482,576.634919281544,246.48305904035152,0.4274508025761883,0.4274508025761883,0.4274508025761883,71.23695481772452,53201.252821573245,9720.623743022306,0.8455128124946636,24.8125,37.625,24.8125,37.625,24.827511825012472,37.647493620367875,442.1447219848633,26.15407943725586,29.717065811157227,27.634045124053955,0.9964341089112181,2.8263859973497323,27.951890190283397,8,8,16,50.0,100.0,50.0,50.0
18,18,2010-07-17,3,Type 3,Type 3,Temporally clustered,Back-to-Back,3,2,2.772727272727273,8.590909090909092,9,3.125,9.15,9,9,3.125,9.15,9,5,17,389,1,1.25,16,5,5,16,31.25,100.0,31.25,31.25,28.184280803265434,23.49529913657882,537.3314160951472,193.76198252317252,81771.25890025316,173.50732706849567,0.36060050970267926,0.9327203613099523,-0.993586324145634,0.11307615341338442,-0.11307615341338442,-0.993586324145634,28.184280803265434,23.49529913657882,28.184280803265434,23.49529913657882,28.184280803265434,23.49529913657882,81771.25890025316,537.3314160951472,193.76198252317252,0.36060050970267926,0.36060050970267926,0.36060050970267926,173.50732706849567,46196.008115650606,6006.992939409634,0.8849301224449939,28.125,23.5,28.125,23.5,28.184280803265434,23.49529913657882,657.4818916320801,37.71051788330078,43.40134811401367,41.092618227005005,1.5333783280498012,6.077450726458277,94.90245341154983,5,5,16,31.25,100.0,31.25,31.25
18,18,2010-07-17,3,Type 3,Type 3,Temporally clustered,Back-to-Back,3,2,2.772727272727273,8.590909090909092,9,3.125,9.15,9,9,3.125,9.15,9,5,17,389,2,1.25,41,18,18,41,43.90243902439025,100.0,43.90243902439025,43.90243902439025,33.308085428875344,43.70614831804012,598.0224435132741,354.55852131918556,166531.07749010125,0.18441856778940746,0.5928849747447907,0.8052871579268286,0.9999948199535463,0.0032187056520444055,-0.0032187056520444055,0.9999948199535463,33.308085428875344,43.70614831804012,33.308085428875344,43.70614831804012,33.308085428875344,43.70614831804012,166531.07749010125,598.0224435132741,354.55852131918556,0.5928849747447907,0.5928849747447907,0.5928849747447907,0.18441856778940746,57220.93487129393,20113.879206407575,0.7399117144550406,33.28048780487805,43.670731707317074,33.28048780487805,43.670731707317074,33.308085428875344,43.70614831804012,1133.113338470459,26.273958206176758,31.213951110839844,27.63691069440144,1.2140063383179027,4.520520157374622,29.47648732764946,19,19,41,46.34146341463415,100.0,46.34146341463415,46.34146341463415
18,18,2010-07-17,3,Type 3,Type 3,Temporally clustered,Back-to-Back,3,2,2.772727272727273,8.590909090909092,9,3.125,9.15,9,9,3.125,9.15,9,5,17,389,3,1.25,295,124,124,295,42.03389830508475,100.0,42.03389830508475,42.03389830508475,54.20384649765305,27.815027171701825,2260.45168676003,928.4214306362026,1648277.2606173565,36.49558037501507,0.41072385491544633,0.9117597901878518,0.8039027410755264,0.5947607778689304,-0.5947607778689304,0.8039027410755264,54.20384649765305,27.815027171701825,54.20384649765305,27.815027171701825,54.20384649765305,27.815027171701825,1648277.2606173565,2260.45168676003,928.4214306362026,0.41072385491544633,0.41072385491544633,0.41072385491544633,36.49558037501507,817542.6925082025,137914.6164583317,0.8556559093074432,54.652542372881356,28.222033898305085,54.652542372881356,28.222033898305085,54.20384649765305,27.815027171701825,12439.01849937439,20.690723419189453,50.88267135620117,42.16616440465895,5.440795927985209,63.099773234425975,224.47804721590654,124,124,295,42.03389830508475,100.0,42.03389830508475,42.03389830508475
18,18,2010-07-17,3,Type 3,Type 3,Temporally clustered,Back-to-Back,3,2,2.772727272727273,8.590909090909092,9,3.125,9.15,9,9,3.125,9.15,9,5,17,389,4,1.25,21,7,7,21,33.333333333333336,100.0,33.333333333333336,33.333333333333336,49.421402674818985,42.62734977357128,699.1735517168811,189.66396970985645,104150.10426207434,112.24725103687838,0.271268799061578,0.9625036304636411,-0.3786042109109128,0.9255586699288841,-0.9255586699288841,-0.3786042109109128,49.421402674818985,42.62734977357128,49.421402674818985,42.62734977357128,49.421402674818985,42.62734977357128,104150.10426207434,699.1735517168811,189.66396970985645,0.271268799061578,0.271268799061578,0.271268799061578,112.24725103687838,78214.98486726373,5755.587424976216,0.9314570894557532,49.5,42.54761904761905,49.5,42.54761904761905,49.421402674818985,42.62734977357128,632.7660484313965,27.577051162719727,36.16456604003906,30.131716591971262,2.0139034496806243,10.957521068620478,323.9558568056499,7,7,21,33.333333333333336,100.0,33.333333333333336,33.333333333333336
18,18,2010-07-18,3,Type 3,Type 3,Temporally clustered,Back-to-Back,3,3,3.125,7.9,8,3.125,9.15,9,9,3.125,9.15,9,4,12,375,0,1.25,28,12,12,28,42.857142857142854,100.0,42.857142857142854,42.857142857142854,26.54271288014977,23.251374949845587,727.3824338203399,242.81402487281426,138715.96834077075,177.12366425329702,0.3338189287820885,0.9426372169539982,-0.99874016785277,0.05018044556817669,-0.05018044556817669,-0.99874016785277,26.54271288014977,23.251374949845587,26.54271288014977,23.251374949845587,26.54271288014977,23.251374949845587,138715.96834077075,727.3824338203399,242.81402487281426,0.3338189287820885,0.3338189287820885,0.3338189287820885,177.12366425329702,84653.63280486417,9433.384107989705,0.8997376639464807,26.5,23.25,26.5,23.25,26.54271288014977,23.251374949845587,1152.7700424194336,38.43290328979492,43.6077880859375,41.170358657836914,1.1697019520242486,4.373555972963428,87.99632275619199,12,12,28,42.857142857142854,100.0,42.857142857142854,42.857142857142854
18,18,2010-07-18,3,Type 3,Type 3,Temporally clustered,Back-to-Back,3,3,3.125,7.9,8,3.125,9.15,9,9,3.125,9.15,9,4,12,375,1,1.25,16,8,8,16,50.0,100.0,50.0,50.0,24.43969316433935,37.57872822175788,597.3231150779055,294.05081077098384,137949.961582007,65.53792491218604,0.4922809838568401,0.8704363462844033,0.4140908352172103,0.9102355630215253,-0.9102355630215253,0.4140908352172103,24.43969316433935,37.57872822175788,24.43969316433935,37.57872822175788,24.43969316433935,37.57872822175788,137949.961582007,597.3231150779055,294.05081077098384,0.4922809838568401,0.4922809838568401,0.4922809838568401,65.53792491218604,57087.184609019634,13834.540690411672,0.804932259727153,24.4375,37.5625,24.4375,37.5625,24.43969316433935,37.57872822175788,441.76233863830566,25.818513870239258,29.687294006347656,27.610146164894104,1.0549206122805284,1.8115346254643878,6.13902065575343,8,8,16,50.0,100.0,50.0,50.0
18,18,2010-07-18,3,Type 3,Type 3,Temporally clustered,Back-to-Back,3,3,3.125,7.9,8,3.125,9.15,9,9,3.125,9.15,9,4,12,375,2,1.25,41,18,18,41,43.90243902439025,100.0,43.90243902439025,43.90243902439025,33.290312011527284,43.71509488579289,598.0224435132741,354.55852131918556,166531.07749010125,0.18441856778940746,0.5928849747447907,0.8052871579268286,0.9999948199535463,0.0032187056520444055,-0.0032187056520444055,0.9999948199535463,33.290312011527284,43.71509488579289,33.290312011527284,43.71509488579289,33.290312011527284,43.71509488579289,166531.07749010125,598.0224435132741,354.55852131918556,0.5928849747447907,0.5928849747447907,0.5928849747447907,0.18441856778940746,57220.93487129393,20113.879206407575,0.7399117144550406,33.28048780487805,43.670731707317074,33.28048780487805,43.670731707317074,33.290312011527284,43.71509488579289,1135.117639541626,25.218746185302734,31.55158233642578,27.68579608638112,1.3850882989345523,4.9922527832757115,9.12508386978631,19,19,41,46.34146341463415,100.0,46.34146341463415,46.34146341463415
18,18,2010-07-18,3,Type 3,Type 3,Temporally clustered,Back-to-Back,3,3,3.125,7.9,8,3.125,9.15,9,9,3.125,9.15,9,4,12,375,3,1.25,290,143,143,290,49.310344827586206,100.0,49.310344827586206,49.310344827586206,53.27746632644016,28.264956400730306,2112.7710061100315,1415.908714917505,2349511.4431106183,51.17342220311092,0.6701666724991803,0.7422106379400503,0.6269652554880133,0.7790472183448511,-0.7790472183448511,0.6269652554880133,53.27746632644016,28.264956400730306,53.27746632644016,28.264956400730306,53.27746632644016,28.264956400730306,2349511.4431106183,2112.7710061100315,1415.908714917505,0.6701666724991803,0.6701666724991803,0.6701666724991803,51.17342220311092,714208.2118814713,320767.59823669447,0.6900723716430903,53.37931034482759,28.851724137931033,53.37931034482759,28.851724137931033,53.27746632644016,28.264956400730306,11841.760604858398,24.892105102539062,49.894371032714844,40.833657258132405,5.444315467002693,65.78972228194641,188.73676148941047,149,149,290,51.37931034482759,100.0,51.37931034482759,51.37931034482759
19,19,2010-08-01,3,Type 3,Type 3,Temporally clustered,Back-to-Back,3,1,2.833333333333333,7.333333333333333,7,2.840909090909091,7.862068965517241,8,8,2.840909090909091,7.862068965517241,8,2,2,376,0,1.25,314,170,170,314,54.140127388535035,100.0,54.140127388535035,54.140127388535035,38.5879903843515,36.70845280441804,1893.8188249751531,1360.9221612369074,2024238.1089509907,84.05568723377624,0.7186126483111512,0.6954105705892266,0.10356181277829217,0.9946230195074283,-0.9946230195074283,0.10356181277829217,38.5879903843515,36.70845280441804,38.5879903843515,36.70845280441804,38.5879903843515,36.70845280441804,2024238.1089509907,1893.8188249751531,1360.9221612369074,0.7186126483111512,0.7186126483111512,0.7186126483111512,84.05568723377624,573847.9586928431,296337.4606313176,0.6594548080781778,38.51592356687898,37.197452229299365,38.51592356687898,37.197452229299365,38.5879903843515,36.70845280441804,10950.12380027771,23.01710319519043,47.606773376464844,34.8730057333685,5.64678383710233,54.645850806571474,173.2327451965717,168,168,314,53.503184713375795,100.0,53.503184713375795,53.503184713375795
19,19,2010-08-01,3,Type 3,Type 3,Temporally clustered,Back-to-Back,3,1,2.833333333333333,7.333333333333333,7,2.840909090909091,7.862068965517241,8,8,2.840909090909091,7.862068965517241,8,2,2,376,1,1.25,62,29,29,62,46.774193548387096,100.0,46.774193548387096,46.774193548387096,48.84211767802019,21.302933686040006,1154.703406249752,437.8663809581269,397101.8679597861,41.31245369008022,0.37920246756717396,0.9253137244151123,0.751120659184255,0.660164945560282,-0.660164945560282,0.751120659184255,48.84211767802019,21.302933686040006,48.84211767802019,21.302933686040006,48.84211767802019,21.302933686040006,397101.8679597861,1154.703406249752,437.8663809581269,0.37920246756717396,0.37920246756717396,0.37920246756717396,41.31245369008022,213334.39302476478,30676.314811738805,0.8742829153534808,48.935483870967744,21.387096774193548,48.935483870967744,21.387096774193548,48.84211767802019,21.302933686040006,2670.576457977295,34.954959869384766,47.90150451660156,43.07381383834347,3.6643446238776107,13.440000310841222,226.12087393422766,30,30,62,48.38709677419355,100.0,48.38709677419355,48.38709677419355
19,19,2010-08-02,3,Type 3,Type 3,Temporally clustered,Back-to-Back,3,2,2.840909090909091,6.681818181818182,7,2.840909090909091,7.862068965517241,8,8,2.840909090909091,7.862068965517241,8,2,1,373,0,1.25,323,177,177,323,54.79876160990712,100.0,54.79876160990712,54.79876160990712,38.08911984860139,36.589470257823166,1946.1871608956199,1450.2596156009822,2216767.972310451,82.80998149888993,0.7451799316842601,0.6668634563499798,0.1251603953414288,0.9921365205645729,-0.9921365205645729,0.1251603953414288,38.08911984860139,36.589470257823166,38.08911984860139,36.589470257823166,38.08911984860139,36.589470257823166,2216767.972310451,1946.1871608956199,1450.2596156009822,0.7451799316842601,0.7451799316842601,0.7451799316842601,82.80998149888993,606023.1144375924,336520.47242289735,0.642965612291936,37.95820433436533,37.07275541795666,37.95820433436533,37.07275541795666,38.08911984860139,36.589470257823166,10977.983055114746,21.28192138671875,44.050079345703125,33.98756363812615,5.22060009950355,54.88912757803239,167.6760252373672,170,170,323,52.63157894736842,100.0,52.63157894736842,52.63157894736842
19,19,2010-08-02,3,Type 3,Type 3,Temporally clustered,Back-to-Back,3,2,2.840909090909091,6.681818181818182,7,2.840909090909091,7.862068965517241,8,8,2.840909090909091,7.862068965517241,8,2,1,373,1,1.25,50,23,23,50,46.0,100.0,46.0,46.0,48.47330519338966,21.24771137062738,1259.789894239938,445.5940066661442,440887.0497724411,42.39188275007132,0.3537050175616641,0.9353570230407761,0.7385508634798615,0.6741977618274558,-0.6741977618274558,0.7385508634798615,48.47330519338966,21.24771137062738,48.47330519338966,21.24771137062738,48.47330519338966,21.24771137062738,440887.0497724411,1259.789894239938,445.5940066661442,0.3537050175616641,0.3537050175616641,0.3537050175616641,42.39188275007132,253931.29242065176,31768.643004286045,0.888804164561554,48.62,21.36,48.62,21.36,48.47330519338966,21.24771137062738,2105.391757965088,34.85121154785156,46.72715377807617,42.10783515930176,3.5454252168827955,19.653142346026055,230.78397338010257,23,23,50,46.0,100.0,46.0,46.0
19,19,2010-08-03,3,Type 3,Type 3,Temporally clustered,Back-to-Back,3,3,2.689655172413793,7.862068965517241,8,2.840909090909091,7.862068965517241,8,8,2.840909090909091,7.862068965517241,8,3,2,377,0,1.25,330,175,175,330,53.03030303030303,100.0,53.03030303030303,53.03030303030303,37.75407444170599,36.819708194142564,1864.730153303913,1514.560394284088,2218157.9639900783,81.23352425597801,0.8122142453698208,0.5833592543350389,0.15240758915921457,0.9883177256159459,-0.9883177256159459,0.15240758915921457,37.75407444170599,36.819708194142564,37.75407444170599,36.819708194142564,37.75407444170599,36.819708194142564,2218157.9639900783,1864.730153303913,1514.560394284088,0.8122142453698208,0.8122142453698208,0.8122142453698208,81.23352425597801,556354.9671425336,367022.91006943554,0.6025214388094092,37.6030303030303,37.31212121212121,37.6030303030303,37.31212121212121,37.75407444170599,36.819708194142564,11130.172929763794,20.313013076782227,44.48688507080078,33.72779675685998,5.233572561178775,56.27421940506964,166.14417201079064,167,167,330,50.60606060606061,100.0,50.60606060606061,50.60606060606061
19,19,2010-08-03,3,Type 3,Type 3,Temporally clustered,Back-to-Back,3,3,2.689655172413793,7.862068965517241,8,2.840909090909091,7.862068965517241,8,8,2.840909090909091,7.862068965517241,8,3,2,377,1,1.25,33,18,18,33,54.54545454545455,100.0,54.54545454545455,54.54545454545455,46.27612528599974,19.472620690669125,578.843333517316,430.3956847522707,195667.55833466694,85.24914786518056,0.7435443406370258,0.6686866332645289,0.08282302898155132,0.9965642708176533,-0.9965642708176533,0.08282302898155132,46.27612528599974,19.472620690669125,46.27612528599974,19.472620690669125,46.27612528599974,19.472620690669125,195667.55833466694,578.843333517316,430.3956847522707,0.7435443406370258,0.7435443406370258,0.7435443406370258,85.24914786518056,53609.536761190175,29638.471272540162,0.6439738082317684,46.22727272727273,19.439393939393938,46.22727272727273,19.439393939393938,46.27612528599974,19.472620690669125,1410.180492401123,38.56089401245117,45.394981384277344,42.73274219397342,1.759813522508415,6.312010075639543,54.34993825942571,18,18,33,54.54545454545455,100.0,54.54545454545455,54.54545454545455
19,19,2010-08-03,3,Type 3,Type 3,Temporally clustered,Back-to-Back,3,3,2.689655172413793,7.862068965517241,8,2.840909090909091,7.862068965517241,8,8,2.840909090909091,7.862068965517241,8,3,2,377,2,1.25,14,8,8,14,57.142857142857146,100.0,57.142857142857146,57.142857142857146,54.2380413570318,25.658406485996483,414.3057195032643,305.0843265731602,99272.89955194814,11.407581326512883,0.7363748850461053,0.676573742228691,0.9802450121971051,0.19778704725713764,-0.19778704725713764,0.9802450121971051,54.2380413570318,25.658406485996483,54.2380413570318,25.658406485996483,54.2380413570318,25.658406485996483,99272.89955194814,414.3057195032643,305.0843265731602,0.7363748850461053,0.7363748850461053,0.7363748850461053,11.407581326512883,27463.876674098807,14892.231411295785,0.6484041597667236,54.214285714285715,25.714285714285715,54.214285714285715,25.714285714285715,54.2380413570318,25.658406485996483,526.4355659484863,34.58235168457031,45.10002136230469,37.60254042489188,2.8460176277350704,6.633894494954858,158.92761852711584,8,8,14,57.142857142857146,100.0,57.142857142857146,57.142857142857146
20,20,2010-08-05,4,Type 4,Type 4,Mixed,Mixed Multi-Day,17,1,2.5806451612903225,6.709677419354839,7,3.392857142857143,8.88,9,9,3.392857142857143,8.88,9,4,0,403,0,1.25,362,174,174,362,48.06629834254144,100.0,48.06629834254144,48.06629834254144,38.201345834773676,36.43070686048932,2100.820600838686,1520.3670889524903,2508576.2647851934,61.30168482874297,0.723701532794153,0.6901131004635354,0.48019770404310297,0.8771602846867456,-0.8771602846867456,0.48019770404310297,38.201345834773676,36.43070686048932,38.201345834773676,36.43070686048932,38.201345834773676,36.43070686048932,2508576.2647851934,2100.820600838686,1520.3670889524903,0.723701532794153,0.723701532794153,0.723701532794153,61.30168482874297,706151.5515053147,369842.57362717914,0.6562782593430628,38.06077348066298,36.96132596685083,38.06077348066298,36.96132596685083,38.201345834773676,36.43070686048932,12496.729795455933,22.397281646728516,47.549232482910156,34.52135302612136,5.401425925840093,60.20891002570207,167.91507119342043,166,166,362,45.85635359116022,100.0,45.85635359116022,45.85635359116022
20,20,2010-08-05,4,Type 4,Type 4,Mixed,Mixed Multi-Day,17,1,2.5806451612903225,6.709677419354839,7,3.392857142857143,8.88,9,9,3.392857142857143,8.88,9,4,0,403,1,1.25,20,10,10,20,50.0,100.0,50.0,50.0,45.8453657097263,19.184167439525947,423.58514059145386,362.54162031983515,120611.43077783784,94.1244292671381,0.8558884285072338,0.5171605146832247,-0.07192271779005219,0.9974102078210813,-0.9974102078210813,-0.07192271779005219,45.8453657097263,19.184167439525947,45.8453657097263,19.184167439525947,45.8453657097263,19.184167439525947,120611.43077783784,423.58514059145386,362.54162031983515,0.8558884285072338,0.8558884285072338,0.8558884285072338,94.1244292671381,28707.89941278108,21029.82823426104,0.5771855846833872,45.8,19.15,45.8,19.15,45.8453657097263,19.184167439525947,854.625560760498,38.94831085205078,45.88097381591797,42.731278038024904,1.8728736934202659,6.08893810705544,51.592522560478386,11,11,20,55.0,100.0,55.0,55.0
20,20,2010-08-05,4,Type 4,Type 4,Mixed,Mixed Multi-Day,17,1,2.5806451612903225,6.709677419354839,7,3.392857142857143,8.88,9,9,3.392857142857143,8.88,9,4,0,403,2,1.25,10,6,6,10,60.0,100.0,60.0,60.0,54.85059463755709,25.984605875189914,375.53314907849267,192.13652263956078,56669.331154675616,6.395345735256086,0.5116366507485097,0.8592019189985829,0.9937769707533134,0.11138820584051133,-0.11138820584051133,0.9937769707533134,54.85059463755709,25.984605875189914,54.85059463755709,25.984605875189914,54.85059463755709,25.984605875189914,56669.331154675616,375.53314907849267,192.13652263956078,0.5116366507485097,0.5116366507485097,0.5116366507485097,6.395345735256086,22564.023369089504,5906.630933123593,0.7925361717920035,54.8,26.0,54.8,26.0,54.85059463755709,25.984605875189914,373.01001358032227,34.77088928222656,40.8582763671875,37.301001358032224,2.192350556335066,5.345136848632639,108.59571189114753,6,6,10,60.0,100.0,60.0,60.0
20,20,2010-08-05,4,Type 4,Type 4,Mixed,Mixed Multi-Day,17,1,2.5806451612903225,6.709677419354839,7,3.392857142857143,8.88,9,9,3.392857142857143,8.88,9,4,0,403,3,1.25,11,4,4,11,36.36363636363637,100.0,36.36363636363637,36.36363636363637,64.60577990216305,44.39954232682509,360.06332334150324,146.97694952242205,41564.063194917,147.49803181363194,0.4081975030348239,0.9128936403087355,-0.8433729883578295,0.537328579649719,-0.537328579649719,-0.8433729883578295,64.60577990216305,44.39954232682509,64.60577990216305,44.39954232682509,64.60577990216305,44.39954232682509,41564.063194917,360.06332334150324,146.97694952242205,0.4081975030348239,0.4081975030348239,0.4081975030348239,147.49803181363194,20743.295490516462,3456.355790546655,0.8571733224415781,64.5909090909091,44.40909090909091,64.5909090909091,44.40909090909091,64.60577990216305,44.39954232682509,435.5627746582031,38.26813507080078,40.590457916259766,39.59661587801847,0.6563211066420196,1.5903102057498613,131.84538794126456,4,4,11,36.36363636363637,100.0,36.36363636363637,36.36363636363637
20,20,2010-08-06,4,Type 4,Type 4,Mixed,Mixed Multi-Day,17,2,2.9565217391304346,7.478260869565218,7,3.392857142857143,8.88,9,9,3.392857142857143,8.88,9,3,0,463,0,1.25,436,223,223,436,51.14678899082569,100.0,51.14678899082569,51.14678899082569,40.809264935257616,36.91282142907324,2313.904097048786,1577.171187828853,2866250.0221225633,39.52900892041333,0.6816061174879368,0.7317192771842361,0.7713024373525521,0.6364688131668452,-0.6364688131668452,0.7713024373525521,40.809264935257616,36.91282142907324,40.809264935257616,36.91282142907324,40.809264935257616,36.91282142907324,2866250.0221225633,2313.904097048786,1577.171187828853,0.6816061174879368,0.6816061174879368,0.6816061174879368,39.52900892041333,856664.3472542652,397995.032914796,0.6827863887159816,40.45412844036697,37.36009174311926,40.45412844036697,37.36009174311926,40.809264935257616,36.91282142907324,15588.733209609985,22.71285629272461,48.558387756347656,35.75397525139905,5.660409017755731,58.818628038926526,147.44874273650214,216,216,436,49.54128440366973,100.0,49.54128440366973,49.54128440366973
20,20,2010-08-06,4,Type 4,Type 4,Mixed,Mixed Multi-Day,17,2,2.9565217391304346,7.478260869565218,7,3.392857142857143,8.88,9,9,3.392857142857143,8.88,9,3,0,463,1,1.25,16,9,9,16,56.25,100.0,56.25,56.25,45.51596369268708,18.78000398691805,444.21343625926886,267.80386842567395,93432.59650456284,124.0598717992576,0.6028720578126953,0.7978378794646731,-0.5600589091336445,0.8284527858001518,-0.8284527858001518,-0.5600589091336445,45.51596369268708,18.78000398691805,45.51596369268708,18.78000398691805,45.51596369268708,18.78000398691805,93432.59650456284,444.21343625926886,267.80386842567395,0.6028720578126953,0.6028720578126953,0.6028720578126953,124.0598717992576,31572.0923125228,11475.02591100091,0.7334310312849185,45.5,18.75,45.5,18.75,45.51596369268708,18.78000398691805,672.6711540222168,38.76770782470703,44.21239471435547,42.04194712638855,1.5208801048633624,3.723302285222402,26.87402916253401,9,9,16,56.25,100.0,56.25,56.25
20,20,2010-08-06,4,Type 4,Type 4,Mixed,Mixed Multi-Day,17,2,2.9565217391304346,7.478260869565218,7,3.392857142857143,8.88,9,9,3.392857142857143,8.88,9,3,0,463,2,1.25,11,7,7,11,63.63636363636363,100.0,63.63636363636363,63.63636363636363,54.04173267044508,26.310667221370586,426.59282943964973,219.91801596623213,73682.48108827228,146.56880738376225,0.5155220641076059,0.8568763046194202,-0.8345480502172418,0.5509351612291596,-0.5509351612291596,-0.8345480502172418,54.04173267044508,26.310667221370586,54.04173267044508,26.310667221370586,54.04173267044508,26.310667221370586,73682.48108827228,426.59282943964973,219.91801596623213,0.5155220641076059,0.5155220641076059,0.5155220641076059,146.56880738376225,29117.030740692175,7738.229399443828,0.790037314347518,54.04545454545455,26.318181818181817,54.04545454545455,26.318181818181817,54.04173267044508,26.310667221370586,411.1160583496094,35.45344543457031,41.562217712402344,37.37418712269176,1.9793307948693548,0.9117397220698267,204.05518822104312,7,7,11,63.63636363636363,100.0,63.63636363636363,63.63636363636363
20,20,2010-08-07,4,Type 4,Type 4,Mixed,Mixed Multi-Day,17,3,2.9615384615384617,7.5,8,3.392857142857143,8.88,9,9,3.392857142857143,8.88,9,3,0,497,0,1.25,466,228,228,466,48.927038626609445,100.0,48.927038626609445,48.927038626609445,41.004390462322014,36.17433634920638,2312.23893258083,1625.3034843888477,2951596.9790624636,43.93232656100821,0.7029132939020052,0.7112755452395599,0.7201597762887589,0.6938082563761581,-0.6938082563761581,0.7201597762887589,41.004390462322014,36.17433634920638,41.004390462322014,36.17433634920638,41.004390462322014,36.17433634920638,2951596.9790624636,2312.23893258083,1625.3034843888477,0.7029132939020052,0.7029132939020052,0.7029132939020052,43.93232656100821,855431.8210148057,422657.82661864476,0.6693050230073838,40.68669527896996,36.71030042918455,40.68669527896996,36.71030042918455,41.004390462322014,36.17433634920638,16948.39098739624,22.78426742553711,49.73246765136719,36.369937741193645,5.853157621672055,65.94329244304026,154.31461131000344,223,223,466,47.85407725321888,100.0,47.85407725321888,47.85407725321888
20,20,2010-08-07,4,Type 4,Type 4,Mixed,Mixed Multi-Day,17,3,2.9615384615384617,7.5,8,3.392857142857143,8.88,9,9,3.392857142857143,8.88,9,3,0,497,1,1.25,9,5,5,9,55.55555555555556,100.0,55.55555555555556,55.55555555555556,46.08185437248409,17.406533413474275,292.82844893910516,232.41731368545342,53452.94352074269,80.62770588783465,0.7936978614184632,0.6083121770766701,0.16284887735175038,0.9866510239924117,-0.9866510239924117,0.16284887735175038,46.08185437248409,17.406533413474275,46.08185437248409,17.406533413474275,46.08185437248409,17.406533413474275,53452.94352074269,292.82844893910516,232.41731368545342,0.7936978614184632,0.7936978614184632,0.7936978614184632,80.62770588783465,13719.760081293136,8642.849232121991,0.6135133824952519,46.05555555555556,17.38888888888889,46.05555555555556,17.38888888888889,46.08185437248409,17.406533413474275,372.7830390930176,37.92264175415039,43.533233642578125,41.42033767700195,1.6148921512452552,3.40917403701076,55.050185301323246,5,5,9,55.55555555555556,100.0,55.55555555555556,55.55555555555556
20,20,2010-08-07,4,Type 4,Type 4,Mixed,Mixed Multi-Day,17,3,2.9615384615384617,7.5,8,3.392857142857143,8.88,9,9,3.392857142857143,8.88,9,3,0,497,2,1.25,22,11,11,22,50.0,100.0,50.0,50.0,53.534151602371665,23.61023581979485,675.2061313441334,315.98776277599023,167570.09766017197,85.84258827319609,0.4679871051332919,0.8837352937554103,0.07249686753780687,0.9973686400710651,-0.9973686400710651,0.07249686753780687,53.534151602371665,23.61023581979485,53.534151602371665,23.61023581979485,53.534151602371665,23.61023581979485,167570.09766017197,675.2061313441334,315.98776277599023,0.4679871051332919,0.4679871051332919,0.4679871051332919,85.84258827319609,72944.53116875376,15975.722595868076,0.8203365159285652,53.54545454545455,23.818181818181817,53.54545454545455,23.818181818181817,53.534151602371665,23.61023581979485,939.0925140380859,34.73674011230469,47.15519714355469,42.68602336536754,4.59621251348732,23.059698624857216,182.86735074412272,12,12,22,54.54545454545455,100.0,54.54545454545455,54.54545454545455
20,20,2010-08-08,4,Type 4,Type 4,Mixed,Mixed Multi-Day,17,4,3.357142857142857,7.666666666666667,8,3.392857142857143,8.88,9,9,3.392857142857143,8.88,9,3,3,455,0,1.25,421,202,202,421,47.980997624703086,100.0,47.980997624703086,47.980997624703086,40.88497839231069,36.458985697443175,2130.8077750965567,1691.3056437789241,2830454.9844769617,49.571281305572505,0.7937391929698038,0.6082582457670793,0.6485015298746933,0.7612133510062618,-0.7612133510062618,0.6485015298746933,40.88497839231069,36.458985697443175,40.88497839231069,36.458985697443175,40.88497839231069,36.458985697443175,2830454.9844769617,2130.8077750965567,1691.3056437789241,0.7937391929698038,0.7937391929698038,0.7937391929698038,49.571281305572505,726454.6839059101,457682.3649085506,0.6134886875072654,40.542755344418055,37.058194774346795,40.542755344418055,37.058194774346795,40.88497839231069,36.458985697443175,15084.888019561768,21.063486099243164,49.533145904541016,35.83108793245076,6.008178409980717,73.18122719783592,155.2165799697246,194,194,421,46.080760095011875,100.0,46.080760095011875,46.080760095011875
20,20,2010-08-08,4,Type 4,Type 4,Mixed,Mixed Multi-Day,17,4,3.357142857142857,7.666666666666667,8,3.392857142857143,8.88,9,9,3.392857142857143,8.88,9,3,3,455,1,1.25,9,5,5,9,55.55555555555556,100.0,55.55555555555556,55.55555555555556,46.18189210585344,17.182752432894244,344.49535797232977,176.91607051406282,47867.47732963093,77.56333012363267,0.5135513916802121,0.8580588372036718,0.2153603632471361,0.9765346455410896,-0.9765346455410896,0.2153603632471361,46.18189210585344,17.182752432894244,46.18189210585344,17.182752432894244,46.18189210585344,17.182752432894244,47867.47732963093,344.49535797232977,176.91607051406282,0.5135513916802121,0.5135513916802121,0.5135513916802121,77.56333012363267,18988.32826631738,5007.887360981896,0.7913051191586778,46.166666666666664,17.166666666666668,46.166666666666664,17.166666666666668,46.18189210585344,17.182752432894244,376.4739112854004,40.375282287597656,43.645469665527344,41.83043458726671,1.0278343454604335,2.4068485761014076,42.29597028215812,5,5,9,55.55555555555556,100.0,55.55555555555556,55.55555555555556
20,20,2010-08-08,4,Type 4,Type 4,Mixed,Mixed Multi-Day,17,4,3.357142857142857,7.666666666666667,8,3.392857142857143,8.88,9,9,3.392857142857143,8.88,9,3,3,455,2,1.25,25,12,12,25,48.0,100.0,48.0,48.0,52.624198892068605,22.502718271689325,550.8271451597597,414.41840612950017,179285.12234314228,61.43951088819789,0.7523565419226098,0.6587561262153485,0.478086291421235,0.8783128701977957,-0.8783128701977957,0.478086291421235,52.624198892068605,22.502718271689325,52.624198892068605,22.502718271689325,52.624198892068605,22.502718271689325,179285.12234314228,550.8271451597597,414.41840612950017,0.7523565419226098,0.7523565419226098,0.7523565419226098,61.43951088819789,48545.687015176154,27478.818454226457,0.6385531443504648,52.66,22.58,52.66,22.58,52.624198892068605,22.502718271689325,1118.805679321289,34.45991897583008,47.05188751220703,44.75222717285156,3.089455459495722,9.316738396014758,203.29019003076223,13,13,25,52.0,100.0,52.0,52.0
20,20,2010-08-09,4,Type 4,Type 4,Mixed,Mixed Multi-Day,17,5,3.392857142857143,7.214285714285714,7,3.392857142857143,8.88,9,9,3.392857142857143,8.88,9,1,1,459,0,1.25,459,216,216,459,47.05882352941177,100.0,47.05882352941177,47.05882352941177,42.30578049949862,34.32210480137758,2390.177802895439,1855.1688305182163,3482599.466583842,110.89940525290552,0.776163525688709,0.6305316656524657,-0.35672830198235805,0.9342081773163751,-0.9342081773163751,-0.35672830198235805,42.30578049949862,34.32210480137758,42.30578049949862,34.32210480137758,42.30578049949862,34.32210480137758,3482599.466583842,2390.177802895439,1855.1688305182163,0.776163525688709,0.776163525688709,0.776163525688709,110.89940525290552,914071.988712651,550664.2223562121,0.624052291330754,41.62636165577342,35.29738562091503,41.62636165577342,35.29738562091503,42.30578049949862,34.32210480137758,16733.89649581909,21.6325740814209,49.902000427246094,36.45729084056447,6.565423693191518,124.78182612225856,149.92485666944836,198,198,459,43.13725490196079,100.0,43.13725490196079,43.13725490196079
20,20,2010-08-10,4,Type 4,Type 4,Mixed,Mixed Multi-Day,17,6,3.287878787878788,7.606060606060606,8,3.392857142857143,8.88,9,9,3.392857142857143,8.88,9,1,6,462,0,1.25,462,213,213,462,46.103896103896105,100.0,46.103896103896105,46.103896103896105,41.55407501571238,34.274943018020025,2402.0265386095275,1708.9073410408837,3223934.413738825,118.17442180468227,0.7114439884707214,0.7027428059175505,-0.472157283023886,0.8815143221113892,-0.8815143221113892,-0.472157283023886,41.55407501571238,34.274943018020025,41.55407501571238,34.274943018020025,41.55407501571238,34.274943018020025,3223934.413738825,2402.0265386095275,1708.9073410408837,0.7114439884707214,0.7114439884707214,0.7114439884707214,118.17442180468227,923157.038749515,467258.28804214776,0.6639433707046867,40.81385281385281,35.28787878787879,40.81385281385281,35.28787878787879,41.55407501571238,34.274943018020025,16724.113969802856,22.258771896362305,49.35228729248047,36.19938088701917,6.690816583791326,131.2154902701786,148.70096070272845,195,195,462,42.20779220779221,100.0,42.20779220779221,42.20779220779221
20,20,2010-08-11,4,Type 4,Type 4,Mixed,Mixed Multi-Day,17,7,2.857142857142857,7.877551020408164,8,3.392857142857143,8.88,9,9,3.392857142857143,8.88,9,1,5,500,0,1.25,500,233,233,500,46.6,100.0,46.6,46.6,41.00341277476369,33.83174495022366,2411.15514315833,1588.3300356215693,3007847.3059194763,120.6509103955717,0.6587423626092528,0.7523685929808472,-0.5098060304920831,0.8602893764739311,-0.8602893764739311,-0.5098060304920831,41.00341277476369,33.83174495022366,41.00341277476369,33.83174495022366,41.00341277476369,33.83174495022366,3007847.3059194763,2411.15514315833,1588.3300356215693,0.6587423626092528,0.6587423626092528,0.6587423626092528,120.6509103955717,930187.0599006186,403646.76832921844,0.6973785191331459,40.266,34.828,40.266,34.828,41.00341277476369,33.83174495022366,18287.53269958496,22.1709041595459,49.961795806884766,36.57506539916992,6.764052990631556,129.68408705064272,148.23908950906676,219,219,500,43.8,100.0,43.8,43.8
20,20,2010-08-12,4,Type 4,Type 4,Mixed,Mixed Multi-Day,17,8,3.0,7.863636363636363,8,3.392857142857143,8.88,9,9,3.392857142857143,8.88,9,1,2,527,0,1.25,527,246,246,527,46.67931688804554,100.0,46.67931688804554,46.67931688804554,40.01497853483296,33.582807904244014,2478.356850714674,1612.1206350295038,3137987.848810427,121.32329380796534,0.6504796250647371,0.7595237042881802,-0.5198664522866713,0.8542475471354133,-0.8542475471354133,-0.5198664522866713,40.01497853483296,33.582807904244014,40.01497853483296,33.582807904244014,40.01497853483296,33.582807904244014,3137987.848810427,2478.356850714674,1612.1206350295038,0.6504796250647371,0.6504796250647371,0.6504796250647371,121.32329380796534,982760.4287174968,415829.27070206887,0.7026795843880133,39.31024667931689,34.55123339658444,39.31024667931689,34.55123339658444,40.01497853483296,33.582807904244014,19180.236120224,21.877805709838867,49.91862487792969,36.395134952986716,6.647502658593774,125.58369397968559,148.60249844903512,234,234,527,44.402277039848194,100.0,44.402277039848194,44.402277039848194
20,20,2010-08-13,4,Type 4,Type 4,Mixed,Mixed Multi-Day,17,9,3.2333333333333334,8.733333333333333,9,3.392857142857143,8.88,9,9,3.392857142857143,8.88,9,1,2,531,0,1.25,531,252,252,531,47.45762711864407,100.0,47.45762711864407,47.45762711864407,39.297702831637544,33.789274539156686,2480.985528744083,1663.4365600146918,3241308.401427877,123.30668423256573,0.670474108269689,0.741932928329755,-0.5491203211084078,0.8357433056541937,-0.8357433056541937,-0.5491203211084078,39.297702831637544,33.789274539156686,39.297702831637544,33.789274539156686,39.297702831637544,33.789274539156686,3241308.401427877,2480.985528744083,1663.4365600146918,0.670474108269689,0.670474108269689,0.670474108269689,123.30668423256573,984846.2710140089,442723.3902709619,0.6898761564654843,38.56026365348399,34.688323917137474,38.56026365348399,34.688323917137474,39.297702831637544,33.789274539156686,19320.541341781616,23.872865676879883,49.605010986328125,36.38520026700869,6.413933022013144,120.6688524451658,145.52849697890332,242,242,531,45.5743879472693,100.0,45.5743879472693,45.5743879472693
20,20,2010-08-14,4,Type 4,Type 4,Mixed,Mixed Multi-Day,17,10,3.0125,8.2,8,3.392857142857143,8.88,9,9,3.392857142857143,8.88,9,1,7,504,0,1.25,504,238,238,504,47.22222222222222,100.0,47.22222222222222,47.22222222222222,38.142783855671254,34.91272962915172,2275.8131644366135,1718.1710556813575,3071092.4141826956,124.56318430978202,0.7549701717744908,0.6557591324036562,-0.567314717466617,0.8235010694260042,-0.8235010694260042,-0.567314717466617,38.142783855671254,34.91272962915172,38.142783855671254,34.91272962915172,38.142783855671254,34.91272962915172,3071092.4141826956,2275.8131644366135,1718.1710556813575,0.7549701717744908,0.7549701717744908,0.7549701717744908,124.56318430978202,828692.0895076788,472337.8842529905,0.6369508053010627,37.47420634920635,35.648809523809526,37.47420634920635,35.648809523809526,38.142783855671254,34.91272962915172,18014.955074310303,23.816675186157227,48.612030029296875,35.74395848077441,6.03778409326667,101.826212498637,143.12769027985007,226,226,504,44.84126984126984,100.0,44.84126984126984,44.84126984126984
20,20,2010-08-15,4,Type 4,Type 4,Mixed,Mixed Multi-Day,17,11,2.977272727272727,7.5,8,3.392857142857143,8.88,9,9,3.392857142857143,8.88,9,1,3,522,0,1.25,522,247,247,522,47.31800766283525,100.0,47.31800766283525,47.31800766283525,37.8613151328171,34.47752951197666,2314.554555384195,1754.5797107767792,3189557.2825675867,128.9940187059178,0.7580636657257512,0.6521805568294998,-0.6292392588085568,0.7772116540390127,-0.7772116540390127,-0.6292392588085568,37.8613151328171,34.47752951197666,37.8613151328171,34.47752951197666,37.8613151328171,34.47752951197666,3189557.2825675867,2314.554555384195,1754.5797107767792,0.7580636657257512,0.7580636657257512,0.7580636657257512,128.9940187059178,857146.0463759564,492567.9938351242,0.6350575165106144,37.1455938697318,35.18007662835249,37.1455938697318,35.18007662835249,37.8613151328171,34.47752951197666,18600.752025604248,23.765026092529297,48.25299072265625,35.63362457012308,5.859167616931281,101.78887475314505,139.76304624713714,235,235,522,45.019157088122604,100.0,45.019157088122604,45.019157088122604
20,20,2010-08-16,4,Type 4,Type 4,Mixed,Mixed Multi-Day,17,12,2.6,8.88,9,3.392857142857143,8.88,9,9,3.392857142857143,8.88,9,2,1,517,0,1.25,465,211,211,465,45.376344086021504,100.0,45.376344086021504,45.376344086021504,36.2911570071645,33.01338826573381,2497.691673093964,1230.3854242303753,2413625.4968703557,126.67369066256241,0.4926090107456141,0.8702507469300026,-0.5972569209854226,0.8020499799482652,-0.8020499799482652,-0.5972569209854226,36.2911570071645,33.01338826573381,36.2911570071645,33.01338826573381,36.2911570071645,33.01338826573381,2413625.4968703557,2497.691673093964,1230.3854242303753,0.4926090107456141,0.4926090107456141,0.4926090107456141,126.67369066256241,998154.191014868,242215.7267453697,0.8047229916840101,35.3752688172043,33.755913978494625,35.3752688172043,33.755913978494625,36.2911570071645,33.01338826573381,16777.944305419922,23.81627655029297,48.90353775024414,36.08160065681704,6.122118959242017,118.50875439636796,133.76776009270358,210,210,465,45.16129032258065,100.0,45.16129032258065,45.16129032258065
20,20,2010-08-16,4,Type 4,Type 4,Mixed,Mixed Multi-Day,17,12,2.6,8.88,9,3.392857142857143,8.88,9,9,3.392857142857143,8.88,9,2,1,517,1,1.25,52,21,21,52,40.38461538461539,100.0,40.38461538461539,40.38461538461539,51.455035038636616,40.80238465521628,793.0108803253939,334.3776123274598,208260.17053064218,115.06499896914278,0.4216557686954504,0.9067559830107815,-0.42364614683581236,0.905827766339258,-0.905827766339258,-0.42364614683581236,51.455035038636616,40.80238465521628,51.455035038636616,40.80238465521628,51.455035038636616,40.80238465521628,208260.17053064218,793.0108803253939,334.3776123274598,0.4216557686954504,0.4216557686954504,0.4216557686954504,115.06499896914278,100618.60101031302,17889.342020130087,0.8490452069062193,51.32692307692308,40.84615384615385,51.32692307692308,40.84615384615385,51.455035038636616,40.80238465521628,1701.1008281707764,27.700284957885742,40.81080627441406,32.713477464822624,3.002395204383097,11.850023385600407,114.17398049287915,21,21,52,40.38461538461539,100.0,40.38461538461539,40.38461538461539
20,20,2010-08-17,4,Type 4,Type 4,Mixed,Mixed Multi-Day,17,13,2.94,7.52,8,3.392857142857143,8.88,9,9,3.392857142857143,8.88,9,2,1,488,0,1.25,477,230,230,477,48.21802935010482,100.0,48.21802935010482,48.21802935010482,37.727921315728366,32.68030864859774,2151.0944302818057,1870.207632933673,3159651.4884486543,114.38776139992186,0.8694214473367704,0.4940711961962925,-0.4129098948500007,0.9107718807335684,-0.9107718807335684,-0.4129098948500007,37.727921315728366,32.68030864859774,37.727921315728366,32.68030864859774,37.727921315728366,32.68030864859774,3159651.4884486543,2151.0944302818057,1870.207632933673,0.8694214473367704,0.8694214473367704,0.8694214473367704,114.38776139992186,740353.159678305,559628.2544453396,0.5695105727164559,37.15199161425576,33.4664570230608,37.15199161425576,33.4664570230608,37.727921315728366,32.68030864859774,17039.769359588623,24.365886688232422,48.72257614135742,35.72278691737657,6.096594144014828,102.43908351500801,148.17611180196914,218,218,477,45.702306079664574,100.0,45.702306079664574,45.702306079664574
20,20,2010-08-17,4,Type 4,Type 4,Mixed,Mixed Multi-Day,17,13,2.94,7.52,8,3.392857142857143,8.88,9,9,3.392857142857143,8.88,9,2,1,488,1,1.25,11,5,5,11,45.45454545454545,100.0,45.45454545454545,45.45454545454545,51.18838039675349,23.803910501116313,471.0411362196818,188.12116471479607,69596.33600813047,23.60883920569765,0.3993731125577556,0.9167884799483086,0.9163009555142028,0.40049039804189923,-0.40049039804189923,0.9163009555142028,51.18838039675349,23.803910501116313,51.18838039675349,23.803910501116313,51.18838039675349,23.803910501116313,69596.33600813047,471.0411362196818,188.12116471479607,0.3993731125577556,0.3993731125577556,0.3993731125577556,23.60883920569765,35500.76032178061,5662.331618184227,0.8624415380058773,51.31818181818182,23.863636363636363,51.31818181818182,23.863636363636363,51.18838039675349,23.803910501116313,480.8355026245117,35.24090576171875,46.775569915771484,43.712318420410156,4.088413941525708,14.786604726784953,243.4515847511904,4,4,11,36.36363636363637,100.0,36.36363636363637,36.36363636363637
20,20,2010-08-18,4,Type 4,Type 4,Mixed,Mixed Multi-Day,17,14,3.102564102564102,7.487179487179487,7,3.392857142857143,8.88,9,9,3.392857142857143,8.88,9,1,1,493,0,1.25,493,241,241,493,48.88438133874239,100.0,48.88438133874239,48.88438133874239,37.971354995223535,32.44329026815452,2156.4051785276383,2000.5795621848372,3388254.901279613,83.85009641022387,0.9277382479441101,0.3732314875537606,0.10713008132196401,0.9942450128997125,-0.9942450128997125,0.10713008132196401,37.971354995223535,32.44329026815452,37.971354995223535,32.44329026815452,37.971354995223535,32.44329026815452,3388254.901279613,2156.4051785276383,2000.5795621848372,0.9277382479441101,0.9277382479441101,0.9277382479441101,83.85009641022387,744013.3270369306,640370.973541068,0.5374326527152145,37.41683569979716,33.24645030425963,37.41683569979716,33.24645030425963,37.971354995223535,32.44329026815452,17486.44400215149,24.417081832885742,49.07994079589844,35.46946045061154,5.964816850545118,103.09486165948344,149.6150873599534,229,229,493,46.45030425963489,100.0,46.45030425963489,46.45030425963489
20,20,2010-08-19,4,Type 4,Type 4,Mixed,Mixed Multi-Day,17,15,3.2419354838709675,8.064516129032258,8,3.392857142857143,8.88,9,9,3.392857142857143,8.88,9,1,5,509,0,1.25,509,245,245,509,48.1335952848723,100.0,48.1335952848723,48.1335952848723,38.320234919622955,32.27414201965258,2206.1885734217785,2071.8956366396874,3590049.097813482,63.10489697831488,0.9391289854367235,0.34356476640160644,0.452358487155878,0.8918361952163891,-0.8918361952163891,0.452358487155878,38.320234919622955,32.27414201965258,38.320234919622955,32.27414201965258,38.320234919622955,32.27414201965258,3590049.097813482,2206.1885734217785,2071.8956366396874,0.9391289854367235,0.9391289854367235,0.9391289854367235,63.10489697831488,778762.8834394917,686840.2446602522,0.5313600036110812,37.786836935166995,33.018664047151276,37.786836935166995,33.018664047151276,38.320234919622955,32.27414201965258,18175.108825683594,24.146589279174805,47.25455093383789,35.70748295812101,6.071099668377523,96.54869551387883,148.6345451828602,234,234,509,45.97249508840864,100.0,45.97249508840864,45.97249508840864
20,20,2010-08-20,4,Type 4,Type 4,Mixed,Mixed Multi-Day,17,16,3.15625,8.1875,8,3.392857142857143,8.88,9,9,3.392857142857143,8.88,9,1,13,481,0,1.25,481,231,231,481,48.024948024948024,100.0,48.024948024948024,48.024948024948024,37.77906261681878,31.827658208303127,2196.7376808942354,1961.053767252742,3383433.0095989527,65.94369699431694,0.8927118537223104,0.4506279465631001,0.4076341628478655,0.9131453275789785,-0.9131453275789785,0.4076341628478655,37.77906261681878,31.827658208303127,37.77906261681878,31.827658208303127,37.77906261681878,31.827658208303127,3383433.0095989527,2196.7376808942354,1961.053767252742,0.8927118537223104,0.8927118537223104,0.8927118537223104,65.94369699431694,772105.0301856935,615317.1004889874,0.5565033259273667,37.37318087318087,32.54573804573805,37.37318087318087,32.54573804573805,37.77906261681878,31.827658208303127,17314.43744277954,24.643747329711914,47.77587890625,35.996751440290105,6.247394920810001,88.34902118240004,154.21924895537202,226,226,481,46.985446985446984,100.0,46.985446985446984,46.985446985446984
20,20,2010-08-21,4,Type 4,Type 4,Mixed,Mixed Multi-Day,17,17,3.065217391304348,8.347826086956522,8,3.392857142857143,8.88,9,9,3.392857142857143,8.88,9,2,16,382,0,1.25,363,193,193,363,53.16804407713499,100.0,53.16804407713499,53.16804407713499,38.37246187825978,30.0682004721673,2248.923853216473,1689.7311347822208,2984573.2252407395,36.40041310383734,0.7513509772087306,0.659902802727406,0.8048895187716978,0.5934246898903556,-0.5934246898903556,0.8048895187716978,38.37246187825978,30.0682004721673,38.37246187825978,30.0682004721673,38.37246187825978,30.0682004721673,2984573.2252407395,2248.923853216473,1689.7311347822208,0.7513509772087306,0.7513509772087306,0.7513509772087306,36.40041310383734,809225.3596105645,456830.6092563858,0.6391702890787492,37.946280991735534,30.422865013774103,37.946280991735534,30.422865013774103,38.37246187825978,30.0682004721673,13594.947170257568,26.669937133789062,48.863487243652344,37.451645097128285,6.110211593213662,56.8187004450728,133.67872503480015,191,191,363,52.617079889807165,100.0,52.617079889807165,52.617079889807165
20,20,2010-08-21,4,Type 4,Type 4,Mixed,Mixed Multi-Day,17,17,3.065217391304348,8.347826086956522,8,3.392857142857143,8.88,9,9,3.392857142857143,8.88,9,2,16,382,1,1.25,19,7,7,19,36.8421052631579,100.0,36.8421052631579,36.8421052631579,32.702384199983534,42.54361151907368,650.9212693817217,193.09834840669592,98718.12620031739,177.56456741014244,0.29665392343087915,0.9549850520888095,-0.9990967425021817,0.042493518582592676,-0.042493518582592676,-0.9990967425021817,32.702384199983534,42.54361151907368,32.702384199983534,42.54361151907368,32.702384199983534,42.54361151907368,98718.12620031739,650.9212693817217,193.09834840669592,0.29665392343087915,0.29665392343087915,0.29665392343087915,177.56456741014244,67791.7598293619,5965.915545182995,0.9191146478669806,32.71052631578947,42.55263157894737,32.71052631578947,42.55263157894737,32.702384199983534,42.54361151907368,501.6184539794922,25.596216201782227,27.691837310791016,26.400971262078535,0.5261714757961927,1.20466260742716,213.72334197428938,7,7,19,36.8421052631579,100.0,36.8421052631579,36.8421052631579
21,21,2011-07-26,4,Type 4,Type 4,Mixed,Mixed Multi-Day,11,1,3.25,8.045454545454545,8,3.522727272727273,9.217391304347826,9,9,3.522727272727273,9.217391304347826,9,3,4,403,0,1.25,367,157,156,368,42.50681198910082,99.36305732484077,42.391304347826086,42.391304347826086,38.01955379462291,34.61522293863528,2668.372148066186,1507.3891480498332,3159087.569645063,38.93061016632356,0.5649096394377611,0.825152773291285,0.7779075493534576,0.6283787430036903,-0.6283787430036903,0.7779075493534576,38.01955379462291,34.61522293863528,38.01955379462291,34.61522293863528,38.01955379462291,34.61522293863528,3159087.569645063,2668.372148066186,1507.3891480498332,0.5649096394377611,0.5649096394377611,0.5649096394377611,38.93061016632356,1139233.5872920563,363555.5269853443,0.7580794779977124,38.235694822888284,35.34741144414169,38.235694822888284,35.34741144414169,38.01955379462291,34.61522293863528,13307.866033554077,24.021087646484375,51.14341735839844,36.26121535028359,5.910134346960208,83.59221442678006,193.71815546011845,145,144,368,39.237057220708444,99.3103448275862,39.130434782608695,39.130434782608695
21,21,2011-07-26,4,Type 4,Type 4,Mixed,Mixed Multi-Day,11,1,3.25,8.045454545454545,8,3.522727272727273,9.217391304347826,9,9,3.522727272727273,9.217391304347826,9,3,4,403,1,1.25,24,11,11,24,45.833333333333336,100.0,45.833333333333336,45.833333333333336,48.87967084305304,17.817614781549093,600.1647650526102,308.2518720612254,145300.162202497,59.58603549671298,0.5136120779003149,0.8580225133613457,0.5062439665794207,0.8623903097217259,-0.8623903097217259,0.5062439665794207,48.87967084305304,17.817614781549093,48.87967084305304,17.817614781549093,48.87967084305304,17.817614781549093,145300.162202497,600.1647650526102,308.2518720612254,0.5136120779003149,0.5136120779003149,0.5136120779003149,59.58603549671298,57631.63923370476,15203.074660680013,0.7912660893715394,48.833333333333336,17.708333333333332,48.833333333333336,17.708333333333332,48.87967084305304,17.817614781549093,1022.573413848877,36.130470275878906,45.92528533935547,42.60722557703654,2.6488686256513745,13.055105330643848,22.103547082410177,10,10,24,41.666666666666664,100.0,41.666666666666664,41.666666666666664
21,21,2011-07-26,4,Type 4,Type 4,Mixed,Mixed Multi-Day,11,1,3.25,8.045454545454545,8,3.522727272727273,9.217391304347826,9,9,3.522727272727273,9.217391304347826,9,3,4,403,2,1.25,12,7,7,12,58.333333333333336,100.0,58.333333333333336,58.333333333333336,66.9494733240329,33.905024291413014,439.4649383330738,219.18865574207612,75654.05070656742,18.415320406600273,0.4987625556056337,0.8667386648383336,0.9487915758425908,0.3159027470759528,-0.3159027470759528,0.9487915758425908,66.9494733240329,33.905024291413014,66.9494733240329,33.905024291413014,66.9494733240329,33.905024291413014,75654.05070656742,439.4649383330738,219.18865574207612,0.4987625556056337,0.4987625556056337,0.4987625556056337,18.415320406600273,30900.709123854776,7686.9866889629375,0.8007917672448962,67.08333333333333,34.0,67.08333333333333,34.0,66.9494733240329,33.905024291413014,369.8152713775635,25.144853591918945,36.297813415527344,30.817939281463623,3.752572920177005,16.25074213423005,229.62619513267464,7,7,12,58.333333333333336,100.0,58.333333333333336,58.333333333333336
21,21,2011-07-27,4,Type 4,Type 4,Mixed,Mixed Multi-Day,11,2,2.9347826086956523,8.434782608695652,8,3.522727272727273,9.217391304347826,9,9,3.522727272727273,9.217391304347826,9,3,0,516,0,1.25,473,201,201,473,42.494714587737846,100.0,42.494714587737846,42.494714587737846,38.17004777642071,34.06812364828645,2604.10824886503,1463.5674184085665,2993378.5852061347,46.761060040576155,0.5620224962024698,0.8271219461254458,0.6850423771098053,0.7285032200091824,-0.7285032200091824,0.6850423771098053,38.17004777642071,34.06812364828645,38.17004777642071,34.06812364828645,38.17004777642071,34.06812364828645,2993378.5852061347,2604.10824886503,1463.5674184085665,0.5620224962024698,0.5620224962024698,0.5620224962024698,46.761060040576155,1085020.7634891027,342724.73411633854,0.7599539030652571,38.24841437632135,34.81923890063425,38.24841437632135,34.81923890063425,38.17004777642071,34.06812364828645,17389.92555999756,23.993982315063477,51.29503631591797,36.765170317119576,6.049049447398678,83.63220766359532,184.96236643432096,193,193,473,40.80338266384778,100.0,40.80338266384778,40.80338266384778
21,21,2011-07-27,4,Type 4,Type 4,Mixed,Mixed Multi-Day,11,2,2.9347826086956523,8.434782608695652,8,3.522727272727273,9.217391304347826,9,9,3.522727272727273,9.217391304347826,9,3,0,516,1,1.25,32,16,16,32,50.0,100.0,50.0,50.0,48.89088163062102,20.842378650557276,1113.597681422637,479.0284584775676,418966.70811228786,56.54403968164718,0.4301629452618848,0.9027512617125609,0.5512958664632642,0.8343098151289596,-0.8343098151289596,0.5512958664632642,48.89088163062102,20.842378650557276,48.89088163062102,20.842378650557276,48.89088163062102,20.842378650557276,418966.70811228786,1113.597681422637,479.0284584775676,0.4301629452618848,0.4301629452618848,0.4301629452618848,56.54403968164718,198415.96737117966,36714.92224502315,0.8438532584767922,48.90625,20.78125,48.90625,20.78125,48.89088163062102,20.842378650557276,1359.0957221984863,35.11863708496094,47.82908248901367,42.4717413187027,3.3873274999951417,6.9543576044812285,346.70271612611697,16,16,32,50.0,100.0,50.0,50.0
21,21,2011-07-27,4,Type 4,Type 4,Mixed,Mixed Multi-Day,11,2,2.9347826086956523,8.434782608695652,8,3.522727272727273,9.217391304347826,9,9,3.522727272727273,9.217391304347826,9,3,0,516,2,1.25,11,7,7,11,63.63636363636363,100.0,63.63636363636363,63.63636363636363,66.85540898889867,33.78942256374624,439.4447553202821,205.8161805087353,71035.21207663164,13.025274878880651,0.46835507311659585,0.8835403360831627,0.9742707373585419,0.2253808561676059,-0.2253808561676059,0.9742707373585419,66.85540898889867,33.78942256374624,66.85540898889867,33.78942256374624,66.85540898889867,33.78942256374624,71035.21207663164,439.4447553202821,205.8161805087353,0.46835507311659585,0.46835507311659585,0.46835507311659585,13.025274878880651,30897.870876560424,6777.64802547269,0.8201047199085307,66.95454545454545,33.86363636363637,66.95454545454545,33.86363636363637,66.85540898889867,33.78942256374624,328.253116607666,24.86397933959961,34.44398498535156,29.84119241887873,3.3367028865560573,12.328175210375527,228.13645724865606,7,7,11,63.63636363636363,100.0,63.63636363636363,63.63636363636363
21,21,2011-07-28,4,Type 4,Type 4,Mixed,Mixed Multi-Day,11,3,3.35,8.1,8,3.522727272727273,9.217391304347826,9,9,3.522727272727273,9.217391304347826,9,1,5,567,0,1.25,567,243,243,567,42.857142857142854,100.0,42.857142857142854,42.857142857142854,38.73981251117796,32.20563079512518,2660.4016820785646,1871.538522806004,3910532.1969744354,54.99308780959963,0.7034796795586808,0.7107153723172278,0.573675255073499,0.8190828417909607,-0.8190828417909607,0.573675255073499,38.73981251117796,32.20563079512518,38.73981251117796,32.20563079512518,38.73981251117796,32.20563079512518,3910532.1969744354,2660.4016820785646,1871.538522806004,0.7034796795586808,0.7034796795586808,0.7034796795586808,54.99308780959963,1132437.9376010331,560425.0307755007,0.6689483784308001,38.664021164021165,33.12610229276896,38.664021164021165,33.12610229276896,38.73981251117796,32.20563079512518,21137.952863693237,22.29747200012207,49.29722595214844,37.28034014760712,6.33771192733531,102.32621167501364,175.99544088339624,234,234,567,41.26984126984127,100.0,41.26984126984127,41.26984126984127
21,21,2011-07-29,4,Type 4,Type 4,Mixed,Mixed Multi-Day,11,4,3.4107142857142856,8.071428571428571,8,3.522727272727273,9.217391304347826,9,9,3.522727272727273,9.217391304347826,9,1,4,605,0,1.25,605,281,281,605,46.446280991735534,100.0,46.446280991735534,46.446280991735534,41.11226262183626,32.80835025055125,2742.70680235631,1887.6557170576566,4066231.0537627093,50.5700187805179,0.6882455373778694,0.72547782893721,0.6351347753501214,0.7724013316540507,-0.7724013316540507,0.6351347753501214,41.11226262183626,32.80835025055125,41.11226262183626,32.80835025055125,41.11226262183626,32.80835025055125,4066231.0537627093,2742.70680235631,1887.6557170576566,0.6882455373778694,0.6882455373778694,0.6882455373778694,50.5700187805179,1203590.496590652,570119.0569824729,0.67857248339562,40.9099173553719,33.67190082644628,40.9099173553719,33.67190082644628,41.11226262183626,32.80835025055125,22927.98405647278,24.792163848876953,49.73766326904297,37.89749430821947,6.078083379640757,97.61421518346259,168.80522924524413,272,272,605,44.95867768595041,100.0,44.95867768595041,44.95867768595041
21,21,2011-07-30,4,Type 4,Type 4,Mixed,Mixed Multi-Day,11,5,3.522727272727273,8.0,8,3.522727272727273,9.217391304347826,9,9,3.522727272727273,9.217391304347826,9,1,8,577,0,1.25,577,289,289,577,50.08665511265165,100.0,50.08665511265165,50.08665511265165,43.50814248815614,34.42965977844067,2788.872652876189,1752.4335488600123,3838487.439859584,45.802160973156504,0.6283662852273703,0.7779176123405069,0.697138063288959,0.7169369014869575,-0.7169369014869575,0.697138063288959,43.50814248815614,34.42965977844067,43.50814248815614,34.42965977844067,43.50814248815614,34.42965977844067,3838487.439859584,2788.872652876189,1752.4335488600123,0.6283662852273703,0.6283662852273703,0.6283662852273703,45.802160973156504,1244449.7078337078,491363.73490721546,0.7169259536719964,43.22443674176776,35.17764298093587,43.22443674176776,35.17764298093587,43.50814248815614,34.42965977844067,22134.80663871765,25.410232543945312,50.72043228149414,38.3618832560098,6.251007925134136,86.94509091191047,162.54614761200645,280,280,577,48.52686308492201,100.0,48.52686308492201,48.52686308492201
21,21,2011-07-31,4,Type 4,Type 4,Mixed,Mixed Multi-Day,11,6,2.4705882352941178,8.705882352941176,9,3.522727272727273,9.217391304347826,9,9,3.522727272727273,9.217391304347826,9,1,9,551,0,1.25,551,274,274,551,49.72776769509982,100.0,49.72776769509982,49.72776769509982,45.5534385935522,34.922643413772754,2779.77266294577,1524.0234439059648,3327291.179869423,40.33467642715837,0.5482547059409284,0.8363114117442295,0.7622767413365116,0.6472512414954404,-0.6472512414954404,0.7622767413365116,45.5534385935522,34.922643413772754,45.5534385935522,34.922643413772754,45.5534385935522,34.922643413772754,3327291.179869423,2779.77266294577,1524.0234439059648,0.5482547059409284,0.5482547059409284,0.5482547059409284,40.33467642715837,1236341.769225699,371623.5932119996,0.7688858218633435,45.240471869328495,35.48729582577133,45.240471869328495,35.48729582577133,45.5534385935522,34.922643413772754,21411.973482131958,22.50191879272461,50.70798110961914,38.86020595668232,6.219733562582119,68.82263475889998,155.4477004088822,269,269,551,48.82032667876588,100.0,48.82032667876588,48.82032667876588
21,21,2011-08-01,4,Type 4,Type 4,Mixed,Mixed Multi-Day,11,7,2.9411764705882355,8.058823529411764,8,3.522727272727273,9.217391304347826,9,9,3.522727272727273,9.217391304347826,9,3,2,584,0,1.25,38,20,20,38,52.63157894736842,100.0,52.63157894736842,52.63157894736842,29.125507729376213,19.830111264244223,1378.6906359164234,387.3160020143757,419393.9367700659,15.893831139548382,0.28093032035205245,0.9597281672988937,0.9617708003217411,0.27385566937435796,-0.27385566937435796,0.9617708003217411,29.125507729376213,19.830111264244223,29.125507729376213,19.830111264244223,29.125507729376213,19.830111264244223,419393.9367700659,1378.6906359164234,387.3160020143757,0.28093032035205245,0.28093032035205245,0.28093032035205245,15.893831139548382,304126.0591301811,24002.189666623988,0.9268511938407124,29.105263157894736,19.81578947368421,29.105263157894736,19.81578947368421,29.125507729376213,19.830111264244223,1546.4520568847656,33.69029235839844,44.197425842285156,40.69610676012541,2.113344259878914,2.6479897155997985,53.21700008365627,20,20,38,52.63157894736842,100.0,52.63157894736842,52.63157894736842
21,21,2011-08-01,4,Type 4,Type 4,Mixed,Mixed Multi-Day,11,7,2.9411764705882355,8.058823529411764,8,3.522727272727273,9.217391304347826,9,9,3.522727272727273,9.217391304347826,9,3,2,584,1,1.25,13,6,6,13,46.15384615384615,100.0,46.15384615384615,46.15384615384615,25.959402378843926,36.80660334770022,524.6738353511596,173.65492250728832,71559.35000311269,114.18277646563223,0.33097690566380655,0.9436388546033974,-0.40964882528279206,0.912243300849301,-0.912243300849301,-0.40964882528279206,25.959402378843926,36.80660334770022,25.959402378843926,36.80660334770022,25.959402378843926,36.80660334770022,71559.35000311269,524.6738353511596,173.65492250728832,0.33097690566380655,0.33097690566380655,0.33097690566380655,114.18277646563223,44045.221360335316,4824.965137761969,0.9012697621289041,25.96153846153846,36.80769230769231,25.96153846153846,36.80769230769231,25.959402378843926,36.80660334770022,349.7710361480713,26.535690307617188,27.623241424560547,26.905464319082405,0.3068382671678506,0.22569460923439388,237.62677597965393,6,6,13,46.15384615384615,100.0,46.15384615384615,46.15384615384615
21,21,2011-08-01,4,Type 4,Type 4,Mixed,Mixed Multi-Day,11,7,2.9411764705882355,8.058823529411764,8,3.522727272727273,9.217391304347826,9,9,3.522727272727273,9.217391304347826,9,3,2,584,2,1.25,533,243,243,533,45.590994371482175,100.0,45.590994371482175,45.590994371482175,48.92038506103119,35.81271970568157,2335.134101186079,1583.5364219849903,2904221.687692308,35.30571291486865,0.678135110604855,0.7349372570260274,0.816079968316653,0.5779389979161216,-0.5779389979161216,0.816079968316653,48.92038506103119,35.81271970568157,48.92038506103119,35.81271970568157,48.92038506103119,35.81271970568157,2904221.687692308,2335.134101186079,1583.5364219849903,0.678135110604855,0.678135110604855,0.678135110604855,35.30571291486865,872456.2032835387,401214.01596048404,0.6849937998875237,48.668855534709195,36.36491557223265,48.668855534709195,36.36491557223265,48.92038506103119,35.81271970568157,21070.353582382202,21.94339942932129,51.234291076660156,39.531620229610134,6.157728216513611,65.32552499285086,159.63555259351233,233,233,533,43.71482176360225,100.0,43.71482176360225,43.71482176360225
21,21,2011-08-02,4,Type 4,Type 4,Mixed,Mixed Multi-Day,11,8,3.065217391304348,9.217391304347826,9,3.522727272727273,9.217391304347826,9,9,3.522727272727273,9.217391304347826,9,3,9,610,0,1.25,22,11,11,22,50.0,100.0,50.0,50.0,25.391237038568512,18.83015422903941,560.3332813548009,300.12442432196787,132080.1762641048,14.808100152072626,0.5356177016583997,0.8444605838463827,0.966787265471536,0.2555824393851613,-0.2555824393851613,0.966787265471536,25.391237038568512,18.83015422903941,25.391237038568512,18.83015422903941,25.391237038568512,18.83015422903941,132080.1762641048,560.3332813548009,300.12442432196787,0.5356177016583997,0.5356177016583997,0.5356177016583997,14.808100152072626,50235.74179101414,14411.947211934821,0.7770694137066925,25.363636363636363,18.818181818181817,25.363636363636363,18.818181818181817,25.391237038568512,18.83015422903941,889.0540885925293,38.65470886230469,43.91322326660156,40.4115494814786,1.2902106701010434,3.1967936970552535,65.50466398689278,11,11,22,50.0,100.0,50.0,50.0
21,21,2011-08-02,4,Type 4,Type 4,Mixed,Mixed Multi-Day,11,8,3.065217391304348,9.217391304347826,9,3.522727272727273,9.217391304347826,9,9,3.522727272727273,9.217391304347826,9,3,9,610,1,1.25,12,6,6,12,50.0,100.0,50.0,50.0,35.33349975526882,21.690228648760378,560.9682722207644,293.84287325410634,129462.30706966265,118.80664731208886,0.523813712477605,0.8518328442954222,-0.4818553377540638,0.8762507822980343,-0.8762507822980343,-0.4818553377540638,35.33349975526882,21.690228648760378,35.33349975526882,21.690228648760378,35.33349975526882,21.690228648760378,129462.30706966265,560.9682722207644,293.84287325410634,0.523813712477605,0.523813712477605,0.523813712477605,118.80664731208886,50349.66439013596,13814.981465956611,0.784694806904403,35.416666666666664,21.666666666666668,35.416666666666664,21.666666666666668,35.33349975526882,21.690228648760378,494.56929779052734,32.78596496582031,43.773216247558594,41.21410814921061,3.3249739101357974,8.993926230790272,286.8778698350866,7,7,12,58.333333333333336,100.0,58.333333333333336,58.333333333333336
21,21,2011-08-02,4,Type 4,Type 4,Mixed,Mixed Multi-Day,11,8,3.065217391304348,9.217391304347826,9,3.522727272727273,9.217391304347826,9,9,3.522727272727273,9.217391304347826,9,3,9,610,2,1.25,576,242,242,576,42.013888888888886,100.0,42.013888888888886,42.013888888888886,50.907404979595256,35.11452108283147,2412.9430064363905,1675.1205538074687,3174556.148496256,35.86513387485593,0.6942230087238606,0.7197599698221558,0.810398314838593,0.5858793146261171,-0.5858793146261171,0.810398314838593,50.907404979595256,35.11452108283147,50.907404979595256,35.11452108283147,50.907404979595256,35.11452108283147,3174556.148496256,2412.9430064363905,1675.1205538074687,0.6942230087238606,0.6942230087238606,0.6942230087238606,35.86513387485593,931567.032369646,448964.6191661184,0.6747886086735714,50.932291666666664,35.63368055555556,50.932291666666664,35.63368055555556,50.907404979595256,35.11452108283147,22883.52404975891,21.323928833007812,51.82773971557617,39.72834036416478,6.443181811374194,57.64379352910601,182.25560676229875,240,240,576,41.666666666666664,100.0,41.666666666666664,41.666666666666664
21,21,2011-08-03,4,Type 4,Type 4,Mixed,Mixed Multi-Day,11,9,2.9166666666666665,7.333333333333333,7,3.522727272727273,9.217391304347826,9,9,3.522727272727273,9.217391304347826,9,2,9,544,0,1.25,14,6,6,14,42.857142857142854,100.0,42.857142857142854,42.857142857142854,24.50309648990707,19.076283159853563,363.1186769535622,253.29338326434723,72237.43449719234,27.853957478528997,0.6975498627319021,0.7165362440258723,0.8841413700987382,0.46721947485087356,-0.46721947485087356,0.8841413700987382,24.50309648990707,19.076283159853563,24.50309648990707,19.076283159853563,24.50309648990707,19.076283159853563,72237.43449719234,363.1186769535622,253.29338326434723,0.6975498627319021,0.6975498627319021,0.6975498627319021,27.853957478528997,21096.82776840087,10265.20608087992,0.6726868502785152,24.5,19.071428571428573,24.5,19.071428571428573,24.50309648990707,19.076283159853563,527.6187629699707,35.238487243652344,38.57896423339844,37.68705449785505,0.7752693099798612,0.6284667429404595,31.234543263863788,6,6,14,42.857142857142854,100.0,42.857142857142854,42.857142857142854
21,21,2011-08-03,4,Type 4,Type 4,Mixed,Mixed Multi-Day,11,9,2.9166666666666665,7.333333333333333,7,3.522727272727273,9.217391304347826,9,9,3.522727272727273,9.217391304347826,9,2,9,544,1,1.25,530,217,217,530,40.943396226415096,100.0,40.943396226415096,40.943396226415096,52.384337055963556,34.292530453846894,2583.0025953999057,1498.0843350709129,3039141.960062973,42.486260511267886,0.579977866742707,0.8146322324144675,0.7374393216801055,0.6754133895918749,-0.6754133895918749,0.7374393216801055,52.384337055963556,34.292530453846894,52.384337055963556,34.292530453846894,52.384337055963556,34.292530453846894,3039141.960062973,2583.0025953999057,1498.0843350709129,0.579977866742707,0.579977866742707,0.579977866742707,42.486260511267886,1067504.3852548238,359081.0679975775,0.7482933341434779,52.5433962264151,34.68679245283019,52.5433962264151,34.68679245283019,52.384337055963556,34.292530453846894,21392.888387680054,22.86044692993164,50.785667419433594,40.36394035411331,5.63918220053592,46.11160460828771,198.51672766256144,217,217,530,40.943396226415096,100.0,40.943396226415096,40.943396226415096
21,21,2011-08-04,4,Type 4,Type 4,Mixed,Mixed Multi-Day,11,10,2.930555555555556,6.75,7,3.522727272727273,9.217391304347826,9,9,3.522727272727273,9.217391304347826,9,4,0,539,0,1.25,14,6,6,14,42.857142857142854,100.0,42.857142857142854,42.857142857142854,24.499775972489733,19.071354652183572,363.1186769535622,253.29338326434723,72237.43449719234,27.853957478528997,0.6975498627319021,0.7165362440258723,0.8841413700987382,0.46721947485087356,-0.46721947485087356,0.8841413700987382,24.499775972489733,19.071354652183572,24.499775972489733,19.071354652183572,24.499775972489733,19.071354652183572,72237.43449719234,363.1186769535622,253.29338326434723,0.6975498627319021,0.6975498627319021,0.6975498627319021,27.853957478528997,21096.82776840087,10265.20608087992,0.6726868502785152,24.5,19.071428571428573,24.5,19.071428571428573,24.499775972489733,19.071354652183572,551.9734001159668,38.025001525878906,40.831787109375,39.42667143685477,0.6524423088500667,0.02495763438542376,250.86176139134693,6,6,14,42.857142857142854,100.0,42.857142857142854,42.857142857142854
21,21,2011-08-04,4,Type 4,Type 4,Mixed,Mixed Multi-Day,11,10,2.930555555555556,6.75,7,3.522727272727273,9.217391304347826,9,9,3.522727272727273,9.217391304347826,9,4,0,539,1,1.25,9,5,5,9,55.55555555555556,100.0,55.55555555555556,55.55555555555556,25.83135840300177,35.90439967133375,481.04499993003407,159.21414500616808,60152.99217656903,90.72167784763279,0.3309755740717087,0.9436393216520298,-0.012595321531360563,0.9999206757915958,-0.9999206757915958,-0.012595321531360563,25.83135840300177,35.90439967133375,25.83135840300177,35.90439967133375,25.83135840300177,35.90439967133375,60152.99217656903,481.04499993003407,159.21414500616808,0.3309755740717087,0.3309755740717087,0.3309755740717087,90.72167784763279,37024.686713229836,4055.8630352072187,0.9012704781205726,25.833333333333332,35.94444444444444,25.833333333333332,35.94444444444444,25.83135840300177,35.90439967133375,241.32207679748535,25.865936279296875,28.34181785583496,26.813564088609482,0.803403352986749,4.446845371802387,182.29770222425594,5,5,9,55.55555555555556,100.0,55.55555555555556,55.55555555555556
21,21,2011-08-04,4,Type 4,Type 4,Mixed,Mixed Multi-Day,11,10,2.930555555555556,6.75,7,3.522727272727273,9.217391304347826,9,9,3.522727272727273,9.217391304347826,9,4,0,539,2,1.25,11,5,5,11,45.45454545454545,100.0,45.45454545454545,45.45454545454545,35.32137968007579,21.659927310887046,542.4352467662173,222.52494519329687,94801.77870431446,130.65918174186783,0.41023319653341456,0.9119806601359356,-0.6515581336392408,0.7585987071492736,-0.7585987071492736,-0.6515581336392408,35.32137968007579,21.659927310887046,35.32137968007579,21.659927310887046,35.32137968007579,21.659927310887046,94801.77870431446,542.4352467662173,222.52494519329687,0.41023319653341456,0.41023319653341456,0.41023319653341456,130.65918174186783,47077.759509492345,7922.776197324763,0.8559509267408324,35.40909090909091,21.59090909090909,35.40909090909091,21.59090909090909,35.32137968007579,21.659927310887046,455.9051818847656,33.912086486816406,43.796600341796875,41.44592562588778,2.7499921838921297,11.868562237282426,310.0987263251929,6,6,11,54.54545454545455,100.0,54.54545454545455,54.54545454545455
21,21,2011-08-04,4,Type 4,Type 4,Mixed,Mixed Multi-Day,11,10,2.930555555555556,6.75,7,3.522727272727273,9.217391304347826,9,9,3.522727272727273,9.217391304347826,9,4,0,539,3,1.25,505,203,203,505,40.198019801980195,100.0,40.198019801980195,40.198019801980195,53.71499058708812,33.90004204463613,2485.922185099852,1461.7118327274352,2853902.777545222,45.18082593078952,0.5879958115699115,0.8088639722328106,0.7048716288030051,0.7093348905197027,-0.7093348905197027,0.7048716288030051,53.71499058708812,33.90004204463613,53.71499058708812,33.90004204463613,53.71499058708812,33.90004204463613,2853902.777545222,2485.922185099852,1461.7118327274352,0.5879958115699115,0.5879958115699115,0.5879958115699115,45.18082593078952,988769.4576594597,341856.23710966355,0.7430860996796106,53.836633663366335,34.298019801980196,53.836633663366335,34.298019801980196,53.71499058708812,33.90004204463613,20335.610809326172,23.214170455932617,50.63572692871094,40.26853625609143,5.721575384978328,45.55008047646325,194.3004909163052,198,198,505,39.20792079207921,100.0,39.20792079207921,39.20792079207921
21,21,2011-08-05,4,Type 4,Type 4,Mixed,Mixed Multi-Day,11,11,3.0,6.214285714285714,6,3.522727272727273,9.217391304347826,9,9,3.522727272727273,9.217391304347826,9,4,5,466,0,1.25,12,5,5,12,41.666666666666664,100.0,41.666666666666664,41.666666666666664,24.671954189854137,18.91756284007985,371.57282645742674,221.55873879282197,64658.066221714354,33.250030290809406,0.5962727169937634,0.8027819423535106,0.836285865979072,0.5482936716428831,-0.5482936716428831,0.836285865979072,24.671954189854137,18.91756284007985,24.671954189854137,18.91756284007985,24.671954189854137,18.91756284007985,64658.066221714354,371.57282645742674,221.55873879282197,0.5962727169937634,0.5962727169937634,0.5962727169937634,33.250030290809406,22090.61845784976,7854.1239576745475,0.7377127560929454,24.666666666666668,18.916666666666668,24.666666666666668,18.916666666666668,24.671954189854137,18.91756284007985,473.7407569885254,37.607757568359375,41.079559326171875,39.47839641571045,0.9239320671067313,0.5657732442523385,79.90113817189317,5,5,12,41.666666666666664,100.0,41.666666666666664,41.666666666666664
21,21,2011-08-05,4,Type 4,Type 4,Mixed,Mixed Multi-Day,11,11,3.0,6.214285714285714,6,3.522727272727273,9.217391304347826,9,9,3.522727272727273,9.217391304347826,9,4,5,466,1,1.25,9,5,5,9,55.55555555555556,100.0,55.55555555555556,55.55555555555556,26.065605641076502,35.02285718575145,559.4433627144676,187.5566447175838,82409.7244341189,97.85522620059993,0.3352558225153351,0.9421271323285229,-0.13667047031354357,0.9906165668634231,-0.9906165668634231,-0.13667047031354357,26.065605641076502,35.02285718575145,26.065605641076502,35.02285718575145,26.065605641076502,35.02285718575145,82409.7244341189,559.4433627144676,187.5566447175838,0.3352558225153351,0.3352558225153351,0.3352558225153351,97.85522620059993,50076.30017364342,5628.399196434873,0.89896006512768,26.055555555555557,35.05555555555556,26.055555555555557,35.05555555555556,26.065605641076502,35.02285718575145,242.02340126037598,26.099613189697266,27.588581085205078,26.891489028930664,0.5698658968923322,3.741710296773954,165.81058909333998,4,4,9,44.44444444444444,100.0,44.44444444444444,44.44444444444444
21,21,2011-08-05,4,Type 4,Type 4,Mixed,Mixed Multi-Day,11,11,3.0,6.214285714285714,6,3.522727272727273,9.217391304347826,9,9,3.522727272727273,9.217391304347826,9,4,5,466,2,1.25,10,5,5,10,50.0,100.0,50.0,50.0,35.06256472314047,21.82149230456799,467.42731056230014,210.162053771989,77153.96838174984,121.5866061176851,0.44961440853588713,0.8932227514102652,-0.5237867857097903,0.8518494016642885,-0.8518494016642885,-0.5237867857097903,35.06256472314047,21.82149230456799,35.06256472314047,21.82149230456799,35.06256472314047,21.82149230456799,77153.96838174984,467.42731056230014,210.162053771989,0.44961440853588713,0.44961440853588713,0.44961440853588713,121.5866061176851,34958.1265055208,7066.894215305664,0.8318407916500205,35.1,21.8,35.1,21.8,35.06256472314047,21.82149230456799,420.6896514892578,37.48381423950195,43.53643035888672,42.068965148925784,1.680839042980713,4.543805201715084,301.59073094092577,5,5,10,50.0,100.0,50.0,50.0
21,21,2011-08-05,4,Type 4,Type 4,Mixed,Mixed Multi-Day,11,11,3.0,6.214285714285714,6,3.522727272727273,9.217391304347826,9,9,3.522727272727273,9.217391304347826,9,4,5,466,3,1.25,435,170,170,435,39.08045977011494,100.0,39.08045977011494,39.08045977011494,54.66804332918772,32.74639538959545,2650.023305254818,1278.818499871472,2661634.9153334745,44.78893080400468,0.482568774899323,0.8758580806798363,0.7097068543358401,0.7044971120655688,-0.7044971120655688,0.7097068543358401,54.66804332918772,32.74639538959545,54.66804332918772,32.74639538959545,54.66804332918772,32.74639538959545,2661634.9153334745,2650.023305254818,1278.818499871472,0.482568774899323,0.482568774899323,0.482568774899323,44.78893080400468,1123619.762942987,261660.28089816353,0.8111138018182784,54.92988505747127,33.05402298850575,54.92988505747127,33.05402298850575,54.66804332918772,32.74639538959545,17800.534120559692,22.603017807006836,49.94757080078125,40.920768093240675,5.040481070645422,42.000869401704364,215.75136929032394,169,169,435,38.85057471264368,100.0,38.85057471264368,38.85057471264368
22,22,2012-07-13,4,Type 4,Type 4,Mixed,Mixed Multi-Day,17,1,3.0535714285714284,8.964285714285714,9,3.565217391304348,9.333333333333334,9,9,3.565217391304348,9.333333333333334,9,2,14,434,0,1.25,407,183,183,407,44.96314496314496,100.0,44.96314496314496,44.96314496314496,40.90887439782426,34.0962963245247,3236.576041069257,1081.624321211288,2749489.9745659563,164.89589528742403,0.3341878292017373,0.9425064958998588,-0.9654539656634518,0.2605736751567866,-0.2605736751567866,-0.9654539656634518,40.90887439782426,34.0962963245247,40.90887439782426,34.0962963245247,40.90887439782426,34.0962963245247,2749489.9745659563,3236.576041069257,1081.624321211288,0.3341878292017373,0.3341878292017373,0.3341878292017373,164.89589528742403,1676067.9151397673,187185.7875577247,0.8995382178568975,39.05036855036855,34.706388206388205,39.05036855036855,34.706388206388205,40.90887439782426,34.0962963245247,14765.450588226318,25.535629272460938,49.21858215332031,36.27874837402044,6.938270172832961,183.79538939709582,111.0785634644455,178,178,407,43.73464373464373,100.0,43.73464373464373,43.73464373464373
22,22,2012-07-13,4,Type 4,Type 4,Mixed,Mixed Multi-Day,17,1,3.0535714285714284,8.964285714285714,9,3.565217391304348,9.333333333333334,9,9,3.565217391304348,9.333333333333334,9,2,14,434,1,1.25,27,12,12,27,44.44444444444444,100.0,44.44444444444444,44.44444444444444,47.09103641444084,17.951158715964322,600.434291985443,445.7033235860387,210184.7689537531,106.91882240710012,0.7423015799318211,0.6700659403601427,-0.2910165035851743,0.95671803298624,-0.95671803298624,-0.2910165035851743,47.09103641444084,17.951158715964322,47.09103641444084,17.951158715964322,47.09103641444084,17.951158715964322,210184.7689537531,600.434291985443,445.7033235860387,0.7423015799318211,0.7423015799318211,0.7423015799318211,106.91882240710012,57683.41423872963,31784.232424902584,0.6447404887668451,47.05555555555556,17.833333333333332,47.05555555555556,17.833333333333332,47.09103641444084,17.951158715964322,1111.4629249572754,33.802581787109375,45.319061279296875,41.165293516936124,3.19109701095124,13.572011792355521,16.07766993624863,12,12,27,44.44444444444444,100.0,44.44444444444444,44.44444444444444
22,22,2012-07-14,4,Type 4,Type 4,Mixed,Mixed Multi-Day,17,2,3.2291666666666665,9.291666666666666,9,3.565217391304348,9.333333333333334,9,9,3.565217391304348,9.333333333333334,9,2,7,580,0,1.25,564,248,248,564,43.97163120567376,100.0,43.97163120567376,43.97163120567376,40.76443960807252,30.41569853614528,3055.203867184492,1562.147740669916,3748453.9638619022,147.35895430353676,0.5113072019346144,0.8593980132917434,-0.8420662148779761,0.5393741648995418,-0.5393741648995418,-0.8420662148779761,40.76443960807252,30.41569853614528,40.76443960807252,30.41569853614528,40.76443960807252,30.41569853614528,3748453.9638619022,3055.203867184492,1562.147740669916,0.5113072019346144,0.5113072019346144,0.5113072019346144,147.35895430353676,1493483.3072094521,390448.8901888197,0.7927479074204298,39.287234042553195,31.19503546099291,39.287234042553195,31.19503546099291,40.76443960807252,30.41569853614528,21200.748611450195,25.777864456176758,49.55263137817383,37.589979807535805,6.867213804754539,165.67588076820897,121.05329208513189,245,245,564,43.43971631205674,100.0,43.43971631205674,43.43971631205674
22,22,2012-07-14,4,Type 4,Type 4,Mixed,Mixed Multi-Day,17,2,3.2291666666666665,9.291666666666666,9,3.565217391304348,9.333333333333334,9,9,3.565217391304348,9.333333333333334,9,2,7,580,1,1.25,16,7,7,16,43.75,100.0,43.75,43.75,58.651444358752585,44.674690175142835,444.67139448652944,230.5148322026007,80505.94431284316,0.9031823676979229,0.5183936611636119,0.8551421005104277,0.9998757585110553,0.015762853229724736,-0.015762853229724736,0.9998757585110553,58.651444358752585,44.674690175142835,58.651444358752585,44.674690175142835,58.651444358752585,44.674690175142835,80505.94431284316,444.67139448652944,230.5148322026007,0.5183936611636119,0.5183936611636119,0.5183936611636119,0.9031823676979229,31637.223851935145,8501.934058462904,0.7881885295789806,58.625,44.6875,58.625,44.6875,58.651444358752585,44.674690175142835,608.663501739502,34.700843811035156,39.45953369140625,38.04146885871887,1.5786866714422394,2.5341722090627874,124.16563009998391,7,7,16,43.75,100.0,43.75,43.75
22,22,2012-07-15,4,Type 4,Type 4,Mixed,Mixed Multi-Day,17,3,2.8,8.8,9,3.565217391304348,9.333333333333334,9,9,3.565217391304348,9.333333333333334,9,3,7,590,0,1.25,546,236,236,546,43.223443223443226,100.0,43.223443223443226,43.223443223443226,38.065745613035965,29.829863142485465,2885.5391366818953,1356.0582131904755,3073230.8480050736,135.28314176121594,0.46994968668136583,0.882693203773591,-0.7105924820377587,0.7036038121495772,-0.7036038121495772,-0.7105924820377587,38.065745613035965,29.829863142485465,38.065745613035965,29.829863142485465,38.065745613035965,29.829863142485465,3073230.8480050736,2885.5391366818953,1356.0582131904755,0.46994968668136583,0.46994968668136583,0.46994968668136583,135.28314176121594,1332213.7774916633,294223.02040981525,0.8190996288392893,36.92673992673993,30.663003663003664,36.92673992673993,30.663003663003664,38.065745613035965,29.829863142485465,20586.628204345703,25.644718170166016,49.1834716796875,37.70444726070642,6.747981178156887,143.34404412686547,129.8258737323205,239,239,546,43.772893772893774,100.0,43.772893772893774,43.772893772893774
22,22,2012-07-15,4,Type 4,Type 4,Mixed,Mixed Multi-Day,17,3,2.8,8.8,9,3.565217391304348,9.333333333333334,9,9,3.565217391304348,9.333333333333334,9,3,7,590,1,1.25,35,16,16,35,45.714285714285715,100.0,45.714285714285715,45.714285714285715,60.024828561666546,44.08292652208375,610.6024931526979,298.740930313538,143266.01589659616,15.215921561719455,0.48925599496173305,0.8721402246164344,0.9649435991220222,0.2624573308433927,-0.2624573308433927,0.9649435991220222,60.024828561666546,44.08292652208375,60.024828561666546,44.08292652208375,60.024828561666546,44.08292652208375,143266.01589659616,610.6024931526979,298.740930313538,0.48925599496173305,0.48925599496173305,0.48925599496173305,15.215921561719455,59653.66474308648,14279.382951135703,0.8068606205685793,60.01428571428571,44.1,60.01428571428571,44.1,60.024828561666546,44.08292652208375,1368.6739044189453,34.79020690917969,40.8515625,39.10496869768415,1.5003778246430315,2.07649813647884,156.0049799901097,16,16,35,45.714285714285715,100.0,45.714285714285715,45.714285714285715
22,22,2012-07-15,4,Type 4,Type 4,Mixed,Mixed Multi-Day,17,3,2.8,8.8,9,3.565217391304348,9.333333333333334,9,9,3.565217391304348,9.333333333333334,9,3,7,590,2,1.25,9,4,4,9,44.44444444444444,100.0,44.44444444444444,44.44444444444444,64.3628236876992,28.705802355966718,351.42795143089893,159.78089424476002,44101.263249652504,32.016322213557686,0.4546618833083277,0.8906641184343987,0.8478971002717699,0.5301608315886078,-0.5301608315886078,0.8478971002717699,64.3628236876992,28.705802355966718,64.3628236876992,28.705802355966718,64.3628236876992,28.705802355966718,44101.263249652504,351.42795143089893,159.78089424476002,0.4546618833083277,0.4546618833083277,0.4546618833083277,32.016322213557686,19760.25680750692,4084.7894665048293,0.8286944206538713,64.38888888888889,28.72222222222222,64.38888888888889,28.72222222222222,64.3628236876992,28.705802355966718,384.61597061157227,36.5355224609375,46.776222229003906,42.735107845730255,2.8856527364507714,3.1301100460910045,234.45752316996837,4,4,9,44.44444444444444,100.0,44.44444444444444,44.44444444444444
22,22,2012-07-16,4,Type 4,Type 4,Mixed,Mixed Multi-Day,17,4,2.9833333333333334,9.333333333333334,9,3.565217391304348,9.333333333333334,9,9,3.565217391304348,9.333333333333334,9,2,14,557,0,1.25,511,215,215,511,42.07436399217221,100.0,42.07436399217221,42.07436399217221,37.74342290389664,29.499051994359835,2815.8211800056124,1270.8446683124002,2810524.813125872,131.95798599384577,0.4513229310640625,0.8923606960729185,-0.6685854912373861,0.7436352875616266,-0.7436352875616266,-0.6685854912373861,37.74342290389664,29.499051994359835,37.74342290389664,29.499051994359835,37.74342290389664,29.499051994359835,2810524.813125872,2815.8211800056124,1270.8446683124002,0.4513229310640625,0.4513229310640625,0.4513229310640625,131.95798599384577,1268615.826842912,258407.38735648873,0.8307770406149533,36.537181996086105,30.421722113502934,36.537181996086105,30.421722113502934,37.74342290389664,29.499051994359835,19166.31530380249,25.69438934326172,48.482696533203125,37.50746634795008,6.950299009969782,154.97354352058565,130.9951271141639,214,214,511,41.87866927592955,100.0,41.87866927592955,41.87866927592955
22,22,2012-07-16,4,Type 4,Type 4,Mixed,Mixed Multi-Day,17,4,2.9833333333333334,9.333333333333334,9,3.565217391304348,9.333333333333334,9,9,3.565217391304348,9.333333333333334,9,2,14,557,1,1.25,46,18,18,46,39.130434782608695,100.0,39.130434782608695,39.130434782608695,60.37681246535997,43.72037582643608,609.1685910996662,350.0195549205172,167463.31828125415,16.79669010710046,0.5745856894700772,0.8184444302799037,0.9573361928764127,0.288976493523082,-0.288976493523082,0.9573361928764127,60.37681246535997,43.72037582643608,60.37681246535997,43.72037582643608,60.37681246535997,43.72037582643608,167463.31828125415,609.1685910996662,350.0195549205172,0.5745856894700772,0.5745856894700772,0.5745856894700772,16.79669010710046,59373.81958117637,19602.190212281115,0.7517956368833286,60.34782608695652,43.73913043478261,60.34782608695652,43.73913043478261,60.37681246535997,43.72037582643608,1812.5096473693848,35.29426574707031,41.76666259765625,39.40238363846488,1.5441667944188229,3.1298953195212063,131.73084654962545,18,18,46,39.130434782608695,100.0,39.130434782608695,39.130434782608695
22,22,2012-07-17,4,Type 4,Type 4,Mixed,Mixed Multi-Day,17,5,3.078125,8.71875,9,3.565217391304348,9.333333333333334,9,9,3.565217391304348,9.333333333333334,9,2,12,474,0,1.25,406,171,171,406,42.118226600985224,100.0,42.118226600985224,42.118226600985224,38.756437136072584,28.242390568167682,2497.749206450718,1212.7352181069302,2379056.196602412,137.62667691453666,0.4855312194574641,0.8742193288484005,-0.7387692157590263,0.6739584897060005,-0.6739584897060005,-0.7387692157590263,38.756437136072584,28.242390568167682,38.756437136072584,28.242390568167682,38.756437136072584,28.242390568167682,2379056.196602412,2497.749206450718,1212.7352181069302,0.4855312194574641,0.4855312194574641,0.4855312194574641,137.62667691453666,998200.1757320308,235316.2734778982,0.8092313453715035,37.60591133004926,28.854679802955665,37.60591133004926,28.854679802955665,38.756437136072584,28.242390568167682,15612.71947479248,27.00155258178711,48.61369323730469,38.454974075843545,6.656750179166316,131.45700833930417,120.80192963733677,174,174,406,42.857142857142854,100.0,42.857142857142854,42.857142857142854
22,22,2012-07-17,4,Type 4,Type 4,Mixed,Mixed Multi-Day,17,5,3.078125,8.71875,9,3.565217391304348,9.333333333333334,9,9,3.565217391304348,9.333333333333334,9,2,12,474,1,1.25,68,27,27,68,39.705882352941174,100.0,39.705882352941174,39.705882352941174,61.372794385242166,42.97681508882928,651.542274266609,493.9409085898996,252759.49389627113,8.007477644035646,0.7581102993599163,0.6521263481906081,0.9902498968951041,0.13930233917359625,-0.13930233917359625,0.9902498968951041,61.372794385242166,42.97681508882928,61.372794385242166,42.97681508882928,61.372794385242166,42.97681508882928,252759.49389627113,651.542274266609,493.9409085898996,0.7581102993599163,0.7581102993599163,0.7581102993599163,8.007477644035646,67921.17362504083,39036.41938857849,0.6350290027225292,61.338235294117645,43.01470588235294,61.338235294117645,43.01470588235294,61.372794385242166,42.97681508882928,2718.478530883789,34.55357360839844,42.017295837402344,39.97762545417337,1.619742800759899,5.065675264658156,146.18600366270277,27,27,68,39.705882352941174,100.0,39.705882352941174,39.705882352941174
22,22,2012-07-18,4,Type 4,Type 4,Mixed,Mixed Multi-Day,17,6,2.975,8.4,8,3.565217391304348,9.333333333333334,9,9,3.565217391304348,9.333333333333334,9,2,10,441,0,1.25,370,160,160,370,43.24324324324324,100.0,43.24324324324324,43.24324324324324,39.97324802252758,28.91156505266173,2251.800934199227,1091.0619660096984,1929608.8976257145,137.067191563532,0.48452860527731145,0.8747754172746416,-0.732152987569659,0.6811402225627429,-0.6811402225627429,-0.732152987569659,39.97324802252758,28.91156505266173,39.97324802252758,28.91156505266173,39.97324802252758,28.91156505266173,1929608.8976257145,2251.800934199227,1091.0619660096984,0.48452860527731145,0.48452860527731145,0.48452860527731145,137.067191563532,811297.1915616819,190466.59418767173,0.8098687565899617,38.92972972972973,29.386486486486486,38.92972972972973,29.386486486486486,39.97324802252758,28.91156505266173,14487.651126861572,26.090579986572266,48.74105453491211,39.15581385638263,6.526893406574595,114.36651414621936,117.14944871290102,164,164,370,44.32432432432432,100.0,44.32432432432432,44.32432432432432
22,22,2012-07-18,4,Type 4,Type 4,Mixed,Mixed Multi-Day,17,6,2.975,8.4,8,3.565217391304348,9.333333333333334,9,9,3.565217391304348,9.333333333333334,9,2,10,441,1,1.25,71,28,28,71,39.436619718309856,100.0,39.436619718309856,39.436619718309856,61.511320676316544,42.899212579775416,659.5608839697512,515.030149825037,266794.84021235927,7.256358319958338,0.7808682448315982,0.6246957533180606,0.9919909388151877,0.12630905473703136,-0.12630905473703136,0.9919909388151877,61.511320676316544,42.899212579775416,61.511320676316544,42.899212579775416,61.511320676316544,42.899212579775416,266794.84021235927,659.5608839697512,515.030149825037,0.7808682448315982,0.7808682448315982,0.7808682448315982,7.256358319958338,69603.28954607353,42440.96883660801,0.6212124614930913,61.485915492957744,42.936619718309856,61.485915492957744,42.936619718309856,61.511320676316544,42.899212579775416,2867.8006286621094,35.03662872314453,42.45667266845703,40.39155815017055,1.4668179965806685,4.644547518004125,153.46471906338178,27,27,71,38.028169014084504,100.0,38.028169014084504,38.028169014084504
22,22,2012-07-19,4,Type 4,Type 4,Mixed,Mixed Multi-Day,17,7,3.2586206896551726,8.03448275862069,8,3.565217391304348,9.333333333333334,9,9,3.565217391304348,9.333333333333334,9,2,11,458,0,1.25,381,180,180,381,47.24409448818898,100.0,47.24409448818898,47.24409448818898,41.07672340295431,29.051162275295844,2195.42483775482,1170.1415686386033,2017654.7878215064,140.460746336832,0.5329909494124444,0.846120941617935,-0.7711886215406167,0.6366067153323811,-0.6366067153323811,-0.7711886215406167,41.07672340295431,29.051162275295844,41.07672340295431,29.051162275295844,41.07672340295431,29.051162275295844,2017654.7878215064,2195.42483775482,1170.1415686386033,0.5329909494124444,0.5329909494124444,0.5329909494124444,140.460746336832,771182.4349169247,219077.00650496178,0.7787680709305885,40.158792650918635,29.507874015748033,40.158792650918635,29.507874015748033,41.07672340295431,29.051162275295844,15208.396741867065,25.741344451904297,49.98297119140625,39.917051815924054,6.6538153382273855,102.56315447409227,119.3502536289926,175,175,381,45.93175853018373,100.0,45.93175853018373,45.93175853018373
22,22,2012-07-19,4,Type 4,Type 4,Mixed,Mixed Multi-Day,17,7,3.2586206896551726,8.03448275862069,8,3.565217391304348,9.333333333333334,9,9,3.565217391304348,9.333333333333334,9,2,11,458,1,1.25,77,32,32,77,41.55844155844156,100.0,41.55844155844156,41.55844155844156,62.052198801254654,43.010683546380235,758.5978063457776,499.867903638547,297821.95874362247,12.208026428790419,0.6589366584731481,0.7521984313465708,0.9773862807099466,0.21146171823755097,-0.21146171823755097,0.9773862807099466,62.052198801254654,43.010683546380235,62.052198801254654,43.010683546380235,62.052198801254654,43.010683546380235,297821.95874362247,758.5978063457776,499.867903638547,0.6589366584731481,0.6589366584731481,0.6589366584731481,12.208026428790419,92075.30108682014,39978.86737407931,0.6972540296149997,62.05844155844156,43.05844155844156,62.05844155844156,43.05844155844156,62.052198801254654,43.010683546380235,3094.195941925049,34.90265655517578,42.81713104248047,40.18436288214349,1.6319138940775784,5.329936886826368,185.47948672554543,32,32,77,41.55844155844156,100.0,41.55844155844156,41.55844155844156
22,22,2012-07-20,4,Type 4,Type 4,Mixed,Mixed Multi-Day,17,8,3.303030303030303,7.96969696969697,8,3.565217391304348,9.333333333333334,9,9,3.565217391304348,9.333333333333334,9,2,6,459,0,1.25,421,203,203,421,48.21852731591449,100.0,48.21852731591449,48.21852731591449,40.82074336691557,30.147288639682376,2623.927760588319,1133.6376601185968,2336232.281767759,134.89236179968566,0.43203844143347164,0.9018551907727408,-0.7057771343871749,0.7084339324003528,-0.7084339324003528,-0.7057771343871749,40.82074336691557,30.147288639682376,40.82074336691557,30.147288639682376,40.82074336691557,30.147288639682376,2336232.281767759,2623.927760588319,1133.6376601185968,0.43203844143347164,0.43203844143347164,0.43203844143347164,134.89236179968566,1101599.5028457646,205621.49511026675,0.8427033413387819,39.76128266033254,30.870546318289787,39.76128266033254,30.870546318289787,40.82074336691557,30.147288639682376,16564.064334869385,25.747194290161133,51.46471405029297,39.34457086667312,6.861922368108527,129.50328468521096,127.98321893063851,199,199,421,47.26840855106888,100.0,47.26840855106888,47.26840855106888
22,22,2012-07-20,4,Type 4,Type 4,Mixed,Mixed Multi-Day,17,8,3.303030303030303,7.96969696969697,8,3.565217391304348,9.333333333333334,9,9,3.565217391304348,9.333333333333334,9,2,6,459,1,1.25,38,18,18,38,47.36842105263158,100.0,47.36842105263158,47.36842105263158,64.99525480332406,42.93625706269022,637.6930896219703,305.9371109165595,153226.45475245613,47.40904430276594,0.47975603922244403,0.8774019277557993,0.676759766218332,0.7362039247573383,-0.7362039247573383,0.676759766218332,64.99525480332406,42.93625706269022,64.99525480332406,42.93625706269022,64.99525480332406,42.93625706269022,153226.45475245613,637.6930896219703,305.9371109165595,0.47975603922244403,0.47975603922244403,0.47975603922244403,47.40904430276594,65064.39624825829,14975.602533755393,0.8128985162213589,65.02631578947368,42.973684210526315,65.02631578947368,42.973684210526315,64.99525480332406,42.93625706269022,1535.2993545532227,36.1029052734375,42.33525085449219,40.40261459350586,1.2596796504727557,4.869484794121589,211.37672094056717,17,17,38,44.73684210526316,100.0,44.73684210526316,44.73684210526316
22,22,2012-07-21,4,Type 4,Type 4,Mixed,Mixed Multi-Day,17,9,3.28,6.84,7,3.565217391304348,9.333333333333334,9,9,3.565217391304348,9.333333333333334,9,2,6,431,0,1.25,421,198,198,421,47.03087885985748,100.0,47.03087885985748,47.03087885985748,41.21974718548983,30.683912391612544,2801.641383648872,1198.065223377934,2636227.5064464174,131.6549324889207,0.42762975674551457,0.9039539762320712,-0.6646428609112306,0.7471612057914507,-0.7471612057914507,-0.6646428609112306,41.21974718548983,30.683912391612544,41.21974718548983,30.683912391612544,41.21974718548983,30.683912391612544,2636227.5064464174,2801.641383648872,1198.065223377934,0.42762975674551457,0.42762975674551457,0.42762975674551457,131.6549324889207,1255871.1108118345,229657.64471481903,0.8454034337198675,40.09144893111639,31.659144893111637,40.09144893111639,31.659144893111637,41.21974718548983,30.683912391612544,16376.008409500122,25.681238174438477,50.0322265625,38.89788220783877,7.12890113779936,152.51436063058784,134.85612327118054,201,201,421,47.74346793349169,100.0,47.74346793349169,47.74346793349169
22,22,2012-07-21,4,Type 4,Type 4,Mixed,Mixed Multi-Day,17,9,3.28,6.84,7,3.565217391304348,9.333333333333334,9,9,3.565217391304348,9.333333333333334,9,2,6,431,1,1.25,10,4,4,10,40.0,100.0,40.0,40.0,68.07380208048609,44.08068890432419,404.6132582728462,174.83303021415534,55558.87916077758,64.61799212654635,0.43209911351016267,0.9018261229880911,0.42865144524149135,0.9034699433253885,-0.9034699433253885,0.42865144524149135,68.07380208048609,44.08068890432419,68.07380208048609,44.08068890432419,68.07380208048609,44.08068890432419,55558.87916077758,404.6132582728462,174.83303021415534,0.43209911351016267,0.43209911351016267,0.43209911351016267,64.61799212654635,26193.90220322704,4890.654152618201,0.8426661105717037,68.1,44.1,68.1,44.1,68.07380208048609,44.08068890432419,387.07233810424805,36.172725677490234,40.6656608581543,38.7072338104248,1.329753138573518,3.0009932938363355,224.36528821287988,4,4,10,40.0,100.0,40.0,40.0
22,22,2012-07-22,4,Type 4,Type 4,Mixed,Mixed Multi-Day,17,10,3.212121212121212,7.787878787878788,8,3.565217391304348,9.333333333333334,9,9,3.565217391304348,9.333333333333334,9,2,5,447,0,1.25,427,194,194,427,45.433255269320846,100.0,45.433255269320846,45.433255269320846,40.687114224315216,31.600153997346908,2732.40001169481,1202.0905863314997,2579712.785180274,129.84072371798246,0.4399394602497772,0.8980274334980723,-0.6406556052256281,0.7678283633032738,-0.7678283633032738,-0.6406556052256281,40.687114224315216,31.600153997346908,40.687114224315216,31.600153997346908,40.687114224315216,31.600153997346908,2579712.785180274,2732.40001169481,1202.0905863314997,0.4399394602497772,0.4399394602497772,0.4399394602497772,129.84072371798246,1194561.5718255676,231203.4844394894,0.8378390019985821,39.539812646370024,32.649882903981265,39.539812646370024,32.649882903981265,40.687114224315216,31.600153997346908,16196.588159561157,21.40384292602539,50.51010513305664,37.931119811618636,7.262409006892483,158.96599003923006,136.7682209483749,196,196,427,45.90163934426229,100.0,45.90163934426229,45.90163934426229
22,22,2012-07-22,4,Type 4,Type 4,Mixed,Mixed Multi-Day,17,10,3.212121212121212,7.787878787878788,8,3.565217391304348,9.333333333333334,9,9,3.565217391304348,9.333333333333334,9,2,5,447,1,1.25,20,10,10,20,50.0,100.0,50.0,50.0,51.77650069421412,41.96291548472124,542.3489580541094,310.17969665834096,132124.10499485573,85.2675380848587,0.5719190422550692,0.8203100688800816,0.08250315760280745,0.9965908031813089,-0.9965908031813089,0.08250315760280745,51.77650069421412,41.96291548472124,51.77650069421412,41.96291548472124,51.77650069421412,41.96291548472124,132124.10499485573,542.3489580541094,310.17969665834096,0.5719190422550692,0.5719190422550692,0.5719190422550692,85.2675380848587,47062.78276838051,15393.831075049668,0.7535276069618534,51.7,41.9,51.7,41.9,51.77650069421412,41.96291548472124,629.9947128295898,28.201650619506836,37.62602233886719,31.499735641479493,2.87823357902373,9.438877184539754,42.212552844655285,10,10,20,50.0,100.0,50.0,50.0
22,22,2012-07-23,4,Type 4,Type 4,Mixed,Mixed Multi-Day,17,11,3.565217391304348,7.391304347826087,7,3.565217391304348,9.333333333333334,9,9,3.565217391304348,9.333333333333334,9,1,1,451,0,1.25,451,219,219,451,48.55875831485588,100.0,48.55875831485588,48.55875831485588,41.5435233727119,32.98390321925809,2480.0741277054885,1524.1775833048862,2968862.698314472,127.5177009927556,0.6145693655999801,0.7888627858290933,-0.6090064990139162,0.7931652313098532,-0.7931652313098532,-0.6090064990139162,41.5435233727119,32.98390321925809,41.5435233727119,32.98390321925809,41.5435233727119,32.98390321925809,2968862.698314472,2480.0741277054885,1524.1775833048862,0.6145693655999801,0.6145693655999801,0.6145693655999801,127.5177009927556,984122.8286262624,371698.76887185976,0.725849795018939,40.59977827050998,34.01219512195122,40.59977827050998,34.01219512195122,41.5435233727119,32.98390321925809,16961.02173423767,22.664457321166992,50.99679946899414,37.6075869938751,7.415212550156659,143.86786909442392,142.1808993146564,215,215,451,47.671840354767184,100.0,47.671840354767184,47.671840354767184
22,22,2012-07-24,4,Type 4,Type 4,Mixed,Mixed Multi-Day,17,12,3.362068965517241,7.482758620689655,7,3.565217391304348,9.333333333333334,9,9,3.565217391304348,9.333333333333334,9,1,2,472,0,1.25,472,219,219,472,46.398305084745765,100.0,46.398305084745765,46.398305084745765,41.46196124036286,32.62130827976449,2475.730359351214,1541.5695936594182,2997480.450443581,124.83547462066653,0.6226726540863681,0.7824824380476779,-0.5712218719172012,0.8207956950687598,-0.8207956950687598,-0.5712218719172012,41.46196124036286,32.62130827976449,41.46196124036286,32.62130827976449,41.46196124036286,32.62130827976449,2997480.450443581,2475.730359351214,1541.5695936594182,0.6226726540863681,0.6226726540863681,0.6226726540863681,124.83547462066653,980678.5299541263,380229.88993524224,0.720605821539298,40.563559322033896,33.639830508474574,40.563559322033896,33.639830508474574,41.46196124036286,32.62130827976449,17742.67679977417,21.851835250854492,50.566925048828125,37.59041694867409,7.236278065714519,140.66976087908745,143.17239601491806,214,214,472,45.33898305084746,100.0,45.33898305084746,45.33898305084746
22,22,2012-07-25,4,Type 4,Type 4,Mixed,Mixed Multi-Day,17,13,3.2285714285714286,8.057142857142857,8,3.565217391304348,9.333333333333334,9,9,3.565217391304348,9.333333333333334,9,1,6,481,0,1.25,481,224,224,481,46.56964656964657,100.0,46.56964656964657,46.56964656964657,40.612820686963836,31.826278889485916,2563.3650632459144,1389.4111336941232,2797248.9334968226,123.16713433176018,0.542026242619829,0.8403615604675349,-0.54708315360895,0.8370782657776309,-0.8370782657776309,-0.54708315360895,40.612820686963836,31.826278889485916,40.612820686963836,31.826278889485916,40.612820686963836,31.826278889485916,2797248.9334968226,2563.3650632459144,1389.4111336941232,0.542026242619829,0.542026242619829,0.542026242619829,123.16713433176018,1051334.4715951567,308874.1277493102,0.7729215004976681,39.82640332640332,32.816008316008315,39.82640332640332,32.816008316008315,40.612820686963836,31.826278889485916,18286.770793914795,22.200721740722656,49.967193603515625,38.01823449878336,6.853598227203334,132.39729292750258,145.78141516526674,218,218,481,45.32224532224532,100.0,45.32224532224532,45.32224532224532
22,22,2012-07-26,4,Type 4,Type 4,Mixed,Mixed Multi-Day,17,14,2.966666666666667,7.6,8,3.565217391304348,9.333333333333334,9,9,3.565217391304348,9.333333333333334,9,1,0,456,0,1.25,456,211,211,456,46.271929824561404,100.0,46.271929824561404,46.271929824561404,40.08499870445838,31.625247822824697,2615.2769947770003,1242.4723310927604,2552080.099609013,125.58855796813448,0.47508249932000174,0.8799412587439349,-0.581960581410568,0.813216995447263,-0.813216995447263,-0.581960581410568,40.08499870445838,31.625247822824697,40.08499870445838,31.625247822824697,40.08499870445838,31.625247822824697,2552080.099609013,2615.2769947770003,1242.4723310927604,0.47508249932000174,0.47508249932000174,0.47508249932000174,125.58855796813448,1094347.801505571,246997.99896497247,0.8158580741235215,39.276315789473685,32.60087719298246,39.276315789473685,32.60087719298246,40.08499870445838,31.625247822824697,17405.708618164062,22.824522018432617,49.44982147216797,38.170413636324696,6.741499004818861,132.3966100854593,144.5828689666316,209,209,456,45.833333333333336,100.0,45.833333333333336,45.833333333333336
22,22,2012-07-27,4,Type 4,Type 4,Mixed,Mixed Multi-Day,17,15,3.257142857142857,7.914285714285715,8,3.565217391304348,9.333333333333334,9,9,3.565217391304348,9.333333333333334,9,1,4,423,0,1.25,423,199,199,423,47.04491725768322,100.0,47.04491725768322,47.04491725768322,39.42550198305124,31.97765922646335,2625.45994917333,1273.65964837613,2626326.2160815657,125.71793378551882,0.4851186736926469,0.8744483246222655,-0.5837953678380284,0.8119008366117509,-0.8119008366117509,-0.5837953678380284,39.42550198305124,31.97765922646335,39.42550198305124,31.97765922646335,39.42550198305124,31.97765922646335,2626326.2160815657,2625.45994917333,1273.65964837613,0.4851186736926469,0.4851186736926469,0.4851186736926469,125.71793378551882,1102886.3911541163,259553.42398425718,0.8094936590223648,38.52127659574468,32.984633569739955,38.52127659574468,32.984633569739955,39.42550198305124,31.97765922646335,15724.362993240356,21.772600173950195,50.786163330078125,37.17343497219942,6.934490454458284,140.33319336091267,142.48058086336874,190,190,423,44.917257683215134,100.0,44.917257683215134,44.917257683215134
22,22,2012-07-28,4,Type 4,Type 4,Mixed,Mixed Multi-Day,17,16,2.894736842105264,7.105263157894737,7,3.565217391304348,9.333333333333334,9,9,3.565217391304348,9.333333333333334,9,1,6,415,0,1.25,415,183,183,415,44.096385542168676,100.0,44.096385542168676,44.096385542168676,38.77948950977239,32.132811056839685,2658.8999935320808,1273.4815424397498,2659405.356170103,127.51487842212292,0.4789505229747501,0.8778418972356089,-0.6089674244564588,0.7931952319264578,-0.7931952319264578,-0.6089674244564588,38.77948950977239,32.132811056839685,38.77948950977239,32.132811056839685,38.77948950977239,32.132811056839685,2659405.356170103,2658.8999935320808,1273.4815424397498,0.4789505229747501,0.4789505229747501,0.4789505229747501,127.51487842212292,1131159.8680967838,259480.8382295559,0.8134091451162627,37.74578313253012,33.19397590361446,37.74578313253012,33.19397590361446,38.77948950977239,32.132811056839685,15128.088901519775,20.952638626098633,49.997562408447266,36.453226268722354,6.955369219820795,152.48324216573113,140.23172987674147,178,178,415,42.89156626506024,100.0,42.89156626506024,42.89156626506024
22,22,2012-07-29,4,Type 4,Type 4,Mixed,Mixed Multi-Day,17,17,3.055555555555556,9.166666666666666,9,3.565217391304348,9.333333333333334,9,9,3.565217391304348,9.333333333333334,9,3,6,387,0,1.25,217,87,87,217,40.09216589861751,100.0,40.09216589861751,40.09216589861751,30.00426452375095,39.57821515888573,1251.3417858854236,971.0127218951892,954312.7988429937,34.322985293508964,0.7759772212898018,0.6307609309709645,0.8258721588166825,0.563857408651755,-0.563857408651755,0.8258721588166825,30.00426452375095,39.57821515888573,30.00426452375095,39.57821515888573,30.00426452375095,39.57821515888573,954312.7988429937,1251.3417858854236,971.0127218951892,0.7759772212898018,0.7759772212898018,0.7759772212898018,34.322985293508964,250537.00241646744,150858.51297316866,0.6241649266391784,30.043778801843317,39.495391705069125,30.043778801843317,39.495391705069125,30.00426452375095,39.57821515888573,6723.630815505981,25.67724609375,41.96662521362305,30.98447380417503,3.302342729484848,9.802920015222794,339.737609335324,88,88,217,40.55299539170507,100.0,40.55299539170507,40.55299539170507
22,22,2012-07-29,4,Type 4,Type 4,Mixed,Mixed Multi-Day,17,17,3.055555555555556,9.166666666666666,9,3.565217391304348,9.333333333333334,9,9,3.565217391304348,9.333333333333334,9,3,6,387,1,1.25,9,5,5,9,55.55555555555556,100.0,55.55555555555556,55.55555555555556,35.98612874103812,21.588612899992636,476.50828108653866,273.4009936150701,102319.97431556912,115.15912337700385,0.5737591653006713,0.8190240657230268,-0.4251336509976718,0.9051305865947685,-0.9051305865947685,-0.4251336509976718,35.98612874103812,21.588612899992636,35.98612874103812,21.588612899992636,35.98612874103812,21.588612899992636,102319.97431556912,476.50828108653866,273.4009936150701,0.5737591653006713,0.5737591653006713,0.5737591653006713,115.15912337700385,36329.62271104765,11959.696529553214,0.752332467766543,36.05555555555556,21.61111111111111,36.05555555555556,21.61111111111111,35.98612874103812,21.588612899992636,356.58503341674805,33.08580017089844,43.16721725463867,39.62055926852756,3.4177192240004084,7.608468542068201,250.9009435897837,5,5,9,55.55555555555556,100.0,55.55555555555556,55.55555555555556
22,22,2012-07-29,4,Type 4,Type 4,Mixed,Mixed Multi-Day,17,17,3.055555555555556,9.166666666666666,9,3.565217391304348,9.333333333333334,9,9,3.565217391304348,9.333333333333334,9,3,6,387,2,1.25,161,81,81,161,50.31055900621118,100.0,50.31055900621118,50.31055900621118,45.20250270387312,26.412179415291927,1268.9724095903468,1091.2205702834162,1087563.4535488186,121.26265708715232,0.8599245831008154,0.5104211118075827,-0.5189621022394513,0.8547972487316564,-0.8547972487316564,-0.5189621022394513,45.20250270387312,26.412179415291927,45.20250270387312,26.412179415291927,45.20250270387312,26.412179415291927,1087563.4535488186,1268.9724095903468,1091.2205702834162,0.8599245831008154,0.8599245831008154,0.8599245831008154,121.26265708715232,257646.5562082449,190521.97328154626,0.5748876577781079,45.201863354037265,26.23913043478261,45.201863354037265,26.23913043478261,45.20250270387312,26.412179415291927,6941.314800262451,31.680889129638672,49.292327880859375,43.11375652336926,3.751452192269658,19.172722716528845,0.19061643026978786,83,83,161,51.5527950310559,100.0,51.5527950310559,51.5527950310559
23,23,2015-07-16,2,Type 2,Type 2,Spatially clustered,Independent Simultaneous,1,1,2.96875,7.9375,8,2.96875,7.9375,8,8,2.96875,7.9375,8,3,10,378,0,1.25,14,7,7,14,50.0,100.0,50.0,50.0,21.719686681513835,43.30300048207389,515.8582712987617,242.68810371537225,98326.08967028819,80.73554044550136,0.47045500134051027,0.8824239863657948,0.16099164563098023,0.986955769037817,-0.986955769037817,0.16099164563098023,21.719686681513835,43.30300048207389,21.719686681513835,43.30300048207389,21.719686681513835,43.30300048207389,98326.08967028819,515.8582712987617,242.68810371537225,0.47045500134051027,0.47045500134051027,0.47045500134051027,80.73554044550136,42577.5609707755,9423.602509594124,0.818780929523788,21.714285714285715,43.285714285714285,21.714285714285715,43.285714285714285,21.719686681513835,43.30300048207389,447.4341793060303,28.152244567871094,34.81781005859375,31.95958423614502,1.8419667731606193,1.9698489706283209,12.854077830082032,7,7,14,50.0,100.0,50.0,50.0
23,23,2015-07-16,2,Type 2,Type 2,Spatially clustered,Independent Simultaneous,1,1,2.96875,7.9375,8,2.96875,7.9375,8,8,2.96875,7.9375,8,3,10,378,1,1.25,206,107,107,206,51.94174757281554,100.0,51.94174757281554,51.94174757281554,48.09959578481335,24.222290019893748,1790.027047018199,1217.3936252439546,1711514.1648443607,84.13054402670022,0.6800978942032586,0.7331213094026753,0.10226225226889729,0.994757473840178,-0.994757473840178,0.10226225226889729,48.09959578481335,24.222290019893748,48.09959578481335,24.222290019893748,48.09959578481335,24.222290019893748,1711514.1648443607,1790.027047018199,1217.3936252439546,0.6800978942032586,0.6800978942032586,0.6800978942032586,84.13054402670022,512671.49264907103,237127.5582055389,0.6837451875468975,47.98543689320388,24.0,47.98543689320388,24.0,48.09959578481335,24.222290019893748,9018.530380249023,33.457672119140625,50.96934509277344,43.77927369052924,4.079535598522033,27.219110754568156,25.215178732975513,107,107,206,51.94174757281554,100.0,51.94174757281554,51.94174757281554
23,23,2015-07-16,2,Type 2,Type 2,Spatially clustered,Independent Simultaneous,1,1,2.96875,7.9375,8,2.96875,7.9375,8,8,2.96875,7.9375,8,3,10,378,2,1.25,158,68,68,158,43.037974683544306,100.0,43.037974683544306,43.037974683544306,63.240005842005964,38.810094647777916,1326.4161193337181,799.9460537003011,833355.6278651236,90.72887798299185,0.6030883084428497,0.7976744274574322,-0.012720977531820879,0.9999190850917062,-0.9999190850917062,-0.012720977531820879,63.240005842005964,38.810094647777916,63.240005842005964,38.810094647777916,63.240005842005964,38.810094647777916,833355.6278651236,1326.4161193337181,799.9460537003011,0.6030883084428497,0.6030883084428497,0.6030883084428497,90.72887798299185,281500.75546053133,102386.19021290963,0.7332907738415103,63.39873417721519,38.734177215189874,63.39873417721519,38.734177215189874,63.240005842005964,38.810094647777916,6463.358655929565,20.905195236206055,47.024871826171875,40.907333265377,4.486279649025777,16.16482934086438,301.47313292082356,69,69,158,43.67088607594937,100.0,43.67088607594937,43.67088607594937
24,24,2015-07-28,4,Type 4,Type 4,Mixed,Mixed Multi-Day,24,1,3.588235294117647,8.588235294117647,9,3.6538461538461537,10.071428571428571,10,10,3.6538461538461537,10.071428571428571,10,1,7,381,0,1.25,381,174,174,381,45.669291338582674,100.0,45.669291338582674,45.669291338582674,40.199551699776734,32.83717750400089,2929.6934513957103,1881.3675696470882,4328981.354101606,126.41818420169037,0.6421721592580965,0.7665604463274857,-0.5936743092309991,0.8047054209827942,-0.8047054209827942,-0.5936743092309991,40.199551699776734,32.83717750400089,40.199551699776734,32.83717750400089,40.199551699776734,32.83717750400089,4328981.354101606,2929.6934513957103,1881.3675696470882,0.6421721592580965,0.6421721592580965,0.6421721592580965,126.41818420169037,1373296.5950641457,566327.0291391665,0.7080222048894761,39.150918635170605,33.94619422572178,39.150918635170605,33.94619422572178,40.199551699776734,32.83717750400089,13499.858871459961,24.26141357421875,49.457298278808594,35.43270045002615,6.8039469488608955,156.99489333135554,141.28958408223818,162,162,381,42.51968503937008,100.0,42.51968503937008,42.51968503937008
24,24,2015-07-29,4,Type 4,Type 4,Mixed,Mixed Multi-Day,24,2,2.892857142857143,8.428571428571429,8,3.6538461538461537,10.071428571428571,10,10,3.6538461538461537,10.071428571428571,10,1,8,495,0,1.25,495,238,238,495,48.08080808080808,100.0,48.08080808080808,48.08080808080808,40.269525100565595,33.93409340691685,2599.458025794359,1971.9740917088043,4026001.1563002686,127.91563478187955,0.7586097071547042,0.6515453262902389,-0.6145005012452267,0.7889164302822987,-0.7889164302822987,-0.6145005012452267,40.269525100565595,33.93409340691685,40.269525100565595,33.93409340691685,40.269525100565595,33.93409340691685,4026001.1563002686,2599.458025794359,1971.9740917088043,0.7586097071547042,0.7586097071547042,0.7586097071547042,127.91563478187955,1081149.124458673,622189.0909393223,0.6347236941467059,39.362626262626264,34.875757575757575,39.362626262626264,34.875757575757575,40.269525100565595,33.93409340691685,17785.61671447754,23.68642807006836,49.75050354003906,35.93053881712634,6.9586157508611715,133.65649726776283,141.1442713592657,229,229,495,46.26262626262626,100.0,46.26262626262626,46.26262626262626
24,24,2015-07-30,4,Type 4,Type 4,Mixed,Mixed Multi-Day,24,3,3.6538461538461537,9.23076923076923,9,3.6538461538461537,10.071428571428571,10,10,3.6538461538461537,10.071428571428571,10,1,9,534,0,1.25,534,247,247,534,46.254681647940075,100.0,46.254681647940075,46.254681647940075,39.859372991702536,34.944742327992316,2287.109622558756,2071.1950869127045,3720470.5375843355,152.59595216633392,0.905595021105944,0.4241434400625864,-0.8877828707148997,0.4602625060389034,-0.4602625060389034,-0.8877828707148997,39.859372991702536,34.944742327992316,39.859372991702536,34.944742327992316,39.859372991702536,34.944742327992316,3720470.5375843355,2287.109622558756,2071.1950869127045,0.905595021105944,0.905595021105944,0.905595021105944,152.59595216633392,836939.2680961371,686375.8540882121,0.5494196544809539,39.04494382022472,35.72097378277154,39.04494382022472,35.72097378277154,39.859372991702536,34.944742327992316,19164.8035736084,23.652690887451172,50.84403991699219,35.88914526892958,6.734565089522204,113.5746034035109,139.07517093205752,235,235,534,44.00749063670412,100.0,44.00749063670412,44.00749063670412
24,24,2015-07-31,4,Type 4,Type 4,Mixed,Mixed Multi-Day,24,4,2.680555555555556,7.361111111111111,7,3.6538461538461537,10.071428571428571,10,10,3.6538461538461537,10.071428571428571,10,1,5,535,0,1.25,535,244,244,535,45.60747663551402,100.0,45.60747663551402,45.60747663551402,40.43520451991168,34.86465358405104,2276.7928397654136,2011.6951715613113,3597291.0057189167,21.434217874005668,0.883565310126583,0.46830795716164714,0.9308377401080362,0.36543275932866776,-0.36543275932866776,0.9308377401080362,40.43520451991168,34.86465358405104,40.43520451991168,34.86465358405104,40.43520451991168,34.86465358405104,3597291.0057189167,2276.7928397654136,2011.6951715613113,0.883565310126583,0.883565310126583,0.883565310126583,21.434217874005668,829405.701633129,647506.794125295,0.5615808004977388,39.666355140186916,35.54485981308411,39.666355140186916,35.54485981308411,40.43520451991168,34.86465358405104,19020.868478775024,25.193260192871094,49.51716232299805,35.55302519397201,6.44852224122606,102.93892034907884,136.92461340695684,233,233,535,43.55140186915888,100.0,43.55140186915888,43.55140186915888
24,24,2015-08-01,4,Type 4,Type 4,Mixed,Mixed Multi-Day,24,5,2.3,7.8,8,3.6538461538461537,10.071428571428571,10,10,3.6538461538461537,10.071428571428571,10,1,4,556,0,1.25,556,248,248,556,44.60431654676259,100.0,44.60431654676259,44.60431654676259,40.89190466985743,34.04033632863823,2505.1839385967673,1841.57830128542,3623428.443709052,33.136114430720255,0.7351070206513244,0.6779510809705471,0.8373743335785989,0.5466298797758838,-0.5466298797758838,0.8373743335785989,40.89190466985743,34.04033632863823,40.89190466985743,34.04033632863823,40.89190466985743,34.04033632863823,3623428.443709052,2505.1839385967673,1841.57830128542,0.7351070206513244,0.7351070206513244,0.7351070206513244,33.136114430720255,1004151.4505925139,542625.7023624469,0.6491894767608796,40.15107913669065,34.719424460431654,40.15107913669065,34.719424460431654,40.89190466985743,34.04033632863823,20179.978937149048,24.563127517700195,49.92430114746094,36.29492614595153,6.705425104674544,101.57227529702044,137.66169053636492,240,240,556,43.16546762589928,100.0,43.16546762589928,43.16546762589928
24,24,2015-08-02,4,Type 4,Type 4,Mixed,Mixed Multi-Day,24,6,2.9148936170212765,7.638297872340425,8,3.6538461538461537,10.071428571428571,10,10,3.6538461538461537,10.071428571428571,10,1,1,656,0,1.25,656,301,301,656,45.88414634146341,100.0,45.88414634146341,45.88414634146341,41.66358764906046,33.95266859297772,2967.2089740155097,1681.9287730699807,3919634.894898122,32.62352863775382,0.566838664819025,0.823828822065716,0.84223107857308,0.5391166944972362,-0.5391166944972362,0.84223107857308,41.66358764906046,33.95266859297772,41.66358764906046,33.95266859297772,41.66358764906046,33.95266859297772,3919634.894898122,2967.2089740155097,1681.9287730699807,0.566838664819025,0.566838664819025,0.566838664819025,32.62352863775382,1408692.655276508,452621.5036289105,0.7568269163680121,41.03201219512195,34.59451219512195,41.03201219512195,34.59451219512195,41.66358764906046,33.95266859297772,24254.371938705444,21.778709411621094,49.55170440673828,36.973127955343664,6.485871550025842,91.93298286636619,140.57702926284486,297,297,656,45.27439024390244,100.0,45.27439024390244,45.27439024390244
24,24,2015-08-03,4,Type 4,Type 4,Mixed,Mixed Multi-Day,24,7,3.2794117647058822,7.647058823529412,8,3.6538461538461537,10.071428571428571,10,10,3.6538461538461537,10.071428571428571,10,1,2,704,0,1.25,704,325,325,704,46.16477272727273,100.0,46.16477272727273,46.16477272727273,42.17264891674258,33.96289174034437,3117.6902720476915,1681.584061913191,4117574.177722924,31.772829781043356,0.5393685437549031,0.8420698153999555,0.8501424850092002,0.5265527088358599,-0.5265527088358599,0.8501424850092002,42.17264891674258,33.96289174034437,42.17264891674258,33.96289174034437,42.17264891674258,33.96289174034437,4117574.177722924,3117.6902720476915,1681.584061913191,0.5393685437549031,0.5393685437549031,0.5393685437549031,31.772829781043356,1555198.8211873295,452435.9931648746,0.7746422855738032,41.54261363636363,34.54119318181818,41.54261363636363,34.54119318181818,42.17264891674258,33.96289174034437,26312.075107574463,21.793256759643555,49.14149856567383,37.37510668689554,6.3734823275087695,86.50372981662254,137.68791632628978,321,321,704,45.59659090909091,100.0,45.59659090909091,45.59659090909091
24,24,2015-08-04,4,Type 4,Type 4,Mixed,Mixed Multi-Day,24,8,3.2794117647058822,7.647058823529412,8,3.6538461538461537,10.071428571428571,10,10,3.6538461538461537,10.071428571428571,10,1,2,707,0,1.25,707,332,332,707,46.95898161244696,100.0,46.95898161244696,46.95898161244696,41.53716438150847,34.08844864074337,3140.5412645729307,1800.7066015758708,4441578.500308208,29.347525063238606,0.5733746032535387,0.8192933322954893,0.8716630449887381,0.49010563759353054,-0.49010563759353054,0.8716630449887381,41.53716438150847,34.08844864074337,41.53716438150847,34.08844864074337,41.53716438150847,34.08844864074337,4441578.500308208,3140.5412645729307,1800.7066015758708,0.5733746032535387,0.5733746032535387,0.5733746032535387,29.347525063238606,1578079.909517655,518807.0823934275,0.752582240056441,40.86067892503536,34.71074964639321,40.86067892503536,34.71074964639321,41.53716438150847,34.08844864074337,26302.6671333313,22.114601135253906,49.20820236206055,37.203206694952335,6.423476146753154,92.92172349641784,137.7871485230247,330,330,707,46.676096181046674,100.0,46.676096181046674,46.676096181046674
24,24,2015-08-05,4,Type 4,Type 4,Mixed,Mixed Multi-Day,24,9,3.128205128205128,7.666666666666667,8,3.6538461538461537,10.071428571428571,10,10,3.6538461538461537,10.071428571428571,10,1,2,661,0,1.25,661,315,315,661,47.655068078668684,100.0,47.655068078668684,47.655068078668684,39.8482717064335,33.12027579595426,2813.2203522490777,1903.2243529759967,4205170.587756008,28.890280811488623,0.6765287160866837,0.7364162520681515,0.8755464944838773,0.4831338696438015,-0.4831338696438015,0.8755464944838773,39.8482717064335,33.12027579595426,39.8482717064335,33.12027579595426,39.8482717064335,33.12027579595426,4205170.587756008,2813.2203522490777,1903.2243529759967,0.6765287160866837,0.6765287160866837,0.6765287160866837,28.890280811488623,1266273.400049348,579562.0700417442,0.6860163977599029,39.312405446293496,33.89334341906203,39.312405446293496,33.89334341906203,39.8482717064335,33.12027579595426,24347.586797714233,21.30497932434082,49.541046142578125,36.834473218932274,6.522592722680913,99.15109869214831,149.70857508247067,310,310,661,46.89863842662633,100.0,46.89863842662633,46.89863842662633
24,24,2015-08-06,4,Type 4,Type 4,Mixed,Mixed Multi-Day,24,10,3.357142857142857,10.071428571428571,10,3.6538461538461537,10.071428571428571,10,10,3.6538461538461537,10.071428571428571,10,1,16,545,0,1.25,545,259,259,545,47.522935779816514,100.0,47.522935779816514,47.522935779816514,37.68243789510396,32.2771282583215,2434.3077560299776,1963.4390089859344,3753900.692002498,30.95302791162061,0.8065697544290926,0.5911389271907181,0.8575892498812174,0.5143351810718092,-0.5143351810718092,0.8575892498812174,37.68243789510396,32.2771282583215,37.68243789510396,32.2771282583215,37.68243789510396,32.2771282583215,3753900.692002498,2434.3077560299776,1963.4390089859344,0.8065697544290926,0.8065697544290926,0.8065697544290926,30.95302791162061,948136.6801708327,616814.8387212269,0.6058569027378471,37.12385321100918,33.090825688073394,37.12385321100918,33.090825688073394,37.68243789510396,32.2771282583215,19998.90329360962,24.757892608642578,49.48218536376953,36.695235401118566,6.655101358451147,104.34169124165828,149.71189373878164,261,261,545,47.88990825688074,100.0,47.88990825688074,47.88990825688074
24,24,2015-08-07,4,Type 4,Type 4,Mixed,Mixed Multi-Day,24,11,3.0789473684210527,8.263157894736842,8,3.6538461538461537,10.071428571428571,10,10,3.6538461538461537,10.071428571428571,10,1,17,435,0,1.25,435,198,198,435,45.51724137931034,100.0,45.51724137931034,45.51724137931034,36.020066591894064,30.248589964062667,2342.979936454995,1996.2812371076177,3673501.1140716528,146.88134526411747,0.8520266034066243,0.5234984881423929,-0.8375408687616009,0.5463746820214702,-0.5463746820214702,-0.8375408687616009,36.020066591894064,30.248589964062667,36.020066591894064,30.248589964062667,36.020066591894064,30.248589964062667,3673501.1140716528,2342.979936454995,1996.2812371076177,0.8520266034066243,0.8520266034066243,0.8520266034066243,146.88134526411747,878328.7972209044,637622.2044204674,0.579391283933259,35.304597701149426,31.208045977011494,35.304597701149426,31.208045977011494,36.020066591894064,30.248589964062667,16098.272626876831,26.234342575073242,50.25559997558594,37.00752328017662,6.888012044610264,126.52967078384117,147.02701128073383,205,205,435,47.12643678160919,100.0,47.12643678160919,47.12643678160919
24,24,2015-08-08,4,Type 4,Type 4,Mixed,Mixed Multi-Day,24,12,3.625,8.625,9,3.6538461538461537,10.071428571428571,10,10,3.6538461538461537,10.071428571428571,10,2,16,424,0,1.25,354,163,163,354,46.045197740113,100.0,46.045197740113,46.045197740113,36.39030423980138,26.2140387020398,2647.366848215226,1299.3722063364885,2701702.846704314,178.56295121459956,0.49081683077375,0.8712627839114971,-0.9996854823684621,0.025078603265237028,-0.025078603265237028,-0.9996854823684621,36.39030423980138,26.2140387020398,36.39030423980138,26.2140387020398,36.39030423980138,26.2140387020398,2701702.846704314,2647.366848215226,1299.3722063364885,0.49081683077375,0.49081683077375,0.49081683077375,178.56295121459956,1121368.1966446433,270138.9008959607,0.8058659554281734,35.87570621468927,26.63276836158192,35.87570621468927,26.63276836158192,36.39030423980138,26.2140387020398,13941.332328796387,26.819934844970703,49.83989715576172,39.38229471411409,5.785147436690869,69.19169948302799,131.99069038870343,162,162,354,45.76271186440678,100.0,45.76271186440678,45.76271186440678
24,24,2015-08-08,4,Type 4,Type 4,Mixed,Mixed Multi-Day,24,12,3.625,8.625,9,3.6538461538461537,10.071428571428571,10,10,3.6538461538461537,10.071428571428571,10,2,16,424,1,1.25,70,35,35,70,50.0,100.0,50.0,50.0,34.525482827915894,43.218931396065315,941.1672434149589,450.1317360073526,332733.3390668055,169.59231810046285,0.4782696584021362,0.8782130344352127,-0.9835472589698798,0.18065101542154738,-0.18065101542154738,-0.9835472589698798,34.525482827915894,43.218931396065315,34.525482827915894,43.218931396065315,34.525482827915894,43.218931396065315,332733.3390668055,941.1672434149589,450.1317360073526,0.4782696584021362,0.4782696584021362,0.4782696584021362,169.59231810046285,141727.32481236997,32418.97276175887,0.8138405856836601,34.48571428571429,43.18571428571428,34.48571428571429,43.18571428571428,34.525482827915894,43.218931396065315,1969.6358222961426,25.211862564086914,34.072235107421875,28.137654604230608,1.9119182061882758,4.905598489299575,41.19941829936452,35,35,70,50.0,100.0,50.0,50.0
24,24,2015-08-09,4,Type 4,Type 4,Mixed,Mixed Multi-Day,24,13,2.42,8.64,9,3.6538461538461537,10.071428571428571,10,10,3.6538461538461537,10.071428571428571,10,2,15,434,0,1.25,330,148,148,330,44.84848484848485,100.0,44.84848484848485,44.84848484848485,30.920237941047763,29.004592062676057,2458.5124708790013,1190.257322034264,2298281.169381173,72.82614085507039,0.48413719114009895,0.8749921029100636,0.2952721792703358,0.9554131777136773,-0.9554131777136773,0.2952721792703358,30.920237941047763,29.004592062676057,30.920237941047763,29.004592062676057,30.920237941047763,29.004592062676057,2298281.169381173,2458.5124708790013,1190.257322034264,0.48413719114009895,0.48413719114009895,0.48413719114009895,72.82614085507039,967085.3711148115,226673.9988249884,0.8101175123455414,31.254545454545454,30.324242424242424,31.254545454545454,30.324242424242424,30.920237941047763,29.004592062676057,11959.861585617065,24.252540588378906,45.601593017578125,36.2420048049002,6.707624451255101,149.81623503852958,192.5586760192255,159,159,330,48.18181818181818,100.0,48.18181818181818,48.18181818181818
24,24,2015-08-09,4,Type 4,Type 4,Mixed,Mixed Multi-Day,24,13,2.42,8.64,9,3.6538461538461537,10.071428571428571,10,10,3.6538461538461537,10.071428571428571,10,2,15,434,1,1.25,104,50,50,104,48.07692307692308,100.0,48.07692307692308,48.07692307692308,52.46965027979739,25.03805431705037,1185.17334443075,723.4585088484845,673419.0310333066,113.59903682380867,0.6104242153673888,0.792074666488651,-0.40033362789686006,0.9163694595385304,-0.9163694595385304,-0.40033362789686006,52.46965027979739,25.03805431705037,52.46965027979739,25.03805431705037,52.46965027979739,25.03805431705037,673419.0310333066,1185.17334443075,723.4585088484845,0.6104242153673888,0.6104242153673888,0.6104242153673888,113.59903682380867,224741.73701586702,83742.75424404362,0.7285349616701251,52.51923076923077,25.221153846153847,52.51923076923077,25.221153846153847,52.46965027979739,25.03805431705037,4442.215446472168,34.225196838378906,48.653160095214844,42.713610062232384,4.314234917790436,20.889987173247345,193.85835563696864,50,50,104,48.07692307692308,100.0,48.07692307692308,48.07692307692308
24,24,2015-08-10,4,Type 4,Type 4,Mixed,Mixed Multi-Day,24,14,2.6904761904761907,8.857142857142858,9,3.6538461538461537,10.071428571428571,10,10,3.6538461538461537,10.071428571428571,10,4,1,492,0,1.25,244,117,117,244,47.950819672131146,100.0,47.950819672131146,47.950819672131146,29.565563950293875,25.19618301551768,1423.0366068366582,1294.673923183814,1446992.747142971,132.57406455420625,0.9097966397799222,0.4150543027667133,-0.6765426994340668,0.7364034056429031,-0.7364034056429031,-0.6765426994340668,29.565563950293875,25.19618301551768,29.565563950293875,25.19618301551768,29.565563950293875,25.19618301551768,1446992.747142971,1423.0366068366582,1294.673923183814,0.9097966397799222,0.9097966397799222,0.9097966397799222,132.57406455420625,324005.3095035503,268188.8907795469,0.547126786025024,29.59016393442623,25.75,29.59016393442623,25.75,29.565563950293875,25.19618301551768,9457.284000396729,26.517356872558594,45.245330810546875,38.759360657363644,5.826486897132704,61.401688927032154,182.31428042742655,117,117,244,47.950819672131146,100.0,47.950819672131146,47.950819672131146
24,24,2015-08-10,4,Type 4,Type 4,Mixed,Mixed Multi-Day,24,14,2.6904761904761907,8.857142857142858,9,3.6538461538461537,10.071428571428571,10,10,3.6538461538461537,10.071428571428571,10,4,1,492,1,1.25,103,50,50,103,48.54368932038835,100.0,48.54368932038835,48.54368932038835,35.56356537899455,43.147137882148286,1243.0648225175535,489.7546670269172,478147.88722383714,165.89034600764867,0.39398964410804194,0.9191148787478192,-0.9698309538612825,0.24377842589637602,-0.24377842589637602,-0.9698309538612825,35.56356537899455,43.147137882148286,35.56356537899455,43.147137882148286,35.56356537899455,43.147137882148286,478147.88722383714,1243.0648225175535,489.7546670269172,0.39398964410804194,0.39398964410804194,0.39398964410804194,165.89034600764867,247233.62447689543,38377.541419943445,0.8656301083347518,35.5873786407767,43.140776699029125,35.5873786407767,43.140776699029125,35.56356537899455,43.147137882148286,3071.4480686187744,22.32626724243164,38.09041976928711,29.819884161347325,3.4527060980211965,2.0620944938009718,290.05017090120526,50,50,103,48.54368932038835,100.0,48.54368932038835,48.54368932038835
24,24,2015-08-10,4,Type 4,Type 4,Mixed,Mixed Multi-Day,24,14,2.6904761904761907,8.857142857142858,9,3.6538461538461537,10.071428571428571,10,10,3.6538461538461537,10.071428571428571,10,4,1,492,2,1.25,126,67,67,126,53.17460317460318,100.0,53.17460317460318,53.17460317460318,51.483723648790416,23.169285065518373,1724.9352326830535,930.2573605876823,1260276.3583455973,78.6534897201778,0.539299878025398,0.8421137937130533,0.1967421009179555,0.9804552747200603,-0.9804552747200603,0.1967421009179555,51.483723648790416,23.169285065518373,51.483723648790416,23.169285065518373,51.483723648790416,23.169285065518373,1260276.3583455973,1724.9352326830535,930.2573605876823,0.539299878025398,0.539299878025398,0.539299878025398,78.6534897201778,476064.2491122144,138460.60110840978,0.7746867338909074,51.3968253968254,22.99206349206349,51.3968253968254,22.99206349206349,51.483723648790416,23.169285065518373,5206.503637313843,30.925127029418945,49.25183868408203,41.32145743899875,5.146998766219031,21.55163335783375,24.384876086952588,68,68,126,53.96825396825397,100.0,53.96825396825397,53.96825396825397
24,24,2015-08-10,4,Type 4,Type 4,Mixed,Mixed Multi-Day,24,14,2.6904761904761907,8.857142857142858,9,3.6538461538461537,10.071428571428571,10,10,3.6538461538461537,10.071428571428571,10,4,1,492,3,1.25,19,7,7,19,36.8421052631579,100.0,36.8421052631579,36.8421052631579,50.99341018071761,40.787530142735406,503.8967976792265,209.45573012031903,82894.1200417605,100.69569753055528,0.415671881792064,0.9095146434705955,-0.18559282824876075,0.9826267358985435,-0.9826267358985435,-0.18559282824876075,50.99341018071761,40.787530142735406,50.99341018071761,40.787530142735406,50.99341018071761,40.787530142735406,82894.1200417605,503.8967976792265,209.45573012031903,0.415671881792064,0.415671881792064,0.415671881792064,100.69569753055528,40625.9172338207,7019.472460837747,0.8526725774346074,50.973684210526315,40.81578947368421,50.973684210526315,40.81578947368421,50.99341018071761,40.787530142735406,567.1015586853027,28.260217666625977,31.236513137817383,29.847450457121198,0.8969610848727183,3.552357206983435,152.0504862794759,7,7,19,36.8421052631579,100.0,36.8421052631579,36.8421052631579
24,24,2015-08-11,4,Type 4,Type 4,Mixed,Mixed Multi-Day,24,15,3.5,7.125,7,3.6538461538461537,10.071428571428571,10,10,3.6538461538461537,10.071428571428571,10,2,0,511,0,1.25,248,119,119,248,47.983870967741936,100.0,47.983870967741936,47.983870967741936,29.715940460492206,24.653985956103607,1570.0754331887783,1240.7711433871807,1530037.5318196502,123.94088869990195,0.790262121907869,0.6127689439565882,-0.55833729889615,0.8296140431919841,-0.8296140431919841,-0.55833729889615,29.715940460492206,24.653985956103607,29.715940460492206,24.653985956103607,29.715940460492206,24.653985956103607,1530037.5318196502,1570.0754331887783,1240.7711433871807,0.790262121907869,0.790262121907869,0.790262121907869,123.94088869990195,394421.8985444688,246322.0848419731,0.6155686339181546,29.673387096774192,25.274193548387096,29.673387096774192,25.274193548387096,29.715940460492206,24.653985956103607,9610.560441970825,26.312204360961914,46.028873443603516,38.75225984665655,6.07633185774082,68.83610469763164,176.41205362283034,118,118,248,47.58064516129032,100.0,47.58064516129032,47.58064516129032
24,24,2015-08-11,4,Type 4,Type 4,Mixed,Mixed Multi-Day,24,15,3.5,7.125,7,3.6538461538461537,10.071428571428571,10,10,3.6538461538461537,10.071428571428571,10,2,0,511,1,1.25,263,137,137,263,52.09125475285171,100.0,52.09125475285171,52.09125475285171,44.36928882897623,33.20819750392391,3338.1678573271843,1446.4473342305141,3792282.464372586,121.13119892983417,0.43330575215251776,0.9012469834354736,-0.5169995102855525,0.855985692850353,-0.855985692850353,-0.5169995102855525,44.36928882897623,33.20819750392391,44.36928882897623,33.20819750392391,44.36928882897623,33.20819750392391,3792282.464372586,3338.1678573271843,1446.4473342305141,0.43330575215251776,0.43330575215251776,0.43330575215251776,121.13119892983417,1782938.3429907782,334753.58251240966,0.8419252685053005,43.42015209125475,34.57984790874525,43.42015209125475,34.57984790874525,44.36928882897623,33.20819750392391,9024.365297317505,23.200225830078125,47.808319091796875,34.31317603542777,6.4539285106124975,175.65533908683187,149.74715446392767,139,139,263,52.851711026615966,100.0,52.851711026615966,52.851711026615966
24,24,2015-08-12,4,Type 4,Type 4,Mixed,Mixed Multi-Day,24,16,2.7916666666666665,9.833333333333334,10,3.6538461538461537,10.071428571428571,10,10,3.6538461538461537,10.071428571428571,10,3,0,503,0,1.25,454,183,183,454,40.308370044052865,100.0,40.308370044052865,40.308370044052865,33.73198854625139,31.64976388296417,2743.730813557823,1825.7393750212022,3934324.3786961003,62.48926993015216,0.6654221930225539,0.7464672163149932,0.4619147201330471,0.8869243436305088,-0.8869243436305088,0.4619147201330471,33.73198854625139,31.64976388296417,33.73198854625139,31.64976388296417,33.73198854625139,31.64976388296417,3934324.3786961003,2743.730813557823,1825.7393750212022,0.6654221930225539,0.6654221930225539,0.6654221930225539,62.48926993015216,1204489.4043626678,533331.8824804496,0.6931031478793271,34.107929515418505,32.969162995594715,34.107929515418505,32.969162995594715,33.73198854625139,31.64976388296417,15878.726455688477,22.375308990478516,46.031524658203125,34.97516840460017,6.362476368379788,150.5332970576604,193.7036239036389,178,178,454,39.20704845814978,100.0,39.20704845814978,39.20704845814978
24,24,2015-08-12,4,Type 4,Type 4,Mixed,Mixed Multi-Day,24,16,2.7916666666666665,9.833333333333334,10,3.6538461538461537,10.071428571428571,10,10,3.6538461538461537,10.071428571428571,10,3,0,503,1,1.25,36,14,14,36,38.888888888888886,100.0,38.888888888888886,38.888888888888886,48.39708882381973,15.29870620534946,1161.5126825423226,505.0554630356529,460736.80960421026,52.326210754577254,0.4348256120029494,0.9005146790287544,0.6111650199543008,0.7915032017523739,-0.7915032017523739,0.6111650199543008,48.39708882381973,15.29870620534946,48.39708882381973,15.29870620534946,48.39708882381973,15.29870620534946,460736.80960421026,1161.5126825423226,505.0554630356529,0.4348256120029494,0.4348256120029494,0.4348256120029494,52.326210754577254,215857.87387306598,40812.96331874524,0.8409910383069911,48.22222222222222,14.916666666666666,48.22222222222222,14.916666666666666,48.39708882381973,15.29870620534946,1382.731164932251,30.9638614654541,45.97492980957031,38.40919902589586,4.985005622471705,46.2635593754301,23.950768667676662,15,15,36,41.666666666666664,100.0,41.666666666666664,41.666666666666664
24,24,2015-08-12,4,Type 4,Type 4,Mixed,Mixed Multi-Day,24,16,2.7916666666666665,9.833333333333334,10,3.6538461538461537,10.071428571428571,10,10,3.6538461538461537,10.071428571428571,10,3,0,503,2,1.25,13,8,8,13,61.53846153846154,100.0,61.53846153846154,61.53846153846154,52.42574479864887,27.18905774346715,630.7792024652533,251.2712264960308,124482.98869369477,136.55808175963722,0.3983505250553535,0.917233263236852,-0.7260717955698927,0.6876188971210084,-0.6876188971210084,-0.7260717955698927,52.42574479864887,27.18905774346715,52.42574479864887,27.18905774346715,52.42574479864887,27.18905774346715,124482.98869369477,630.7792024652533,251.2712264960308,0.3983505250553535,0.3983505250553535,0.3983505250553535,136.55808175963722,63661.18436203216,10101.956682371138,0.8630487186508226,52.42307692307692,27.192307692307693,52.42307692307692,27.192307692307693,52.42574479864887,27.18905774346715,472.36401748657227,34.84098434448242,41.3323860168457,36.33569365281325,1.6758739692428335,0.44672695509621235,143.71795188673735,8,8,13,61.53846153846154,100.0,61.53846153846154,61.53846153846154
24,24,2015-08-13,4,Type 4,Type 4,Mixed,Mixed Multi-Day,24,17,3.4642857142857144,8.785714285714286,9,3.6538461538461537,10.071428571428571,10,10,3.6538461538461537,10.071428571428571,10,2,7,465,0,1.25,437,171,171,437,39.130434782608695,100.0,39.130434782608695,39.130434782608695,33.733975925404486,32.03332392725973,2753.960188668764,1857.881413927087,4018514.403184895,62.41036280931457,0.6746217398390089,0.7381636052641641,0.4631357442065589,0.8862873588392406,-0.8862873588392406,0.4631357442065589,33.733975925404486,32.03332392725973,33.733975925404486,32.03332392725973,33.733975925404486,32.03332392725973,4018514.403184895,2753.960188668764,1857.881413927087,0.6746217398390089,0.6746217398390089,0.6746217398390089,62.41036280931457,1213487.4753235993,552275.7357145139,0.6872311461343538,34.12929061784897,33.316933638443935,34.12929061784897,33.316933638443935,33.733975925404486,32.03332392725973,14960.734104156494,21.35637664794922,45.74647521972656,34.23508948319564,6.012756819012471,147.09988434858468,194.70655131577703,169,169,437,38.672768878718536,100.0,38.672768878718536,38.672768878718536
24,24,2015-08-13,4,Type 4,Type 4,Mixed,Mixed Multi-Day,24,17,3.4642857142857144,8.785714285714286,9,3.6538461538461537,10.071428571428571,10,10,3.6538461538461537,10.071428571428571,10,2,7,465,1,1.25,28,13,13,28,46.42857142857143,100.0,46.42857142857143,46.42857142857143,45.84626292824584,12.410579628148351,746.5595552388945,431.0427042437721,252740.38251469476,20.572241038281476,0.5773721616969205,0.8164811001471038,0.9362298879727224,0.3513881000639941,-0.3513881000639941,0.9362298879727224,45.84626292824584,12.410579628148351,45.84626292824584,12.410579628148351,45.84626292824584,12.410579628148351,252740.38251469476,746.5595552388945,431.0427042437721,0.5773721616969205,0.5773721616969205,0.5773721616969205,20.572241038281476,89176.18712295935,29727.650061085445,0.7499857803994027,45.964285714285715,12.428571428571429,45.964285714285715,12.428571428571429,45.84626292824584,12.410579628148351,1017.2478904724121,32.342185974121094,42.440574645996094,36.33028180258615,2.762407026389895,12.986207560445358,261.19640365646035,14,14,28,50.0,100.0,50.0,50.0
24,24,2015-08-14,4,Type 4,Type 4,Mixed,Mixed Multi-Day,24,18,3.631578947368421,7.0,7,3.6538461538461537,10.071428571428571,10,10,3.6538461538461537,10.071428571428571,10,1,2,438,0,1.25,438,198,198,438,45.205479452054796,100.0,45.205479452054796,45.205479452054796,35.058920471129014,31.619043079303697,2780.17184325121,2203.329227075685,4811061.597841292,76.47751141043372,0.7925154815247143,0.6098517947367624,0.23382700099194836,0.9722782182107709,-0.9722782182107709,0.23382700099194836,35.058920471129014,31.619043079303697,35.058920471129014,31.619043079303697,35.058920471129014,31.619043079303697,4811061.597841292,2780.17184325121,2203.329227075685,0.7925154815247143,0.7925154815247143,0.7925154815247143,76.47751141043372,1236696.8764810925,776745.5492617498,0.6142201339702196,35.19634703196347,32.62785388127854,35.19634703196347,32.62785388127854,35.058920471129014,31.619043079303697,14975.562047958374,22.79604148864746,44.143226623535156,34.190780931411815,5.332098435935576,112.61515930907731,186.649310937168,190,190,438,43.37899543378995,100.0,43.37899543378995,43.37899543378995
24,24,2015-08-15,4,Type 4,Type 4,Mixed,Mixed Multi-Day,24,19,3.1666666666666665,8.125,8,3.6538461538461537,10.071428571428571,10,10,3.6538461538461537,10.071428571428571,10,2,0,487,0,1.25,441,182,182,441,41.26984126984127,100.0,41.26984126984127,41.26984126984127,34.46469451459285,33.46801641174992,2550.512841988595,1727.8700087128454,3461214.085544065,45.33798255929155,0.6774598348486073,0.7355597679093778,0.7029233445891867,0.7112656125749026,-0.7112656125749026,0.7029233445891867,34.46469451459285,33.46801641174992,34.46469451459285,33.46801641174992,34.46469451459285,33.46801641174992,3461214.085544065,2550.512841988595,1727.8700087128454,0.6774598348486073,0.6774598348486073,0.6774598348486073,45.33798255929155,1040818.5211437985,477685.5627214925,0.6854235903629821,34.538548752834465,34.40249433106576,34.538548752834465,34.40249433106576,34.46469451459285,33.46801641174992,15251.07315826416,22.3067569732666,49.363250732421875,34.582932331664765,5.870831220201836,103.8780853314991,183.7895761812734,179,179,441,40.58956916099773,100.0,40.58956916099773,40.58956916099773
24,24,2015-08-15,4,Type 4,Type 4,Mixed,Mixed Multi-Day,24,19,3.1666666666666665,8.125,8,3.6538461538461537,10.071428571428571,10,10,3.6538461538461537,10.071428571428571,10,2,0,487,1,1.25,46,21,21,46,45.65217391304348,100.0,45.65217391304348,45.65217391304348,43.52332666561178,15.255253380818706,1226.4294160580143,602.7557279671223,580595.661305905,127.76880244339995,0.49147200815233044,0.8708933718904489,-0.6124767233483557,0.7904886231670016,-0.7904886231670016,-0.6124767233483557,43.52332666561178,15.255253380818706,43.52332666561178,15.255253380818706,43.52332666561178,15.255253380818706,580595.661305905,1226.4294160580143,602.7557279671223,0.49147200815233044,0.49147200815233044,0.49147200815233044,127.76880244339995,240660.65801158437,58130.31481554808,0.8054482226637424,43.58695652173913,15.195652173913043,43.58695652173913,15.195652173913043,43.52332666561178,15.255253380818706,1671.108943939209,32.20989227294922,41.40583801269531,36.32845530302628,2.8038777140816054,9.498772357542766,313.97922024618094,19,19,46,41.30434782608695,100.0,41.30434782608695,41.30434782608695
24,24,2015-08-16,4,Type 4,Type 4,Mixed,Mixed Multi-Day,24,20,3.638888888888889,6.888888888888889,7,3.6538461538461537,10.071428571428571,10,10,3.6538461538461537,10.071428571428571,10,1,0,491,0,1.25,491,216,216,491,43.9918533604888,100.0,43.9918533604888,43.9918533604888,36.72751816768586,30.343934634513293,2668.2934217553147,2270.0305896580035,4757241.254887102,78.89751816595246,0.8507424899937289,0.5255827391755461,0.19256447219064637,0.9812843237563401,-0.9812843237563401,0.19256447219064637,36.72751816768586,30.343934634513293,36.72751816768586,30.343934634513293,36.72751816768586,30.343934634513293,4757241.254887102,2668.2934217553147,2270.0305896580035,0.8507424899937289,0.8507424899937289,0.8507424899937289,78.89751816595246,1139166.3655332294,824486.22047729,0.5801262268330427,36.57128309572301,31.24949083503055,36.57128309572301,31.24949083503055,36.72751816768586,30.343934634513293,17442.00853729248,25.186185836791992,48.681541442871094,35.52343897615577,5.884470430438918,101.50273775846367,171.48867288447428,210,210,491,42.76985743380855,100.0,42.76985743380855,42.76985743380855
24,24,2015-08-17,4,Type 4,Type 4,Mixed,Mixed Multi-Day,24,21,3.1944444444444446,7.444444444444445,7,3.6538461538461537,10.071428571428571,10,10,3.6538461538461537,10.071428571428571,10,1,0,480,0,1.25,480,205,205,480,42.708333333333336,100.0,42.708333333333336,42.708333333333336,39.279089778655916,29.36376804034882,2597.906879169639,2120.709990179289,4327078.195923081,54.5236697826744,0.8163148599295156,0.5776071757330022,0.5803665823136753,0.8143553463528952,-0.8143553463528952,0.5803665823136753,39.279089778655916,29.36376804034882,39.279089778655916,29.36376804034882,39.279089778655916,29.36376804034882,4327078.195923081,2597.906879169639,2120.709990179289,0.8163148599295156,0.8163148599295156,0.8163148599295156,54.5236697826744,1079859.2244539096,719585.7379913984,0.6001068368250971,38.88125,30.235416666666666,38.88125,30.235416666666666,39.279089778655916,29.36376804034882,17324.18970298767,21.39854621887207,48.882530212402344,36.09206188122432,6.482527265966444,103.99541846590955,158.19440991424318,207,207,480,43.125,100.0,43.125,43.125
24,24,2015-08-18,4,Type 4,Type 4,Mixed,Mixed Multi-Day,24,22,3.4444444444444446,7.333333333333333,7,3.6538461538461537,10.071428571428571,10,10,3.6538461538461537,10.071428571428571,10,1,1,486,0,1.25,486,238,238,486,48.97119341563786,100.0,48.97119341563786,48.97119341563786,41.19889075416731,30.34811813403,2568.8698962248764,2167.260139514604,4372633.062418139,35.7932111672381,0.8436628661885662,0.536873326041156,0.8111331234589791,0.5848615699699208,-0.5848615699699208,0.8111331234589791,41.19889075416731,30.34811813403,41.19889075416731,30.34811813403,41.19889075416731,30.34811813403,4372633.062418139,2568.8698962248764,2167.260139514604,0.8436628661885662,0.8436628661885662,0.8436628661885662,35.7932111672381,1055854.8069968652,751522.6419726177,0.5841916460775167,40.89506172839506,31.207818930041153,40.89506172839506,31.207818930041153,41.19889075416731,30.34811813403,17257.36184310913,20.906280517578125,49.14459228515625,35.508974985821254,6.601713408818595,99.64983111191447,162.95265290971932,233,233,486,47.94238683127572,100.0,47.94238683127572,47.94238683127572
24,24,2015-08-19,4,Type 4,Type 4,Mixed,Mixed Multi-Day,24,23,3.4444444444444446,7.333333333333333,7,3.6538461538461537,10.071428571428571,10,10,3.6538461538461537,10.071428571428571,10,1,1,491,0,1.25,491,247,247,491,50.30549898167006,100.0,50.30549898167006,50.30549898167006,41.562257073429855,31.051753830327172,2535.905499088917,1949.8360268970057,3883479.6824962683,29.43096858376262,0.7688914384221058,0.639379352122967,0.8709483485526606,0.49137457621797376,-0.49137457621797376,0.8709483485526606,41.562257073429855,31.051753830327172,41.562257073429855,31.051753830327172,41.562257073429855,31.051753830327172,3883479.6824962683,2535.905499088917,1949.8360268970057,0.7688914384221058,0.7688914384221058,0.7688914384221058,29.43096858376262,1028930.6720495056,608297.6850856802,0.6284588631545104,41.21486761710794,31.75254582484725,41.21486761710794,31.75254582484725,41.562257073429855,31.051753830327172,17743.83069229126,21.58724021911621,49.73345947265625,36.13814804947303,6.556531216331313,84.4328962120908,156.87502431125554,238,238,491,48.472505091649694,100.0,48.472505091649694,48.472505091649694
24,24,2015-08-20,4,Type 4,Type 4,Mixed,Mixed Multi-Day,24,24,3.4444444444444446,7.333333333333333,7,3.6538461538461537,10.071428571428571,10,10,3.6538461538461537,10.071428571428571,10,1,4,478,0,1.25,478,241,241,478,50.41841004184101,100.0,50.41841004184101,50.41841004184101,41.50598643192887,30.768018968104016,2537.289611470704,1954.901956709838,3895694.6057117237,29.088766140345257,0.770468592892203,0.6374779583379403,0.8738675609667318,0.4861640524453194,-0.4861640524453194,0.8738675609667318,41.50598643192887,30.768018968104016,41.50598643192887,30.768018968104016,41.50598643192887,30.768018968104016,3895694.6057117237,2537.289611470704,1954.901956709838,0.770468592892203,0.770468592892203,0.770468592892203,29.088766140345257,1030054.171596345,611462.6656556727,0.6275014353923459,41.23849372384937,31.564853556485357,41.23849372384937,31.564853556485357,41.50598643192887,30.768018968104016,17393.06064414978,21.16663932800293,49.59380340576172,36.387156159309164,6.827416904782257,91.95388984726638,163.8293218258644,231,231,478,48.32635983263598,100.0,48.32635983263598,48.32635983263598
25,25,2016-06-07,3,Type 3,Type 3,Temporally clustered,Back-to-Back,2,1,2.625,9.5625,10,3.657894736842105,9.5625,10,10,3.657894736842105,9.5625,10,2,8,409,0,1.25,234,117,117,234,50.0,100.0,50.0,50.0,29.022383415382695,21.650324833660605,1697.1763334995767,1147.9709022515028,1530198.347124586,155.23900999989246,0.676400489208088,0.7365340305777183,-0.9080628532890993,0.4188339223086637,-0.4188339223086637,-0.9080628532890993,29.022383415382695,21.650324833660605,29.022383415382695,21.650324833660605,29.022383415382695,21.650324833660605,1530198.347124586,1697.1763334995767,1147.9709022515028,0.676400489208088,0.676400489208088,0.676400489208088,155.23900999989246,460865.20111857064,210853.9507865807,0.6860980512636122,29.307692307692307,21.50854700854701,29.307692307692307,21.50854700854701,29.022383415382695,21.650324833660605,9810.19882774353,26.069761276245117,46.208656311035156,41.92392661428859,3.3850320656142627,33.45895223658361,298.0335351622203,121,121,234,51.70940170940171,100.0,51.70940170940171,51.70940170940171
25,25,2016-06-07,3,Type 3,Type 3,Temporally clustered,Back-to-Back,2,1,2.625,9.5625,10,3.657894736842105,9.5625,10,10,3.657894736842105,9.5625,10,2,8,409,1,1.25,175,79,79,175,45.142857142857146,100.0,45.142857142857146,45.142857142857146,64.25140357392623,28.3519772835717,2402.4434619893445,867.1560473390211,1636214.7916851614,86.32076733077847,0.36094753573138083,0.932586122805526,0.06417060122439944,0.9979389429912529,-0.9979389429912529,0.06417060122439944,64.25140357392623,28.3519772835717,64.25140357392623,28.3519772835717,64.25140357392623,28.3519772835717,1636214.7916851614,2402.4434619893445,867.1560473390211,0.36094753573138083,0.36094753573138083,0.36094753573138083,86.32076733077847,923477.5340888556,120313.53766986154,0.8847340804830401,64.15142857142857,27.28857142857143,64.15142857142857,27.28857142857143,64.25140357392623,28.3519772835717,6209.096366882324,29.44997215270996,48.34049987792969,35.480550667898996,5.788973973925155,118.25391826557966,4.754742122405838,80,80,175,45.714285714285715,100.0,45.714285714285715,45.714285714285715
25,25,2016-06-08,3,Type 3,Type 3,Temporally clustered,Back-to-Back,2,2,3.657894736842105,7.473684210526316,7,3.657894736842105,9.5625,10,10,3.657894736842105,9.5625,10,2,7,380,0,1.25,203,109,109,203,53.69458128078818,100.0,53.69458128078818,53.69458128078818,30.2740314597332,20.521023627395486,1626.0272361906266,1141.4990424064379,1457784.2329146813,162.84447018846188,0.7020171722834627,0.7121600170039954,-0.9555075885245137,0.2949665205952509,-0.2949665205952509,-0.9555075885245137,30.2740314597332,20.521023627395486,30.2740314597332,20.521023627395486,30.2740314597332,20.521023627395486,1457784.2329146813,1626.0272361906266,1141.4990424064379,0.7020171722834627,0.7020171722834627,0.7020171722834627,162.84447018846188,423034.33165339637,208483.21021037034,0.6698694867681995,30.46551724137931,20.396551724137932,30.46551724137931,20.396551724137932,30.2740314597332,20.521023627395486,8404.471633911133,27.280916213989258,45.94475555419922,41.401338098084395,3.367354507946754,24.27109374980451,304.6279895866907,110,110,203,54.1871921182266,100.0,54.1871921182266,54.1871921182266
25,25,2016-06-08,3,Type 3,Type 3,Temporally clustered,Back-to-Back,2,2,3.657894736842105,7.473684210526316,7,3.657894736842105,9.5625,10,10,3.657894736842105,9.5625,10,2,7,380,1,1.25,177,78,78,177,44.067796610169495,100.0,44.067796610169495,44.067796610169495,64.16667386050513,28.377833395901867,2384.821365749122,846.6002300841994,1585711.2868520564,86.55049599838955,0.35499523873909306,0.9348681085974504,0.06016883835084244,0.9981882141617934,-0.9981882141617934,0.06016883835084244,64.16667386050513,28.377833395901867,64.16667386050513,28.377833395901867,64.16667386050513,28.377833395901867,1585711.2868520564,2384.821365749122,846.6002300841994,0.35499523873909306,0.35499523873909306,0.35499523873909306,86.55049599838955,909979.6714453613,114677.11193257911,0.8880824156996959,64.1045197740113,27.24576271186441,64.1045197740113,27.24576271186441,64.16667386050513,28.377833395901867,6332.518449783325,29.304380416870117,46.737892150878906,35.77694039425607,6.086059263528387,125.60143073124564,2.780328588358272,80,80,177,45.19774011299435,100.0,45.19774011299435,45.19774011299435
26,26,2016-07-17,1,Type 1,Type 1,Independent,Independent,1,1,3.0609756097560976,7.634146341463414,8,3.0609756097560976,7.634146341463414,8,8,3.0609756097560976,7.634146341463414,8,1,6,384,0,1.25,384,182,182,384,47.395833333333336,100.0,47.395833333333336,47.395833333333336,42.68231802379214,32.667728201865074,2476.288670411977,1319.6591509975121,2566568.889517448,100.44219895784639,0.5329181394582572,0.8461668018992176,-0.18124350719082605,0.9834382497651639,-0.9834382497651639,-0.18124350719082605,42.68231802379214,32.667728201865074,42.68231802379214,32.667728201865074,42.68231802379214,32.667728201865074,2566568.889517448,2476.288670411977,1319.6591509975121,0.5329181394582572,0.5329181394582572,0.5329181394582572,100.44219895784639,981120.8926737148,278640.04396983597,0.7788151419330149,42.34375,33.481770833333336,42.34375,33.481770833333336,42.68231802379214,32.667728201865074,14474.346292495728,22.803205490112305,50.05262756347656,37.693610136707626,6.467741790035751,95.65681388035574,160.60897462597796,178,178,384,46.354166666666664,100.0,46.354166666666664,46.354166666666664
27,27,2016-08-03,2,Type 2,Type 2,Spatially clustered,Independent Simultaneous,1,1,3.0,8.363636363636363,8,3.0,8.363636363636363,8,8,3.0,8.363636363636363,8,2,0,371,0,1.25,353,167,167,353,47.30878186968839,100.0,47.30878186968839,47.30878186968839,40.92372359353712,31.895748480159437,2374.966459999081,1214.250783272452,2264935.059725565,126.36166748402613,0.511270707912617,0.859419724715771,-0.5928802568550252,0.8052906314067731,-0.8052906314067731,-0.5928802568550252,40.92372359353712,31.895748480159437,40.92372359353712,31.895748480159437,40.92372359353712,31.895748480159437,2264935.059725565,2374.966459999081,1214.250783272452,0.511270707912617,0.511270707912617,0.511270707912617,126.36166748402613,902474.5097792904,235904.79434844214,0.79277136057107,39.74929178470255,32.92776203966006,39.74929178470255,32.92776203966006,40.92372359353712,31.895748480159437,13228.853830337524,25.92078971862793,50.574249267578125,37.47550660152273,7.745310510172591,159.06530089867593,135.6943422514301,170,170,353,48.1586402266289,100.0,48.1586402266289,48.1586402266289
27,27,2016-08-03,2,Type 2,Type 2,Spatially clustered,Independent Simultaneous,1,1,3.0,8.363636363636363,8,3.0,8.363636363636363,8,8,3.0,8.363636363636363,8,2,0,371,1,1.25,18,9,9,18,50.0,100.0,50.0,50.0,50.677138943211915,41.75893058272816,640.5037496426258,226.5747694970202,113978.54397260403,92.5195474950876,0.35374464181269727,0.9353420381811172,-0.04396022825348317,0.9990332818940026,-0.9990332818940026,-0.04396022825348317,50.677138943211915,41.75893058272816,50.677138943211915,41.75893058272816,50.677138943211915,41.75893058272816,113978.54397260403,640.5037496426258,226.5747694970202,0.35374464181269727,0.35374464181269727,0.35374464181269727,92.5195474950876,65639.20852900218,8213.780187620456,0.8887820204658593,50.666666666666664,41.72222222222222,50.666666666666664,41.72222222222222,50.677138943211915,41.75893058272816,534.9859924316406,28.423091888427734,32.73469543457031,29.721444023980034,1.3069307752038917,4.169163040771533,12.057405773171517,9,9,18,50.0,100.0,50.0,50.0
28,28,2017-06-30,4,Type 4,Type 4,Mixed,Mixed Multi-Day,7,1,3.0,7.625,8,3.595238095238096,8.9,9,9,3.595238095238096,8.9,9,3,9,431,0,1.25,223,111,111,223,49.775784753363226,100.0,49.775784753363226,49.775784753363226,28.154713982838448,37.038675287602324,1313.4624329336268,1210.0611655429275,1248288.1866688384,152.40817631943622,0.9212758090387466,0.3889098657529825,-0.886269684263537,0.46316956587777913,-0.46316956587777913,-0.886269684263537,28.154713982838448,37.038675287602324,28.154713982838448,37.038675287602324,28.154713982838448,37.038675287602324,1248288.1866688384,1313.4624329336268,1210.0611655429275,0.9212758090387466,0.9212758090387466,0.9212758090387466,152.40817631943622,276029.3700364675,234279.6838968173,0.5409062761260633,27.908071748878925,37.20403587443946,27.908071748878925,37.20403587443946,28.154713982838448,37.038675287602324,7641.624729156494,26.165119171142578,44.69780731201172,34.26737546706948,4.8757518257948655,28.587247775546178,129.86318290509357,110,110,223,49.327354260089685,100.0,49.327354260089685,49.327354260089685
28,28,2017-06-30,4,Type 4,Type 4,Mixed,Mixed Multi-Day,7,1,3.0,7.625,8,3.595238095238096,8.9,9,9,3.595238095238096,8.9,9,3,9,431,1,1.25,189,87,87,189,46.03174603174603,100.0,46.03174603174603,46.03174603174603,45.208233725016875,21.48195820416035,1479.6165336546824,1167.540927961023,1356785.428062547,48.17131115105122,0.7890834560203066,0.6142860078457337,0.6669056575992142,0.7451421635246255,-0.7451421635246255,0.6669056575992142,45.208233725016875,21.48195820416035,45.208233725016875,21.48195820416035,45.208233725016875,21.48195820416035,1356785.428062547,1479.6165336546824,1167.540927961023,0.7890834560203066,0.7890834560203066,0.7890834560203066,48.17131115105122,350282.4138662877,218104.29095425387,0.6162748194064169,45.076719576719576,21.28306878306878,45.076719576719576,21.28306878306878,45.208233725016875,21.48195820416035,8003.47110748291,29.70293426513672,47.23906707763672,42.34640797610005,3.579024655630708,25.902714309619267,31.747034691052697,89,89,189,47.08994708994709,100.0,47.08994708994709,47.08994708994709
28,28,2017-06-30,4,Type 4,Type 4,Mixed,Mixed Multi-Day,7,1,3.0,7.625,8,3.595238095238096,8.9,9,9,3.595238095238096,8.9,9,3,9,431,2,1.25,19,10,10,19,52.63157894736842,100.0,52.63157894736842,52.63157894736842,57.09293105788462,44.75784941753149,606.8419493539261,235.86589869163055,112416.64802196891,5.090810250836967,0.3886776432360107,0.921373805601451,0.9960553104779113,0.08873453932236211,-0.08873453932236211,0.9960553104779113,57.09293105788462,44.75784941753149,57.09293105788462,44.75784941753149,57.09293105788462,44.75784941753149,112416.64802196891,606.8419493539261,235.86589869163055,0.3886776432360107,0.3886776432360107,0.3886776432360107,5.090810250836967,58921.14423930769,8901.235546497686,0.8687566615236842,57.078947368421055,44.76315789473684,57.078947368421055,44.76315789473684,57.09293105788462,44.75784941753149,718.8103332519531,34.58652114868164,39.31345748901367,37.832122802734375,1.4394305653457473,1.254507359058216,118.0447524638439,10,10,19,52.63157894736842,100.0,52.63157894736842,52.63157894736842
28,28,2017-07-01,4,Type 4,Type 4,Mixed,Mixed Multi-Day,7,2,3.0217391304347827,8.608695652173912,9,3.595238095238096,8.9,9,9,3.595238095238096,8.9,9,4,13,520,0,1.25,281,123,123,281,43.77224199288256,100.0,43.77224199288256,43.77224199288256,29.298686731454605,35.551335453601055,1374.74237975026,1252.240651349297,1352069.4516396178,146.33702072285666,0.9108911384377216,0.4126467422816173,-0.832312452014714,0.554306758231626,-0.554306758231626,-0.832312452014714,29.298686731454605,35.551335453601055,29.298686731454605,35.551335453601055,29.298686731454605,35.551335453601055,1352069.4516396178,1374.74237975026,1252.240651349297,0.9108911384377216,0.9108911384377216,0.9108911384377216,146.33702072285666,302386.6577090253,250897.06382267387,0.5465309134197991,29.101423487544483,35.80960854092527,29.101423487544483,35.80960854092527,29.298686731454605,35.551335453601055,9954.73145866394,25.763792037963867,45.32354736328125,35.426090600227546,5.299719747426446,33.764844842795355,148.0128330259732,122,122,281,43.41637010676157,100.0,43.41637010676157,43.41637010676157
28,28,2017-07-01,4,Type 4,Type 4,Mixed,Mixed Multi-Day,7,2,3.0217391304347827,8.608695652173912,9,3.595238095238096,8.9,9,9,3.595238095238096,8.9,9,4,13,520,1,1.25,167,76,76,167,45.50898203592814,100.0,45.50898203592814,45.50898203592814,45.358935348979074,20.939505316257637,1373.6455691034503,1035.2346662023454,1116871.9335582138,59.63982328125457,0.7536403053940773,0.6572870682475974,0.5054341540760233,0.8628651782830588,-0.8628651782830588,0.5054341540760233,45.358935348979074,20.939505316257637,45.358935348979074,20.939505316257637,45.358935348979074,20.939505316257637,1116871.9335582138,1373.6455691034503,1035.2346662023454,0.7536403053940773,0.7536403053940773,0.7536403053940773,59.63982328125457,301904.3439228066,171473.730257133,0.6377657952278696,45.134730538922156,20.643712574850298,45.134730538922156,20.643712574850298,45.358935348979074,20.939505316257637,6983.313449859619,29.51307487487793,46.861305236816406,41.81624820275221,4.159388975442314,40.21630933321153,35.44123848068258,80,80,167,47.90419161676647,100.0,47.90419161676647,47.90419161676647
28,28,2017-07-01,4,Type 4,Type 4,Mixed,Mixed Multi-Day,7,2,3.0217391304347827,8.608695652173912,9,3.595238095238096,8.9,9,9,3.595238095238096,8.9,9,4,13,520,2,1.25,14,10,10,14,71.42857142857143,100.0,71.42857142857143,71.42857142857143,45.59332938684691,44.1960722068698,437.53392969273193,318.23003769740785,109356.04342148722,141.33969068784785,0.7273265365291604,0.6862915628655913,-0.7808633463844356,0.6247018763164562,-0.6247018763164562,-0.7808633463844356,45.59332938684691,44.1960722068698,45.59332938684691,44.1960722068698,45.59332938684691,44.1960722068698,109356.04342148722,437.53392969273193,318.23003769740785,0.7273265365291604,0.7273265365291604,0.7273265365291604,141.33969068784785,30629.750341178315,16203.257102862979,0.6540205725155802,45.42857142857143,44.142857142857146,45.42857142857143,44.142857142857146,45.59332938684691,44.1960722068698,467.7470645904541,21.366010665893555,37.437965393066406,33.41050461360386,4.772449181937154,14.44283212176585,65.7749258848122,9,9,14,64.28571428571429,100.0,64.28571428571429,64.28571428571429
28,28,2017-07-01,4,Type 4,Type 4,Mixed,Mixed Multi-Day,7,2,3.0217391304347827,8.608695652173912,9,3.595238095238096,8.9,9,9,3.595238095238096,8.9,9,4,13,520,3,1.25,58,27,27,58,46.55172413793103,100.0,46.55172413793103,46.55172413793103,59.08218927782285,43.68766642696833,880.8616920748009,375.7993327445988,259988.18328474317,10.651950673963569,0.4266269450989892,0.9044276918115146,0.9827681545392599,0.18484251248967928,-0.18484251248967928,0.9827681545392599,59.08218927782285,43.68766642696833,59.08218927782285,43.68766642696833,59.08218927782285,43.68766642696833,259988.18328474317,880.8616920748009,375.7993327445988,0.4266269450989892,0.4266269450989892,0.4266269450989892,10.651950673963569,124146.771290381,22596.022158605716,0.8460161373003919,59.06896551724138,43.706896551724135,59.06896551724138,43.706896551724135,59.08218927782285,43.68766642696833,2261.805934906006,33.7353630065918,40.884117126464844,38.99665405010355,1.5340484848049545,2.3877558918463118,153.47950968874923,26,26,58,44.827586206896555,100.0,44.827586206896555,44.827586206896555
28,28,2017-07-02,4,Type 4,Type 4,Mixed,Mixed Multi-Day,7,3,2.9347826086956523,8.695652173913043,9,3.595238095238096,8.9,9,9,3.595238095238096,8.9,9,2,5,638,0,1.25,560,268,268,560,47.857142857142854,100.0,47.857142857142854,47.857142857142854,37.28810657438733,29.98574817850106,2603.275324122823,1820.8952078931975,3723016.287173088,129.83534047640518,0.6994631689626415,0.7146686471818525,-0.6405834608615006,0.7678885528972953,-0.7678885528972953,-0.6405834608615006,37.28810657438733,29.98574817850106,37.28810657438733,29.98574817850106,37.28810657438733,29.98574817850106,3723016.287173088,2603.275324122823,1820.8952078931975,0.6994631689626415,0.6994631689626415,0.6994631689626415,129.83534047640518,1084326.7861098861,530505.4973005457,0.6714795073454013,36.625,30.723214285714285,36.625,30.723214285714285,37.28810657438733,29.98574817850106,21230.12147140503,22.977325439453125,47.44423294067383,37.910931198937554,6.1649865593319015,103.67243977074271,141.88482494778165,260,260,560,46.42857142857143,100.0,46.42857142857143,46.42857142857143
28,28,2017-07-02,4,Type 4,Type 4,Mixed,Mixed Multi-Day,7,3,2.9347826086956523,8.695652173913043,9,3.595238095238096,8.9,9,9,3.595238095238096,8.9,9,2,5,638,1,1.25,78,38,38,78,48.717948717948715,100.0,48.717948717948715,48.717948717948715,58.52065207682465,43.048052102261856,836.5991765847646,532.7061398488395,350021.7377020648,13.465515226226557,0.6367519294287346,0.7710687260995506,0.9725102486933476,0.2328600785587843,-0.2328600785587843,0.9725102486933476,58.52065207682465,43.048052102261856,58.52065207682465,43.048052102261856,58.52065207682465,43.048052102261856,350021.7377020648,836.5991765847646,532.7061398488395,0.6367519294287346,0.6367519294287346,0.6367519294287346,13.465515226226557,111983.70916196897,45404.13302922421,0.7115143558924474,58.6025641025641,43.1025641025641,58.6025641025641,43.1025641025641,58.52065207682465,43.048052102261856,3065.0803031921387,33.11363983154297,43.040504455566406,39.295901322976135,2.189049899791185,9.009843003279919,227.79475070058214,38,38,78,48.717948717948715,100.0,48.717948717948715,48.717948717948715
28,28,2017-07-03,4,Type 4,Type 4,Mixed,Mixed Multi-Day,7,4,2.847826086956522,8.217391304347826,8,3.595238095238096,8.9,9,9,3.595238095238096,8.9,9,1,6,659,0,1.25,659,289,289,659,43.85432473444613,100.0,43.85432473444613,43.85432473444613,42.76654882045875,31.653752550826187,2797.689114936248,2161.480012021579,4749419.798332502,40.58512857434789,0.7725947820584895,0.6348994430112497,0.7594401936819083,0.6505771224231495,-0.6505771224231495,0.7594401936819083,42.76654882045875,31.653752550826187,42.76654882045875,31.653752550826187,42.76654882045875,31.653752550826187,4749419.798332502,2797.689114936248,2161.480012021579,0.7725947820584895,0.7725947820584895,0.7725947820584895,40.58512857434789,1252330.301413243,747519.334779009,0.6262122305343423,42.188922610015176,32.128224582701066,42.188922610015176,32.128224582701066,42.76654882045875,31.653752550826187,25941.30050468445,24.785017013549805,49.51861572265625,39.36464416492329,5.830374479135398,75.85619785002008,133.76046986719746,282,282,659,42.792109256449166,100.0,42.792109256449166,42.792109256449166
28,28,2017-07-04,4,Type 4,Type 4,Mixed,Mixed Multi-Day,7,5,3.595238095238096,7.190476190476191,7,3.595238095238096,8.9,9,9,3.595238095238096,8.9,9,1,3,614,0,1.25,614,251,251,614,40.87947882736157,100.0,40.87947882736157,40.87947882736157,46.94964511471891,31.506879919295955,2994.7130339955193,1876.61252642325,4413871.699066592,50.73450027520436,0.6266418535332885,0.7793073767136846,0.632914795059952,0.7742214555243345,-0.7742214555243345,0.632914795059952,46.94964511471891,31.506879919295955,46.94964511471891,31.506879919295955,46.94964511471891,31.506879919295955,4413871.699066592,2994.7130339955193,1876.61252642325,0.6266418535332885,0.6266418535332885,0.6266418535332885,50.73450027520436,1434928.9849572238,563467.9318925844,0.7180400314163752,46.60586319218241,31.84201954397394,46.60586319218241,31.84201954397394,46.94964511471891,31.506879919295955,25039.997903823853,25.411264419555664,49.37543487548828,40.781755543687055,5.3226193675594375,49.43299451591328,138.6506707833683,242,242,614,39.413680781758956,100.0,39.413680781758956,39.413680781758956
28,28,2017-07-05,4,Type 4,Type 4,Mixed,Mixed Multi-Day,7,6,2.5,8.9,9,3.595238095238096,8.9,9,9,3.595238095238096,8.9,9,2,0,520,0,1.25,20,12,12,20,60.0,100.0,60.0,60.0,30.3213904141227,20.982577581027343,862.7317911350268,266.20151970380243,180374.9458195611,18.76678941538009,0.3085565206233823,0.9512060100634312,0.9468358972492001,0.3217169309817284,-0.3217169309817284,0.9468358972492001,30.3213904141227,20.982577581027343,30.3213904141227,20.982577581027343,30.3213904141227,20.982577581027343,180374.9458195611,862.7317911350268,266.20151970380243,0.3085565206233823,0.3085565206233823,0.3085565206233823,18.76678941538009,119088.98294960824,11338.119854818224,0.9130692960969963,30.25,20.95,30.25,20.95,30.3213904141227,20.982577581027343,838.8192100524902,38.800315856933594,43.96842956542969,41.94096050262451,1.550677386573286,8.253947728955595,64.07535065513935,11,11,20,55.0,100.0,55.0,55.0
28,28,2017-07-05,4,Type 4,Type 4,Mixed,Mixed Multi-Day,7,6,2.5,8.9,9,3.595238095238096,8.9,9,9,3.595238095238096,8.9,9,2,0,520,1,1.25,500,205,205,500,41.0,100.0,41.0,41.0,50.66441014526739,31.647165665293926,2894.9530860983195,1518.235682549519,3451998.5597333424,53.98619976403109,0.5244422404771073,0.8514460267118239,0.5879800947143228,0.8088753972150075,-0.8088753972150075,0.5879800947143228,50.66441014526739,31.647165665293926,50.66441014526739,31.647165665293926,50.66441014526739,31.647165665293926,3451998.5597333424,2894.9530860983195,1518.235682549519,0.5244422404771073,0.5244422404771073,0.5244422404771073,53.98619976403109,1340920.5393136297,368806.3340426567,0.7842893272662493,50.62,31.806,50.62,31.806,50.66441014526739,31.647165665293926,21194.999153137207,25.341726303100586,49.95170593261719,42.389998306274414,4.428588882468931,18.107804797658858,166.5479380445691,205,205,500,41.0,100.0,41.0,41.0
28,28,2017-07-06,4,Type 4,Type 4,Mixed,Mixed Multi-Day,7,7,2.9722222222222223,8.833333333333334,9,3.595238095238096,8.9,9,9,3.595238095238096,8.9,9,2,5,437,0,1.25,293,136,136,293,46.41638225255973,100.0,46.41638225255973,46.41638225255973,45.59771840618521,26.175072216721006,1904.4481309025118,1131.6099673661986,1692605.6814465926,106.45650895078312,0.5941931150573958,0.8043224117344913,-0.28328745932312244,0.9590350438801756,-0.9590350438801756,-0.28328745932312244,45.59771840618521,26.175072216721006,45.59771840618521,26.175072216721006,45.59771840618521,26.175072216721006,1692605.6814465926,1904.4481309025118,1131.6099673661986,0.5941931150573958,0.5941931150573958,0.5941931150573958,106.45650895078312,580307.6293276913,204886.57891880462,0.7390625443145339,45.39078498293515,26.199658703071673,45.39078498293515,26.199658703071673,45.59771840618521,26.175072216721006,12678.228382110596,29.18925666809082,50.3354606628418,43.27040403450715,4.344900910796035,20.863310763376578,97.45640690042946,137,137,293,46.75767918088737,100.0,46.75767918088737,46.75767918088737
28,28,2017-07-06,4,Type 4,Type 4,Mixed,Mixed Multi-Day,7,7,2.9722222222222223,8.833333333333334,9,3.595238095238096,8.9,9,9,3.595238095238096,8.9,9,2,5,437,1,1.25,144,65,65,144,45.138888888888886,100.0,45.138888888888886,45.138888888888886,62.66409506280089,39.9057601698498,1054.4316172263716,724.7800629449418,600225.6347319377,46.83520832907401,0.6873656395579627,0.7263115568095229,0.6840990245655849,0.7293891448249111,-0.7293891448249111,0.6840990245655849,62.66409506280089,39.9057601698498,62.66409506280089,39.9057601698498,62.66409506280089,39.9057601698498,600225.6347319377,1054.4316172263716,724.7800629449418,0.6873656395579627,0.6873656395579627,0.6873656395579627,46.83520832907401,177892.16566505944,84048.98234279579,0.6791302818132442,62.673611111111114,39.8125,62.673611111111114,39.8125,62.66409506280089,39.9057601698498,5901.684381484985,30.576128005981445,45.40341567993164,40.98391931586795,3.3902145805349755,10.38682340776549,355.5067081882076,65,65,144,45.138888888888886,100.0,45.138888888888886,45.138888888888886
29,29,2017-07-17,3,Type 3,Type 3,Temporally clustered,Back-to-Back,2,1,3.128205128205128,7.564102564102564,8,3.5,9.0,9,9,3.5,9.0,9,1,6,430,0,1.25,430,206,206,430,47.906976744186046,100.0,47.906976744186046,47.906976744186046,40.01901852450898,27.554554857535518,2222.8838967589077,1612.7333075547256,2815588.7193056066,94.72988871773006,0.7255139640474175,0.6882074454495553,-0.08245839986213344,0.9965945074563558,-0.9965945074563558,-0.08245839986213344,40.01901852450898,27.554554857535518,40.01901852450898,27.554554857535518,40.01901852450898,27.554554857535518,2815588.7193056066,2222.8838967589077,1612.7333075547256,0.7255139640474175,0.7255139640474175,0.7255139640474175,94.72988871773006,790594.0509552105,416145.3954074248,0.6551489249300884,39.74186046511628,27.855813953488372,39.74186046511628,27.855813953488372,40.01901852450898,27.554554857535518,17337.327434539795,21.64372444152832,50.01100158691406,40.319366126836734,5.330015683734448,43.147655119989444,140.62399548258014,206,206,430,47.906976744186046,100.0,47.906976744186046,47.906976744186046
29,29,2017-07-18,3,Type 3,Type 3,Temporally clustered,Back-to-Back,2,2,3.5,9.0,9,3.5,9.0,9,9,3.5,9.0,9,1,13,419,0,1.25,419,208,208,419,49.64200477326969,100.0,49.64200477326969,49.64200477326969,40.97938350292181,28.42385746771232,2317.964513587607,1525.801688748222,2777760.228948965,83.52504290902978,0.6582506676889014,0.7527988167413094,0.11276893137285969,0.9936212397674595,-0.9936212397674595,0.11276893137285969,40.97938350292181,28.42385746771232,40.97938350292181,28.42385746771232,40.97938350292181,28.42385746771232,2777760.228948965,2317.964513587607,1525.801688748222,0.6582506676889014,0.6582506676889014,0.6582506676889014,83.52504290902978,859673.5178002289,372491.3269419081,0.6976935930842422,40.834128878281625,28.791169451073987,40.834128878281625,28.791169451073987,40.97938350292181,28.42385746771232,16748.97087097168,21.822139739990234,50.61728286743164,39.97367749635246,5.709191909158135,43.116624645420515,160.72724317992788,209,209,419,49.88066825775656,100.0,49.88066825775656,49.88066825775656
30,30,2017-07-22,3,Type 3,Type 3,Temporally clustered,Back-to-Back,9,1,2.9318181818181817,6.909090909090909,7,3.4791666666666665,9.125,9,9,3.4791666666666665,9.125,9,2,7,400,0,1.25,30,15,15,30,50.0,100.0,50.0,50.0,23.16112907156457,43.210976762372084,470.8910709381237,399.71571878093675,147829.65520184813,17.0988475481295,0.8488496458100401,0.5286343526561337,0.9557989289554948,0.29402110027603306,-0.29402110027603306,0.9557989289554948,23.16112907156457,43.210976762372084,23.16112907156457,43.210976762372084,23.16112907156457,43.210976762372084,147829.65520184813,470.8910709381237,399.71571878093675,0.8488496458100401,0.8488496458100401,0.8488496458100401,17.0988475481295,35478.14411028048,25563.62493448975,0.5812109423673408,23.2,43.166666666666664,23.2,43.166666666666664,23.16112907156457,43.210976762372084,1002.4171409606934,29.33586311340332,37.197120666503906,33.41390469868978,2.0834738041665406,5.849577420398401,327.31711154915143,15,15,30,50.0,100.0,50.0,50.0
30,30,2017-07-22,3,Type 3,Type 3,Temporally clustered,Back-to-Back,9,1,2.9318181818181817,6.909090909090909,7,3.4791666666666665,9.125,9,9,3.4791666666666665,9.125,9,2,7,400,1,1.25,370,182,182,370,49.189189189189186,100.0,49.189189189189186,49.189189189189186,47.00560042412786,33.02424173780482,2509.3849698763365,1291.8910268146815,2546144.5482210363,66.84631129601303,0.5148237685022663,0.8572960325261776,0.3931988580493747,0.9194534561513529,-0.9194534561513529,0.3931988580493747,47.00560042412786,33.02424173780482,47.00560042412786,33.02424173780482,47.00560042412786,33.02424173780482,2546144.5482210363,2509.3849698763365,1291.8910268146815,0.5148237685022663,0.5148237685022663,0.5148237685022663,66.84631129601303,1007522.0683266022,267037.18802628666,0.790486643366896,47.15675675675676,33.494594594594595,47.15675675675676,33.494594594594595,47.00560042412786,33.02424173780482,14666.183080673218,24.679107666015625,50.202152252197266,39.63833265046816,5.714573576367744,54.03430449814494,195.1506960189635,182,182,370,49.189189189189186,100.0,49.189189189189186,49.189189189189186
30,30,2017-07-23,3,Type 3,Type 3,Temporally clustered,Back-to-Back,9,2,2.6923076923076925,7.8076923076923075,8,3.4791666666666665,9.125,9,9,3.4791666666666665,9.125,9,3,11,423,0,1.25,35,16,16,35,45.714285714285715,100.0,45.714285714285715,45.714285714285715,23.371716100464674,42.67423640470497,550.3626348395497,471.89172322207475,203976.9917808336,83.31606328720613,0.8574196236262441,0.5146179058492134,0.11639228992528705,0.993203319993418,-0.993203319993418,0.11639228992528705,23.371716100464674,42.67423640470497,23.371716100464674,42.67423640470497,23.371716100464674,42.67423640470497,203976.9917808336,550.3626348395497,471.89172322207475,0.8574196236262441,0.8574196236262441,0.8574196236262441,83.31606328720613,48463.84477240505,35629.087751279876,0.5763129352012444,23.385714285714286,42.642857142857146,23.385714285714286,42.642857142857146,23.371716100464674,42.67423640470497,1168.372013092041,28.98369598388672,37.88233947753906,33.38205751691546,1.843915563255371,3.669887121713076,341.7802249603446,17,17,35,48.57142857142857,100.0,48.57142857142857,48.57142857142857
30,30,2017-07-23,3,Type 3,Type 3,Temporally clustered,Back-to-Back,9,2,2.6923076923076925,7.8076923076923075,8,3.4791666666666665,9.125,9,9,3.4791666666666665,9.125,9,3,11,423,1,1.25,378,163,163,378,43.12169312169312,100.0,43.12169312169312,43.12169312169312,48.08020343332232,32.851726887415815,2454.5230638420626,1223.2808079490358,2358213.7148362007,59.816524291106425,0.49837820877276073,0.8669597228363348,0.5027706660207765,0.8644198386137518,-0.8644198386137518,0.5027706660207765,48.08020343332232,32.851726887415815,48.08020343332232,32.851726887415815,48.08020343332232,32.851726887415815,2358213.7148362007,2454.5230638420626,1223.2808079490358,0.49837820877276073,0.49837820877276073,0.49837820877276073,59.816524291106425,963949.3553492201,239426.5496154313,0.8010376070954617,48.22222222222222,33.31216931216931,48.22222222222222,33.31216931216931,48.08020343332232,32.851726887415815,15456.624300003052,24.134075164794922,50.53541564941406,40.89054047619855,5.209699656006397,52.75922489077256,194.59486226200286,166,166,378,43.91534391534392,100.0,43.91534391534392,43.91534391534392
30,30,2017-07-23,3,Type 3,Type 3,Temporally clustered,Back-to-Back,9,2,2.6923076923076925,7.8076923076923075,8,3.4791666666666665,9.125,9,9,3.4791666666666665,9.125,9,3,11,423,2,1.25,10,4,4,10,40.0,100.0,40.0,40.0,42.049657625178526,11.97292306364228,367.46693725029183,325.781771762172,94023.17920177369,0.0,0.8865607725145435,0.4626121449318164,1.0,0.0,-0.0,1.0,42.049657625178526,11.97292306364228,42.049657625178526,11.97292306364228,42.049657625178526,11.97292306364228,94023.17920177369,367.46693725029183,325.781771762172,0.8865607725145435,0.8865607725145435,0.8865607725145435,0.0,21605.111995537587,16981.402049999993,0.5599135482941133,42.1,12.0,42.1,12.0,42.049657625178526,11.97292306364228,387.5450325012207,35.39562225341797,42.00600051879883,38.75450325012207,2.277937866481032,6.247542436526536,241.35652034449072,6,6,10,60.0,100.0,60.0,60.0
30,30,2017-07-24,3,Type 3,Type 3,Temporally clustered,Back-to-Back,9,3,3.125,9.125,9,3.4791666666666665,9.125,9,9,3.4791666666666665,9.125,9,3,19,360,0,1.25,36,20,20,36,55.55555555555556,100.0,55.55555555555556,55.55555555555556,23.57046932537253,42.45290629565311,595.640687896576,484.4163721132529,226617.2946850456,131.07068198690254,0.8132694457524442,0.5818872817011145,-0.6569895644826688,0.7538996698240908,-0.7538996698240908,-0.6569895644826688,23.57046932537253,42.45290629565311,23.57046932537253,42.45290629565311,23.57046932537253,42.45290629565311,226617.2946850456,595.640687896576,484.4163721132529,0.8132694457524442,0.8132694457524442,0.8132694457524442,131.07068198690254,56766.05265246499,37545.47545141849,0.6018994050222322,23.61111111111111,42.416666666666664,23.61111111111111,42.416666666666664,23.57046932537253,42.45290629565311,1193.5079154968262,27.685104370117188,38.18165588378906,33.15299765268961,2.19113169757775,5.233421883050877,320.29602917364355,20,20,36,55.55555555555556,100.0,55.55555555555556,55.55555555555556
30,30,2017-07-24,3,Type 3,Type 3,Temporally clustered,Back-to-Back,9,3,3.125,9.125,9,3.4791666666666665,9.125,9,9,3.4791666666666665,9.125,9,3,19,360,1,1.25,223,121,121,223,54.26008968609865,100.0,54.26008968609865,54.26008968609865,44.0248995467829,27.694410016026545,1707.7559681697749,1101.7078818773118,1477685.9690192917,146.9960573190349,0.64512020593787,0.7640810951009586,-0.8386330878423297,0.5446967449655259,-0.5446967449655259,-0.8386330878423297,44.0248995467829,27.694410016026545,44.0248995467829,27.694410016026545,44.0248995467829,27.694410016026545,1477685.9690192917,1707.7559681697749,1101.7078818773118,0.64512020593787,0.64512020593787,0.64512020593787,146.9960573190349,466628.87149111775,194201.6411184949,0.7061248876786959,43.58071748878924,28.006726457399104,43.58071748878924,28.006726457399104,44.0248995467829,27.694410016026545,9269.603561401367,26.675661087036133,50.558837890625,41.567728974894024,5.8258755379372005,55.784979984426386,128.24263216279678,121,121,223,54.26008968609865,100.0,54.26008968609865,54.26008968609865
30,30,2017-07-24,3,Type 3,Type 3,Temporally clustered,Back-to-Back,9,3,3.125,9.125,9,3.4791666666666665,9.125,9,9,3.4791666666666665,9.125,9,3,19,360,2,1.25,101,47,47,101,46.53465346534654,100.0,46.53465346534654,46.53465346534654,60.450934519534854,42.245422553272725,938.7153137007864,561.4167735827714,413913.0966437696,21.53902406644724,0.598069260604096,0.801444420730764,0.9301677287769066,0.3671348476268784,-0.3671348476268784,0.9301677287769066,60.450934519534854,42.245422553272725,60.450934519534854,42.245422553272725,60.450934519534854,42.245422553272725,413913.0966437696,938.7153137007864,561.4167735827714,0.598069260604096,0.598069260604096,0.598069260604096,21.53902406644724,140989.83042821853,50430.2069856142,0.7365468753065351,60.31188118811881,42.26237623762376,60.31188118811881,42.26237623762376,60.450934519534854,42.245422553272725,4075.280912399292,27.23861312866211,43.888710021972656,40.34931596434942,3.3469634477203973,11.628265090091404,99.27328025655206,46,46,101,45.54455445544554,100.0,45.54455445544554,45.54455445544554
30,30,2017-07-25,3,Type 3,Type 3,Temporally clustered,Back-to-Back,9,4,3.38,8.44,8,3.4791666666666665,9.125,9,9,3.4791666666666665,9.125,9,2,19,374,0,1.25,240,130,130,240,54.166666666666664,100.0,54.166666666666664,54.166666666666664,42.08207048851733,28.532122904941847,2196.016556440379,932.4630940302916,1608263.2692547028,142.23493386348937,0.4246156939462071,0.9053736866369494,-0.7905285616182874,0.6124251736054956,-0.6124251736054956,-0.7905285616182874,42.08207048851733,28.532122904941847,42.08207048851733,28.532122904941847,42.08207048851733,28.532122904941847,1608263.2692547028,2196.016556440379,932.4630940302916,0.4246156939462071,0.4246156939462071,0.4246156939462071,142.23493386348937,771598.1945856418,139117.9874765671,0.847243312223188,41.291666666666664,29.079166666666666,41.291666666666664,29.079166666666666,42.08207048851733,28.532122904941847,9716.428150177002,26.897695541381836,50.03756332397461,40.485117292404176,6.247469241810201,98.13023068457358,127.96844444481617,128,128,240,53.333333333333336,100.0,53.333333333333336,53.333333333333336
30,30,2017-07-25,3,Type 3,Type 3,Temporally clustered,Back-to-Back,9,4,3.38,8.44,8,3.4791666666666665,9.125,9,9,3.4791666666666665,9.125,9,2,19,374,1,1.25,134,63,63,134,47.014925373134325,100.0,47.014925373134325,47.014925373134325,62.2731273050706,41.08648006250302,991.8432172313378,813.42901113096,633654.5630596577,168.09351976893416,0.8201185399055217,0.5721936564688874,-0.9784856568677881,0.20631485478271608,-0.20631485478271608,-0.9784856568677881,62.2731273050706,41.08648006250302,62.2731273050706,41.08648006250302,62.2731273050706,41.08648006250302,633654.5630596577,991.8432172313378,813.42901113096,0.8201185399055217,0.8201185399055217,0.8201185399055217,168.09351976893416,157400.4748108497,105866.68098391865,0.5978735719451167,62.23880597014925,41.014925373134325,62.23880597014925,41.014925373134325,62.2731273050706,41.08648006250302,5369.488946914673,26.21778106689453,43.969051361083984,40.07081303667666,3.792021097508009,8.454138840396883,19.94497462197993,63,63,134,47.014925373134325,100.0,47.014925373134325,47.014925373134325
30,30,2017-07-26,3,Type 3,Type 3,Temporally clustered,Back-to-Back,9,5,3.4791666666666665,8.25,8,3.4791666666666665,9.125,9,9,3.4791666666666665,9.125,9,2,12,424,0,1.25,292,149,149,292,51.02739726027397,100.0,51.02739726027397,51.02739726027397,41.86522918846856,29.397558056447476,2221.270413974078,1207.8574156079187,2107205.947759915,129.37789120100703,0.5437687406311504,0.8392351021688813,-0.6344322902185859,0.7729784402737245,-0.7729784402737245,-0.6344322902185859,41.86522918846856,29.397558056447476,41.86522918846856,29.397558056447476,41.86522918846856,29.397558056447476,2107205.947759915,2221.270413974078,1207.8574156079187,0.5437687406311504,0.5437687406311504,0.5437687406311504,129.37789120100703,789446.7603194517,233427.12583024648,0.771792858346484,41.22260273972603,30.236301369863014,41.22260273972603,30.236301369863014,41.86522918846856,29.397558056447476,11467.732988357544,23.8448543548584,49.149253845214844,39.27305817930666,6.614487262750123,111.81552289877875,146.09194530724216,156,156,292,53.42465753424658,100.0,53.42465753424658,53.42465753424658
30,30,2017-07-26,3,Type 3,Type 3,Temporally clustered,Back-to-Back,9,5,3.4791666666666665,8.25,8,3.4791666666666665,9.125,9,9,3.4791666666666665,9.125,9,2,12,424,1,1.25,132,65,65,132,49.24242424242424,100.0,49.24242424242424,49.24242424242424,62.279950575745524,40.53950087395858,1077.8094108219248,802.8202772635534,679595.0169874019,154.2168703336967,0.7448629314261899,0.6672175157976469,-0.9004468830665939,0.43496598806763703,-0.43496598806763703,-0.9004468830665939,62.279950575745524,40.53950087395858,62.279950575745524,40.53950087395858,62.279950575745524,40.53950087395858,679595.0169874019,1077.8094108219248,802.8202772635534,0.7448629314261899,0.7448629314261899,0.7448629314261899,154.2168703336967,185867.70016900872,103123.26361368461,0.6431609408686283,62.32575757575758,40.446969696969695,62.32575757575758,40.446969696969695,62.279950575745524,40.53950087395858,5230.829610824585,24.44827651977539,44.888187408447266,39.627497051701404,4.458460427554576,10.984393246301916,339.31130035184634,66,66,132,50.0,100.0,50.0,50.0
30,30,2017-07-27,3,Type 3,Type 3,Temporally clustered,Back-to-Back,9,6,3.316666666666667,8.333333333333334,8,3.4791666666666665,9.125,9,9,3.4791666666666665,9.125,9,2,9,454,0,1.25,20,11,11,20,55.0,100.0,55.0,55.0,25.085892103964586,26.236364708816634,736.846981063988,337.12217034112086,195098.75772611494,52.67231505349054,0.45751991798124103,0.889199372835158,0.6063726971002741,0.7951805783665363,-0.7951805783665363,0.6063726971002741,25.085892103964586,26.236364708816634,25.085892103964586,26.236364708816634,25.085892103964586,26.236364708816634,195098.75772611494,736.846981063988,337.12217034112086,0.45751991798124103,0.45751991798124103,0.45751991798124103,52.67231505349054,86870.95576049808,18184.217237681234,0.8269079311496981,25.1,26.25,25.1,26.25,25.085892103964586,26.236364708816634,809.6987152099609,38.54735565185547,42.636207580566406,40.48493576049805,1.0356342274947095,2.066136497451262,223.0193436223907,11,11,20,55.0,100.0,55.0,55.0
30,30,2017-07-27,3,Type 3,Type 3,Temporally clustered,Back-to-Back,9,6,3.316666666666667,8.333333333333334,8,3.4791666666666665,9.125,9,9,3.4791666666666665,9.125,9,2,9,454,1,1.25,434,199,199,434,45.85253456221198,100.0,45.85253456221198,45.85253456221198,46.94395251082414,32.153508248063936,2389.799892105202,1916.698042320027,3597535.745473107,39.029744180828914,0.8020328600113819,0.5972799104791346,0.7768191552093415,0.6297237490359126,-0.6297237490359126,0.7768191552093415,46.94395251082414,32.153508248063936,46.94395251082414,32.153508248063936,46.94395251082414,32.153508248063936,3597535.745473107,2389.799892105202,1916.698042320027,0.8020328600113819,0.8020328600113819,0.8020328600113819,39.029744180828914,913782.9638889657,587797.021669348,0.6085476449322845,46.83410138248848,32.80875576036866,46.83410138248848,32.80875576036866,46.94395251082414,32.153508248063936,16837.037643432617,23.876323699951172,48.84336471557617,38.795017611595895,5.920826915555816,73.39380472495844,171.88281588696984,197,197,434,45.39170506912443,100.0,45.39170506912443,45.39170506912443
30,30,2017-07-28,3,Type 3,Type 3,Temporally clustered,Back-to-Back,9,7,3.3846153846153846,8.423076923076923,8,3.4791666666666665,9.125,9,9,3.4791666666666665,9.125,9,2,7,405,0,1.25,31,16,16,31,51.61290322580645,100.0,51.61290322580645,51.61290322580645,23.63363939939763,23.553046935637276,740.180371860939,350.12529179326134,203540.54329294417,48.21957992740784,0.4730269878853812,0.881047937817281,0.6662776766900315,0.7457037330901153,-0.7457037330901153,0.6662776766900315,23.63363939939763,23.553046935637276,23.63363939939763,23.553046935637276,23.63363939939763,23.553046935637276,203540.54329294417,740.180371860939,350.12529179326134,0.4730269878853812,0.4730269878853812,0.4730269878853812,48.21957992740784,87658.71726211165,19614.035192530628,0.8171573419743848,23.629032258064516,23.532258064516128,23.629032258064516,23.532258064516128,23.63363939939763,23.553046935637276,1269.5455474853516,39.451900482177734,42.609474182128906,40.95308217694682,0.7753272166374635,2.3499694283826496,11.54680679323024,16,16,31,51.61290322580645,100.0,51.61290322580645,51.61290322580645
30,30,2017-07-28,3,Type 3,Type 3,Temporally clustered,Back-to-Back,9,7,3.3846153846153846,8.423076923076923,8,3.4791666666666665,9.125,9,9,3.4791666666666665,9.125,9,2,7,405,1,1.25,374,170,170,374,45.45454545454545,100.0,45.45454545454545,45.45454545454545,47.30887204665524,31.636462493848065,2260.4035604375476,1589.8745476483305,2822531.0021303436,72.21597144865105,0.7033587167685126,0.7108350832265887,0.30542988286513706,0.9522145696496083,-0.9522145696496083,0.30542988286513706,47.30887204665524,31.636462493848065,47.30887204665524,31.636462493848065,47.30887204665524,31.636462493848065,2822531.0021303436,2260.4035604375476,1589.8745476483305,0.7033587167685126,0.7033587167685126,0.7033587167685126,72.21597144865105,817507.8809661987,404432.17236159736,0.6690245390842386,47.4331550802139,32.3475935828877,47.4331550802139,32.3475935828877,47.30887204665524,31.636462493848065,14736.581285476685,21.133995056152344,49.810569763183594,39.40262375795905,6.063866123202397,79.7248030900512,188.50451754645877,171,171,374,45.72192513368984,100.0,45.72192513368984,45.72192513368984
30,30,2017-07-29,3,Type 3,Type 3,Temporally clustered,Back-to-Back,9,8,3.0,7.472222222222222,7,3.4791666666666665,9.125,9,9,3.4791666666666665,9.125,9,3,10,363,0,1.25,33,16,16,33,48.484848484848484,100.0,48.484848484848484,48.484848484848484,23.60861392441017,22.48318474234678,669.9194323284747,491.7046780911803,258712.13329979905,59.02251094890816,0.733975840023234,0.679175578375863,0.5147012625555853,0.8573695879395806,-0.8573695879395806,0.5147012625555853,23.60861392441017,22.48318474234678,23.60861392441017,22.48318474234678,23.60861392441017,22.48318474234678,258712.13329979905,669.9194323284747,491.7046780911803,0.733975840023234,0.733975840023234,0.733975840023234,59.02251094890816,71806.72732980894,38683.7584730802,0.6498905929141215,23.62121212121212,22.46969696969697,23.62121212121212,22.46969696969697,23.60861392441017,22.48318474234678,1334.7787590026855,38.877296447753906,41.82951354980469,40.44784118189956,0.7362431663285912,1.9778268201129758,319.0424894147315,17,17,33,51.515151515151516,100.0,51.515151515151516,51.515151515151516
30,30,2017-07-29,3,Type 3,Type 3,Temporally clustered,Back-to-Back,9,8,3.0,7.472222222222222,7,3.4791666666666665,9.125,9,9,3.4791666666666665,9.125,9,3,10,363,1,1.25,318,143,143,318,44.9685534591195,100.0,44.9685534591195,44.9685534591195,47.404653512425114,30.38720198904812,2411.9280596860535,1063.0586778217244,2013777.4268268556,77.59423598892661,0.44075057444296095,0.8976296180096778,0.21483358026017021,0.9766506708094748,-0.9766506708094748,0.21483358026017021,47.404653512425114,30.38720198904812,47.404653512425114,30.38720198904812,47.404653512425114,30.38720198904812,2013777.4268268556,2411.9280596860535,1063.0586778217244,0.44075057444296095,0.44075057444296095,0.44075057444296095,77.59423598892661,930783.5144161489,180815.00039873167,0.8373378535605154,47.40880503144654,31.037735849056602,47.40880503144654,31.037735849056602,47.404653512425114,30.38720198904812,12849.055578231812,24.385377883911133,50.221763610839844,40.40583515167236,5.631997629040507,72.12223461997638,180.3169847458092,145,145,318,45.59748427672956,100.0,45.59748427672956,45.59748427672956
30,30,2017-07-29,3,Type 3,Type 3,Temporally clustered,Back-to-Back,9,8,3.0,7.472222222222222,7,3.4791666666666665,9.125,9,9,3.4791666666666665,9.125,9,3,10,363,2,1.25,12,5,5,12,41.666666666666664,100.0,41.666666666666664,41.666666666666664,68.10960111821788,36.414678818981734,531.0930309430579,273.4476858599458,114060.3595672417,58.05780303631063,0.5148771870991921,0.8572639513036948,0.5290634385849784,0.8485822752995957,-0.8485822752995957,0.5290634385849784,68.10960111821788,36.414678818981734,68.10960111821788,36.414678818981734,68.10960111821788,36.414678818981734,114060.3595672417,531.0930309430579,273.4476858599458,0.5148771870991921,0.5148771870991921,0.5148771870991921,58.05780303631063,45129.56920260542,11963.781904345535,0.790452273821969,68.0,36.25,68.0,36.25,68.10960111821788,36.414678818981734,356.28198051452637,22.728240966796875,38.862022399902344,29.690165042877197,4.597298006706481,20.754721934001235,28.270184624809207,6,6,12,50.0,100.0,50.0,50.0
30,30,2017-07-30,3,Type 3,Type 3,Temporally clustered,Back-to-Back,9,9,3.4782608695652173,7.565217391304348,8,3.4791666666666665,9.125,9,9,3.4791666666666665,9.125,9,4,7,369,0,1.25,20,10,10,20,50.0,100.0,50.0,50.0,23.08751893505645,20.939696892114252,524.3938481418556,376.0560472841234,154881.67844594832,155.32490737780762,0.7171252077358374,0.6969443567673334,-0.9086897450757849,0.41747209151523546,-0.41747209151523546,-0.9086897450757849,23.08751893505645,20.939696892114252,23.08751893505645,20.939696892114252,23.08751893505645,20.939696892114252,154881.67844594832,524.3938481418556,376.0560472841234,0.7171252077358374,0.7171252077358374,0.7171252077358374,155.32490737780762,43998.22527504378,22626.904111833413,0.6603848379724104,23.1,20.95,23.1,20.95,23.08751893505645,20.939696892114252,806.6318016052246,38.80553436279297,42.125694274902344,40.33159008026123,0.8153745607790126,1.7281225804881242,228.69524378197997,10,10,20,50.0,100.0,50.0,50.0
30,30,2017-07-30,3,Type 3,Type 3,Temporally clustered,Back-to-Back,9,9,3.4782608695652173,7.565217391304348,8,3.4791666666666665,9.125,9,9,3.4791666666666665,9.125,9,4,7,369,1,1.25,16,6,6,16,37.5,100.0,37.5,37.5,21.37209705470668,43.04032006871943,451.41646469751186,164.0957557854311,58178.78203267202,90.0,0.3635130054358772,0.9315891234224324,6.123233995736766e-17,1.0,-1.0,6.123233995736766e-17,21.37209705470668,43.04032006871943,21.37209705470668,43.04032006871943,21.37209705470668,43.04032006871943,58178.78203267202,451.41646469751186,164.0957557854311,0.3635130054358772,0.3635130054358772,0.3635130054358772,90.0,32604.291935999998,4308.386730686694,0.8832816558887403,21.375,43.0,21.375,43.0,21.37209705470668,43.04032006871943,521.2100830078125,30.321327209472656,36.35588073730469,32.57563018798828,1.6453611212693742,4.485528626327318,356.97697950659233,6,6,16,37.5,100.0,37.5,37.5
30,30,2017-07-30,3,Type 3,Type 3,Temporally clustered,Back-to-Back,9,9,3.4782608695652173,7.565217391304348,8,3.4791666666666665,9.125,9,9,3.4791666666666665,9.125,9,4,7,369,2,1.25,313,152,152,313,48.56230031948882,100.0,48.56230031948882,48.56230031948882,46.821325652000354,29.692019896411463,2352.9245041997683,1275.6968120145486,2357465.491336826,80.46336974460112,0.5421749868036732,0.8402656030591975,0.1656781227809626,0.9861798819849127,-0.9861798819849127,0.1656781227809626,46.821325652000354,29.692019896411463,46.821325652000354,29.692019896411463,46.821325652000354,29.692019896411463,2357465.491336826,2352.9245041997683,1275.6968120145486,0.5421749868036732,0.5421749868036732,0.5421749868036732,80.46336974460112,885800.595594196,260384.37698945325,0.7728251693943315,46.72364217252396,30.51916932907348,46.72364217252396,30.51916932907348,46.821325652000354,29.692019896411463,12476.266944885254,24.53014373779297,49.66332244873047,39.86027777918611,6.048815852487479,92.17510888327996,174.1128138761617,153,153,313,48.88178913738019,100.0,48.88178913738019,48.88178913738019
30,30,2017-07-30,3,Type 3,Type 3,Temporally clustered,Back-to-Back,9,9,3.4782608695652173,7.565217391304348,8,3.4791666666666665,9.125,9,9,3.4791666666666665,9.125,9,4,7,369,3,1.25,20,11,11,20,55.0,100.0,55.0,55.0,67.52959640368287,35.44243145512569,547.194307944102,346.81746904179596,149050.14986376706,58.879926606481156,0.6338104472337178,0.7734884077847545,0.5168332876008099,0.856086066250198,-0.856086066250198,0.5168332876008099,67.52959640368287,35.44243145512569,67.52959640368287,35.44243145512569,67.52959640368287,35.44243145512569,149050.14986376706,547.194307944102,346.81746904179596,0.6338104472337178,0.6338104472337178,0.6338104472337178,58.879926606481156,47907.45770342796,19245.17709320914,0.7134114372207342,67.5,35.35,67.5,35.35,67.52959640368287,35.44243145512569,610.3609600067139,23.16844367980957,40.10394287109375,30.518048000335693,4.239193835307206,10.601681823812726,14.68278292716119,11,11,20,55.0,100.0,55.0,55.0
31,31,2017-08-01,4,Type 4,Type 4,Mixed,Mixed Multi-Day,13,1,3.394736842105264,8.736842105263158,9,3.611111111111111,9.0,9,9,3.611111111111111,9.0,9,3,8,386,0,1.25,34,19,19,34,55.88235294117647,100.0,55.88235294117647,55.88235294117647,21.947205080736843,41.68968881392838,895.5243298914634,292.49891115333855,205727.1096296812,82.44113508655695,0.32662307587867445,0.9451546785069381,0.13154472027325287,0.9913102372961916,-0.9913102372961916,0.13154472027325287,21.947205080736843,41.68968881392838,21.947205080736843,41.68968881392838,21.947205080736843,41.68968881392838,205727.1096296812,895.5243298914634,292.49891115333855,0.32662307587867445,0.32662307587867445,0.32662307587867445,82.44113508655695,128314.21206840873,13688.898084142184,0.9036014206348263,21.970588235294116,41.529411764705884,21.970588235294116,41.529411764705884,21.947205080736843,41.68968881392838,1067.5605945587158,27.4845027923584,37.32231903076172,31.39884101643282,2.640883388030095,17.907672418221583,353.75918564225975,18,18,34,52.94117647058823,100.0,52.94117647058823,52.94117647058823
31,31,2017-08-01,4,Type 4,Type 4,Mixed,Mixed Multi-Day,13,1,3.394736842105264,8.736842105263158,9,3.611111111111111,9.0,9,9,3.611111111111111,9.0,9,3,8,386,1,1.25,338,174,174,338,51.4792899408284,100.0,51.4792899408284,51.4792899408284,45.146424961809345,30.134591845156212,2114.7773301197017,1297.212291468782,2154594.677564329,101.89638480261752,0.6134037248240015,0.7897695045847495,-0.20614244390942313,0.9785219940395057,-0.9785219940395057,-0.20614244390942313,45.146424961809345,30.134591845156212,45.146424961809345,30.134591845156212,45.146424961809345,30.134591845156212,2154594.677564329,2114.7773301197017,1297.212291468782,0.6134037248240015,0.6134037248240015,0.6134037248240015,101.89638480261752,715565.3049581142,269241.5566620302,0.7266047108779377,44.93491124260355,30.86390532544379,44.93491124260355,30.86390532544379,45.146424961809345,30.134591845156212,13938.797666549683,21.392345428466797,49.19029235839844,41.239046350738704,6.190378789568603,83.36302890473651,165.84852669152252,176,176,338,52.071005917159766,100.0,52.071005917159766,52.071005917159766
31,31,2017-08-01,4,Type 4,Type 4,Mixed,Mixed Multi-Day,13,1,3.394736842105264,8.736842105263158,9,3.611111111111111,9.0,9,9,3.611111111111111,9.0,9,3,8,386,2,1.25,14,7,7,14,50.0,100.0,50.0,50.0,68.47898165134617,35.290430471979626,542.3652583387208,201.59798239475487,85875.23239771748,74.23000421210334,0.3717015042819204,0.9283522993532991,0.2717763228287408,0.9623604472076396,-0.9623604472076396,0.2717763228287408,68.47898165134617,35.290430471979626,68.47898165134617,35.290430471979626,68.47898165134617,35.290430471979626,85875.23239771748,542.3652583387208,201.59798239475487,0.3717015042819204,0.3717015042819204,0.3717015042819204,74.23000421210334,47065.61175245237,6502.679440901742,0.8786095412782461,68.42857142857143,35.214285714285715,68.42857142857143,35.214285714285715,68.47898165134617,35.290430471979626,422.7081985473633,24.979217529296875,38.96625518798828,30.193442753383092,3.999856687346199,9.613208345772028,28.48991153426103,8,8,14,57.142857142857146,100.0,57.142857142857146,57.142857142857146
31,31,2017-08-02,4,Type 4,Type 4,Mixed,Mixed Multi-Day,13,2,3.138888888888889,7.666666666666667,8,3.611111111111111,9.0,9,9,3.611111111111111,9.0,9,2,6,417,0,1.25,408,204,204,408,50.0,100.0,50.0,50.0,42.012647188215205,31.673626376922087,2806.5920853416064,1389.0065451127834,3061776.3893063026,125.30320048212252,0.49490859479271976,0.8689450401494305,-0.5779032120713593,0.8161053102863658,-0.8161053102863658,-0.5779032120713593,42.012647188215205,31.673626376922087,42.012647188215205,31.673626376922087,42.012647188215205,31.673626376922087,3061776.3893063026,2806.5920853416064,1389.0065451127834,0.49490859479271976,0.49490859479271976,0.49490859479271976,125.30320048212252,1260313.4613603437,308694.26917858404,0.8032550999142926,41.23774509803921,32.84313725490196,41.23774509803921,32.84313725490196,42.012647188215205,31.673626376922087,15839.569326400757,22.284713745117188,50.063446044921875,38.822473839217544,7.2306118348818815,148.82935258438073,150.41217065186854,210,210,408,51.470588235294116,100.0,51.470588235294116,51.470588235294116
31,31,2017-08-02,4,Type 4,Type 4,Mixed,Mixed Multi-Day,13,2,3.138888888888889,7.666666666666667,8,3.611111111111111,9.0,9,9,3.611111111111111,9.0,9,2,6,417,1,1.25,9,3,3,9,33.333333333333336,100.0,33.333333333333336,33.333333333333336,25.1560124734469,21.720117744813518,305.7414778880121,213.38892124510954,51240.82456925173,48.191027270102445,0.6979390651185059,0.7161571485236365,0.6666492063603239,0.7453716091045797,-0.7453716091045797,0.6666492063603239,25.1560124734469,21.720117744813518,25.1560124734469,21.720117744813518,25.1560124734469,21.720117744813518,51240.82456925173,305.7414778880121,213.38892124510954,0.6979390651185059,0.6979390651185059,0.6979390651185059,48.191027270102445,14956.45620818333,7285.573073624252,0.672441170663176,25.166666666666668,21.72222222222222,25.166666666666668,21.72222222222222,25.1560124734469,21.720117744813518,352.30110931396484,37.95228958129883,40.15913391113281,39.14456770155165,0.6464073213132655,1.1266730046662785,258.06575628513923,3,3,9,33.333333333333336,100.0,33.333333333333336,33.333333333333336
31,31,2017-08-03,4,Type 4,Type 4,Mixed,Mixed Multi-Day,13,3,3.1129032258064515,7.161290322580645,7,3.611111111111111,9.0,9,9,3.611111111111111,9.0,9,2,2,403,0,1.25,393,179,179,393,45.5470737913486,100.0,45.5470737913486,45.5470737913486,41.31107436513294,32.43646220573333,2865.6444167171103,1561.797631788177,3515093.98375364,124.8122173791494,0.5450074763907297,0.8384311842233734,-0.57088865122177,0.8210274952193674,-0.8210274952193674,-0.57088865122177,41.31107436513294,32.43646220573333,41.31107436513294,32.43646220573333,41.31107436513294,32.43646220573333,3515093.98375364,2865.6444167171103,1561.797631788177,0.5450074763907297,0.5450074763907297,0.5450074763907297,124.8122173791494,1313906.867689912,390273.8948254652,0.770990317805595,40.596692111959285,33.67302798982188,40.596692111959285,33.67302798982188,41.31107436513294,32.43646220573333,14842.578620910645,23.092248916625977,50.3497314453125,37.76737562572683,7.094464369009719,152.50918907648918,153.8613388559481,172,172,393,43.76590330788804,100.0,43.76590330788804,43.76590330788804
31,31,2017-08-03,4,Type 4,Type 4,Mixed,Mixed Multi-Day,13,3,3.1129032258064515,7.161290322580645,7,3.611111111111111,9.0,9,9,3.611111111111111,9.0,9,2,2,403,1,1.25,10,7,7,10,70.0,100.0,70.0,70.0,25.291161166835632,21.49142792942014,319.1996433268684,267.42713409594944,67043.66524926724,90.0,0.8378052409729587,0.5459692099360939,6.123233995736766e-17,1.0,-1.0,6.123233995736766e-17,25.291161166835632,21.49142792942014,25.291161166835632,21.49142792942014,25.291161166835632,21.49142792942014,67043.66524926724,319.1996433268684,267.42713409594944,0.8378052409729587,0.8378052409729587,0.8378052409729587,90.0,16302.145967999999,11442.763528123665,0.5875725047968755,25.3,21.5,25.3,21.5,25.291161166835632,21.49142792942014,392.46556854248047,37.805442810058594,40.05510330200195,39.24655685424805,0.6675562596824397,1.31899056425598,223.98113525280786,7,7,10,70.0,100.0,70.0,70.0
31,31,2017-08-04,4,Type 4,Type 4,Mixed,Mixed Multi-Day,13,4,3.147058823529412,7.852941176470588,8,3.611111111111111,9.0,9,9,3.611111111111111,9.0,9,2,5,453,0,1.25,442,185,185,442,41.8552036199095,100.0,41.8552036199095,41.8552036199095,40.57032997084418,33.083041153038316,2805.3228092926615,1719.5196113548632,3788609.619223864,130.3984719417975,0.6129489289642305,0.7901225287774061,-0.6480995908749559,0.7615555923947475,-0.7615555923947475,-0.6480995908749559,40.57032997084418,33.083041153038316,40.57032997084418,33.083041153038316,40.57032997084418,33.083041153038316,3788609.619223864,2805.3228092926615,1719.5196113548632,0.6129489289642305,0.6129489289642305,0.6129489289642305,130.3984719417975,1259173.7702940272,473079.6310134369,0.7268992916068934,39.782805429864254,34.237556561085974,39.782805429864254,34.237556561085974,40.57032997084418,33.083041153038316,16140.80781173706,23.57819366455078,49.875,36.51766473243679,7.041753439257349,147.42079982122578,150.0800655781311,177,177,442,40.04524886877828,100.0,40.04524886877828,40.04524886877828
31,31,2017-08-04,4,Type 4,Type 4,Mixed,Mixed Multi-Day,13,4,3.147058823529412,7.852941176470588,8,3.611111111111111,9.0,9,9,3.611111111111111,9.0,9,2,5,453,1,1.25,11,7,7,11,63.63636363636363,100.0,63.63636363636363,63.63636363636363,25.495675128141524,21.306789087517487,371.679335909432,274.66721282201036,80179.82765294494,123.05836611499777,0.738989731968686,0.6737166882635828,-0.5454930899491728,0.8381153195221429,-0.8381153195221429,-0.5454930899491728,25.495675128141524,21.306789087517487,25.495675128141524,21.306789087517487,25.495675128141524,21.306789087517487,80179.82765294494,371.679335909432,274.66721282201036,0.738989731968686,0.738989731968686,0.738989731968686,123.05836611499777,22103.28459873222,12070.732447905846,0.6467862577749453,25.5,21.318181818181817,25.5,21.318181818181817,25.495675128141524,21.306789087517487,436.1523323059082,38.167625427246094,40.36404037475586,39.650212027809836,0.6331375089673543,1.3388487641223812,199.5824887318859,7,7,11,63.63636363636363,100.0,63.63636363636363,63.63636363636363
31,31,2017-08-05,4,Type 4,Type 4,Mixed,Mixed Multi-Day,13,5,3.1153846153846154,8.102564102564102,8,3.611111111111111,9.0,9,9,3.611111111111111,9.0,9,1,7,499,0,1.25,499,207,207,499,41.482965931863724,100.0,41.482965931863724,41.482965931863724,40.94010109936584,33.515528953913325,2738.4975366310655,1826.8924645882057,3929300.291254528,132.3846325993488,0.6671148833077543,0.7449548526382531,-0.6741043009413096,0.7386361698782618,-0.7386361698782618,-0.6741043009413096,40.94010109936584,33.515528953913325,40.94010109936584,33.515528953913325,40.94010109936584,33.515528953913325,3929300.291254528,2738.4975366310655,1826.8924645882057,0.6671148833077543,0.6671148833077543,0.6671148833077543,132.3846325993488,1199899.001301506,534005.772347067,0.6920212802555563,40.07715430861723,34.61823647294589,40.07715430861723,34.61823647294589,40.94010109936584,33.515528953913325,18158.342290878296,22.95833969116211,50.40132141113281,36.38946350877414,7.075544144530473,145.96776308420226,146.68251234970674,198,198,499,39.67935871743487,100.0,39.67935871743487,39.67935871743487
31,31,2017-08-06,4,Type 4,Type 4,Mixed,Mixed Multi-Day,13,6,3.046875,8.5,9,3.611111111111111,9.0,9,9,3.611111111111111,9.0,9,1,15,552,0,1.25,552,249,249,552,45.108695652173914,100.0,45.108695652173914,45.108695652173914,41.77282980430426,34.295934913593996,2630.163004139241,2035.3389227954765,4204450.88888185,137.42799565606083,0.7738451645743419,0.6333748189381305,-0.7364277319187769,0.6765162198062705,-0.6765162198062705,-0.7364277319187769,41.77282980430426,34.295934913593996,41.77282980430426,34.295934913593996,41.77282980430426,34.295934913593996,4204450.88888185,2630.163004139241,2035.3389227954765,0.7738451645743419,0.7738451645743419,0.7738451645743419,137.42799565606083,1106841.1885348414,662816.7249034,0.6254548860148775,40.89855072463768,35.26086956521739,40.89855072463768,35.26086956521739,41.77282980430426,34.295934913593996,20218.863048553467,23.94511604309082,50.26425552368164,36.62837508795918,6.8379811717003935,133.65136860834073,142.96870799941985,239,239,552,43.29710144927536,100.0,43.29710144927536,43.29710144927536
31,31,2017-08-07,4,Type 4,Type 4,Mixed,Mixed Multi-Day,13,7,2.5,7.666666666666667,8,3.611111111111111,9.0,9,9,3.611111111111111,9.0,9,2,2,627,0,1.25,616,281,281,616,45.616883116883116,100.0,45.616883116883116,45.616883116883116,43.29567123294514,35.32484329639765,2494.76822555809,2052.4639328877533,4021569.8805815997,174.93861879537172,0.8227072606829473,0.5684652700205712,-0.9961007561408075,0.08822292001351774,-0.08822292001351774,-0.9961007561408075,43.29567123294514,35.32484329639765,43.29567123294514,35.32484329639765,43.29567123294514,35.32484329639765,4021569.8805815997,2494.76822555809,2052.4639328877533,0.8227072606829473,0.8227072606829473,0.8227072606829473,174.93861879537172,995818.9598806817,674017.3113288104,0.596357245946869,42.27435064935065,36.03733766233766,42.27435064935065,36.03733766233766,43.29567123294514,35.32484329639765,22671.193250656128,23.13711929321289,50.34282684326172,36.80388514716904,6.647303925001619,121.6432676879519,130.23312764962083,276,276,616,44.8051948051948,100.0,44.8051948051948,44.8051948051948
31,31,2017-08-07,4,Type 4,Type 4,Mixed,Mixed Multi-Day,13,7,2.5,7.666666666666667,8,3.611111111111111,9.0,9,9,3.611111111111111,9.0,9,2,2,627,1,1.25,11,5,5,11,45.45454545454545,100.0,45.45454545454545,45.45454545454545,68.58934513653203,34.29442796594231,530.5577714582868,109.76171396467157,45737.60734446171,72.46640926149429,0.20687985337201154,0.9783663558548888,0.3012648824630391,0.9535404923727839,-0.9535404923727839,0.3012648824630391,68.58934513653203,34.29442796594231,68.58934513653203,34.29442796594231,68.58934513653203,34.29442796594231,45737.60734446171,530.5577714582868,109.76171396467157,0.20687985337201154,0.20687985337201154,0.20687985337201154,72.46640926149429,45038.647816765384,1927.6214163939803,0.9589573230348679,68.5909090909091,34.31818181818182,68.5909090909091,34.31818181818182,68.58934513653203,34.29442796594231,348.10926246643066,25.067134857177734,39.512176513671875,31.646296587857332,4.245528183294333,2.6388956024768313,183.1277639667661,5,5,11,45.45454545454545,100.0,45.45454545454545,45.45454545454545
31,31,2017-08-08,4,Type 4,Type 4,Mixed,Mixed Multi-Day,13,8,2.736842105263158,8.105263157894736,8,3.611111111111111,9.0,9,9,3.611111111111111,9.0,9,2,3,628,0,1.25,617,294,294,617,47.64991896272285,100.0,47.64991896272285,47.64991896272285,43.21836935831347,35.48476896667921,2424.9206983434683,1943.1504285150172,3700784.9101020116,4.0435769541622335,0.8013253504918483,0.5982287878889786,0.997510707666412,0.07051516213449262,-0.07051516213449262,0.997510707666412,43.21836935831347,35.48476896667921,43.21836935831347,35.48476896667921,43.21836935831347,35.48476896667921,3700784.9101020116,2424.9206983434683,1943.1504285150172,0.8013253504918483,0.8013253504918483,0.8013253504918483,4.0435769541622335,940838.4629207319,604133.3740540952,0.6089680345002052,42.252025931928685,36.130470016207454,42.252025931928685,36.130470016207454,43.21836935831347,35.48476896667921,22828.35440826416,23.861736297607422,50.196372985839844,36.99895366007157,6.766166156809368,112.9642107905461,129.0780769348303,280,280,617,45.380875202593195,100.0,45.380875202593195,45.380875202593195
31,31,2017-08-08,4,Type 4,Type 4,Mixed,Mixed Multi-Day,13,8,2.736842105263158,8.105263157894736,8,3.611111111111111,9.0,9,9,3.611111111111111,9.0,9,2,3,628,1,1.25,11,5,5,11,45.45454545454545,100.0,45.45454545454545,45.45454545454545,68.60517671572354,34.33259545508654,530.5577714582868,109.76171396467157,45737.60734446171,72.46640926149429,0.20687985337201154,0.9783663558548888,0.3012648824630391,0.9535404923727839,-0.9535404923727839,0.3012648824630391,68.60517671572354,34.33259545508654,68.60517671572354,34.33259545508654,68.60517671572354,34.33259545508654,45737.60734446171,530.5577714582868,109.76171396467157,0.20687985337201154,0.20687985337201154,0.20687985337201154,72.46640926149429,45038.647816765384,1927.6214163939803,0.9589573230348679,68.5909090909091,34.31818181818182,68.5909090909091,34.31818181818182,68.60517671572354,34.33259545508654,340.67817306518555,25.488523483276367,39.84011459350586,30.970743005925957,4.133093428576484,2.0689501771589156,39.390190227540884,5,5,11,45.45454545454545,100.0,45.45454545454545,45.45454545454545
31,31,2017-08-09,4,Type 4,Type 4,Mixed,Mixed Multi-Day,13,9,3.323529411764706,9.0,9,3.611111111111111,9.0,9,9,3.611111111111111,9.0,9,3,0,643,0,1.25,623,289,289,623,46.3884430176565,100.0,46.3884430176565,46.3884430176565,42.01481956885417,34.99953168686216,2307.5866904010963,1990.475506858923,3607486.749991278,176.64934071904827,0.8625788643775484,0.5059226252394124,-0.9982905299318043,0.058446709475190844,-0.058446709475190844,-0.9982905299318043,42.01481956885417,34.99953168686216,42.01481956885417,34.99953168686216,42.01481956885417,34.99953168686216,3607486.749991278,2307.5866904010963,1990.475506858923,0.8625788643775484,0.8625788643775484,0.8625788643775484,176.64934071904827,851993.0133946056,633918.8389448458,0.5733805892006377,41.15489566613162,35.68780096308186,41.15489566613162,35.68780096308186,42.01481956885417,34.99953168686216,23111.205759048462,22.100120544433594,50.25889205932617,37.09663845754167,6.878959899065487,109.27751366588822,134.0795308417906,281,281,623,45.10433386837881,100.0,45.10433386837881,45.10433386837881
31,31,2017-08-09,4,Type 4,Type 4,Mixed,Mixed Multi-Day,13,9,3.323529411764706,9.0,9,3.611111111111111,9.0,9,9,3.611111111111111,9.0,9,3,0,643,1,1.25,13,5,5,13,38.46153846153846,100.0,38.46153846153846,38.46153846153846,68.66563195338101,35.00262630169771,647.2473672914525,130.65847037577265,66419.82752949881,78.39061139729215,0.2018679055003985,0.9794127570788949,0.2012384336340611,0.97954228741209,-0.97954228741209,0.2012384336340611,68.66563195338101,35.00262630169771,68.66563195338101,35.00262630169771,68.66563195338101,35.00262630169771,66419.82752949881,647.2473672914525,130.65847037577265,0.2018679055003985,0.2018679055003985,0.2018679055003985,78.39061139729215,67028.66471451463,2731.461740949866,0.9608449428099353,68.65384615384616,34.96153846153846,68.65384615384616,34.96153846153846,68.66563195338101,35.00262630169771,414.02685356140137,25.610450744628906,40.42709732055664,31.848219504723183,4.151442662994546,4.683602074409774,13.279993140941476,6,6,13,46.15384615384615,100.0,46.15384615384615,46.15384615384615
31,31,2017-08-09,4,Type 4,Type 4,Mixed,Mixed Multi-Day,13,9,3.323529411764706,9.0,9,3.611111111111111,9.0,9,9,3.611111111111111,9.0,9,3,0,643,2,1.25,7,4,4,7,57.142857142857146,100.0,57.142857142857146,57.142857142857146,68.054989786648,43.04807633033608,271.491415363719,157.0203045501312,33481.260379816755,82.08497457089979,0.5783619505602782,0.81578027320113,0.13770429568854065,0.9904733852804541,-0.9904733852804541,0.13770429568854065,68.054989786648,43.04807633033608,68.054989786648,43.04807633033608,68.054989786648,43.04807633033608,33481.260379816755,271.491415363719,157.0203045501312,0.5783619505602782,0.5783619505602782,0.5783619505602782,82.08497457089979,11793.214178591263,3944.8601665625524,0.7493428941783286,68.07142857142857,43.07142857142857,68.07142857142857,43.07142857142857,68.054989786648,43.04807633033608,272.0936164855957,36.50566864013672,40.735679626464844,38.87051664079939,1.534097270012076,2.919525739967253,207.30772377872222,4,4,7,57.142857142857146,100.0,57.142857142857146,57.142857142857146
31,31,2017-08-10,4,Type 4,Type 4,Mixed,Mixed Multi-Day,13,10,3.261904761904762,6.857142857142857,7,3.611111111111111,9.0,9,9,3.611111111111111,9.0,9,1,11,548,0,1.25,548,254,254,548,46.35036496350365,100.0,46.35036496350365,46.35036496350365,39.80035370483971,34.01477376535541,2331.667529816609,1913.2948585927977,3503792.758552612,150.27996218891167,0.8205693282280612,0.5715470038162639,-0.8684581866529054,0.4957624209594222,-0.4957624209594222,-0.8684581866529054,39.80035370483971,34.01477376535541,39.80035370483971,34.01477376535541,39.80035370483971,34.01477376535541,3503792.758552612,2331.667529816609,1913.2948585927977,0.8205693282280612,0.8205693282280612,0.8205693282280612,150.27996218891167,869867.755136174,585711.5545468214,0.597609315651525,38.96350364963504,34.815693430656935,38.96350364963504,34.815693430656935,39.80035370483971,34.01477376535541,20010.014602661133,21.41623306274414,50.072906494140625,36.514625187337835,7.014175182230228,117.5252204911186,138.87263880140426,249,249,548,45.43795620437956,100.0,45.43795620437956,45.43795620437956
31,31,2017-08-11,4,Type 4,Type 4,Mixed,Mixed Multi-Day,13,11,2.973684210526316,8.421052631578947,8,3.611111111111111,9.0,9,9,3.611111111111111,9.0,9,2,8,460,0,1.25,447,205,205,447,45.86129753914989,100.0,45.86129753914989,45.86129753914989,37.12925727913583,33.352677302896154,2347.5162916875975,1634.6546807084237,3013870.021641998,126.75532036054256,0.6963336895665558,0.7177181847874745,-0.5983990006643913,0.8011982501253094,-0.8011982501253094,-0.5983990006643913,37.12925727913583,33.352677302896154,37.12925727913583,33.352677302896154,37.12925727913583,33.352677302896154,3013870.021641998,2347.5162916875975,1634.6546807084237,0.6963336895665558,0.6963336895665558,0.6963336895665558,126.75532036054256,881733.2383581903,427535.3480259134,0.6734548186123774,36.383668903803134,34.35011185682327,36.383668903803134,34.35011185682327,37.12925727913583,33.352677302896154,15958.493328094482,22.173274993896484,49.62206268310547,35.70132735591607,7.24065096327206,130.38763847885238,147.84075529608594,198,198,447,44.29530201342282,100.0,44.29530201342282,44.29530201342282
31,31,2017-08-11,4,Type 4,Type 4,Mixed,Mixed Multi-Day,13,11,2.973684210526316,8.421052631578947,8,3.611111111111111,9.0,9,9,3.611111111111111,9.0,9,2,8,460,1,1.25,13,6,6,13,46.15384615384615,100.0,46.15384615384615,46.15384615384615,53.36965052980937,25.548097117583374,400.36778239979986,265.7637993791315,83568.92733935652,119.8086683732826,0.6637991643237284,0.747910869985936,-0.4971052410106167,0.8676902554251584,-0.8676902554251584,-0.4971052410106167,53.36965052980937,25.548097117583374,53.36965052980937,25.548097117583374,53.36965052980937,25.548097117583374,83568.92733935652,400.36778239979986,265.7637993791315,0.6637991643237284,0.6637991643237284,0.6637991643237284,119.8086683732826,25647.097789397365,11300.863529669,0.6941410804217395,53.34615384615385,25.653846153846153,53.34615384615385,25.653846153846153,53.36965052980937,25.548097117583374,499.2931365966797,34.939361572265625,45.559043884277344,38.407164353590744,3.6550987599313793,11.950491297444444,168.60361651333537,6,6,13,46.15384615384615,100.0,46.15384615384615,46.15384615384615
31,31,2017-08-12,4,Type 4,Type 4,Mixed,Mixed Multi-Day,13,12,3.611111111111111,7.833333333333333,8,3.611111111111111,9.0,9,9,3.611111111111111,9.0,9,2,5,450,0,1.25,439,204,204,439,46.46924829157175,100.0,46.46924829157175,46.46924829157175,38.261275062451986,33.21075205265515,2443.2245557217793,1611.6246203199057,3092553.0574770253,132.88335740849803,0.6596301664313448,0.7515903428954874,-0.6805080599613869,0.7327405955231289,-0.7327405955231289,-0.6805080599613869,38.261275062451986,33.21075205265515,38.261275062451986,33.21075205265515,38.261275062451986,33.21075205265515,3092553.0574770253,2443.2245557217793,1611.6246203199057,0.6596301664313448,0.6596301664313448,0.6596301664313448,132.88335740849803,955095.3967491019,415573.4266914049,0.6968097474864302,37.33599088838269,34.249430523917994,37.33599088838269,34.249430523917994,38.261275062451986,33.21075205265515,15730.748809814453,22.81975746154785,49.12443161010742,35.83314079684386,7.351064657450822,143.61622093272456,143.08100112341702,198,198,439,45.10250569476082,100.0,45.10250569476082,45.10250569476082
31,31,2017-08-12,4,Type 4,Type 4,Mixed,Mixed Multi-Day,13,12,3.611111111111111,7.833333333333333,8,3.611111111111111,9.0,9,9,3.611111111111111,9.0,9,2,5,450,1,1.25,11,6,6,11,54.54545454545455,100.0,54.54545454545455,54.54545454545455,26.907155031688823,19.235362811165203,484.14948329995104,149.28543153708657,56765.80250884713,12.328259946893496,0.308345741731584,0.9512743576676496,0.9769403828042643,0.21351226767157297,-0.21351226767157297,0.9769403828042643,26.907155031688823,19.235362811165203,26.907155031688823,19.235362811165203,26.907155031688823,19.235362811165203,56765.80250884713,484.14948329995104,149.28543153708657,0.308345741731584,0.308345741731584,0.308345741731584,12.328259946893496,37504.115548737536,3565.782411074266,0.9131777143794344,26.863636363636363,19.227272727272727,26.863636363636363,19.227272727272727,26.907155031688823,19.235362811165203,444.8825798034668,39.128273010253906,42.83730697631836,40.44387089122426,1.1226612615951679,4.662607891952407,78.91942803526887,6,6,11,54.54545454545455,100.0,54.54545454545455,54.54545454545455
31,31,2017-08-13,4,Type 4,Type 4,Mixed,Mixed Multi-Day,13,13,3.6,7.8,8,3.611111111111111,9.0,9,9,3.611111111111111,9.0,9,2,10,364,0,1.25,353,164,164,353,46.45892351274787,100.0,46.45892351274787,46.45892351274787,40.597328316745504,32.80134507005585,2225.433442649511,1583.7081752633321,2768086.4541177484,120.32684020707319,0.7116403235936966,0.7025439842710625,-0.5049320260751252,0.8631591099233495,-0.8631591099233495,-0.5049320260751252,40.597328316745504,32.80134507005585,40.597328316745504,32.80134507005585,40.597328316745504,32.80134507005585,2768086.4541177484,2225.433442649511,1583.7081752633321,0.7116403235936966,0.7116403235936966,0.7116403235936966,120.32684020707319,792408.6412260568,401301.05350334616,0.6638202275853046,39.684135977337114,33.92776203966006,39.684135977337114,33.92776203966006,40.597328316745504,32.80134507005585,12706.903057098389,23.50304412841797,50.1002311706543,35.996892513026594,7.831829462502201,151.0973080795515,145.5214274943357,162,162,353,45.892351274787536,100.0,45.892351274787536,45.892351274787536
31,31,2017-08-13,4,Type 4,Type 4,Mixed,Mixed Multi-Day,13,13,3.6,7.8,8,3.611111111111111,9.0,9,9,3.611111111111111,9.0,9,2,10,364,1,1.25,11,6,6,11,54.54545454545455,100.0,54.54545454545455,54.54545454545455,26.91998690175683,19.23748789018795,484.14948329995104,149.28543153708657,56765.80250884713,12.328259946893496,0.308345741731584,0.9512743576676496,0.9769403828042643,0.21351226767157297,-0.21351226767157297,0.9769403828042643,26.91998690175683,19.23748789018795,26.91998690175683,19.23748789018795,26.91998690175683,19.23748789018795,56765.80250884713,484.14948329995104,149.28543153708657,0.308345741731584,0.308345741731584,0.308345741731584,12.328259946893496,37504.115548737536,3565.782411074266,0.9131777143794344,26.863636363636363,19.227272727272727,26.863636363636363,19.227272727272727,26.91998690175683,19.23748789018795,442.31959533691406,38.33985137939453,42.80022430419922,40.21087230335582,1.3734568291855338,6.03191324663528,79.18590216107691,6,6,11,54.54545454545455,100.0,54.54545454545455,54.54545454545455
32,32,2018-07-09,4,Type 4,Type 4,Mixed,Mixed Multi-Day,7,1,3.4285714285714284,7.428571428571429,7,3.5454545454545454,8.363636363636363,8,8,3.5454545454545454,8.363636363636363,8,1,2,472,0,1.25,472,198,198,472,41.94915254237288,100.0,41.94915254237288,41.94915254237288,54.120916048688294,34.881136164500944,2256.410965797348,1818.8787110001545,3223382.344608034,35.679265899652904,0.806093720767492,0.5917878955666639,0.8122946446259647,0.583247297732255,-0.583247297732255,0.8122946446259647,54.120916048688294,34.881136164500944,54.120916048688294,34.881136164500944,54.120916048688294,34.881136164500944,3223382.344608034,2256.410965797348,1818.8787110001545,0.806093720767492,0.806093720767492,0.806093720767492,35.679265899652904,814622.4714512834,529331.1624527334,0.6061388212366429,53.73728813559322,35.41737288135593,53.73728813559322,35.41737288135593,54.120916048688294,34.881136164500944,18491.486740112305,23.84190559387207,48.519493103027344,39.17687868667861,5.776465049888885,69.00181343465715,149.45121218907167,197,197,472,41.73728813559322,100.0,41.73728813559322,41.73728813559322
32,32,2018-07-10,4,Type 4,Type 4,Mixed,Mixed Multi-Day,7,2,3.306451612903226,7.225806451612903,7,3.5454545454545454,8.363636363636363,8,8,3.5454545454545454,8.363636363636363,8,1,3,564,0,1.25,564,243,243,564,43.08510638297872,100.0,43.08510638297872,43.08510638297872,52.78329821071002,34.98256856345792,2223.0611900171475,1946.8163766388307,3399118.3739865725,38.806390124825896,0.8757367477697786,0.48278892759218406,0.7792680757649951,0.6266907260312075,-0.6266907260312075,0.7792680757649951,52.78329821071002,34.98256856345792,52.78329821071002,34.98256856345792,52.78329821071002,34.98256856345792,3399118.3739865725,2223.0611900171475,1946.8163766388307,0.8757367477697786,0.8757367477697786,0.8757367477697786,38.806390124825896,790720.1687296729,606415.0406958632,0.5659582289496488,52.413120567375884,35.586879432624116,52.413120567375884,35.586879432624116,52.78329821071002,34.98256856345792,21935.320163726807,23.231237411499023,50.50505447387695,38.89241163781349,5.728295651086278,75.0275662179092,153.2236921326668,233,233,564,41.312056737588655,100.0,41.312056737588655,41.312056737588655
32,32,2018-07-11,4,Type 4,Type 4,Mixed,Mixed Multi-Day,7,3,3.425925925925926,7.555555555555555,8,3.5454545454545454,8.363636363636363,8,8,3.5454545454545454,8.363636363636363,8,1,6,516,0,1.25,516,216,216,516,41.86046511627907,100.0,41.86046511627907,41.86046511627907,51.99870166162997,34.98038587335909,2241.4015657836576,1992.9095067130854,3508303.2939736224,48.759582579368,0.8891354129202224,0.4576442040397603,0.6592200625052109,0.7519500709426297,-0.7519500709426297,0.6592200625052109,51.99870166162997,34.98038587335909,51.99870166162997,34.98038587335909,51.99870166162997,34.98038587335909,3508303.2939736224,2241.4015657836576,1992.9095067130854,0.8891354129202224,0.8891354129202224,0.8891354129202224,48.759582579368,803820.9566555893,635470.1283115828,0.5584839404976395,51.72093023255814,35.66860465116279,51.72093023255814,35.66860465116279,51.99870166162997,34.98038587335909,20013.862800598145,23.94032859802246,51.282100677490234,38.786555815112685,5.656328295949868,80.42414689877982,161.6164687436262,208,208,516,40.310077519379846,100.0,40.310077519379846,40.310077519379846
32,32,2018-07-12,4,Type 4,Type 4,Mixed,Mixed Multi-Day,7,4,3.5434782608695654,8.173913043478262,8,3.5454545454545454,8.363636363636363,8,8,3.5454545454545454,8.363636363636363,8,1,10,519,0,1.25,519,219,219,519,42.19653179190752,100.0,42.19653179190752,42.19653179190752,51.700403100786964,33.8380519821836,2492.9497191067976,1922.2384121393166,3763662.328439354,70.40895062673765,0.7710698685202676,0.6367505460226456,0.3353043994144125,0.9421098448341043,-0.9421098448341043,0.3353043994144125,51.700403100786964,33.8380519821836,51.700403100786964,33.8380519821836,51.700403100786964,33.8380519821836,3763662.328439354,2492.9497191067976,1922.2384121393166,0.7710698685202676,0.7710698685202676,0.7710698685202676,70.40895062673765,994367.728319146,591200.0820966209,0.6271366773385765,51.46531791907515,34.627167630057805,51.46531791907515,34.627167630057805,51.700403100786964,33.8380519821836,20315.33740234375,21.686723709106445,50.87329864501953,39.143231989101636,5.846243740699193,90.17359531887915,166.03593449922408,213,213,519,41.040462427745666,100.0,41.040462427745666,41.040462427745666
32,32,2018-07-13,4,Type 4,Type 4,Mixed,Mixed Multi-Day,7,5,3.4130434782608696,7.869565217391305,8,3.5454545454545454,8.363636363636363,8,8,3.5454545454545454,8.363636363636363,8,2,6,456,0,1.25,13,7,7,13,53.84615384615385,100.0,53.84615384615385,53.84615384615385,27.03372450641,36.192840402225094,571.0663987362573,338.3548676905897,151757.06455703807,145.26142766946157,0.5924965440785045,0.805572991885297,-0.8217606077139736,0.5698328734019833,-0.5698328734019833,-0.8217606077139736,27.03372450641,36.192840402225094,27.03372450641,36.192840402225094,27.03372450641,36.192840402225094,151757.06455703807,571.0663987362573,338.3548676905897,0.5924965440785045,0.5924965440785045,0.5924965440785045,145.26142766946157,52178.69308249568,18317.442638386634,0.7401638763447759,26.96153846153846,36.19230769230769,26.96153846153846,36.19230769230769,27.03372450641,36.192840402225094,364.505823135376,26.422500610351562,31.420413970947266,28.038909471952,1.534774156871129,6.492968354827086,89.45706901197035,7,7,13,53.84615384615385,100.0,53.84615384615385,53.84615384615385
32,32,2018-07-13,4,Type 4,Type 4,Mixed,Mixed Multi-Day,7,5,3.4130434782608696,7.869565217391305,8,3.5454545454545454,8.363636363636363,8,8,3.5454545454545454,8.363636363636363,8,2,6,456,1,1.25,443,196,196,443,44.24379232505643,100.0,44.24379232505643,44.24379232505643,52.4761574301348,33.26162523122182,2496.0018697221476,1991.6485544712582,3904338.768258794,75.4056498679847,0.7979355218563865,0.6027428165974077,0.2519739323790151,0.9677340220336658,-0.9677340220336658,0.2519739323790151,52.4761574301348,33.26162523122182,52.4761574301348,33.26162523122182,52.4761574301348,33.26162523122182,3904338.768258794,2496.0018697221476,1991.6485544712582,0.7979355218563865,0.7979355218563865,0.7979355218563865,75.4056498679847,996804.053385033,634666.2343243925,0.6109851101147173,52.16139954853273,34.14108352144469,52.16139954853273,34.14108352144469,52.4761574301348,33.26162523122182,17126.332901000977,24.032817840576172,49.60931396484375,38.65989368171778,6.330943166821705,101.81767855898433,163.25843821096709,196,196,443,44.24379232505643,100.0,44.24379232505643,44.24379232505643
32,32,2018-07-14,4,Type 4,Type 4,Mixed,Mixed Multi-Day,7,6,3.5454545454545454,8.363636363636363,8,3.5454545454545454,8.363636363636363,8,8,3.5454545454545454,8.363636363636363,8,4,6,389,0,1.25,21,12,12,21,57.142857142857146,100.0,57.142857142857146,57.142857142857146,28.667208988867294,35.83036986663954,670.061015221865,317.47371388980804,167075.20585178526,160.3672908865879,0.473798216397784,0.8806334368727312,-0.9418657961160333,0.3359893184413917,-0.3359893184413917,-0.9418657961160333,28.667208988867294,35.83036986663954,28.667208988867294,35.83036986663954,28.667208988867294,35.83036986663954,167075.20585178526,670.061015221865,317.47371388980804,0.473798216397784,0.473798216397784,0.473798216397784,160.3672908865879,71837.08225922502,16126.329441758033,0.8166700321199819,28.547619047619047,35.833333333333336,28.547619047619047,35.833333333333336,28.667208988867294,35.83036986663954,599.4361782073975,26.206335067749023,33.519447326660156,28.544579914637975,1.8873977366245882,10.810514664343424,91.70797975874812,12,12,21,57.142857142857146,100.0,57.142857142857146,57.142857142857146
32,32,2018-07-14,4,Type 4,Type 4,Mixed,Mixed Multi-Day,7,6,3.5454545454545454,8.363636363636363,8,3.5454545454545454,8.363636363636363,8,8,3.5454545454545454,8.363636363636363,8,4,6,389,1,1.25,25,13,13,25,52.0,100.0,52.0,52.0,35.56586369250092,43.776294804194244,710.8712522500755,290.364509561674,162115.43489565465,1.4125080244851347,0.4084628667182725,0.9127749374913242,0.999696132263319,0.02465041861228127,-0.02465041861228127,0.999696132263319,35.56586369250092,43.776294804194244,35.56586369250092,43.776294804194244,35.56586369250092,43.776294804194244,162115.43489565465,710.8712522500755,290.364509561674,0.4084628667182725,0.4084628667182725,0.4084628667182725,1.4125080244851347,80854.0699640945,13489.847746078636,0.8570141237136263,35.42,43.74,35.42,43.74,35.56586369250092,43.776294804194244,686.825798034668,25.62715721130371,33.8509521484375,27.47303192138672,1.8198425059705736,12.41951663535448,71.00212951564207,12,12,25,48.0,100.0,48.0,48.0
32,32,2018-07-14,4,Type 4,Type 4,Mixed,Mixed Multi-Day,7,6,3.5454545454545454,8.363636363636363,8,3.5454545454545454,8.363636363636363,8,8,3.5454545454545454,8.363636363636363,8,4,6,389,2,1.25,114,58,58,114,50.87719298245614,100.0,50.87719298245614,50.87719298245614,49.77129124362958,21.44454453269671,1254.483514757033,817.4954764390078,805452.9902261995,54.61953952237322,0.6516590029461962,0.758512059152107,0.5790031564458532,0.8153253000034641,-0.8153253000034641,0.5790031564458532,49.77129124362958,21.44454453269671,49.77129124362958,21.44454453269671,49.77129124362958,21.44454453269671,805452.9902261995,1254.483514757033,817.4954764390078,0.6516590029461962,0.6516590029461962,0.6516590029461962,54.61953952237322,251796.62220754538,106927.81663971848,0.7019221300245848,49.6578947368421,21.37719298245614,49.6578947368421,21.37719298245614,49.77129124362958,21.44454453269671,4970.908657073975,33.02263259887695,47.75450897216797,43.604461904157674,3.309003828160185,13.922862974961424,57.59353169980971,58,58,114,50.87719298245614,100.0,50.87719298245614,50.87719298245614
32,32,2018-07-14,4,Type 4,Type 4,Mixed,Mixed Multi-Day,7,6,3.5454545454545454,8.363636363636363,8,3.5454545454545454,8.363636363636363,8,8,3.5454545454545454,8.363636363636363,8,4,6,389,3,1.25,229,105,105,229,45.851528384279476,100.0,45.851528384279476,45.851528384279476,58.96505614528577,37.64108596821006,1637.1496638951317,958.7471634979706,1232770.8505217666,153.01671994119678,0.5856197418242781,0.8105859103054197,-0.8911389688592601,0.45373046864901484,-0.45373046864901484,-0.8911389688592601,58.96505614528577,37.64108596821006,58.96505614528577,37.64108596821006,58.96505614528577,37.64108596821006,1232770.8505217666,1637.1496638951317,958.7471634979706,0.5856197418242781,0.5856197418242781,0.5856197418242781,153.01671994119678,428841.44351871085,147071.37976246473,0.7446290934719113,58.775109170305676,37.68340611353712,58.775109170305676,37.68340611353712,58.96505614528577,37.64108596821006,8583.07017326355,22.91092872619629,46.043426513671875,37.48065577844345,5.436957955327892,17.405503335099084,105.59812122005081,106,106,229,46.2882096069869,100.0,46.2882096069869,46.2882096069869
32,32,2018-07-15,4,Type 4,Type 4,Mixed,Mixed Multi-Day,7,7,2.5625,7.958333333333333,8,3.5454545454545454,8.363636363636363,8,8,3.5454545454545454,8.363636363636363,8,3,10,365,0,1.25,24,13,13,24,54.166666666666664,100.0,54.166666666666664,54.166666666666664,29.129090171539406,35.658507652416674,695.4521915153525,309.7582425227772,169192.08132764822,159.39376936166295,0.4454055164422314,0.895328948444553,-0.9360212691303015,0.3519434382620306,-0.3519434382620306,-0.9360212691303015,29.129090171539406,35.658507652416674,29.129090171539406,35.658507652416674,29.129090171539406,35.658507652416674,169192.08132764822,695.4521915153525,309.7582425227772,0.4454055164422314,0.4454055164422314,0.4454055164422314,159.39376936166295,77384.60010936104,15352.027009727946,0.8344556246367099,29.0,35.666666666666664,29.0,35.666666666666664,29.129090171539406,35.658507652416674,685.8217430114746,26.073532104492188,34.213531494140625,28.575905958811443,1.8349816929079723,11.723626488270039,94.39099304313903,13,13,24,54.166666666666664,100.0,54.166666666666664,54.166666666666664
32,32,2018-07-15,4,Type 4,Type 4,Mixed,Mixed Multi-Day,7,7,2.5625,7.958333333333333,8,3.5454545454545454,8.363636363636363,8,8,3.5454545454545454,8.363636363636363,8,3,10,365,1,1.25,8,5,5,8,62.5,100.0,62.5,62.5,41.8486622367605,11.85695259126091,375.31373468275865,305.6287099017621,90090.39423399548,60.89678542863201,0.8143286047341187,0.580404103631068,0.4863844025213951,0.8737449358845553,-0.8737449358845553,0.4863844025213951,41.8486622367605,11.85695259126091,41.8486622367605,11.85695259126091,41.8486622367605,11.85695259126091,90090.39423399548,375.31373468275865,305.6287099017621,0.8143286047341187,0.8143286047341187,0.8143286047341187,60.89678542863201,22537.663910643227,14945.42533059447,0.6012755182902055,41.875,11.875,41.875,11.875,41.8486622367605,11.85695259126091,319.90229415893555,36.59235382080078,42.16801452636719,39.98778676986694,1.7941885535317352,3.4958083578494765,235.17632869907123,5,5,8,62.5,100.0,62.5,62.5
32,32,2018-07-15,4,Type 4,Type 4,Mixed,Mixed Multi-Day,7,7,2.5625,7.958333333333333,8,3.5454545454545454,8.363636363636363,8,8,3.5454545454545454,8.363636363636363,8,3,10,365,2,1.25,333,143,143,333,42.94294294294294,100.0,42.94294294294294,42.94294294294294,57.07100365784017,31.81143640272026,2277.344080574429,1325.2350072396816,2370344.3013428045,63.73518832805841,0.5819212909212249,0.8132451113733025,0.44252052820120236,0.8967583744356831,-0.8967583744356831,0.44252052820120236,57.07100365784017,31.81143640272026,57.07100365784017,31.81143640272026,57.07100365784017,31.81143640272026,2370344.3013428045,2277.344080574429,1325.2350072396816,0.5819212909212249,0.5819212909212249,0.5819212909212249,63.73518832805841,829807.3698123826,280999.6519061695,0.7470310806359243,57.232732732732735,32.23873873873874,57.232732732732735,32.23873873873874,57.07100365784017,31.81143640272026,13411.516603469849,23.064990997314453,47.978126525878906,40.27482463504459,5.309614434903737,49.78462404160819,197.9144936719197,144,144,333,43.24324324324324,100.0,43.24324324324324,43.24324324324324
33,33,2019-06-26,3,Type 3,Type 3,Temporally clustered,Back-to-Back,2,1,3.6538461538461537,6.923076923076923,7,3.6538461538461537,8.384615384615385,8,8,3.6538461538461537,8.384615384615385,8,2,10,410,0,1.25,402,207,207,402,51.492537313432834,100.0,51.492537313432834,51.492537313432834,43.60321734809289,28.678977856444046,2486.5068841675093,1702.7180885542666,3325234.6477091024,79.15303748064439,0.6847831789230466,0.7287468681675735,0.18818638387409067,0.9821333335776733,-0.9821333335776733,0.18818638387409067,43.60321734809289,28.678977856444046,43.60321734809289,28.678977856444046,43.60321734809289,28.678977856444046,3325234.6477091024,2486.5068841675093,1702.7180885542666,0.6847831789230466,0.6847831789230466,0.6847831789230466,79.15303748064439,989234.6376019863,463879.8222543833,0.6807685594841341,43.5,29.236318407960198,43.5,29.236318407960198,43.60321734809289,28.678977856444046,16225.333364486694,25.607511520385742,49.186798095703125,40.36152578230521,5.663951738944959,62.586903923002126,170.72395368583722,209,209,402,51.99004975124378,100.0,51.99004975124378,51.99004975124378
33,33,2019-06-26,3,Type 3,Type 3,Temporally clustered,Back-to-Back,2,1,3.6538461538461537,6.923076923076923,7,3.6538461538461537,8.384615384615385,8,8,3.6538461538461537,8.384615384615385,8,2,10,410,1,1.25,8,4,4,8,50.0,100.0,50.0,50.0,66.47468433285314,45.120023671295606,369.92404967732375,125.77152518969265,36541.36578199207,11.304216665455812,0.33999283177019785,0.9404280272008496,0.9806002352941826,0.1960183117491673,-0.1960183117491673,0.9806002352941826,66.47468433285314,45.120023671295606,66.47468433285314,45.120023671295606,66.47468433285314,45.120023671295606,36541.36578199207,369.92404967732375,125.77152518969265,0.33999283177019785,0.33999283177019785,0.33999283177019785,11.304216665455812,21895.00840474738,2530.956247766639,0.8963825468605947,66.5,45.125,66.5,45.125,66.47468433285314,45.120023671295606,319.34375381469727,38.75926208496094,40.956382751464844,39.91796922683716,0.6490769911126123,2.067154642604778,254.49121874007886,4,4,8,50.0,100.0,50.0,50.0
33,33,2019-06-27,3,Type 3,Type 3,Temporally clustered,Back-to-Back,2,2,3.4615384615384617,8.384615384615385,8,3.6538461538461537,8.384615384615385,8,8,3.6538461538461537,8.384615384615385,8,3,9,388,0,1.25,368,206,206,368,55.97826086956522,100.0,55.97826086956522,55.97826086956522,41.271818500659165,25.813156945538704,2325.540244721458,1705.2488927066702,3114594.5345900524,90.59495994250278,0.7332699989076804,0.679937577062726,-0.010383823301237355,0.9999460866534998,-0.9999460866534998,-0.010383823301237355,41.271818500659165,25.813156945538704,41.271818500659165,25.813156945538704,41.271818500659165,25.813156945538704,3114594.5345900524,2325.540244721458,1705.2488927066702,0.7332699989076804,0.7332699989076804,0.7332699989076804,90.59495994250278,865301.988771062,465259.8057723719,0.6503282991587623,41.10597826086956,26.285326086956523,41.10597826086956,26.285326086956523,41.271818500659165,25.813156945538704,14969.979084014893,25.746231079101562,49.850215911865234,40.6792909891709,5.739526751404499,54.880678067971964,162.360959263857,206,206,368,55.97826086956522,100.0,55.97826086956522,55.97826086956522
33,33,2019-06-27,3,Type 3,Type 3,Temporally clustered,Back-to-Back,2,2,3.4615384615384617,8.384615384615385,8,3.6538461538461537,8.384615384615385,8,8,3.6538461538461537,8.384615384615385,8,3,9,388,1,1.25,11,4,4,11,36.36363636363637,100.0,36.36363636363637,36.36363636363637,65.31912285217692,22.864695583416058,388.57478692670895,174.02662234396118,53110.47553973451,32.58870292862852,0.4478587602668755,0.8941043176566241,0.8425586106543062,0.5386046672767377,-0.5386046672767377,0.8425586106543062,65.31912285217692,22.864695583416058,65.31912285217692,22.864695583416058,65.31912285217692,22.864695583416058,53110.47553973451,388.57478692670895,174.02662234396118,0.4478587602668755,0.4478587602668755,0.4478587602668755,32.58870292862852,24158.45840562196,4845.64244551163,0.8329325059796763,65.31818181818181,22.863636363636363,65.31818181818181,22.863636363636363,65.31912285217692,22.864695583416058,329.78858375549316,29.74312400817871,30.17778778076172,29.98078034140847,0.11031399958010588,0.1519400493683985,39.46449339803554,4,4,11,36.36363636363637,100.0,36.36363636363637,36.36363636363637
33,33,2019-06-27,3,Type 3,Type 3,Temporally clustered,Back-to-Back,2,2,3.4615384615384617,8.384615384615385,8,3.6538461538461537,8.384615384615385,8,8,3.6538461538461537,8.384615384615385,8,3,9,388,2,1.25,9,4,4,9,44.44444444444444,100.0,44.44444444444444,44.44444444444444,66.16354294225178,45.05198029262518,402.18550538283625,118.6379281766419,37474.845404067375,12.712800503658741,0.2949831025454577,0.9555024694958438,0.9754854035545901,0.2200641439488459,-0.2200641439488459,0.9754854035545901,66.16354294225178,45.05198029262518,66.16354294225178,45.05198029262518,66.16354294225178,45.05198029262518,37474.845404067375,402.18550538283625,118.6379281766419,0.2949831025454577,0.2949831025454577,0.2949831025454577,12.712800503658741,25880.508918407584,2251.993280327367,0.919950480607138,66.16666666666667,45.05555555555556,66.16666666666667,45.05555555555556,66.16354294225178,45.05198029262518,347.6292839050293,37.983917236328125,39.27286148071289,38.6254759894477,0.456019235978732,0.4673526936367937,211.77097807832243,4,4,9,44.44444444444444,100.0,44.44444444444444,44.44444444444444
34,34,2019-07-18,3,Type 3,Type 3,Temporally clustered,Back-to-Back,3,1,2.8295454545454546,8.318181818181818,8,2.988372093023256,8.318181818181818,8,8,2.988372093023256,8.318181818181818,8,2,7,380,0,1.25,104,53,53,104,50.96153846153846,100.0,50.96153846153846,50.96153846153846,28.39240419203306,23.022314146843406,1294.607983379983,546.5659248564241,555738.7945484923,12.52118521095403,0.4221864316249937,0.9065090275070373,0.9762159114722536,0.21680058622706053,-0.21680058622706053,0.9762159114722536,28.39240419203306,23.022314146843406,28.39240419203306,23.022314146843406,28.39240419203306,23.022314146843406,555738.7945484923,1294.607983379983,546.5659248564241,0.4221864316249937,0.4221864316249937,0.4221864316249937,12.52118521095403,268161.5729009898,47797.48963426532,0.8487225235739773,28.48076923076923,23.028846153846153,28.48076923076923,23.028846153846153,28.39240419203306,23.022314146843406,4279.9754066467285,32.08495330810547,46.191566467285156,41.153609679295464,3.003798886978549,9.086539873202668,265.45111135204917,51,51,104,49.03846153846154,100.0,49.03846153846154,49.03846153846154
34,34,2019-07-18,3,Type 3,Type 3,Temporally clustered,Back-to-Back,3,1,2.8295454545454546,8.318181818181818,8,2.988372093023256,8.318181818181818,8,8,2.988372093023256,8.318181818181818,8,2,7,380,1,1.25,276,118,118,276,42.7536231884058,100.0,42.7536231884058,42.7536231884058,60.02642985570475,37.88658951325464,1434.026615461323,1131.2303721171738,1274084.2589613951,37.79052385907508,0.7888489376142155,0.6145871407904038,0.7902563701798592,0.612776361644404,-0.612776361644404,0.7902563701798592,60.02642985570475,37.88658951325464,60.02642985570475,37.88658951325464,60.02642985570475,37.88658951325464,1274084.2589613951,1434.026615461323,1131.2303721171738,0.7888489376142155,0.7888489376142155,0.7888489376142155,37.79052385907508,329029.17341623316,204749.1447680575,0.6164153960682861,59.90217391304348,37.80797101449275,59.90217391304348,37.80797101449275,60.02642985570475,37.88658951325464,11016.527589797974,21.383535385131836,48.02782440185547,39.91495503549991,4.9805549090136765,13.991006136414594,51.37528365453454,122,122,276,44.20289855072464,100.0,44.20289855072464,44.20289855072464
34,34,2019-07-19,3,Type 3,Type 3,Temporally clustered,Back-to-Back,3,2,2.8181818181818183,8.136363636363637,8,2.988372093023256,8.318181818181818,8,8,2.988372093023256,8.318181818181818,8,2,8,393,0,1.25,97,47,47,97,48.45360824742268,100.0,48.45360824742268,48.45360824742268,29.171968594516727,22.971652855681334,1389.536481054553,530.979335468936,579478.6694860769,6.911054926218924,0.3821269485965298,0.9241098393352951,0.9927341436648633,0.12032838402467833,-0.12032838402467833,0.9927341436648633,29.171968594516727,22.971652855681334,29.171968594516727,22.971652855681334,29.171968594516727,22.971652855681334,579478.6694860769,1389.536481054553,530.979335468936,0.3821269485965298,0.3821269485965298,0.3821269485965298,6.911054926218924,308929.86114903516,45110.24875120526,0.8725843555863877,29.283505154639176,22.97422680412371,29.283505154639176,22.97422680412371,29.171968594516727,22.971652855681334,3923.423480987549,31.639007568359375,44.77954864501953,40.44766475244896,3.0189336238431257,11.440840388401721,268.5940952797609,48,48,97,49.48453608247423,100.0,49.48453608247423,49.48453608247423
34,34,2019-07-19,3,Type 3,Type 3,Temporally clustered,Back-to-Back,3,2,2.8181818181818183,8.136363636363637,8,2.988372093023256,8.318181818181818,8,8,2.988372093023256,8.318181818181818,8,2,8,393,1,1.25,296,124,124,296,41.891891891891895,100.0,41.891891891891895,41.891891891891895,59.58463406535849,37.66731289823347,1485.434271654095,1185.1118564134806,1382619.4564404297,31.948548219215354,0.7978218080923954,0.6028933259973782,0.8485236232343482,0.5291575009515163,-0.5291575009515163,0.8485236232343482,59.58463406535849,37.66731289823347,59.58463406535849,37.66731289823347,59.58463406535849,37.66731289823347,1382619.4564404297,1485.434271654095,1185.1118564134806,0.7978218080923954,0.7978218080923954,0.7978218080923954,31.948548219215354,353042.39606472506,224718.417953889,0.6110528569930858,59.439189189189186,37.58445945945946,59.439189189189186,37.58445945945946,59.58463406535849,37.66731289823347,11915.376331329346,21.446260452270508,47.99311828613281,40.25464976800455,5.276630055785762,15.79284517849477,54.3445792374784,124,124,296,41.891891891891895,100.0,41.891891891891895,41.891891891891895
34,34,2019-07-20,3,Type 3,Type 3,Temporally clustered,Back-to-Back,3,3,2.988372093023256,7.953488372093023,8,2.988372093023256,8.318181818181818,8,8,2.988372093023256,8.318181818181818,8,2,7,393,0,1.25,95,51,51,95,53.68421052631579,100.0,53.68421052631579,53.68421052631579,30.15191215882209,22.38854824275468,1583.9022239839828,598.2699478128287,744244.1642673173,179.50571751971523,0.3777189896911709,0.9259202799521572,-0.9999627889023817,0.008626749710691788,-0.008626749710691788,-0.9999627889023817,30.15191215882209,22.38854824275468,30.15191215882209,22.38854824275468,30.15191215882209,22.38854824275468,744244.1642673173,1583.9022239839828,598.2699478128287,0.3777189896911709,0.3777189896911709,0.3777189896911709,179.50571751971523,401399.4008226252,57268.30887295437,0.8751420523782594,30.373684210526317,22.373684210526317,30.373684210526317,22.373684210526317,30.15191215882209,22.38854824275468,3820.5307598114014,31.46814727783203,45.12983322143555,40.216113261172644,3.412723662716534,22.89819632622467,274.1643243113747,52,52,95,54.73684210526316,100.0,54.73684210526316,54.73684210526316
34,34,2019-07-20,3,Type 3,Type 3,Temporally clustered,Back-to-Back,3,3,2.988372093023256,7.953488372093023,8,2.988372093023256,8.318181818181818,8,8,2.988372093023256,8.318181818181818,8,2,7,393,1,1.25,298,129,129,298,43.288590604026844,100.0,43.288590604026844,43.288590604026844,59.04913581391072,37.611624028820714,1597.9764171754678,1179.2415761555035,1480004.4788439895,22.761948931333052,0.7379593112143003,0.6748452081715596,0.9221203037440993,0.38690327657295703,-0.38690327657295703,0.9221203037440993,59.04913581391072,37.611624028820714,59.04913581391072,37.611624028820714,59.04913581391072,37.611624028820714,1480004.4788439895,1597.9764171754678,1179.2415761555035,0.7379593112143003,0.7379593112143003,0.7379593112143003,22.761948931333052,408564.5807758311,222497.71118939455,0.6474235364364709,58.84228187919463,37.54697986577181,58.84228187919463,37.54697986577181,59.04913581391072,37.611624028820714,11863.170789718628,21.76690673828125,48.08932113647461,39.80929795207593,5.3541013057027635,19.62995801362218,68.49856171718257,131,131,298,43.95973154362416,100.0,43.95973154362416,43.95973154362416
35,35,2020-07-19,3,Type 3,Type 3,Temporally clustered,Back-to-Back,3,1,2.966666666666667,7.644444444444445,8,3.1,8.4,8,8,3.1,8.4,8,2,6,375,0,1.25,358,143,143,358,39.944134078212294,100.0,39.944134078212294,39.944134078212294,51.59970977757416,37.57986450027257,2212.4513981962155,1205.543703324765,2094819.3629677955,32.7862988323628,0.5448904795412138,0.8385072243608556,0.840696118409166,0.5415071896953553,-0.5415071896953553,0.840696118409166,51.59970977757416,37.57986450027257,51.59970977757416,37.57986450027257,51.59970977757416,37.57986450027257,2094819.3629677955,2212.4513981962155,1205.543703324765,0.5448904795412138,0.5448904795412138,0.5448904795412138,32.7862988323628,783190.5903008622,232533.69930015822,0.7710661232769198,51.357541899441344,37.87988826815643,51.357541899441344,37.87988826815643,51.59970977757416,37.57986450027257,13873.483335494995,23.568098068237305,50.618896484375,38.752746747192724,5.665316361289961,39.5553604081618,147.2627306483816,139,139,358,38.8268156424581,100.0,38.8268156424581,38.8268156424581
35,35,2020-07-19,3,Type 3,Type 3,Temporally clustered,Back-to-Back,3,1,2.966666666666667,7.644444444444445,8,3.1,8.4,8,8,3.1,8.4,8,2,6,375,1,1.25,17,7,7,17,41.1764705882353,100.0,41.1764705882353,41.1764705882353,65.20197763826354,23.333848465645577,459.71822036744663,221.3680557832903,79927.55885701277,175.48964117487478,0.4815298719427604,0.8764296791111017,-0.9969031323803759,0.0786393327171252,-0.0786393327171252,-0.9969031323803759,65.20197763826354,23.333848465645577,65.20197763826354,23.333848465645577,65.20197763826354,23.333848465645577,79927.55885701277,459.71822036744663,221.3680557832903,0.4815298719427604,0.4815298719427604,0.4815298719427604,175.48964117487478,33814.53474204995,7840.610579403828,0.8117732990991234,65.20588235294117,23.323529411764707,65.20588235294117,23.323529411764707,65.20197763826354,23.333848465645577,515.5923843383789,29.790742874145508,30.9443416595459,30.328963784610522,0.4058599007858464,1.2105852846218006,340.7394047973606,7,7,17,41.1764705882353,100.0,41.1764705882353,41.1764705882353
35,35,2020-07-20,3,Type 3,Type 3,Temporally clustered,Back-to-Back,3,2,2.902173913043478,7.934782608695652,8,3.1,8.4,8,8,3.1,8.4,8,2,8,423,0,1.25,409,168,168,409,41.075794621026894,100.0,41.075794621026894,41.075794621026894,50.157283030384434,36.75967181170512,2261.780500052138,1188.5101196335881,2111267.297514723,35.11777947954229,0.5254754471559866,0.850808764903263,0.8179712478943001,0.575259104767792,-0.575259104767792,0.8179712478943001,50.157283030384434,36.75967181170512,50.157283030384434,36.75967181170512,50.157283030384434,36.75967181170512,2111267.297514723,2261.780500052138,1188.5101196335881,0.5254754471559866,0.5254754471559866,0.5254754471559866,35.11777947954229,818504.164866576,226009.00871543138,0.7836226345136786,50.21638141809291,37.13569682151589,50.21638141809291,37.13569682151589,50.157283030384434,36.75967181170512,16143.191919326782,25.465639114379883,51.29814910888672,39.469906893219516,5.387493516469654,42.06070498352168,187.20739949381317,166,166,409,40.58679706601467,100.0,40.58679706601467,40.58679706601467
35,35,2020-07-20,3,Type 3,Type 3,Temporally clustered,Back-to-Back,3,2,2.902173913043478,7.934782608695652,8,3.1,8.4,8,8,3.1,8.4,8,2,8,423,1,1.25,14,3,3,14,21.428571428571427,100.0,21.428571428571427,21.428571428571427,65.56680308310834,23.509626273182242,454.8019411043666,187.69957252417188,67046.4016621551,164.80196344244015,0.4127061816587523,0.9108642092104909,-0.965025478744796,0.26215610878516116,-0.26215610878516116,-0.965025478744796,65.56680308310834,23.509626273182242,65.56680308310834,23.509626273182242,65.56680308310834,23.509626273182242,67046.4016621551,454.8019411043666,187.69957252417188,0.4127061816587523,0.4127061816587523,0.4127061816587523,164.80196344244015,33095.16890116796,5636.980724121098,0.8544624871416743,65.57142857142857,23.5,65.57142857142857,23.5,65.56680308310834,23.509626273182242,424.21927070617676,29.76740074157715,31.02596092224121,30.301376479012625,0.42284043252423137,1.166108021279986,336.10112930940716,4,4,14,28.571428571428573,100.0,28.571428571428573,28.571428571428573
35,35,2020-07-21,3,Type 3,Type 3,Temporally clustered,Back-to-Back,3,3,3.1,8.4,8,3.1,8.4,8,8,3.1,8.4,8,2,9,389,0,1.25,376,165,165,376,43.88297872340426,100.0,43.88297872340426,43.88297872340426,49.58141952171606,35.54732605692872,2340.918193002027,1165.077523220622,2142056.6001444696,39.127403804512,0.4977010844306823,0.8673486211187073,0.7757446745166792,0.6310469078911737,-0.6310469078911737,0.7757446745166792,49.58141952171606,35.54732605692872,49.58141952171606,35.54732605692872,49.58141952171606,35.54732605692872,2142056.6001444696,2340.918193002027,1165.077523220622,0.4977010844306823,0.4977010844306823,0.4977010844306823,39.127403804512,876783.6778124601,217184.9016182238,0.8014706220070326,49.74202127659574,35.96010638297872,49.74202127659574,35.96010638297872,49.58141952171606,35.54732605692872,14876.174184799194,22.641807556152344,50.026222229003906,39.564293044678706,5.252142796649061,48.04795238056359,197.64330637061494,158,158,376,42.02127659574468,100.0,42.02127659574468,42.02127659574468
35,35,2020-07-21,3,Type 3,Type 3,Temporally clustered,Back-to-Back,3,3,3.1,8.4,8,3.1,8.4,8,8,3.1,8.4,8,2,9,389,1,1.25,13,5,5,13,38.46153846153846,100.0,38.46153846153846,38.46153846153846,65.72788509313901,23.429273670621193,440.5870736021566,190.811554803615,66027.7203045,167.25358977304236,0.43308477764355596,0.9013531912482652,-0.9753561460298024,0.22063632611583,-0.22063632611583,-0.9753561460298024,65.72788509313901,23.429273670621193,65.72788509313901,23.429273670621193,65.72788509313901,23.429273670621193,66027.7203045,440.5870736021566,190.811554803615,0.43308477764355596,0.43308477764355596,0.43308477764355596,167.25358977304236,31058.715108049943,5825.447911451674,0.8420609976056225,65.73076923076923,23.423076923076923,65.73076923076923,23.423076923076923,65.72788509313901,23.429273670621193,392.4642925262451,29.78261947631836,30.702320098876953,30.189560963557316,0.27247832966448116,0.7469088848537423,336.75767165999827,5,5,13,38.46153846153846,100.0,38.46153846153846,38.46153846153846
36,36,2020-07-29,3,Type 3,Type 3,Temporally clustered,Back-to-Back,3,1,2.462962962962963,7.592592592592593,8,3.338709677419355,7.592592592592593,8,8,3.338709677419355,7.592592592592593,8,3,9,376,0,1.25,338,145,145,338,42.89940828402367,100.0,42.89940828402367,42.89940828402367,39.4384748883336,33.021276239555846,2383.4358578106844,1193.2287600191864,2233659.9777791738,150.37410113038754,0.5006338878845399,0.8656591189963923,-0.8692715688112432,0.4943348456830046,-0.4943348456830046,-0.8692715688112432,39.4384748883336,33.021276239555846,39.4384748883336,33.021276239555846,39.4384748883336,33.021276239555846,2233659.9777791738,2383.4358578106844,1193.2287600191864,0.5006338878845399,0.5006338878845399,0.5006338878845399,150.37410113038754,908922.6381276406,227807.17979790803,0.7995942604781495,38.49704142011834,33.68343195266272,38.49704142011834,33.68343195266272,39.4384748883336,33.021276239555846,13152.213098526001,25.33388328552246,50.8123893737793,38.91187307256213,7.051385666903582,114.33278593863832,129.70626061373088,154,154,338,45.562130177514796,100.0,45.562130177514796,45.562130177514796
36,36,2020-07-29,3,Type 3,Type 3,Temporally clustered,Back-to-Back,3,1,2.462962962962963,7.592592592592593,8,3.338709677419355,7.592592592592593,8,8,3.338709677419355,7.592592592592593,8,3,9,376,1,1.25,25,11,11,25,44.0,100.0,44.0,44.0,63.906167000307356,32.900525027770186,586.6479981703775,440.84106155651006,203118.51555570727,170.7969116365919,0.7514575400093304,0.6597814528790011,-0.9871276457055997,0.15993439618706165,-0.15993439618706165,-0.9871276457055997,63.906167000307356,32.900525027770186,63.906167000307356,32.900525027770186,63.906167000307356,32.900525027770186,203118.51555570727,586.6479981703775,440.84106155651006,0.7514575400093304,0.7514575400093304,0.7514575400093304,170.7969116365919,55064.93980116979,31094.534648683315,0.6391048709706199,64.1,33.02,64.1,33.02,63.906167000307356,32.900525027770186,940.2179203033447,27.583572387695312,45.43971252441406,37.60871681213379,5.138655320958632,22.44973501245442,233.880342552088,11,11,25,44.0,100.0,44.0,44.0
36,36,2020-07-29,3,Type 3,Type 3,Temporally clustered,Back-to-Back,3,1,2.462962962962963,7.592592592592593,8,3.338709677419355,7.592592592592593,8,8,3.338709677419355,7.592592592592593,8,3,9,376,2,1.25,13,6,6,13,46.15384615384615,100.0,46.15384615384615,46.15384615384615,65.88326983087157,23.353025896030953,378.1918404988902,205.88980125793145,61155.689987530284,165.16857693335967,0.5444057200872784,0.8388220382990971,-0.9666831475668971,0.2559759602192296,-0.2559759602192296,-0.9666831475668971,65.88326983087157,23.353025896030953,65.88326983087157,23.353025896030953,65.88326983087157,23.353025896030953,61155.689987530284,378.1918404988902,205.88980125793145,0.5444057200872784,0.5444057200872784,0.5444057200872784,165.16857693335967,22884.65091519008,6782.497641924883,0.7713801975654225,65.88461538461539,23.346153846153847,65.88461538461539,23.346153846153847,65.88326983087157,23.353025896030953,392.24781036376953,29.695598602294922,30.64653968811035,30.172908489520733,0.29724130848145597,0.7734095157159853,349.7526350188214,6,6,13,46.15384615384615,100.0,46.15384615384615,46.15384615384615
36,36,2020-07-30,3,Type 3,Type 3,Temporally clustered,Back-to-Back,3,2,3.338709677419355,7.419354838709677,7,3.338709677419355,7.592592592592593,8,8,3.338709677419355,7.592592592592593,8,3,9,378,0,1.25,348,154,154,348,44.252873563218394,100.0,44.252873563218394,44.252873563218394,39.10151557486251,32.20486639156841,2533.6585309514535,1079.3690907312694,2147869.751677741,146.5071290771933,0.42601206024631055,0.9047174832646343,-0.833954490851356,0.5518332240712367,-0.5518332240712367,-0.833954490851356,39.10151557486251,32.20486639156841,39.10151557486251,32.20486639156841,39.10151557486251,32.20486639156841,2147869.751677741,2533.6585309514535,1079.3690907312694,0.42601206024631055,0.42601206024631055,0.42601206024631055,146.5071290771933,1027108.0882340923,186406.0214441675,0.8463915499972312,37.88505747126437,32.85919540229885,37.88505747126437,32.85919540229885,39.10151557486251,32.20486639156841,13762.184076309204,26.00505256652832,52.505226135253906,39.54650596640576,7.13201291107275,135.36761023419697,122.08586123648081,160,160,348,45.97701149425287,100.0,45.97701149425287,45.97701149425287
36,36,2020-07-30,3,Type 3,Type 3,Temporally clustered,Back-to-Back,3,2,3.338709677419355,7.419354838709677,7,3.338709677419355,7.592592592592593,8,8,3.338709677419355,7.592592592592593,8,3,9,378,1,1.25,14,9,9,14,64.28571428571429,100.0,64.28571428571429,64.28571428571429,65.6446543538312,23.766932696435326,467.5951409044502,269.30394438867677,98901.43323245613,137.4293569764892,0.5759340096387082,0.8174961874782538,-0.7364438054140371,0.6764987224432075,-0.6764987224432075,-0.7364438054140371,65.6446543538312,23.766932696435326,65.6446543538312,23.766932696435326,65.6446543538312,23.766932696435326,98901.43323245613,467.5951409044502,269.30394438867677,0.5759340096387082,0.5759340096387082,0.5759340096387082,137.4293569764892,34983.23452759243,11603.93831412792,0.7509198861765612,65.71428571428571,23.642857142857142,65.71428571428571,23.642857142857142,65.6446543538312,23.766932696435326,436.7220115661621,29.81983757019043,43.679786682128906,31.194429397583008,3.4723884352362053,15.468207134126262,332.6860976158431,8,8,14,57.142857142857146,100.0,57.142857142857146,57.142857142857146
36,36,2020-07-30,3,Type 3,Type 3,Temporally clustered,Back-to-Back,3,2,3.338709677419355,7.419354838709677,7,3.338709677419355,7.592592592592593,8,8,3.338709677419355,7.592592592592593,8,3,9,378,2,1.25,16,10,10,16,62.5,100.0,62.5,62.5,66.76189925719916,33.628429231898444,494.38940376727425,329.88240745146464,128090.87450010506,35.728966444839614,0.6672521800381293,0.7448318791743301,0.8117884081253008,0.5839516935786642,-0.5839516935786642,0.8117884081253008,66.76189925719916,33.628429231898444,66.76189925719916,33.628429231898444,66.76189925719916,33.628429231898444,128090.87450010506,494.38940376727425,329.88240745146464,0.6672521800381293,0.6672521800381293,0.6672521800381293,35.728966444839614,39107.34120917775,17411.584439355862,0.6919335560687961,66.8125,33.6875,66.8125,33.6875,66.76189925719916,33.628429231898444,517.3818588256836,24.91834259033203,39.30695343017578,32.336366176605225,4.517826499037451,8.05949125021346,215.62955903433328,10,10,16,62.5,100.0,62.5,62.5
36,36,2020-07-31,3,Type 3,Type 3,Temporally clustered,Back-to-Back,3,3,3.023809523809524,6.333333333333333,6,3.338709677419355,7.592592592592593,8,8,3.338709677419355,7.592592592592593,8,2,15,360,0,1.25,346,162,162,346,46.820809248554916,100.0,46.820809248554916,46.820809248554916,37.986900365048555,31.119081779291943,2615.4316962557095,1172.679476024102,2408865.7030990436,145.41246242628438,0.4483693753895111,0.8938483670135666,-0.8232598609657755,0.5676646909246796,-0.5676646909246796,-0.8232598609657755,37.986900365048555,31.119081779291943,37.986900365048555,31.119081779291943,37.986900365048555,31.119081779291943,2408865.7030990436,2615.4316962557095,1172.679476024102,0.4483693753895111,0.4483693753895111,0.4483693753895111,145.41246242628438,1094477.2732446431,220028.34455810607,0.8326151356234653,36.67341040462428,31.82369942196532,36.67341040462428,31.82369942196532,37.986900365048555,31.119081779291943,13495.961109161377,25.672510147094727,51.344276428222656,39.005667945553114,7.026118403473702,147.25418204765177,121.69822843859528,169,169,346,48.84393063583815,100.0,48.84393063583815,48.84393063583815
36,36,2020-07-31,3,Type 3,Type 3,Temporally clustered,Back-to-Back,3,3,3.023809523809524,6.333333333333333,6,3.338709677419355,7.592592592592593,8,8,3.338709677419355,7.592592592592593,8,2,15,360,1,1.25,14,9,9,14,64.28571428571429,100.0,64.28571428571429,64.28571428571429,65.64401297555237,23.760302557937347,467.5951409044502,269.30394438867677,98901.43323245613,137.4293569764892,0.5759340096387082,0.8174961874782538,-0.7364438054140371,0.6764987224432075,-0.6764987224432075,-0.7364438054140371,65.64401297555237,23.760302557937347,65.64401297555237,23.760302557937347,65.64401297555237,23.760302557937347,98901.43323245613,467.5951409044502,269.30394438867677,0.5759340096387082,0.5759340096387082,0.5759340096387082,137.4293569764892,34983.23452759243,11603.93831412792,0.7509198861765612,65.71428571428571,23.642857142857142,65.71428571428571,23.642857142857142,65.64401297555237,23.760302557937347,436.4674587249756,29.866527557373047,43.11292266845703,31.17624705178397,3.3178735171881937,14.85121742023593,331.16066236910245,8,8,14,57.142857142857146,100.0,57.142857142857146,57.142857142857146
37,37,2021-06-28,4,Type 4,Type 4,Mixed,Mixed Multi-Day,11,1,2.9545454545454546,7.909090909090909,8,3.6666666666666665,9.285714285714286,9,9,3.6666666666666665,9.285714285714286,9,3,4,372,0,1.25,63,35,35,63,55.55555555555556,100.0,55.55555555555556,55.55555555555556,23.47338109774135,36.667442194993704,1204.8860061446708,678.2606080281018,641848.3611441875,91.56567580559552,0.56292512699883,0.8265078955420517,-0.027322797112067802,0.9996266626886123,-0.9996266626886123,-0.027322797112067802,23.47338109774135,36.667442194993704,23.47338109774135,36.667442194993704,23.47338109774135,36.667442194993704,641848.3611441875,1204.8860061446708,678.2606080281018,0.56292512699883,0.56292512699883,0.56292512699883,91.56567580559552,232280.04604852095,73605.99238442407,0.7593679242063228,23.626984126984127,36.91269841269841,23.626984126984127,36.91269841269841,23.47338109774135,36.667442194993704,1993.1737422943115,26.115875244140625,41.22480392456055,31.637678449116056,4.472166885292731,30.47502019103078,206.78169623035754,36,36,63,57.142857142857146,100.0,57.142857142857146,57.142857142857146
37,37,2021-06-28,4,Type 4,Type 4,Mixed,Mixed Multi-Day,11,1,2.9545454545454546,7.909090909090909,8,3.6666666666666665,9.285714285714286,9,9,3.6666666666666665,9.285714285714286,9,3,4,372,1,1.25,11,4,4,11,36.36363636363637,100.0,36.36363636363637,36.36363636363637,35.214370670966126,20.21841461551105,377.8120577485694,224.3787901073638,66580.56824902535,62.9670931580234,0.5938899659382654,0.804546274839332,0.4545021590526322,0.8907456356426877,-0.8907456356426877,0.4545021590526322,35.214370670966126,20.21841461551105,35.214370670966126,20.21841461551105,35.214370670966126,20.21841461551105,66580.56824902535,377.8120577485694,224.3787901073638,0.5938899659382654,0.5938899659382654,0.5938899659382654,62.9670931580234,22838.712156833328,8055.334632007108,0.7392593243913627,35.22727272727273,20.227272727272727,35.22727272727273,20.227272727272727,35.214370670966126,20.21841461551105,465.3994483947754,40.66539001464844,43.330078125,42.3090407631614,0.78935598247831,1.6671743264281587,233.97184150061375,4,4,11,36.36363636363637,100.0,36.36363636363637,36.36363636363637
37,37,2021-06-28,4,Type 4,Type 4,Mixed,Mixed Multi-Day,11,1,2.9545454545454546,7.909090909090909,8,3.6666666666666665,9.285714285714286,9,9,3.6666666666666665,9.285714285714286,9,3,4,372,2,1.25,298,135,135,298,45.30201342281879,100.0,45.30201342281879,45.30201342281879,49.391288279695466,35.63545903131416,2402.555913106528,1010.5625866818184,1906894.2118834737,51.20741199738678,0.42061979959298895,0.9072370055230077,0.6265029880333169,0.7794190182343035,-0.7794190182343035,0.6265029880333169,49.391288279695466,35.63545903131416,49.391288279695466,35.63545903131416,49.391288279695466,35.63545903131416,1906894.2118834737,2402.555913106528,1010.5625866818184,0.42061979959298895,0.42061979959298895,0.42061979959298895,51.20741199738678,923563.9864965028,163397.87865616765,0.8496746906265957,49.54362416107382,36.16107382550336,49.54362416107382,36.16107382550336,49.391288279695466,35.63545903131416,11931.218633651733,23.331029891967773,49.90068817138672,40.03764642165011,5.726593343268612,59.920280487221504,193.3134035348187,130,130,298,43.624161073825505,100.0,43.624161073825505,43.624161073825505
37,37,2021-06-29,4,Type 4,Type 4,Mixed,Mixed Multi-Day,11,2,2.8833333333333333,7.733333333333333,8,3.6666666666666665,9.285714285714286,9,9,3.6666666666666665,9.285714285714286,9,3,2,418,0,1.25,76,41,41,76,53.94736842105263,100.0,53.94736842105263,53.94736842105263,23.88997383946927,37.323337467411335,1159.5907801998405,783.1155421662966,713215.0162019378,93.61090111591174,0.6753378480909763,0.7375085022803801,-0.06298040332112291,0.998014763817404,-0.998014763817404,-0.06298040332112291,23.88997383946927,37.323337467411335,23.88997383946927,37.323337467411335,23.88997383946927,37.323337467411335,713215.0162019378,1159.5907801998405,783.1155421662966,0.6753378480909763,0.6753378480909763,0.6753378480909763,93.61090111591174,215144.124403916,98123.19238118602,0.6867748816308934,24.013157894736842,37.46052631578947,24.013157894736842,37.46052631578947,23.88997383946927,37.323337467411335,2424.2601947784424,26.30984115600586,42.08088302612305,31.898160457611084,4.307626590242222,18.730153464314544,215.65633874018434,41,41,76,53.94736842105263,100.0,53.94736842105263,53.94736842105263
37,37,2021-06-29,4,Type 4,Type 4,Mixed,Mixed Multi-Day,11,2,2.8833333333333333,7.733333333333333,8,3.6666666666666665,9.285714285714286,9,9,3.6666666666666665,9.285714285714286,9,3,2,418,1,1.25,21,10,10,21,47.61904761904762,100.0,47.61904761904762,47.61904761904762,34.14925147072002,21.012017063261336,443.44071259158704,335.4516535306504,116830.27038922104,127.68589714227474,0.756474640251637,0.65402302609018,-0.6113322688729685,0.7913740310590363,-0.7913740310590363,-0.6113322688729685,34.14925147072002,21.012017063261336,34.14925147072002,21.012017063261336,34.14925147072002,21.012017063261336,116830.27038922104,443.44071259158704,335.4516535306504,0.756474640251637,0.756474640251637,0.756474640251637,127.68589714227474,31462.346493397523,18004.449897031598,0.6360295953890575,34.166666666666664,21.023809523809526,34.166666666666664,21.023809523809526,34.14925147072002,21.012017063261336,898.8713645935059,40.141571044921875,44.441200256347656,42.80339831397647,1.120091612663414,2.23212716378285,234.2053701413104,10,10,21,47.61904761904762,100.0,47.61904761904762,47.61904761904762
37,37,2021-06-29,4,Type 4,Type 4,Mixed,Mixed Multi-Day,11,2,2.8833333333333333,7.733333333333333,8,3.6666666666666665,9.285714285714286,9,9,3.6666666666666665,9.285714285714286,9,3,2,418,2,1.25,321,139,139,321,43.30218068535826,100.0,43.30218068535826,43.30218068535826,51.11544223709516,35.494623931550066,2672.8554846458424,1082.6304616578673,2272718.2636231985,45.84130262956054,0.4050463887318313,0.9142961352730866,0.6966481246489438,0.7174129845654521,-0.7174129845654521,0.6966481246489438,51.11544223709516,35.494623931550066,51.11544223709516,35.494623931550066,51.11544223709516,35.494623931550066,2272718.2636231985,2672.8554846458424,1082.6304616578673,0.4050463887318313,0.4050463887318313,0.4050463887318313,45.84130262956054,1143065.0306882178,187534.19464152431,0.8590603458415133,51.257009345794394,35.83644859813084,51.257009345794394,35.83644859813084,51.11544223709516,35.494623931550066,13173.341482162476,25.41086196899414,49.78279113769531,41.03844698492983,4.817949149318564,40.03385507026839,198.71488468410206,139,139,321,43.30218068535826,100.0,43.30218068535826,43.30218068535826
37,37,2021-06-30,4,Type 4,Type 4,Mixed,Mixed Multi-Day,11,3,3.025,8.85,9,3.6666666666666665,9.285714285714286,9,9,3.6666666666666665,9.285714285714286,9,3,9,407,0,1.25,83,44,44,83,53.01204819277108,100.0,53.01204819277108,53.01204819277108,24.08373949096359,37.38877991082589,1143.4393707471465,789.8471691006126,709326.3429943778,89.95564659999289,0.6907643634699323,0.7230799362172756,0.0007741127872636276,0.9999997003746514,-0.9999997003746514,0.0007741127872636276,24.08373949096359,37.38877991082589,24.08373949096359,37.38877991082589,24.08373949096359,37.38877991082589,709326.3429943778,1143.4393707471465,789.8471691006126,0.6907643634699323,0.6907643634699323,0.6907643634699323,89.95564659999289,209192.57513194083,99817.3680858003,0.6769768407890199,24.210843373493976,37.48795180722892,24.210843373493976,37.48795180722892,24.08373949096359,37.38877991082589,2702.3430614471436,26.091861724853516,41.992889404296875,32.558350137917394,4.397027043234984,15.73767749299876,225.66105799639587,44,44,83,53.01204819277108,100.0,53.01204819277108,53.01204819277108
37,37,2021-06-30,4,Type 4,Type 4,Mixed,Mixed Multi-Day,11,3,3.025,8.85,9,3.6666666666666665,9.285714285714286,9,9,3.6666666666666665,9.285714285714286,9,3,9,407,1,1.25,181,101,101,181,55.80110497237569,100.0,55.80110497237569,55.80110497237569,42.63599431921105,28.312655504918993,1491.5021716582692,1011.4067196302553,1184785.1608096787,72.84163977971238,0.6781128038893579,0.7349578390637882,0.2950137222641915,0.9554930160267141,-0.9554930160267141,0.2950137222641915,42.63599431921105,28.312655504918993,42.63599431921105,28.312655504918993,42.63599431921105,28.312655504918993,1184785.1608096787,1491.5021716582692,1011.4067196302553,0.6781128038893579,0.6781128038893579,0.6781128038893579,72.84163977971238,355932.5964898133,163670.96840211743,0.6850079955934129,42.511049723756905,28.328729281767956,42.511049723756905,28.328729281767956,42.63599431921105,28.312655504918993,7869.661636352539,29.088708877563477,51.07298278808594,43.4787935710085,4.230542477228293,12.382017871637176,98.2420660032221,101,101,181,55.80110497237569,100.0,55.80110497237569,55.80110497237569
37,37,2021-06-30,4,Type 4,Type 4,Mixed,Mixed Multi-Day,11,3,3.025,8.85,9,3.6666666666666665,9.285714285714286,9,9,3.6666666666666665,9.285714285714286,9,3,9,407,2,1.25,143,64,64,143,44.75524475524475,100.0,44.75524475524475,44.75524475524475,61.00910986538651,41.82321954107633,1054.3053580738083,735.297707601452,608862.8931681892,171.5465248290304,0.697423855404495,0.7166588909046827,-0.9891355602230416,0.14700627028208554,-0.14700627028208554,-0.9891355602230416,61.00910986538651,41.82321954107633,61.00910986538651,41.82321954107633,61.00910986538651,41.82321954107633,608862.8931681892,1054.3053580738083,735.297707601452,0.697423855404495,0.697423855404495,0.697423855404495,171.5465248290304,177849.56609010254,86506.03500863205,0.6727664000721408,60.94055944055944,41.87762237762238,60.94055944055944,41.87762237762238,61.00910986538651,41.82321954107633,5850.996786117554,28.41321563720703,45.74310302734375,40.916061441381494,3.273361038410773,8.301781182625092,136.68450546050224,65,65,143,45.45454545454545,100.0,45.45454545454545,45.45454545454545
37,37,2021-07-01,4,Type 4,Type 4,Mixed,Mixed Multi-Day,11,4,2.583333333333333,8.277777777777779,8,3.6666666666666665,9.285714285714286,9,9,3.6666666666666665,9.285714285714286,9,3,10,423,0,1.25,75,40,40,75,53.333333333333336,100.0,53.333333333333336,53.333333333333336,23.76802944183732,35.44226744135116,1267.219734817028,647.5412437398189,644479.7026358022,73.9263674428605,0.5109936548086639,0.8595844837741571,0.2768724746415004,0.9609066722558918,-0.9609066722558918,0.2768724746415004,23.76802944183732,35.44226744135116,23.76802944183732,35.44226744135116,23.76802944183732,35.44226744135116,644479.7026358022,1267.219734817028,647.5412437398189,0.5109936548086639,0.5109936548086639,0.5109936548086639,73.9263674428605,256935.33700955822,67089.54597505784,0.7929494014253123,23.9,35.846666666666664,23.9,35.846666666666664,23.76802944183732,35.44226744135116,2544.237813949585,26.853160858154297,43.75408935546875,33.92317085266113,5.147457300979316,46.43367084284857,194.95445966866868,41,41,75,54.666666666666664,100.0,54.666666666666664,54.666666666666664
37,37,2021-07-01,4,Type 4,Type 4,Mixed,Mixed Multi-Day,11,4,2.583333333333333,8.277777777777779,8,3.6666666666666665,9.285714285714286,9,9,3.6666666666666665,9.285714285714286,9,3,10,423,1,1.25,221,133,133,221,60.18099547511312,100.0,60.18099547511312,60.18099547511312,44.221288310105265,28.118554715603658,1586.5613352485013,1475.008002928071,1837981.451569313,100.32005009730398,0.9296886103032646,0.36834642372688337,-0.17914650510146496,0.9838224076071508,-0.9838224076071508,-0.17914650510146496,44.221288310105265,28.118554715603658,44.221288310105265,28.118554715603658,44.221288310105265,28.118554715603658,1837981.451569313,1586.5613352485013,1475.008002928071,0.9296886103032646,0.9296886103032646,0.9296886103032646,100.32005009730398,402748.29928088124,348103.777392297,0.5363883403843666,44.14705882352941,28.251131221719458,44.14705882352941,28.251131221719458,44.221288310105265,28.118554715603658,9355.09428024292,26.384536743164062,51.67155838012695,42.33074334951547,5.1320706608442945,16.401081764297597,153.5966750894523,132,132,221,59.72850678733032,100.0,59.72850678733032,59.72850678733032
37,37,2021-07-01,4,Type 4,Type 4,Mixed,Mixed Multi-Day,11,4,2.583333333333333,8.277777777777779,8,3.6666666666666665,9.285714285714286,9,9,3.6666666666666665,9.285714285714286,9,3,10,423,2,1.25,127,54,54,127,42.51968503937008,100.0,42.51968503937008,42.51968503937008,62.68677367956615,41.39121782315855,811.1520013092269,776.7598862747425,494856.0849321886,179.2584121070402,0.9576008997339902,0.28809810278558307,-0.9999162385978918,0.012942789044248885,-0.012942789044248885,-0.9999162385978918,62.68677367956615,41.39121782315855,62.68677367956615,41.39121782315855,62.68677367956615,41.39121782315855,494856.0849321886,811.1520013092269,776.7598862747425,0.9576008997339902,0.9576008997339902,0.9576008997339902,179.2584121070402,105274.81107647425,96536.94734808816,0.5216485496102853,62.70472440944882,41.40551181102362,62.70472440944882,41.40551181102362,62.68677367956615,41.39121782315855,5159.516841888428,33.32875061035156,43.37082290649414,40.626116865263214,1.9817146655391211,2.184874033009741,223.40443762838913,54,54,127,42.51968503937008,100.0,42.51968503937008,42.51968503937008
37,37,2021-07-02,4,Type 4,Type 4,Mixed,Mixed Multi-Day,11,5,3.321428571428572,7.285714285714286,7,3.6666666666666665,9.285714285714286,9,9,3.6666666666666665,9.285714285714286,9,2,4,446,0,1.25,50,28,28,50,56.0,100.0,56.0,56.0,23.189470875623254,33.56636561021316,1239.6335824850162,419.66215802496527,408585.569413876,68.18447394165534,0.33853726129595063,0.9409529864526905,0.3716194237796839,0.92838515922523,-0.92838515922523,0.3716194237796839,23.189470875623254,33.56636561021316,23.189470875623254,33.56636561021316,23.189470875623254,33.56636561021316,408585.569413876,1239.6335824850162,419.66215802496527,0.33853726129595063,0.33853726129595063,0.33853726129595063,68.18447394165534,245870.62701194163,28178.612300507353,0.897176827159953,23.4,34.18,23.4,34.18,23.189470875623254,33.56636561021316,1755.7220268249512,26.530208587646484,45.30059051513672,35.114440536499025,7.002885834034357,70.79665266530068,196.028725379948,29,29,50,58.0,100.0,58.0,58.0
37,37,2021-07-02,4,Type 4,Type 4,Mixed,Mixed Multi-Day,11,5,3.321428571428572,7.285714285714286,7,3.6666666666666665,9.285714285714286,9,9,3.6666666666666665,9.285714285714286,9,2,4,446,1,1.25,396,164,164,396,41.41414141414141,100.0,41.41414141414141,41.41414141414141,49.93446297013855,31.018060222097116,3245.97003795234,1550.1597126749891,3951944.472813594,46.03013922156006,0.47756439355579466,0.8785967505105434,0.6942798810241164,0.7197051110039019,-0.7197051110039019,0.6942798810241164,49.93446297013855,31.018060222097116,49.93446297013855,31.018060222097116,49.93446297013855,31.018060222097116,3951944.472813594,3245.97003795234,1550.1597126749891,0.47756439355579466,0.47756439355579466,0.47756439355579466,46.03013922156006,1685811.4379654906,384479.2215680968,0.8142873225082726,49.964646464646464,31.424242424242426,49.964646464646464,31.424242424242426,49.93446297013855,31.018060222097116,16345.259645462036,24.238609313964844,51.008018493652344,41.2759081956112,4.978131292177969,45.1264887235185,183.66185208655432,164,164,396,41.41414141414141,100.0,41.41414141414141,41.41414141414141
37,37,2021-07-03,4,Type 4,Type 4,Mixed,Mixed Multi-Day,11,6,3.071428571428572,9.285714285714286,9,3.6666666666666665,9.285714285714286,9,9,3.6666666666666665,9.285714285714286,9,2,3,458,0,1.25,19,9,9,19,47.36842105263158,100.0,47.36842105263158,47.36842105263158,21.289533900851456,29.73057660637086,672.8236778533224,189.5976288500057,100189.92457673314,89.83942754023134,0.28179393069953546,0.9594749504916246,0.002802514442444154,0.9999960729486891,-0.9999960729486891,0.002802514442444154,21.289533900851456,29.73057660637086,21.289533900851456,29.73057660637086,21.289533900851456,29.73057660637086,100189.92457673314,672.8236778533224,189.5976288500057,0.28179393069953546,0.28179393069953546,0.28179393069953546,89.83942754023134,72430.67223681143,5751.561738487122,0.9264339038929955,21.289473684210527,30.07894736842105,21.289473684210527,30.07894736842105,21.289533900851456,29.73057660637086,735.5249824523926,27.152099609375,45.09231185913086,38.71184118170487,6.054640617720586,38.6171923011048,179.9913564241336,9,9,19,47.36842105263158,100.0,47.36842105263158,47.36842105263158
37,37,2021-07-03,4,Type 4,Type 4,Mixed,Mixed Multi-Day,11,6,3.071428571428572,9.285714285714286,9,3.6666666666666665,9.285714285714286,9,9,3.6666666666666665,9.285714285714286,9,2,3,458,1,1.25,439,174,174,439,39.63553530751708,100.0,39.63553530751708,39.63553530751708,49.92654396801589,30.332295237601905,3307.5976943490396,1608.9756069891027,4179766.509724579,50.327822853577324,0.48644840022049946,0.8737093074489459,0.6383941214836797,0.7697096502286306,-0.7697096502286306,0.6383941214836797,49.92654396801589,30.332295237601905,49.92654396801589,30.332295237601905,49.92654396801589,30.332295237601905,4179766.509724579,3307.5976943490396,1608.9756069891027,0.48644840022049946,0.48644840022049946,0.48644840022049946,50.327822853577324,1750432.401226093,414208.40062175225,0.8086479750967628,49.89635535307517,30.82346241457859,49.89635535307517,30.82346241457859,49.92654396801589,30.332295237601905,17743.545726776123,24.134288787841797,49.64299774169922,40.41809960541258,5.161348022428299,54.52883761277062,176.94817813214183,173,173,439,39.40774487471526,100.0,39.40774487471526,39.40774487471526
37,37,2021-07-04,4,Type 4,Type 4,Mixed,Mixed Multi-Day,11,7,3.6666666666666665,7.0,7,3.6666666666666665,9.285714285714286,9,9,3.6666666666666665,9.285714285714286,9,1,3,433,0,1.25,433,186,186,433,42.956120092378754,100.0,42.956120092378754,42.956120092378754,51.0471452270937,31.468173723709494,3406.70325991209,1438.4269920708928,3848681.8472581496,50.70452014614452,0.4222343075774705,0.9064867288077493,0.6333198212936014,0.7738901756429272,-0.7738901756429272,0.6333198212936014,51.0471452270937,31.468173723709494,51.0471452270937,31.468173723709494,51.0471452270937,31.468173723709494,3848681.8472581496,3406.70325991209,1438.4269920708928,0.4222343075774705,0.4222343075774705,0.4222343075774705,50.70452014614452,1856900.3361753055,331051.55384289863,0.8486934034732618,51.01501154734411,31.894919168591223,51.01501154734411,31.894919168591223,51.0471452270937,31.468173723709494,17450.89923286438,23.992874145507812,49.820716857910156,40.302307697146375,4.9453550134060835,47.41606301458025,176.30730422013997,187,187,433,43.187066974595844,100.0,43.187066974595844,43.187066974595844
37,37,2021-07-05,4,Type 4,Type 4,Mixed,Mixed Multi-Day,11,8,3.314814814814815,8.11111111111111,8,3.6666666666666665,9.285714285714286,9,9,3.6666666666666665,9.285714285714286,9,2,5,399,0,1.25,121,61,61,121,50.413223140495866,100.0,50.413223140495866,50.413223140495866,43.91775855871661,20.431698046949876,1083.82131351283,988.2720442079943,841248.0663913968,154.38551526764044,0.911840385390516,0.41054489592598176,-0.9017232636008804,0.4323137239100525,-0.4323137239100525,-0.9017232636008804,43.91775855871661,20.431698046949876,43.91775855871661,20.431698046949876,43.91775855871661,20.431698046949876,841248.0663913968,1083.82131351283,988.2720442079943,0.911840385390516,0.911840385390516,0.911840385390516,154.38551526764044,187946.98233994818,156269.06133808766,0.5460145911029798,43.80578512396694,20.293388429752067,43.80578512396694,20.293388429752067,43.91775855871661,20.431698046949876,5103.634128570557,30.878236770629883,46.43412780761719,42.178794450996335,3.3578979257568164,19.264764851742026,37.34190489839331,63,63,121,52.06611570247934,100.0,52.06611570247934,52.06611570247934
37,37,2021-07-05,4,Type 4,Type 4,Mixed,Mixed Multi-Day,11,8,3.314814814814815,8.11111111111111,8,3.6666666666666665,9.285714285714286,9,9,3.6666666666666665,9.285714285714286,9,2,5,399,1,1.25,278,112,112,278,40.28776978417266,100.0,40.28776978417266,40.28776978417266,58.5376180392302,39.01115094374155,1443.5016452271427,1115.2884170778677,1264428.7334710027,20.13136245802491,0.7726270494844993,0.6348601754755743,0.9389059996078165,0.3441736827539938,-0.3441736827539938,0.9389059996078165,58.5376180392302,39.01115094374155,58.5376180392302,39.01115094374155,58.5376180392302,39.01115094374155,1264428.7334710027,1443.5016452271427,1115.2884170778677,0.7726270494844993,0.7726270494844993,0.7726270494844993,20.13136245802491,333391.51996375486,199018.92052288898,0.6261926788269254,58.118705035971225,38.992805755395686,58.118705035971225,38.992805755395686,58.5376180392302,39.01115094374155,11020.951705932617,24.52080535888672,47.7877311706543,39.643711172419486,5.21761550320035,36.344989549669904,86.65593004314586,114,114,278,41.007194244604314,100.0,41.007194244604314,41.007194244604314
37,37,2021-07-06,4,Type 4,Type 4,Mixed,Mixed Multi-Day,11,9,2.9615384615384617,6.653846153846154,7,3.6666666666666665,9.285714285714286,9,9,3.6666666666666665,9.285714285714286,9,2,10,381,0,1.25,100,48,48,100,48.0,100.0,48.0,48.0,42.253199965337664,20.87332214817221,1264.2169933040282,838.1904367206434,832250.7717489824,91.8971564378402,0.6630115250468471,0.7486091888662962,-0.03310557611106085,0.9994518601865499,-0.9994518601865499,-0.03310557611106085,42.253199965337664,20.87332214817221,42.253199965337664,20.87332214817221,42.253199965337664,20.87332214817221,832250.7717489824,1264.2169933040282,838.1904367206434,0.6630115250468471,0.6630115250468471,0.6630115250468471,91.8971564378402,255719.13698538835,112410.11331359085,0.6946449834608468,42.25,20.63,42.25,20.63,42.253199965337664,20.87332214817221,4073.96750831604,29.628381729125977,45.63444900512695,40.7396750831604,3.687386485868991,26.941184958279926,0.7081716077450073,51,51,100,51.0,100.0,51.0,51.0
37,37,2021-07-06,4,Type 4,Type 4,Mixed,Mixed Multi-Day,11,9,2.9615384615384617,6.653846153846154,7,3.6666666666666665,9.285714285714286,9,9,3.6666666666666665,9.285714285714286,9,2,10,381,1,1.25,281,121,121,281,43.06049822064057,100.0,43.06049822064057,43.06049822064057,59.19481669896583,38.213853703560645,1446.4041628887458,1169.3125666272024,1328342.7859912284,32.987659049686044,0.8084272685525611,0.5885960851557248,0.8387878584096051,0.5444583809481016,-0.5444583809481016,0.8387878584096051,59.19481669896583,38.213853703560645,59.19481669896583,38.213853703560645,59.19481669896583,38.213853703560645,1328342.7859912284,1446.4041628887458,1169.3125666272024,0.8084272685525611,0.8084272685525611,0.8084272685525611,32.987659049686044,334733.6003875029,218766.7005555673,0.6047577568018914,58.83451957295374,38.15836298932384,58.83451957295374,38.15836298932384,59.19481669896583,38.213853703560645,11458.215253829956,24.725276947021484,48.1973876953125,40.776566739608384,5.290886120902443,32.16095862495088,78.84716507277697,120,120,281,42.704626334519574,100.0,42.704626334519574,42.704626334519574
37,37,2021-07-07,4,Type 4,Type 4,Mixed,Mixed Multi-Day,11,10,3.1666666666666665,7.96969696969697,8,3.6666666666666665,9.285714285714286,9,9,3.6666666666666665,9.285714285714286,9,2,1,387,0,1.25,32,17,17,32,53.125,100.0,53.125,53.125,22.955783802124458,39.62810595332152,1032.2054983681212,399.51948433873775,323887.3707189318,105.42745947733863,0.3870542105911694,0.9220569603140831,-0.26601813768677746,0.9639680235472848,-0.9639680235472848,-0.26601813768677746,22.955783802124458,39.62810595332152,22.955783802124458,39.62810595332152,22.955783802124458,39.62810595332152,323887.3707189318,1032.2054983681212,399.51948433873775,0.3870542105911694,0.3870542105911694,0.3870542105911694,105.42745947733863,170471.71053782105,25538.530938606546,0.8697081808264706,23.09375,39.34375,23.09375,39.34375,22.955783802124458,39.62810595332152,964.2242832183838,26.701644897460938,35.91728210449219,30.132008850574493,2.911691322034428,33.72803239820724,339.43947172741514,17,17,32,53.125,100.0,53.125,53.125
37,37,2021-07-07,4,Type 4,Type 4,Mixed,Mixed Multi-Day,11,10,3.1666666666666665,7.96969696969697,8,3.6666666666666665,9.285714285714286,9,9,3.6666666666666665,9.285714285714286,9,2,1,387,1,1.25,355,166,166,355,46.76056338028169,100.0,46.76056338028169,46.76056338028169,56.13612154228063,33.7349379954142,2758.2881858033493,1020.163362744132,2210035.466367686,41.81821705666388,0.3698537984518141,0.9290899675331581,0.7452640395943186,0.6667694588743233,-0.6667694588743233,0.7452640395943186,56.13612154228063,33.7349379954142,56.13612154228063,33.7349379954142,56.13612154228063,33.7349379954142,2210035.466367686,2758.2881858033493,1020.163362744132,0.3698537984518141,0.3698537984518141,0.3698537984518141,41.81821705666388,1217304.594550773,166517.32586966644,0.879668530023665,56.09718309859155,33.61830985915493,56.09718309859155,33.61830985915493,56.13612154228063,33.7349379954142,14827.709352493286,20.288148880004883,49.47978973388672,41.768195359136016,4.630538427979547,13.430503382699515,15.585509768616978,165,165,355,46.478873239436616,100.0,46.478873239436616,46.478873239436616
37,37,2021-07-08,4,Type 4,Type 4,Mixed,Mixed Multi-Day,11,11,3.3666666666666667,7.766666666666667,8,3.6666666666666665,9.285714285714286,9,9,3.6666666666666665,9.285714285714286,9,2,1,383,0,1.25,33,17,17,33,51.515151515151516,100.0,51.515151515151516,51.515151515151516,22.897550667432,39.85245057302299,967.7836569124638,345.7703042330021,262818.4545995656,110.08046409787602,0.357280577909446,0.9339971031264992,-0.343339475578806,0.9392113737116211,-0.9392113737116211,-0.343339475578806,22.897550667432,39.85245057302299,22.897550667432,39.85245057302299,22.897550667432,39.85245057302299,262818.4545995656,967.7836569124638,345.7703042330021,0.357280577909446,0.357280577909446,0.357280577909446,110.08046409787602,149856.8330538978,19129.13652630125,0.8868004451859375,23.075757575757574,39.56060606060606,23.075757575757574,39.56060606060606,22.897550667432,39.85245057302299,1010.2164611816406,26.483774185180664,37.475746154785156,30.612620035807293,3.367332753580386,35.82635307935124,334.80633621936556,17,17,33,51.515151515151516,100.0,51.515151515151516,51.515151515151516
37,37,2021-07-08,4,Type 4,Type 4,Mixed,Mixed Multi-Day,11,11,3.3666666666666667,7.766666666666667,8,3.6666666666666665,9.285714285714286,9,9,3.6666666666666665,9.285714285714286,9,2,1,383,1,1.25,350,163,163,350,46.57142857142857,100.0,46.57142857142857,46.57142857142857,54.31604988123594,31.37826350899608,2757.0621896773287,924.2347529600771,2001330.1521372572,35.91537293316037,0.3352244851133534,0.942138283151941,0.8098842827206867,0.5865896765218417,-0.5865896765218417,0.8098842827206867,54.31604988123594,31.37826350899608,54.31604988123594,31.37826350899608,54.31604988123594,31.37826350899608,2001330.1521372572,2757.0621896773287,924.2347529600771,0.3352244851133534,0.3352244851133534,0.3352244851133534,35.91537293316037,1216222.7068397356,136673.58057266794,0.8989770451406334,54.46,31.397142857142857,54.46,31.397142857142857,54.31604988123594,31.37826350899608,14665.326217651367,23.142236709594727,50.1567268371582,41.90093205043248,4.620911771335,13.85100226614934,261.34521040415683,162,162,350,46.285714285714285,100.0,46.285714285714285,46.285714285714285
38,38,2021-07-18,3,Type 3,Type 3,Temporally clustered,Back-to-Back,4,1,3.196969696969697,8.181818181818182,8,3.4615384615384617,8.26923076923077,8,8,3.4615384615384617,8.26923076923077,8,1,7,367,0,1.25,367,185,185,367,50.40871934604905,100.0,50.40871934604905,50.40871934604905,41.43804731158432,38.02246032526996,1918.2937897338293,1570.3347791899769,2365904.7248251755,13.095360291938249,0.8186101563764469,0.5743495554776109,0.9739943178964506,0.22657243589066153,-0.22657243589066153,0.9739943178964506,41.43804731158432,38.02246032526996,41.43804731158432,38.02246032526996,41.43804731158432,38.02246032526996,2365904.7248251755,1918.2937897338293,1570.3347791899769,0.8186101563764469,0.8186101563764469,0.8186101563764469,13.095360291938249,588776.1701970203,394552.2109973813,0.5987584427105239,41.020435967302454,38.6008174386921,41.020435967302454,38.6008174386921,41.43804731158432,38.02246032526996,13225.439891815186,22.36061668395996,49.14949035644531,36.03662095862448,6.106044349551788,73.86126578411034,150.23395307261544,171,171,367,46.59400544959128,100.0,46.59400544959128,46.59400544959128
38,38,2021-07-19,3,Type 3,Type 3,Temporally clustered,Back-to-Back,4,2,3.073170731707317,7.682926829268292,8,3.4615384615384617,8.26923076923077,8,8,3.4615384615384617,8.26923076923077,8,1,6,411,0,1.25,411,202,202,411,49.148418491484186,100.0,49.148418491484186,49.148418491484186,42.45415709196629,37.41552887706404,1943.9177782130369,1553.1983105227878,2371344.6706870236,32.79905914868485,0.7990041183483484,0.6013255514797109,0.840575498747536,0.54169440730483,-0.54169440730483,0.840575498747536,42.45415709196629,37.41552887706404,42.45415709196629,37.41552887706404,42.45415709196629,37.41552887706404,2371344.6706870236,1943.9177782130369,1553.1983105227878,0.7990041183483484,0.7990041183483484,0.7990041183483484,32.79905914868485,604610.6125524336,385987.99868973467,0.6103487383192248,42.086374695863746,37.98905109489051,42.086374695863746,37.98905109489051,42.45415709196629,37.41552887706404,15154.60478591919,23.14132308959961,49.39019775390625,36.8725177272973,6.158897803602152,71.44192970053714,152.88795272936022,195,195,411,47.44525547445255,100.0,47.44525547445255,47.44525547445255
38,38,2021-07-20,3,Type 3,Type 3,Temporally clustered,Back-to-Back,4,3,3.236111111111111,8.0,8,3.4615384615384617,8.26923076923077,8,8,3.4615384615384617,8.26923076923077,8,1,6,444,0,1.25,444,212,212,444,47.747747747747745,100.0,47.747747747747745,47.747747747747745,42.93875648689915,36.28954011313606,2090.924998063614,1608.6562089222493,2641749.1464462867,46.25162886613568,0.7693514642619944,0.6388257387096462,0.6914925193620255,0.7223836208458486,-0.7223836208458486,0.6914925193620255,42.93875648689915,36.28954011313606,42.93875648689915,36.28954011313606,42.93875648689915,36.28954011313606,2641749.1464462867,2090.924998063614,1608.6562089222493,0.7693514642619944,0.7693514642619944,0.7693514642619944,46.25162886613568,699514.7756043719,414043.9677606566,0.628179500877098,42.572072072072075,36.939189189189186,42.572072072072075,36.939189189189186,42.93875648689915,36.28954011313606,16748.791774749756,23.42770004272461,50.539146423339844,37.722503997184134,6.407409340223124,79.20389332088429,155.4239407133725,208,208,444,46.846846846846844,100.0,46.846846846846844,46.846846846846844
38,38,2021-07-21,3,Type 3,Type 3,Temporally clustered,Back-to-Back,4,4,3.4615384615384617,8.26923076923077,8,3.4615384615384617,8.26923076923077,8,8,3.4615384615384617,8.26923076923077,8,1,12,414,0,1.25,414,196,196,414,47.34299516908212,100.0,47.34299516908212,47.34299516908212,44.37471426611093,35.76293496550283,2079.277817126039,1702.8972791262008,2780935.097384124,46.57599247568659,0.8189849692524166,0.5738149702984562,0.6873918927828563,0.7262867104225453,-0.7262867104225453,0.6873918927828563,44.37471426611093,35.76293496550283,44.37471426611093,35.76293496550283,44.37471426611093,35.76293496550283,2780935.097384124,2079.277817126039,1702.8972791262008,0.8189849692524166,0.8189849692524166,0.8189849692524166,46.57599247568659,691743.398526788,463977.46292086696,0.5985384720496529,43.992753623188406,36.48792270531401,43.992753623188406,36.48792270531401,44.37471426611093,35.76293496550283,15318.558609008789,22.88553810119629,51.11388397216797,37.00134929712268,6.512480167302669,87.48564037225431,156.7441783948985,191,191,414,46.13526570048309,100.0,46.13526570048309,46.13526570048309
39,39,2021-07-26,3,Type 3,Type 3,Temporally clustered,Back-to-Back,3,1,2.6379310344827585,8.068965517241379,8,3.5476190476190474,8.068965517241379,8,8,3.5476190476190474,8.068965517241379,8,3,0,440,0,1.25,48,25,25,48,52.083333333333336,100.0,52.083333333333336,52.083333333333336,26.339129545699485,41.798864886698055,1406.6114466694385,596.0609718684696,658498.3865840378,26.111626984064088,0.42375666235321574,0.9057760711739202,0.897938280787184,0.44012139677247725,-0.44012139677247725,0.897938280787184,26.339129545699485,41.798864886698055,26.339129545699485,41.798864886698055,26.339129545699485,41.798864886698055,658498.3865840378,1406.6114466694385,596.0609718684696,0.42375666235321574,0.42375666235321574,0.42375666235321574,26.111626984064088,316568.9219042384,56846.18914956551,0.847766768224399,26.666666666666668,41.791666666666664,26.666666666666668,41.791666666666664,26.339129545699485,41.798864886698055,1402.959882736206,25.747028350830078,34.31416320800781,29.228330890337627,2.6011888042283813,27.235232322515955,271.79132411880664,26,26,48,54.166666666666664,100.0,54.166666666666664,54.166666666666664
39,39,2021-07-26,3,Type 3,Type 3,Temporally clustered,Back-to-Back,3,1,2.6379310344827585,8.068965517241379,8,3.5476190476190474,8.068965517241379,8,8,3.5476190476190474,8.068965517241379,8,3,0,440,1,1.25,23,11,11,23,47.82608695652174,100.0,47.82608695652174,47.82608695652174,32.405209640684326,34.733351596950826,540.4981303888574,298.54040730886544,126732.26547446982,164.348722803952,0.5523430896866984,0.8336168851908842,-0.9629215097284908,0.2697817008290298,-0.2697817008290298,-0.9629215097284908,32.405209640684326,34.733351596950826,32.405209640684326,34.733351596950826,32.405209640684326,34.733351596950826,126732.26547446982,540.4981303888574,298.54040730886544,0.5523430896866984,0.5523430896866984,0.5523430896866984,164.348722803952,46742.11663261603,14260.219967382927,0.7662348565287059,32.369565217391305,34.71739130434783,32.369565217391305,34.71739130434783,32.405209640684326,34.733351596950826,659.1999263763428,27.08968734741211,31.3748836517334,28.660866364188816,0.9344965576631656,3.7139571880672975,61.51763903272136,11,11,23,47.82608695652174,100.0,47.82608695652174,47.82608695652174
39,39,2021-07-26,3,Type 3,Type 3,Temporally clustered,Back-to-Back,3,1,2.6379310344827585,8.068965517241379,8,3.5476190476190474,8.068965517241379,8,8,3.5476190476190474,8.068965517241379,8,3,0,440,2,1.25,369,148,148,369,40.10840108401084,100.0,40.10840108401084,40.10840108401084,54.607296521843125,32.98712383399924,2277.484921738129,1256.1687544477952,2246949.8447823464,30.132734606399197,0.5515596360080898,0.8341354613770017,0.8648647529315395,0.5020049393548505,-0.5020049393548505,0.8648647529315395,54.607296521843125,32.98712383399924,54.607296521843125,32.98712383399924,54.607296521843125,32.98712383399924,2246949.8447823464,2277.484921738129,1256.1687544477952,0.5515596360080898,0.5515596360080898,0.5515596360080898,30.132734606399197,829910.0109991252,252473.59034414805,0.7667429642958189,55.023035230352306,33.2289972899729,55.023035230352306,33.2289972899729,54.607296521843125,32.98712383399924,15164.377262115479,22.418062210083008,51.850074768066406,41.09587333906634,5.346752842089809,47.17408221758725,235.45794602041374,145,145,369,39.295392953929536,100.0,39.295392953929536,39.295392953929536
39,39,2021-07-27,3,Type 3,Type 3,Temporally clustered,Back-to-Back,3,2,3.5476190476190474,6.904761904761905,7,3.5476190476190474,8.068965517241379,8,8,3.5476190476190474,8.068965517241379,8,2,1,432,0,1.25,144,63,63,144,43.75,100.0,43.75,43.75,27.85254621935853,40.16826453792262,1192.3997481563154,980.892043630118,918613.8072992144,130.57060066535382,0.8226201365328785,0.5685913391625205,-0.6503845379734845,0.7596051295015175,-0.7596051295015175,-0.6503845379734845,27.85254621935853,40.16826453792262,27.85254621935853,40.16826453792262,27.85254621935853,40.16826453792262,918613.8072992144,1192.3997481563154,980.892043630118,0.8226201365328785,0.8226201365328785,0.8226201365328785,130.57060066535382,227490.74550451903,153943.87220109912,0.5964082307812207,28.09722222222222,40.09027777777778,28.09722222222222,40.09027777777778,27.85254621935853,40.16826453792262,4399.87889289856,25.75193977355957,36.81666564941406,30.554714534017776,3.2768818020952195,22.580745799817034,292.62865556038446,64,64,144,44.44444444444444,100.0,44.44444444444444,44.44444444444444
39,39,2021-07-27,3,Type 3,Type 3,Temporally clustered,Back-to-Back,3,2,3.5476190476190474,6.904761904761905,7,3.5476190476190474,8.068965517241379,8,8,3.5476190476190474,8.068965517241379,8,2,1,432,1,1.25,288,134,134,288,46.52777777777778,100.0,46.52777777777778,46.52777777777778,50.948162658648236,29.56051428102327,2081.2100147433634,1442.1501643363395,2357307.685887874,22.674390616260666,0.6929383167100379,0.7209968718621872,0.92271048497523,0.3854936587244671,-0.3854936587244671,0.92271048497523,50.948162658648236,29.56051428102327,50.948162658648236,29.56051428102327,50.948162658648236,29.56051428102327,2357307.685887874,2081.2100147433634,1442.1501643363395,0.6929383167100379,0.6929383167100379,0.6929383167100379,22.674390616260666,693029.6200748913,332767.53543925285,0.6756010351067263,51.55555555555556,29.979166666666668,51.55555555555556,29.979166666666668,50.948162658648236,29.56051428102327,11994.836767196655,20.663654327392578,51.88874435424805,41.64873877498839,6.199946751648965,74.85948445535071,231.8408519709033,135,135,288,46.875,100.0,46.875,46.875
39,39,2021-07-28,3,Type 3,Type 3,Temporally clustered,Back-to-Back,3,3,2.966666666666667,7.8,8,3.5476190476190474,8.068965517241379,8,8,3.5476190476190474,8.068965517241379,8,3,6,383,0,1.25,185,77,77,185,41.62162162162162,100.0,41.62162162162162,41.62162162162162,27.45722930587966,39.2845312852949,1171.7786938141646,983.9994705525419,905587.3414281366,110.1273651071222,0.8397485598151666,0.5429754656412695,-0.34410817732294774,0.9389300092655888,-0.9389300092655888,-0.34410817732294774,27.45722930587966,39.2845312852949,27.45722930587966,39.2845312852949,27.45722930587966,39.2845312852949,905587.3414281366,1171.7786938141646,983.9994705525419,0.8397485598151666,0.8397485598151666,0.8397485598151666,110.1273651071222,219690.44916429278,154920.79328762923,0.5864491618734269,27.62972972972973,39.137837837837836,27.62972972972973,39.137837837837836,27.45722930587966,39.2845312852949,5707.150386810303,25.651935577392578,39.528900146484375,30.849461550325962,3.60820495781931,22.072502257151932,317.6016716427954,77,77,185,41.62162162162162,100.0,41.62162162162162,41.62162162162162
39,39,2021-07-28,3,Type 3,Type 3,Temporally clustered,Back-to-Back,3,3,2.966666666666667,7.8,8,3.5476190476190474,8.068965517241379,8,8,3.5476190476190474,8.068965517241379,8,3,6,383,1,1.25,174,92,92,174,52.87356321839081,100.0,52.87356321839081,52.87356321839081,48.59602589125363,26.16858355312074,1220.7914575983793,1169.234718149828,1121070.8634891326,19.254666504393953,0.9577677750547361,0.2875428473579207,0.9440621653213477,0.3297675363172797,-0.3297675363172797,0.9440621653213477,48.59602589125363,26.16858355312074,48.59602589125363,26.16858355312074,48.59602589125363,26.16858355312074,1121070.8634891326,1220.7914575983793,1169.234718149828,0.9577677750547361,0.9577677750547361,0.9577677750547361,19.254666504393953,238453.0852712281,218737.57218030526,0.5215615878951035,48.71264367816092,26.304597701149426,48.71264367816092,26.304597701149426,48.59602589125363,26.16858355312074,7528.188800811768,32.469032287597656,50.307281494140625,43.26545287822855,3.9744088657896,19.04865127446108,217.73815968041097,90,90,174,51.724137931034484,100.0,51.724137931034484,51.724137931034484
39,39,2021-07-28,3,Type 3,Type 3,Temporally clustered,Back-to-Back,3,3,2.966666666666667,7.8,8,3.5476190476190474,8.068965517241379,8,8,3.5476190476190474,8.068965517241379,8,3,6,383,2,1.25,24,15,15,24,62.5,100.0,62.5,62.5,66.43716524425055,32.95998914806622,491.05779607801946,376.3265515622766,145140.07814158112,37.30007321637689,0.7663589796718872,0.6424125732551192,0.7954727064817625,0.605989416774402,-0.605989416774402,0.7954727064817625,66.43716524425055,32.95998914806622,66.43716524425055,32.95998914806622,66.43716524425055,32.95998914806622,145140.07814158112,491.05779607801946,376.3265515622766,0.7663589796718872,0.7663589796718872,0.7663589796718872,37.30007321637689,38582.04145424029,22659.46774572078,0.6299982145813091,66.625,33.125,66.625,33.125,66.43716524425055,32.95998914806622,806.7789459228516,23.931856155395508,44.53290557861328,33.61578941345215,5.561776603651185,25.352496924266408,223.84428384500362,13,13,24,54.166666666666664,100.0,54.166666666666664,54.166666666666664
40,40,2021-07-31,3,Type 3,Type 3,Temporally clustered,Back-to-Back,10,1,3.111111111111111,8.277777777777779,8,3.5681818181818183,8.277777777777779,8,8,3.5681818181818183,8.277777777777779,8,3,8,365,0,1.25,276,120,120,276,43.47826086956522,100.0,43.47826086956522,43.47826086956522,28.392722949352283,37.463051289152645,1425.596386825115,1192.2082051319296,1334868.773599753,63.08539527970783,0.8362873364087614,0.5482914288609106,0.45266201420746877,0.8916821748210723,-0.8916821748210723,0.45266201420746877,28.392722949352283,37.463051289152645,28.392722949352283,37.463051289152645,28.392722949352283,37.463051289152645,1334868.773599753,1425.596386825115,1192.2082051319296,0.8362873364087614,0.8362873364087614,0.8362873364087614,63.08539527970783,325172.0093006116,227417.66470142355,0.5884511140890665,28.496376811594203,37.70652173913044,28.496376811594203,37.70652173913044,28.392722949352283,37.463051289152645,8982.065629959106,26.003040313720703,44.665191650390625,32.54371605057647,4.697433537698498,28.531236918390796,198.74811948360917,123,123,276,44.56521739130435,100.0,44.56521739130435,44.56521739130435
40,40,2021-07-31,3,Type 3,Type 3,Temporally clustered,Back-to-Back,10,1,3.111111111111111,8.277777777777779,8,3.5681818181818183,8.277777777777779,8,8,3.5681818181818183,8.277777777777779,8,3,8,365,1,1.25,67,26,26,67,38.80597014925373,100.0,38.80597014925373,38.80597014925373,48.84233722398605,22.361140589162176,897.8700392360752,555.517845323025,391743.11828358466,53.46779825717806,0.618706294950737,0.7856223778561374,0.5952744815904468,0.803522427544636,-0.803522427544636,0.5952744815904468,48.84233722398605,22.361140589162176,48.84233722398605,22.361140589162176,48.84233722398605,22.361140589162176,391743.11828358466,897.8700392360752,555.517845323025,0.618706294950737,0.618706294950737,0.618706294950737,53.46779825717806,128987.29717724658,49376.012235573806,0.7231716971493648,48.90298507462686,22.5,48.90298507462686,22.5,48.84233722398605,22.361140589162176,2904.6788330078125,34.31259536743164,47.92714309692383,43.353415418027055,3.716451496092163,16.59597511504808,202.1105985118389,28,28,67,41.791044776119406,100.0,41.791044776119406,41.791044776119406
40,40,2021-07-31,3,Type 3,Type 3,Temporally clustered,Back-to-Back,10,1,3.111111111111111,8.277777777777779,8,3.5681818181818183,8.277777777777779,8,8,3.5681818181818183,8.277777777777779,8,3,8,365,2,1.25,22,13,13,22,59.09090909090909,100.0,59.09090909090909,59.09090909090909,50.531964308800525,43.05289756805496,665.7075289585746,321.5730735570173,168133.02497746708,93.41984707942721,0.48305458413559277,0.8755902402069072,-0.05965215717572586,0.9982192244914353,-0.9982192244914353,-0.05965215717572586,50.531964308800525,43.05289756805496,50.531964308800525,43.05289756805496,50.531964308800525,43.05289756805496,168133.02497746708,665.7075289585746,321.5730735570173,0.48305458413559277,0.48305458413559277,0.48305458413559277,93.41984707942721,70906.64225794101,16545.478661905097,0.8108052899360807,50.45454545454545,42.95454545454545,50.45454545454545,42.95454545454545,50.531964308800525,43.05289756805496,673.8711471557617,28.583900451660156,37.4881591796875,30.63050668889826,2.3584630026080684,12.618590274430634,29.990024465767906,13,13,22,59.09090909090909,100.0,59.09090909090909,59.09090909090909
40,40,2021-08-01,3,Type 3,Type 3,Temporally clustered,Back-to-Back,10,2,2.8,7.0,7,3.5681818181818183,8.277777777777779,8,8,3.5681818181818183,8.277777777777779,8,2,12,422,0,1.25,353,176,176,353,49.858356940509914,100.0,49.858356940509914,49.858356940509914,31.379486717143216,37.762103779970715,2100.494691886457,1295.521289593376,2137253.43614175,27.46678442882927,0.6167696088914496,0.7871437286467372,0.8872783695161588,0.4612343167943456,-0.4612343167943456,0.8872783695161588,31.379486717143216,37.762103779970715,31.379486717143216,37.762103779970715,31.379486717143216,37.762103779970715,2137253.43614175,2100.494691886457,1295.521289593376,0.6167696088914496,0.6167696088914496,0.6167696088914496,27.46678442882927,705932.4721029092,268540.0658863494,0.724425209108038,31.5,38.024079320113316,31.5,38.024079320113316,31.379486717143216,37.762103779970715,11675.516836166382,24.213993072509766,44.81157684326172,33.07511851605207,4.708162962877852,30.949744437915964,200.0663627558562,175,175,353,49.57507082152974,100.0,49.57507082152974,49.57507082152974
40,40,2021-08-01,3,Type 3,Type 3,Temporally clustered,Back-to-Back,10,2,2.8,7.0,7,3.5681818181818183,8.277777777777779,8,8,3.5681818181818183,8.277777777777779,8,2,12,422,1,1.25,69,29,29,69,42.028985507246375,100.0,42.028985507246375,42.028985507246375,50.156189416786894,23.325391160625244,741.231516570863,574.3737991320429,334378.5259966681,72.76759011363545,0.7748912266834673,0.6320946027367986,0.2962483647264606,0.9551109393138045,-0.9551109393138045,0.2962483647264606,50.156189416786894,23.325391160625244,50.156189416786894,23.325391160625244,50.156189416786894,23.325391160625244,334378.5259966681,741.231516570863,574.3737991320429,0.7748912266834673,0.7748912266834673,0.7748912266834673,72.76759011363545,87907.86578527067,52784.84178070023,0.624821764440425,50.210144927536234,23.442028985507246,50.210144927536234,23.442028985507246,50.156189416786894,23.325391160625244,3030.8662910461426,35.05158233642578,47.792015075683594,43.925598420958586,3.6894667072474,14.045949970551447,203.13354781994101,29,29,69,42.028985507246375,100.0,42.028985507246375,42.028985507246375
40,40,2021-08-02,3,Type 3,Type 3,Temporally clustered,Back-to-Back,10,3,2.803030303030303,6.242424242424242,6,3.5681818181818183,8.277777777777779,8,8,3.5681818181818183,8.277777777777779,8,3,0,507,0,1.25,418,195,195,418,46.65071770334928,100.0,46.65071770334928,46.65071770334928,36.087819876762886,38.46930516171875,2881.0094715931837,1228.9326530011995,2780754.515430199,20.189065207801377,0.42656321165150696,0.9044577527256603,0.9385589051822831,0.34511908307573197,-0.34511908307573197,0.9385589051822831,36.087819876762886,38.46930516171875,36.087819876762886,38.46930516171875,36.087819876762886,38.46930516171875,2780754.515430199,2881.0094715931837,1228.9326530011995,0.42656321165150696,0.42656321165150696,0.42656321165150696,20.189065207801377,1328034.492065542,241644.07449801062,0.8460550588856964,35.610047846889955,38.57416267942584,35.610047846889955,38.57416267942584,36.087819876762886,38.46930516171875,14319.884822845459,23.72054100036621,43.207435607910156,34.25809766230971,4.8996120587802805,43.26014920466348,105.45982730114778,187,187,418,44.73684210526316,100.0,44.73684210526316,44.73684210526316
40,40,2021-08-02,3,Type 3,Type 3,Temporally clustered,Back-to-Back,10,3,2.803030303030303,6.242424242424242,6,3.5681818181818183,8.277777777777779,8,8,3.5681818181818183,8.277777777777779,8,3,0,507,1,1.25,10,6,6,10,60.0,100.0,60.0,60.0,37.93913139045336,21.020347634125752,558.6096105234794,218.5319742244945,95876.7433145219,132.58199289001308,0.3912069719310874,0.9203027247120968,-0.6766445931932021,0.7363097816153239,-0.7363097816153239,-0.6766445931932021,37.93913139045336,21.020347634125752,37.93913139045336,21.020347634125752,37.93913139045336,21.020347634125752,95876.7433145219,558.6096105234794,218.5319742244945,0.3912069719310874,0.3912069719310874,0.3912069719310874,132.58199289001308,49927.15151507093,7640.995801352819,0.8672704237057686,38.0,21.0,38.0,21.0,37.93913139045336,21.020347634125752,360.1677589416504,32.49383544921875,39.47925567626953,36.016775894165036,2.5900507258409657,6.717154354347933,289.6068559225547,6,6,10,60.0,100.0,60.0,60.0
40,40,2021-08-02,3,Type 3,Type 3,Temporally clustered,Back-to-Back,10,3,2.803030303030303,6.242424242424242,6,3.5681818181818183,8.277777777777779,8,8,3.5681818181818183,8.277777777777779,8,3,0,507,2,1.25,79,33,33,79,41.77215189873418,100.0,41.77215189873418,41.77215189873418,50.82934315358678,22.993653988194307,790.0045985190387,647.9925694715976,402058.75776125846,89.76155914638235,0.820238984287357,0.5720209862017694,0.004161565954695877,0.9999913406469102,-0.9999913406469102,0.004161565954695877,50.82934315358678,22.993653988194307,50.82934315358678,22.993653988194307,50.82934315358678,22.993653988194307,402058.75776125846,790.0045985190387,647.9925694715976,0.820238984287357,0.820238984287357,0.820238984287357,89.76155914638235,99857.1625089964,67183.09921446453,0.5978029576744335,50.84177215189873,23.09493670886076,50.84177215189873,23.09493670886076,50.82934315358678,22.993653988194307,3502.6288566589355,35.63673400878906,47.74747085571289,44.337074134923235,3.48960438322507,11.288618983919866,186.48163418076334,33,33,79,41.77215189873418,100.0,41.77215189873418,41.77215189873418
40,40,2021-08-03,3,Type 3,Type 3,Temporally clustered,Back-to-Back,10,4,2.9456521739130435,7.6521739130434785,8,3.5681818181818183,8.277777777777779,8,8,3.5681818181818183,8.277777777777779,8,3,0,556,0,1.25,460,204,204,460,44.34782608695652,100.0,44.34782608695652,44.34782608695652,37.53213670153116,38.17855683463614,2974.159793193581,1241.025341244058,2898910.6468807957,18.83534841794247,0.41726922140638406,0.9087829206509715,0.946450259348861,0.32284966560068457,-0.32284966560068457,0.946450259348861,37.53213670153116,38.17855683463614,37.53213670153116,38.17855683463614,37.53213670153116,38.17855683463614,2898910.6468807957,2974.159793193581,1241.025341244058,0.41726922140638406,0.41726922140638406,0.41726922140638406,18.83534841794247,1415300.236071886,246423.02361758886,0.8517063402821732,36.84782608695652,38.3304347826087,36.84782608695652,38.3304347826087,37.53213670153116,38.17855683463614,16092.851678848267,23.975679397583008,44.390464782714844,34.984460171409275,5.0455359180035035,62.22353143534713,105.50794613538044,200,200,460,43.47826086956522,100.0,43.47826086956522,43.47826086956522
40,40,2021-08-03,3,Type 3,Type 3,Temporally clustered,Back-to-Back,10,4,2.9456521739130435,7.6521739130434785,8,3.5681818181818183,8.277777777777779,8,8,3.5681818181818183,8.277777777777779,8,3,0,556,1,1.25,14,8,8,14,57.142857142857146,100.0,57.142857142857146,57.142857142857146,37.752184711536394,21.993603833221858,569.912429145731,211.99592551703435,94891.10935958341,125.11793884542094,0.37197982475098,0.9282408146479179,-0.5752613799192995,0.8179696478313504,-0.8179696478313504,-0.5752613799192995,37.752184711536394,21.993603833221858,37.752184711536394,21.993603833221858,37.752184711536394,21.993603833221858,94891.10935958341,569.912429145731,211.99592551703435,0.37197982475098,0.37197982475098,0.37197982475098,125.11793884542094,51968.02830316606,7190.763589731836,0.8784497898004726,37.785714285714285,22.0,37.785714285714285,22.0,37.752184711536394,21.993603833221858,489.8054504394531,32.699886322021484,39.81631851196289,34.98610360281808,2.293453774882306,3.5341086585998625,258.4457030254882,8,8,14,57.142857142857146,100.0,57.142857142857146,57.142857142857146
40,40,2021-08-03,3,Type 3,Type 3,Temporally clustered,Back-to-Back,10,4,2.9456521739130435,7.6521739130434785,8,3.5681818181818183,8.277777777777779,8,8,3.5681818181818183,8.277777777777779,8,3,0,556,2,1.25,82,34,34,82,41.46341463414634,100.0,41.46341463414634,41.46341463414634,50.63525936932907,23.11837091890895,851.4354111441123,643.7260887366124,430469.8116658428,91.8116851106483,0.7560480575638832,0.6545161072531975,-0.03161460144387163,0.9995001335545409,-0.9995001335545409,-0.03161460144387163,50.63525936932907,23.11837091890895,50.63525936932907,23.11837091890895,50.63525936932907,23.11837091890895,430469.8116658428,851.4354111441123,643.7260887366124,0.7560480575638832,0.7560480575638832,0.7560480575638832,91.8116851106483,115990.761496023,66301.32437122191,0.6362907141261953,50.670731707317074,23.23170731707317,50.670731707317074,23.23170731707317,50.63525936932907,23.11837091890895,3591.3198280334473,35.3656005859375,47.19265365600586,43.79658326870057,3.4714268412058034,13.066532365925184,196.1456291297128,35,35,82,42.68292682926829,100.0,42.68292682926829,42.68292682926829
40,40,2021-08-04,3,Type 3,Type 3,Temporally clustered,Back-to-Back,10,5,3.5625,7.625,8,3.5681818181818183,8.277777777777779,8,8,3.5681818181818183,8.277777777777779,8,2,1,604,0,1.25,529,253,253,529,47.82608695652174,100.0,47.82608695652174,47.82608695652174,37.51065100702926,37.364212367912394,2920.0359312663695,1426.3306740337146,3271133.727559604,21.774241744272985,0.4884633982620684,0.8725843847779262,0.9286526875377002,0.3709503820310829,-0.3709503820310829,0.9286526875377002,37.51065100702926,37.364212367912394,37.51065100702926,37.364212367912394,37.51065100702926,37.364212367912394,3271133.727559604,2920.0359312663695,1426.3306740337146,0.4884633982620684,0.4884633982620684,0.4884633982620684,21.774241744272985,1364257.5743818644,325507.0706703153,0.8073654389542139,37.034971644612476,37.619092627599244,37.034971644612476,37.619092627599244,37.51065100702926,37.364212367912394,18508.097011566162,24.245128631591797,45.563804626464844,34.986950872525824,5.151061822802877,50.69357786029046,123.77440951640115,242,242,529,45.746691871455575,100.0,45.746691871455575,45.746691871455575
40,40,2021-08-04,3,Type 3,Type 3,Temporally clustered,Back-to-Back,10,5,3.5625,7.625,8,3.5681818181818183,8.277777777777779,8,8,3.5681818181818183,8.277777777777779,8,2,1,604,1,1.25,75,31,31,75,41.333333333333336,100.0,41.333333333333336,41.333333333333336,51.03915925136041,23.226873436559817,884.1493518490397,630.4341213354302,437779.30246282107,103.03204577198647,0.7130403025427665,0.7011230469394941,-0.22549598843198368,0.974244096313179,-0.974244096313179,-0.22549598843198368,51.03915925136041,23.226873436559817,51.03915925136041,23.226873436559817,51.03915925136041,23.226873436559817,437779.30246282107,884.1493518490397,630.4341213354302,0.7130403025427665,0.7130403025427665,0.7130403025427665,103.03204577198647,125075.21222001231,63591.549015036144,0.6629424886569643,51.04666666666667,23.34,51.04666666666667,23.34,51.03915925136041,23.226873436559817,3276.5974464416504,34.95740509033203,47.415122985839844,43.68796595255534,3.6611649913955246,12.552060443014412,183.5096149604246,33,33,75,44.0,100.0,44.0,44.0
40,40,2021-08-05,3,Type 3,Type 3,Temporally clustered,Back-to-Back,10,6,3.54,7.72,8,3.5681818181818183,8.277777777777779,8,8,3.5681818181818183,8.277777777777779,8,2,2,616,0,1.25,543,261,261,543,48.06629834254144,100.0,48.06629834254144,48.06629834254144,37.232664118424864,37.015330258187305,2944.1982607477476,1454.2527947228584,3362767.4907011916,23.082502844794618,0.49393847354339415,0.8694968570119284,0.9199412675023219,0.39205620049454837,-0.39205620049454837,0.9199412675023219,37.232664118424864,37.015330258187305,37.232664118424864,37.015330258187305,37.232664118424864,37.015330258187305,3362767.4907011916,2944.1982607477476,1454.2527947228584,0.49393847354339415,0.49393847354339415,0.49393847354339415,23.082502844794618,1386928.5437744095,338376.190553479,0.80387453658423,36.90515653775322,37.306629834254146,36.90515653775322,37.306629834254146,37.232664118424864,37.015330258187305,19017.364582061768,23.58803367614746,44.31589889526367,35.02277086935869,5.011357321339253,43.49007581754237,137.91898484437104,254,254,543,46.77716390423573,100.0,46.77716390423573,46.77716390423573
40,40,2021-08-05,3,Type 3,Type 3,Temporally clustered,Back-to-Back,10,6,3.54,7.72,8,3.5681818181818183,8.277777777777779,8,8,3.5681818181818183,8.277777777777779,8,2,2,616,1,1.25,73,32,32,73,43.83561643835616,100.0,43.83561643835616,43.83561643835616,51.23219722412998,23.152984607138997,891.6295158451517,576.4477457052113,403677.2393211173,112.15789735559929,0.6465103896418368,0.762905181582325,-0.37716032759987245,0.9261479834695733,-0.9261479834695733,-0.37716032759987245,51.23219722412998,23.152984607138997,51.23219722412998,23.152984607138997,51.23219722412998,23.152984607138997,403677.2393211173,891.6295158451517,576.4477457052113,0.6465103896418368,0.6465103896418368,0.6465103896418368,112.15789735559929,127200.51096420156,53166.720564579206,0.7052307111777367,51.226027397260275,23.267123287671232,51.226027397260275,23.267123287671232,51.23219722412998,23.152984607138997,3201.792079925537,34.86014938354492,47.83222579956055,43.860165478432016,3.7602729472869667,12.656279056044387,177.138468676512,33,33,73,45.205479452054796,100.0,45.205479452054796,45.205479452054796
40,40,2021-08-06,3,Type 3,Type 3,Temporally clustered,Back-to-Back,10,7,3.1578947368421053,7.552631578947368,8,3.5681818181818183,8.277777777777779,8,8,3.5681818181818183,8.277777777777779,8,2,1,614,0,1.25,529,241,241,529,45.55765595463138,100.0,45.55765595463138,45.55765595463138,38.68864554331418,36.55894295897679,3211.6110629425975,1361.3599560490022,3433885.40952319,25.194256076915053,0.4238869306925583,0.905715115247638,0.9048697324505687,0.42568858017902744,-0.42568858017902744,0.9048697324505687,38.68864554331418,36.55894295897679,38.68864554331418,36.55894295897679,38.68864554331418,36.55894295897679,3433885.40952319,3211.6110629425975,1361.3599560490022,0.4238869306925583,0.4238869306925583,0.4238869306925583,25.194256076915053,1650311.2991384447,296528.1487893986,0.8476874150536583,38.188090737240074,36.832703213610586,38.188090737240074,36.832703213610586,38.68864554331418,36.55894295897679,18627.545112609863,23.995325088500977,43.82945251464844,35.21275068546288,5.239905414778631,54.07282360278602,124.03256639468344,235,235,529,44.4234404536862,100.0,44.4234404536862,44.4234404536862
40,40,2021-08-06,3,Type 3,Type 3,Temporally clustered,Back-to-Back,10,7,3.1578947368421053,7.552631578947368,8,3.5681818181818183,8.277777777777779,8,8,3.5681818181818183,8.277777777777779,8,2,1,614,1,1.25,85,37,37,85,43.529411764705884,100.0,43.529411764705884,43.529411764705884,51.20469538545007,22.912601541874004,817.8685537998446,712.2234637652355,457498.49405843875,104.09605852193688,0.8708287663784376,0.4915864721977289,-0.24354829199743094,0.9698887716976283,-0.9698887716976283,-0.24354829199743094,51.20469538545007,22.912601541874004,51.20469538545007,22.912601541874004,51.20469538545007,22.912601541874004,457498.49405843875,817.8685537998446,712.2234637652355,0.8708287663784376,0.8708287663784376,0.8708287663784376,104.09605852193688,107025.43540714389,81161.96197403994,0.568717336530023,51.241176470588236,23.076470588235296,51.241176470588236,23.076470588235296,51.20469538545007,22.912601541874004,3719.233955383301,35.033226013183594,47.684547424316406,43.75569359274471,3.967677777055391,18.52893855722602,191.65297948762958,38,38,85,44.705882352941174,100.0,44.705882352941174,44.705882352941174
40,40,2021-08-07,3,Type 3,Type 3,Temporally clustered,Back-to-Back,10,8,3.5681818181818183,7.272727272727272,7,3.5681818181818183,8.277777777777779,8,8,3.5681818181818183,8.277777777777779,8,2,3,544,0,1.25,458,208,208,458,45.414847161572055,100.0,45.414847161572055,45.414847161572055,41.52369744279364,36.66264801148574,3369.270907542555,1387.8510806682061,3672558.15249558,26.03051080358736,0.4119143633007721,0.9112225618950178,0.8985604801100706,0.4388497050065766,-0.4388497050065766,0.8985604801100706,41.52369744279364,36.66264801148574,41.52369744279364,36.66264801148574,41.52369744279364,36.66264801148574,3672558.15249558,3369.270907542555,1387.8510806682061,0.4119143633007721,0.4119143633007721,0.4119143633007721,26.03051080358736,1816317.8317460213,308180.8995379052,0.8549394758397159,40.68995633187773,36.917030567685586,40.68995633187773,36.917030567685586,41.52369744279364,36.66264801148574,16028.618854522705,24.155534744262695,44.02561950683594,34.99698439852119,5.8779850005658,79.59062090500082,110.52416273938513,199,199,458,43.44978165938865,100.0,43.44978165938865,43.44978165938865
40,40,2021-08-07,3,Type 3,Type 3,Temporally clustered,Back-to-Back,10,8,3.5681818181818183,7.272727272727272,7,3.5681818181818183,8.277777777777779,8,8,3.5681818181818183,8.277777777777779,8,2,3,544,1,1.25,86,36,36,86,41.86046511627907,100.0,41.86046511627907,41.86046511627907,50.7680460214988,22.457795531134632,869.4837495789069,753.8682929937577,514809.82725619257,77.7960071538902,0.8670297672140025,0.4982563424230871,0.21139291040514382,0.9774011650445495,-0.9774011650445495,0.21139291040514382,50.7680460214988,22.457795531134632,50.7680460214988,22.457795531134632,50.7680460214988,22.457795531134632,514809.82725619257,869.4837495789069,753.8682929937577,0.8670297672140025,0.8670297672140025,0.8670297672140025,77.7960071538902,120960.31852508726,90930.78450901152,0.5708607713728386,50.825581395348834,22.627906976744185,50.825581395348834,22.627906976744185,50.7680460214988,22.457795531134632,3788.5633125305176,35.44939041137695,48.201629638671875,44.05306177361067,3.916759559388317,19.745568107868504,197.45245234272772,34,34,86,39.53488372093023,100.0,39.53488372093023,39.53488372093023
40,40,2021-08-08,3,Type 3,Type 3,Temporally clustered,Back-to-Back,10,9,3.4791666666666665,7.041666666666667,7,3.5681818181818183,8.277777777777779,8,8,3.5681818181818183,8.277777777777779,8,2,1,476,0,1.25,396,200,200,396,50.505050505050505,100.0,50.505050505050505,50.505050505050505,40.55156554329171,37.37908813353378,3145.599375954509,1740.6898645465387,4300457.815883227,20.167097294424764,0.5533730321326565,0.8329335431523393,0.9386911591347915,0.3447592025779464,-0.3447592025779464,0.9386911591347915,40.55156554329171,37.37908813353378,40.55156554329171,37.37908813353378,40.55156554329171,37.37908813353378,4300457.815883227,3145.599375954509,1740.6898645465387,0.5533730321326565,0.5533730321326565,0.5533730321326565,20.167097294424764,1583167.269440863,484800.1927256075,0.7655668178561597,39.45454545454545,37.553030303030305,39.45454545454545,37.553030303030305,40.55156554329171,37.37908813353378,13407.961639404297,23.847532272338867,45.04882049560547,33.85848898839469,5.699388179083037,98.94924259124774,100.91661953991525,199,199,396,50.25252525252525,100.0,50.25252525252525,50.25252525252525
40,40,2021-08-08,3,Type 3,Type 3,Temporally clustered,Back-to-Back,10,9,3.4791666666666665,7.041666666666667,7,3.5681818181818183,8.277777777777779,8,8,3.5681818181818183,8.277777777777779,8,2,1,476,1,1.25,80,30,30,80,37.5,100.0,37.5,37.5,50.580652056535904,22.957406037347685,1009.6876302966537,751.34011113991,595817.8250907805,87.11911201428344,0.7441312427677863,0.6680334524085376,0.050259796873205996,0.9987361777858376,-0.9987361777858376,0.050259796873205996,50.580652056535904,22.957406037347685,50.580652056535904,22.957406037347685,50.580652056535904,22.957406037347685,595817.8250907805,1009.6876302966537,751.34011113991,0.7441312427677863,0.7441312427677863,0.7441312427677863,87.11911201428344,163115.05772385153,90321.9140172372,0.6436119268758068,50.65,23.125,50.65,23.125,50.580652056535904,22.957406037347685,3464.1489334106445,35.44389343261719,47.70794677734375,43.301861667633055,3.7229837189279564,19.874497684070985,200.9678349594671,31,31,80,38.75,100.0,38.75,38.75
40,40,2021-08-09,3,Type 3,Type 3,Temporally clustered,Back-to-Back,10,10,2.862068965517241,7.689655172413793,8,3.5681818181818183,8.277777777777779,8,8,3.5681818181818183,8.277777777777779,8,5,4,401,0,1.25,157,66,66,157,42.038216560509554,100.0,42.038216560509554,42.038216560509554,26.487992863598365,38.57025954999581,1248.238231925445,901.4385978183803,883737.9628860131,109.66851633933742,0.7221687132815058,0.6917169576910301,-0.3365778755756481,0.9416556343340083,-0.9416556343340083,-0.3365778755756481,26.487992863598365,38.57025954999581,26.487992863598365,38.57025954999581,26.487992863598365,38.57025954999581,883737.9628860131,1248.238231925445,901.4385978183803,0.7221687132815058,0.7221687132815058,0.7221687132815058,109.66851633933742,249295.7893824578,130014.64730188283,0.657234194665516,26.6656050955414,38.39808917197452,26.6656050955414,38.39808917197452,26.487992863598365,38.57025954999581,4692.749013900757,25.751211166381836,37.87550354003906,29.89012110764813,3.055818854873796,24.605293594170192,321.0181414098688,69,69,157,43.94904458598726,100.0,43.94904458598726,43.94904458598726
40,40,2021-08-09,3,Type 3,Type 3,Temporally clustered,Back-to-Back,10,10,2.862068965517241,7.689655172413793,8,3.5681818181818183,8.277777777777779,8,8,3.5681818181818183,8.277777777777779,8,5,4,401,1,1.25,15,8,8,15,53.333333333333336,100.0,53.333333333333336,53.333333333333336,24.51380586979905,23.308013984905454,653.5371211560471,249.308612008313,127966.8332993955,12.255587294631539,0.3814758243071319,0.9243788159998011,0.9772104109524486,0.21227296748796426,-0.21227296748796426,0.9772104109524486,24.51380586979905,23.308013984905454,24.51380586979905,23.308013984905454,24.51380586979905,23.308013984905454,127966.8332993955,653.5371211560471,249.308612008313,0.3814758243071319,0.3814758243071319,0.3814758243071319,12.255587294631539,68337.72299662941,9944.765443441847,0.872963089937349,24.5,23.3,24.5,23.3,24.51380586979905,23.308013984905454,604.3066864013672,38.60907745361328,41.99924850463867,40.287112426757815,0.7636908316360592,1.6679606643269194,57.84928144839284,8,8,15,53.333333333333336,100.0,53.333333333333336,53.333333333333336
40,40,2021-08-09,3,Type 3,Type 3,Temporally clustered,Back-to-Back,10,10,2.862068965517241,7.689655172413793,8,3.5681818181818183,8.277777777777779,8,8,3.5681818181818183,8.277777777777779,8,5,4,401,2,1.25,26,13,13,26,50.0,100.0,50.0,50.0,37.409932125084836,22.802833165738093,913.1610323547881,210.92937037474047,151277.48930026154,120.60006937053197,0.23098814217993113,0.9729565654088902,-0.5090424578884036,0.8607414106843778,-0.8607414106843778,-0.5090424578884036,37.409932125084836,22.802833165738093,37.409932125084836,22.802833165738093,37.409932125084836,22.802833165738093,151277.48930026154,913.1610323547881,210.92937037474047,0.23098814217993113,0.23098814217993113,0.23098814217993113,120.60006937053197,133418.09136180198,7118.591885869511,0.9493470905861339,37.38461538461539,22.846153846153847,37.38461538461539,22.846153846153847,37.409932125084836,22.802833165738093,907.063362121582,32.003631591796875,41.561424255371094,34.88705238929162,2.478339676278834,5.45611785387587,151.54949780507167,13,13,26,50.0,100.0,50.0,50.0
40,40,2021-08-09,3,Type 3,Type 3,Temporally clustered,Back-to-Back,10,10,2.862068965517241,7.689655172413793,8,3.5681818181818183,8.277777777777779,8,8,3.5681818181818183,8.277777777777779,8,5,4,401,3,1.25,134,56,56,134,41.791044776119406,100.0,41.791044776119406,41.791044776119406,51.450384813376346,41.23502631539789,924.6120947857228,704.5213131729275,511615.37503887655,150.11797331118035,0.7619641979009577,0.6476191482014334,-0.8670530786228103,0.49821577539325934,-0.49821577539325934,-0.8670530786228103,51.450384813376346,41.23502631539789,51.450384813376346,41.23502631539789,51.450384813376346,41.23502631539789,511615.37503887655,924.6120947857228,704.5213131729275,0.7619641979009577,0.7619641979009577,0.7619641979009577,150.11797331118035,136785.20413184675,79416.04491438498,0.6326753648985491,51.06716417910448,41.223880597014926,51.06716417910448,41.223880597014926,51.450384813376346,41.23502631539789,4680.768980026245,23.16278839111328,44.18645477294922,34.93111179124063,5.070036672906691,32.15407386198539,87.66748160016938,56,56,134,41.791044776119406,100.0,41.791044776119406,41.791044776119406
40,40,2021-08-09,3,Type 3,Type 3,Temporally clustered,Back-to-Back,10,10,2.862068965517241,7.689655172413793,8,3.5681818181818183,8.277777777777779,8,8,3.5681818181818183,8.277777777777779,8,5,4,401,4,1.25,69,28,28,69,40.57971014492754,100.0,40.57971014492754,40.57971014492754,50.569274023171,24.09174975207675,1187.6872144452404,694.0852958595191,647447.8703049246,91.00683255917859,0.584400747450768,0.8114651972691027,-0.017571638804459548,0.9998456068362382,-0.9998456068362382,-0.017571638804459548,50.569274023171,24.09174975207675,50.569274023171,24.09174975207675,50.569274023171,24.09174975207675,647447.8703049246,1187.6872144452404,694.0852958595191,0.584400747450768,0.584400747450768,0.584400747450768,91.00683255917859,225696.14709707117,77080.70366854338,0.7454207497249747,50.64492753623188,24.181159420289855,50.64492753623188,24.181159420289855,50.569274023171,24.09174975207675,2957.7902908325195,36.014923095703125,49.115638732910156,42.866525954094485,3.6366942338868404,12.53802767232861,217.84494431264872,28,28,69,40.57971014492754,100.0,40.57971014492754,40.57971014492754
41,41,2021-08-28,1,Type 1,Type 1,Independent,Independent,1,1,3.7666666666666666,8.266666666666667,8,3.7666666666666666,8.266666666666667,8,8,3.7666666666666666,8.266666666666667,8,1,4,384,0,1.25,384,191,191,384,49.739583333333336,100.0,49.739583333333336,49.739583333333336,39.683124241520076,32.55522171000261,1983.5426826787182,1688.9859045149801,2631221.78846953,88.30407441061183,0.8514996522454725,0.5243551680167168,0.029595163429080987,0.9995619672144423,-0.9995619672144423,0.029595163429080987,39.683124241520076,32.55522171000261,39.683124241520076,32.55522171000261,39.683124241520076,32.55522171000261,2631221.78846953,1983.5426826787182,1688.9859045149801,0.8514996522454725,0.8514996522454725,0.8514996522454725,88.30407441061183,629510.6518413258,456427.7417040457,0.5796927851368249,39.270833333333336,33.372395833333336,39.270833333333336,33.372395833333336,39.683124241520076,32.55522171000261,13777.417562484741,21.334959030151367,49.43627166748047,35.87869156897068,6.9930860116841,98.48397301860173,156.84663334498995,183,183,384,47.65625,100.0,47.65625,47.65625
42,42,2022-07-19,3,Type 3,Type 3,Temporally clustered,Back-to-Back,5,1,3.05,8.075,8,3.05,8.214285714285714,8,8,3.05,8.214285714285714,8,2,6,417,0,1.25,16,9,9,16,56.25,100.0,56.25,56.25,33.66506413456441,34.86686964293277,451.5539944556642,296.0498437166942,104993.98172246898,52.162762213352664,0.6556244598690221,0.7550871258480395,0.6134204632839323,0.7897565037557627,-0.7897565037557627,0.6134204632839323,33.66506413456441,34.86686964293277,33.66506413456441,34.86686964293277,33.66506413456441,34.86686964293277,104993.98172246898,451.5539944556642,296.0498437166942,0.6556244598690221,0.6556244598690221,0.6556244598690221,52.162762213352664,32624.161585418566,14023.281594348653,0.6993772726126374,33.625,34.8125,33.625,34.8125,33.66506413456441,34.86686964293277,475.8774223327637,28.475217819213867,35.67268371582031,29.74233889579773,1.6290232562331919,7.05756627749267,31.269175533595135,9,9,16,56.25,100.0,56.25,56.25
42,42,2022-07-19,3,Type 3,Type 3,Temporally clustered,Back-to-Back,5,1,3.05,8.075,8,3.05,8.214285714285714,8,8,3.05,8.214285714285714,8,2,6,417,1,1.25,401,157,157,401,39.15211970074813,100.0,39.15211970074813,39.15211970074813,53.744307709852734,35.11027702006072,2312.3034029409423,1288.375044029682,2339790.6630316637,36.102639289226914,0.5571825230162445,0.830390050545677,0.8079627421307372,0.5892335762060575,-0.5892335762060575,0.8079627421307372,53.744307709852734,35.11027702006072,53.744307709852734,35.11027702006072,53.744307709852734,35.11027702006072,2339790.6630316637,2312.3034029409423,1288.375044029682,0.5571825230162445,0.5571825230162445,0.5571825230162445,36.102639289226914,855479.5243603619,265585.64065255754,0.7630952696228887,54.0211970074813,35.40274314214464,54.0211970074813,35.40274314214464,53.744307709852734,35.11027702006072,15933.56547164917,22.353965759277344,51.02312469482422,39.73457723603284,5.578337133052391,41.08247671550375,217.91144940568608,161,161,401,40.14962593516209,100.0,40.14962593516209,40.14962593516209
42,42,2022-07-20,3,Type 3,Type 3,Temporally clustered,Back-to-Back,5,2,3.0454545454545454,8.0,8,3.05,8.214285714285714,8,8,3.05,8.214285714285714,8,4,6,431,0,1.25,10,6,6,10,60.0,100.0,60.0,60.0,23.087029180690042,44.987236904601566,396.09620778863666,144.7669079135493,45036.00557723085,177.44897344074212,0.36548420577356105,0.9308175413742853,-0.9990089787788878,0.04450910377848103,-0.04450910377848103,-0.9990089787788878,23.087029180690042,44.987236904601566,23.087029180690042,44.987236904601566,23.087029180690042,44.987236904601566,45036.00557723085,396.09620778863666,144.7669079135493,0.36548420577356105,0.36548420577356105,0.36548420577356105,177.44897344074212,25102.75293192621,3353.1932202960097,0.882161949479436,23.1,45.0,23.1,45.0,23.087029180690042,44.987236904601566,328.12353134155273,28.79438018798828,34.422279357910156,32.81235313415527,1.6096008601511482,1.7487071771368536,215.80062197462075,6,6,10,60.0,100.0,60.0,60.0
42,42,2022-07-20,3,Type 3,Type 3,Temporally clustered,Back-to-Back,5,2,3.0454545454545454,8.0,8,3.05,8.214285714285714,8,8,3.05,8.214285714285714,8,4,6,431,1,1.25,14,6,6,14,42.857142857142854,100.0,42.857142857142854,42.857142857142854,33.655195836749854,34.59879282812148,392.92230869617634,245.00143850727014,75607.55652793094,62.87936995585373,0.6235365951102443,0.7817941638042096,0.4558654096736887,0.8900487224096443,-0.8900487224096443,0.4558654096736887,33.655195836749854,34.59879282812148,33.655195836749854,34.59879282812148,33.655195836749854,34.59879282812148,75607.55652793094,392.92230869617634,245.00143850727014,0.6235365951102443,0.6235365951102443,0.6235365951102443,62.87936995585373,24702.070507381322,9604.112779301067,0.7200471792783382,33.642857142857146,34.57142857142857,33.642857142857146,34.57142857142857,33.655195836749854,34.59879282812148,403.5005340576172,27.8137149810791,29.900083541870117,28.82146671840123,0.6590385689667526,3.2398085000792,20.447939105243048,6,6,14,42.857142857142854,100.0,42.857142857142854,42.857142857142854
42,42,2022-07-20,3,Type 3,Type 3,Temporally clustered,Back-to-Back,5,2,3.0454545454545454,8.0,8,3.05,8.214285714285714,8,8,3.05,8.214285714285714,8,4,6,431,2,1.25,191,89,89,191,46.596858638743456,100.0,46.596858638743456,46.596858638743456,45.175408030319865,29.380417446999967,1576.7553136531233,929.2799317824016,1150802.3579442697,81.50519123301102,0.5893621690922918,0.8078689458339322,0.1477198016226666,0.9890292514423221,-0.9890292514423221,0.1477198016226666,45.175408030319865,29.380417446999967,45.175408030319865,29.380417446999967,45.175408030319865,29.380417446999967,1150802.3579442697,1576.7553136531233,929.2799317824016,0.5893621690922918,0.5893621690922918,0.5893621690922918,81.50519123301102,397785.17106133746,138169.79065816078,0.7421988776540621,45.29057591623037,29.850785340314136,45.29057591623037,29.850785340314136,45.175408030319865,29.380417446999967,7898.694812774658,24.10200309753418,49.856117248535156,41.35442310353224,5.55798545123101,53.318272886886795,192.10452905990087,89,89,191,46.596858638743456,100.0,46.596858638743456,46.596858638743456
42,42,2022-07-20,3,Type 3,Type 3,Temporally clustered,Back-to-Back,5,2,3.0454545454545454,8.0,8,3.05,8.214285714285714,8,8,3.05,8.214285714285714,8,4,6,431,3,1.25,216,93,93,216,43.05555555555556,100.0,43.05555555555556,43.05555555555556,62.08923963595324,39.22931093888826,1251.7523097348483,925.1423093113789,909529.5754066665,104.64205462367187,0.7390777729080816,0.6736201048018312,-0.25277958072850826,0.9675238930211075,-0.9675238930211075,-0.25277958072850826,62.08923963595324,39.22931093888826,62.08923963595324,39.22931093888826,62.08923963595324,39.22931093888826,909529.5754066665,1251.7523097348483,925.1423093113789,0.7390777729080816,0.7390777729080816,0.7390777729080816,104.64205462367187,250701.41518824443,136942.12679647858,0.6467318245640334,62.236111111111114,39.0787037037037,62.236111111111114,39.0787037037037,62.08923963595324,39.22931093888826,8561.638204574585,23.39859962463379,46.431915283203125,39.63721391006752,4.718893637333931,20.993693993359802,322.83761688432486,92,92,216,42.592592592592595,100.0,42.592592592592595,42.592592592592595
42,42,2022-07-21,3,Type 3,Type 3,Temporally clustered,Back-to-Back,5,3,2.833333333333333,7.7,8,3.05,8.214285714285714,8,8,3.05,8.214285714285714,8,2,12,412,0,1.25,34,15,15,34,44.11764705882353,100.0,44.11764705882353,44.11764705882353,23.28572508292532,43.48593274694068,467.3413410110507,384.96091335140363,141299.5301837764,58.16547923596308,0.8237253578264134,0.5669890077186216,0.5274677610125155,0.8495750473574679,-0.8495750473574679,0.5274677610125155,23.28572508292532,43.48593274694068,23.28572508292532,43.48593274694068,23.28572508292532,43.48593274694068,141299.5301837764,467.3413410110507,384.96091335140363,0.8237253578264134,0.8237253578264134,0.8237253578264134,58.16547923596308,34945.26864288115,23711.1847693355,0.5957617041265393,23.294117647058822,43.44117647058823,23.294117647058822,43.44117647058823,23.28572508292532,43.48593274694068,1120.049217224121,28.445674896240234,36.75677490234375,32.942624036003565,2.0848188081535124,5.0186697127142335,352.22524978018106,14,14,34,41.1764705882353,100.0,41.1764705882353,41.1764705882353
42,42,2022-07-21,3,Type 3,Type 3,Temporally clustered,Back-to-Back,5,3,2.833333333333333,7.7,8,3.05,8.214285714285714,8,8,3.05,8.214285714285714,8,2,12,412,1,1.25,378,156,156,378,41.26984126984127,100.0,41.26984126984127,41.26984126984127,54.95038347627528,34.403336921011636,2605.220476788406,1165.7538611306702,2385290.2169673685,41.09873336100051,0.44746840872667987,0.8942997390090266,0.7535779247258432,0.657358586591741,-0.657358586591741,0.7535779247258432,54.95038347627528,34.403336921011636,54.95038347627528,34.403336921011636,54.95038347627528,34.403336921011636,2385290.2169673685,2605.220476788406,1165.7538611306702,0.44746840872667987,0.44746840872667987,0.44746840872667987,41.09873336100051,1085947.7972284171,217437.13035857052,0.8331750461767874,55.164021164021165,34.55820105820106,55.164021164021165,34.55820105820106,54.95038347627528,34.403336921011636,15414.805646896362,24.56671905517578,48.807926177978516,40.779909118773446,5.003936028342958,26.08190845707004,228.86237790911667,154,154,378,40.74074074074074,100.0,40.74074074074074,40.74074074074074
42,42,2022-07-22,3,Type 3,Type 3,Temporally clustered,Back-to-Back,5,4,2.8285714285714287,7.057142857142857,7,3.05,8.214285714285714,8,8,3.05,8.214285714285714,8,3,8,425,0,1.25,53,24,24,53,45.283018867924525,100.0,45.283018867924525,45.283018867924525,23.53707437256193,42.58856236908517,715.5506280290062,410.54402201093075,230722.51721853297,65.74735331680901,0.573745596648807,0.8190335709396194,0.41076096950563773,0.9117430701303896,-0.9117430701303896,0.41076096950563773,23.53707437256193,42.58856236908517,23.53707437256193,42.58856236908517,23.53707437256193,42.58856236908517,230722.51721853297,715.5506280290062,410.54402201093075,0.573745596648807,0.573745596648807,0.573745596648807,65.74735331680901,81922.03220363284,26967.423041425856,0.7523412806066948,23.537735849056602,42.5188679245283,23.537735849056602,42.5188679245283,23.53707437256193,42.58856236908517,1757.2026138305664,27.119651794433594,36.856842041015625,33.154766298689935,2.0465388360502765,7.742131546231127,359.598178721579,23,23,53,43.39622641509434,100.0,43.39622641509434,43.39622641509434
42,42,2022-07-22,3,Type 3,Type 3,Temporally clustered,Back-to-Back,5,4,2.8285714285714287,7.057142857142857,7,3.05,8.214285714285714,8,8,3.05,8.214285714285714,8,3,8,425,1,1.25,9,5,5,9,55.55555555555556,100.0,55.55555555555556,55.55555555555556,33.619576175747596,34.965700861229315,308.532827430829,219.28526711742688,53137.4506528833,29.395526189980387,0.7107356093788405,0.7034592337590632,0.8712521395621561,0.4908357253790368,-0.4908357253790368,0.8712521395621561,33.619576175747596,34.965700861229315,33.619576175747596,34.965700861229315,33.619576175747596,34.965700861229315,53137.4506528833,308.532827430829,219.28526711742688,0.7107356093788405,0.7107356093788405,0.7107356093788405,29.395526189980387,15230.800896393874,7693.764539961801,0.6643877694728122,33.611111111111114,34.94444444444444,33.611111111111114,34.94444444444444,33.619576175747596,34.965700861229315,263.1927490234375,28.060091018676758,32.73828887939453,29.243638780381943,1.3416487900427756,2.481699316398313,18.15045869740193,5,5,9,55.55555555555556,100.0,55.55555555555556,55.55555555555556
42,42,2022-07-22,3,Type 3,Type 3,Temporally clustered,Back-to-Back,5,4,2.8285714285714287,7.057142857142857,7,3.05,8.214285714285714,8,8,3.05,8.214285714285714,8,3,8,425,2,1.25,363,154,154,363,42.42424242424242,100.0,42.42424242424242,42.42424242424242,55.595481101270195,33.78945387950564,2615.1227755848104,983.9645916463952,2020977.2973385975,41.80392468164675,0.37625942492369396,0.926514352374582,0.7454303413817054,0.6665835327605643,-0.6665835327605643,0.7454303413817054,55.595481101270195,33.78945387950564,55.595481101270195,33.78945387950564,55.595481101270195,33.78945387950564,2020977.2973385975,2615.1227755848104,983.9645916463952,0.37625942492369396,0.37625942492369396,0.37625942492369396,41.80392468164675,1094218.7410211847,154909.81081821717,0.8759856937141457,55.8801652892562,33.946280991735534,55.8801652892562,33.946280991735534,55.595481101270195,33.78945387950564,15153.217191696167,25.090009689331055,49.50630187988281,41.744399977124424,4.626091841745947,31.56658654862411,236.63925847039624,151,151,363,41.59779614325069,100.0,41.59779614325069,41.59779614325069
42,42,2022-07-23,3,Type 3,Type 3,Temporally clustered,Back-to-Back,5,5,2.625,8.214285714285714,8,3.05,8.214285714285714,8,8,3.05,8.214285714285714,8,4,2,371,0,1.25,59,26,26,59,44.067796610169495,100.0,44.067796610169495,44.067796610169495,23.398566223934573,42.10821207235997,855.816776009382,408.05349697177013,274275.9833856503,71.40589372912633,0.47680006797073676,0.879011771925212,0.31886181543366,0.9478012147377479,-0.9478012147377479,0.31886181543366,23.398566223934573,42.10821207235997,23.398566223934573,42.10821207235997,23.398566223934573,42.10821207235997,274275.9833856503,855.816776009382,408.05349697177013,0.47680006797073676,0.47680006797073676,0.47680006797073676,71.40589372912633,117187.57665585485,26641.225022542465,0.8147712786892815,23.364406779661017,41.90677966101695,23.364406779661017,41.90677966101695,23.398566223934573,42.10821207235997,2008.1109943389893,26.891206741333008,39.16151428222656,34.035779565067614,3.1868142677024767,22.552032761545885,7.196984628115323,28,28,59,47.45762711864407,100.0,47.45762711864407,47.45762711864407
42,42,2022-07-23,3,Type 3,Type 3,Temporally clustered,Back-to-Back,5,5,2.625,8.214285714285714,8,3.05,8.214285714285714,8,8,3.05,8.214285714285714,8,4,2,371,1,1.25,18,9,9,18,50.0,100.0,50.0,50.0,31.65990414748582,35.75128676186862,714.6074657091157,247.50550675618877,138912.8099762875,154.24850947506278,0.3463516946476138,0.9381047402154655,-0.9006869371122348,0.4344686885327656,-0.4344686885327656,-0.9006869371122348,31.65990414748582,35.75128676186862,31.65990414748582,35.75128676186862,31.65990414748582,35.75128676186862,138912.8099762875,714.6074657091157,247.50550675618877,0.3463516946476138,0.3463516946476138,0.3463516946476138,154.24850947506278,81706.2128075528,9801.436139942049,0.8928894332585694,31.77777777777778,35.666666666666664,31.77777777777778,35.666666666666664,31.65990414748582,35.75128676186862,542.3716487884521,27.50796127319336,35.870811462402344,30.13175826602512,2.465187298908391,14.210305551345813,311.38850046873404,9,9,18,50.0,100.0,50.0,50.0
42,42,2022-07-23,3,Type 3,Type 3,Temporally clustered,Back-to-Back,5,5,2.625,8.214285714285714,8,3.05,8.214285714285714,8,8,3.05,8.214285714285714,8,4,2,371,2,1.25,88,37,37,88,42.04545454545455,100.0,42.04545454545455,42.04545454545455,43.98615163875602,24.678755138313644,810.580736197611,652.9716895636102,415700.46660211304,132.87960610384533,0.8055603352069085,0.5925137520271856,-0.6804600840581769,0.7327851485964618,-0.7327851485964618,-0.6804600840581769,43.98615163875602,24.678755138313644,43.98615163875602,24.678755138313644,43.98615163875602,24.678755138313644,415700.46660211304,810.580736197611,652.9716895636102,0.8055603352069085,0.8055603352069085,0.8055603352069085,132.87960610384533,105126.58078314578,68219.52437944892,0.6064548187254594,43.90909090909091,24.670454545454547,43.90909090909091,24.670454545454547,43.98615163875602,24.678755138313644,3898.6621475219727,37.61408996582031,46.7665901184082,44.302978949113324,1.740403593340667,7.8536562701367885,83.2607861527094,38,38,88,43.18181818181818,100.0,43.18181818181818,43.18181818181818
42,42,2022-07-23,3,Type 3,Type 3,Temporally clustered,Back-to-Back,5,5,2.625,8.214285714285714,8,3.05,8.214285714285714,8,8,3.05,8.214285714285714,8,4,2,371,3,1.25,206,88,88,206,42.71844660194175,100.0,42.71844660194175,42.71844660194175,61.31861521767574,36.74655877311347,1563.9379988514097,823.4911960400615,1011505.7912959593,48.573960420589216,0.5265497715669364,0.8501443042582871,0.6616527047912728,0.7498104415399887,-0.7498104415399887,0.6616527047912728,61.31861521767574,36.74655877311347,61.31861521767574,36.74655877311347,61.31861521767574,36.74655877311347,1011505.7912959593,1563.9379988514097,823.4911960400615,0.5265497715669364,0.5265497715669364,0.5265497715669364,48.573960420589216,391344.33028021624,108502.03999287856,0.7829292229658532,61.383495145631066,36.70388349514563,61.383495145631066,36.70388349514563,61.31861521767574,36.74655877311347,8209.818380355835,24.351181030273438,48.66057205200195,39.85348728328075,4.956166757195279,7.484567836004855,309.2719263765624,86,86,206,41.74757281553398,100.0,41.74757281553398,41.74757281553398
43,43,2023-07-12,2,Type 2,Type 2,Spatially clustered,Independent Simultaneous,1,1,2.84,8.32,8,2.84,8.32,8,8,2.84,8.32,8,4,5,373,0,1.25,48,23,23,48,47.916666666666664,100.0,47.916666666666664,47.916666666666664,24.173981988348405,40.555983260544025,653.0941065687848,459.8051036019573,235851.92949308702,99.39665527369702,0.7040411159391314,0.7101592124778657,-0.16326836934682526,0.9865816943217772,-0.9865816943217772,-0.16326836934682526,24.173981988348405,40.555983260544025,24.173981988348405,40.555983260544025,24.173981988348405,40.555983260544025,235851.92949308702,653.0941065687848,459.8051036019573,0.7040411159391314,0.7040411159391314,0.7040411159391314,99.39665527369702,68245.10592558069,33827.31732774507,0.6685949422030314,24.229166666666668,40.4375,24.229166666666668,40.4375,24.173981988348405,40.555983260544025,1496.7116146087646,26.156391143798828,37.03193283081055,31.18149197101593,2.8006943940465576,13.963814346497209,340.44437467042394,24,24,48,50.0,100.0,50.0,50.0
43,43,2023-07-12,2,Type 2,Type 2,Spatially clustered,Independent Simultaneous,1,1,2.84,8.32,8,2.84,8.32,8,8,2.84,8.32,8,4,5,373,1,1.25,19,10,10,19,52.63157894736842,100.0,52.63157894736842,52.63157894736842,35.1342140502224,33.40637297207702,446.4840913492849,357.7508515603678,125451.69881727794,88.64322216411549,0.8012622588169642,0.598313289669832,0.02367802738556248,0.9997196362076363,-0.9997196362076363,0.02367802738556248,35.1342140502224,33.40637297207702,35.1342140502224,33.40637297207702,35.1342140502224,33.40637297207702,125451.69881727794,446.4840913492849,357.7508515603678,0.8012622588169642,0.8012622588169642,0.8012622588169642,88.64322216411549,31895.687012479444,20477.707486746927,0.6090055326268873,34.973684210526315,33.44736842105263,34.973684210526315,33.44736842105263,35.1342140502224,33.40637297207702,611.3485584259033,27.654512405395508,37.32786178588867,32.176239917152806,3.9922112327234585,15.606418162307103,106.8944152302098,10,10,19,52.63157894736842,100.0,52.63157894736842,52.63157894736842
43,43,2023-07-12,2,Type 2,Type 2,Spatially clustered,Independent Simultaneous,1,1,2.84,8.32,8,2.84,8.32,8,8,2.84,8.32,8,4,5,373,2,1.25,128,55,55,128,42.96875,100.0,42.96875,42.96875,45.241226511281404,19.465175920142315,1207.1867428025585,861.8465478676815,817135.8887006794,110.11818851524484,0.713929765221619,0.7002173165029583,-0.3439577922438472,0.9389851101879829,-0.9389851101879829,-0.3439577922438472,45.241226511281404,19.465175920142315,45.241226511281404,19.465175920142315,45.241226511281404,19.465175920142315,817135.8887006794,1207.1867428025585,861.8465478676815,0.713929765221619,0.713929765221619,0.713929765221619,110.11818851524484,233167.97311972006,118844.71553143035,0.6623851373459803,45.125,19.140625,45.125,19.140625,45.241226511281404,19.465175920142315,5202.130079269409,29.591581344604492,46.466163635253906,40.64164124429226,4.461412832498013,37.946299885949166,18.759473192416852,60,60,128,46.875,100.0,46.875,46.875
43,43,2023-07-12,2,Type 2,Type 2,Spatially clustered,Independent Simultaneous,1,1,2.84,8.32,8,2.84,8.32,8,8,2.84,8.32,8,4,5,373,3,1.25,178,75,75,178,42.13483146067416,100.0,42.13483146067416,42.13483146067416,60.47793292198978,36.669945454937206,1824.4843087572815,828.0253462023024,1186516.1254582698,47.171553966855384,0.45384076049757793,0.8910828042954145,0.6798055004651148,0.7333924471504836,-0.7333924471504836,0.6798055004651148,60.47793292198978,36.669945454937206,60.47793292198978,36.669945454937206,60.47793292198978,36.669945454937206,1186516.1254582698,1824.4843087572815,828.0253462023024,0.45384076049757793,0.45384076049757793,0.45384076049757793,47.171553966855384,532598.8788642456,109700.15583255085,0.8292070361208999,60.40449438202247,36.60674157303371,60.40449438202247,36.60674157303371,60.47793292198978,36.669945454937206,7267.576343536377,22.87900733947754,47.368927001953125,40.82908058166504,3.6626200152158694,9.608752964533522,43.096933030221685,75,75,178,42.13483146067416,100.0,42.13483146067416,42.13483146067416
44,44,2023-07-15,4,Type 4,Type 4,Mixed,Mixed Multi-Day,28,1,2.7222222222222223,7.2592592592592595,7,3.764705882352941,9.434782608695652,9,9,3.764705882352941,9.434782608695652,9,1,14,437,0,1.25,437,198,198,437,45.30892448512586,100.0,45.30892448512586,45.30892448512586,40.10123301006798,29.014563517280422,2887.8997332652734,1485.7418803809433,3369887.1495117154,139.98684244234104,0.514471421312489,0.8575075257119948,-0.7658968114373722,0.6429635092523264,-0.6429635092523264,-0.7658968114373722,40.10123301006798,29.014563517280422,40.10123301006798,29.014563517280422,40.10123301006798,29.014563517280422,3369887.1495117154,2887.8997332652734,1485.7418803809433,0.514471421312489,0.514471421312489,0.514471421312489,139.98684244234104,1334394.3791029816,353188.62961886416,0.7907133291852916,38.973684210526315,29.612128146453088,38.973684210526315,29.612128146453088,40.10123301006798,29.014563517280422,16679.331520080566,26.856958389282227,49.53612518310547,38.16780668210656,6.0801156773409035,128.0017531071015,120.88414180855305,204,204,437,46.681922196796336,100.0,46.681922196796336,46.681922196796336
44,44,2023-07-16,4,Type 4,Type 4,Mixed,Mixed Multi-Day,28,2,3.0217391304347827,9.434782608695652,9,3.764705882352941,9.434782608695652,9,9,3.764705882352941,9.434782608695652,9,1,15,476,0,1.25,476,229,229,476,48.109243697478995,100.0,48.109243697478995,48.109243697478995,40.10361450296493,29.297878401171474,2968.13229591751,1527.5478714010408,3560967.1325505,142.02376537116197,0.5146495233726921,0.8574006461930507,-0.7882660523262783,0.6153345681415477,-0.6153345681415477,-0.7882660523262783,40.10361450296493,29.297878401171474,40.10361450296493,29.297878401171474,40.10361450296493,29.297878401171474,3560967.1325505,2968.13229591751,1527.5478714010408,0.5146495233726921,0.5146495233726921,0.5146495233726921,142.02376537116197,1409569.4921709676,373344.39990749606,0.7905987487302243,38.911764705882355,29.888655462184875,38.911764705882355,29.888655462184875,40.10361450296493,29.297878401171474,18249.265935897827,27.122282028198242,48.67890930175781,38.33879398297863,6.155010374136314,132.73919005872185,119.26447611298283,235,235,476,49.36974789915966,100.0,49.36974789915966,49.36974789915966
44,44,2023-07-17,4,Type 4,Type 4,Mixed,Mixed Multi-Day,28,3,3.25,8.5,9,3.764705882352941,9.434782608695652,9,9,3.764705882352941,9.434782608695652,9,2,4,543,0,1.25,23,9,9,23,39.130434782608695,100.0,39.130434782608695,39.130434782608695,24.509976515774344,18.081201571001323,648.4516162693977,286.1152404486883,145716.40574268406,159.3858227256444,0.44122835577885644,0.8973948618399187,-0.935972447345527,0.3520732563118429,-0.3520732563118429,-0.935972447345527,24.509976515774344,18.081201571001323,24.509976515774344,18.081201571001323,24.509976515774344,18.081201571001323,145716.40574268406,648.4516162693977,286.1152404486883,0.44122835577885644,0.44122835577885644,0.44122835577885644,159.3858227256444,67278.31978278307,13097.90893072172,0.8370425044771849,24.543478260869566,18.065217391304348,24.543478260869566,18.065217391304348,24.509976515774344,18.081201571001323,917.1039276123047,37.792747497558594,42.85918426513672,39.87408380923064,1.1863275623078051,3.963306131096454,296.5169897189565,9,9,23,39.130434782608695,100.0,39.130434782608695,39.130434782608695
44,44,2023-07-17,4,Type 4,Type 4,Mixed,Mixed Multi-Day,28,3,3.25,8.5,9,3.764705882352941,9.434782608695652,9,9,3.764705882352941,9.434782608695652,9,2,4,543,1,1.25,520,255,255,520,49.03846153846154,100.0,49.03846153846154,49.03846153846154,41.66257740960627,28.821812473746434,3069.6760927480814,1641.7784625006966,3958193.190563656,149.1430789990339,0.5348376873961705,0.8449548201772188,-0.8584507796033654,0.5128959533846744,-0.5128959533846744,-0.8584507796033654,41.66257740960627,28.821812473746434,41.66257740960627,28.821812473746434,41.66257740960627,28.821812473746434,3958193.190563656,3069.6760927480814,1641.7784625006966,0.5348376873961705,0.5348376873961705,0.5348376873961705,149.1430789990339,1507665.8103022603,431269.8431889842,0.7775739270086449,40.40576923076923,29.371153846153845,40.40576923076923,29.371153846153845,41.66257740960627,28.821812473746434,20067.48680114746,26.233163833618164,49.47926330566406,38.591320771437424,6.231481757161073,136.66013684382662,116.15101167871006,254,254,520,48.84615384615385,100.0,48.84615384615385,48.84615384615385
44,44,2023-07-18,4,Type 4,Type 4,Mixed,Mixed Multi-Day,28,4,3.65625,7.5625,8,3.764705882352941,9.434782608695652,9,9,3.764705882352941,9.434782608695652,9,1,4,559,0,1.25,559,276,276,559,49.37388193202147,100.0,49.37388193202147,49.37388193202147,40.508877903107546,27.15283563904979,3147.3350058196256,2043.1884123651255,5050580.183683633,152.98501220613755,0.6491804681062353,0.7606344193036292,-0.890887735987091,0.45422355934913283,-0.45422355934913283,-0.890887735987091,40.508877903107546,27.15283563904979,40.508877903107546,27.15283563904979,40.508877903107546,27.15283563904979,5050580.183683633,3147.3350058196256,2043.1884123651255,0.6491804681062353,0.6491804681062353,0.6491804681062353,152.98501220613755,1584914.82221722,667939.0221476996,0.7035142675507243,39.3783542039356,27.830948121645797,39.3783542039356,27.830948121645797,40.508877903107546,27.15283563904979,21434.90013885498,25.76991081237793,49.5648078918457,38.345080749293345,6.155363348625778,134.63611487667382,123.66325096175864,283,283,559,50.62611806797853,100.0,50.62611806797853,50.62611806797853
44,44,2023-07-19,4,Type 4,Type 4,Mixed,Mixed Multi-Day,28,5,3.480769230769231,7.384615384615385,7,3.764705882352941,9.434782608695652,9,9,3.764705882352941,9.434782608695652,9,1,2,584,0,1.25,584,274,274,584,46.917808219178085,100.0,46.917808219178085,46.917808219178085,40.13232923180847,26.954307983830738,3163.8878731790464,2104.699320902435,5229992.019668604,150.68630283977902,0.6652256354418944,0.7466423869235712,-0.8719522554787267,0.4895909151174696,-0.4895909151174696,-0.8719522554787267,40.13232923180847,26.954307983830738,40.13232923180847,26.954307983830738,40.13232923180847,26.954307983830738,5229992.019668604,3163.8878731790464,2104.699320902435,0.6652256354418944,0.6652256354418944,0.6652256354418944,150.68630283977902,1601629.8358479086,708761.4770251474,0.6932288166614613,39.08732876712329,27.671232876712327,39.08732876712329,27.671232876712327,40.13232923180847,26.954307983830738,22317.0151348114,25.961692810058594,49.344390869140625,38.21406701166336,6.016460507580869,130.41848171080724,127.28525660756966,285,285,584,48.8013698630137,100.0,48.8013698630137,48.8013698630137
44,44,2023-07-20,4,Type 4,Type 4,Mixed,Mixed Multi-Day,28,6,3.4285714285714284,7.428571428571429,7,3.764705882352941,9.434782608695652,9,9,3.764705882352941,9.434782608695652,9,1,0,629,0,1.25,629,292,292,629,46.42289348171701,100.0,46.42289348171701,46.42289348171701,40.44226641968651,27.453777822632684,3054.2234155709707,2054.3899684199628,4928032.570310628,146.94381145005232,0.672639060373357,0.7399707389215113,-0.8381360507525477,0.545461236412747,-0.545461236412747,-0.8381360507525477,40.44226641968651,27.453777822632684,40.44226641968651,27.453777822632684,40.44226641968651,27.453777822632684,4928032.570310628,3054.2234155709707,2054.3899684199628,0.672639060373357,0.672639060373357,0.672639060373357,146.94381145005232,1492524.907555521,675282.9027751321,0.6884950319133079,39.37440381558029,28.145468998410173,39.37440381558029,28.145468998410173,40.44226641968651,27.453777822632684,24005.064334869385,25.77927017211914,48.75196075439453,38.16385426847279,6.201559536093712,130.186337026427,125.8198389311928,296,296,629,47.05882352941177,100.0,47.05882352941177,47.05882352941177
44,44,2023-07-21,4,Type 4,Type 4,Mixed,Mixed Multi-Day,28,7,3.764705882352941,7.764705882352941,8,3.764705882352941,9.434782608695652,9,9,3.764705882352941,9.434782608695652,9,1,2,660,0,1.25,660,295,295,660,44.696969696969695,100.0,44.696969696969695,44.696969696969695,39.88476434235672,28.241052793755262,2955.0975107333948,2113.634361297018,4905593.503984807,143.93904451958986,0.7152502933050278,0.6988683838370939,-0.8083912073113539,0.5886456115029582,-0.5886456115029582,-0.8083912073113539,39.88476434235672,28.241052793755262,39.88476434235672,28.241052793755262,39.88476434235672,28.241052793755262,4905593.503984807,2955.0975107333948,2113.634361297018,0.7152502933050278,0.7152502933050278,0.7152502933050278,143.93904451958986,1397216.207670833,714792.0341208725,0.6615581227493296,38.93939393939394,28.927272727272726,38.93939393939394,28.927272727272726,39.88476434235672,28.241052793755262,24820.397550582886,25.4908504486084,49.51054382324219,37.60666295542862,6.054662990078913,119.73624072786434,129.20533483754582,296,296,660,44.84848484848485,100.0,44.84848484848485,44.84848484848485
44,44,2023-07-22,4,Type 4,Type 4,Mixed,Mixed Multi-Day,28,8,3.5,7.571428571428571,8,3.764705882352941,9.434782608695652,9,9,3.764705882352941,9.434782608695652,9,3,1,718,0,1.25,690,308,308,690,44.63768115942029,100.0,44.63768115942029,44.63768115942029,39.63745604478203,29.535632860727276,2739.991394015932,2407.137515577573,5180121.921415292,147.70616889140885,0.8785201007691837,0.4777053825785337,-0.8453193606860485,0.5342613390928921,-0.5342613390928921,-0.8453193606860485,39.63745604478203,29.535632860727276,39.63745604478203,29.535632860727276,39.63745604478203,29.535632860727276,5180121.921415292,2739.991394015932,2407.137515577573,0.8785201007691837,0.8785201007691837,0.8785201007691837,147.70616889140885,1201208.454285019,927089.7630241554,0.564398562436291,38.904347826086955,30.071014492753623,38.904347826086955,30.071014492753623,39.63745604478203,29.535632860727276,26117.28741645813,26.12599754333496,49.069740295410156,37.85114118327265,5.660029105584995,92.43941356856148,129.75858410438178,309,309,690,44.78260869565217,100.0,44.78260869565217,44.78260869565217
44,44,2023-07-22,4,Type 4,Type 4,Mixed,Mixed Multi-Day,28,8,3.5,7.571428571428571,8,3.764705882352941,9.434782608695652,9,9,3.764705882352941,9.434782608695652,9,3,1,718,1,1.25,9,4,4,9,44.44444444444444,100.0,44.44444444444444,44.44444444444444,65.8533344933127,32.449794921962976,359.5883710395184,156.26453379192287,44132.2368519234,145.94324197946207,0.4345650370733195,0.9006404546507248,-0.8284832213650642,0.5600138854676426,-0.5600138854676426,-0.8284832213650642,65.8533344933127,32.449794921962976,65.8533344933127,32.449794921962976,65.8533344933127,32.449794921962976,44132.2368519234,359.5883710395184,156.26453379192287,0.4345650370733195,0.4345650370733195,0.4345650370733195,145.94324197946207,20688.607453896693,3906.976723393121,0.8411512938570248,65.83333333333333,32.5,65.83333333333333,32.5,65.8533344933127,32.449794921962976,329.42908477783203,31.750320434570312,41.80522155761719,36.60323164198134,3.0018261463960814,5.8764001671641335,161.33460586299987,3,3,9,33.333333333333336,100.0,33.333333333333336,33.333333333333336
44,44,2023-07-22,4,Type 4,Type 4,Mixed,Mixed Multi-Day,28,8,3.5,7.571428571428571,8,3.764705882352941,9.434782608695652,9,9,3.764705882352941,9.434782608695652,9,3,1,718,2,1.25,19,10,10,19,52.63157894736842,100.0,52.63157894736842,52.63157894736842,67.95297026210086,40.307495344746066,523.5079796659152,273.7009542689298,112535.48807405608,75.67611993172065,0.5228209786670232,0.8524425049618631,0.24740286327127323,0.9689127015604531,-0.9689127015604531,0.24740286327127323,67.95297026210086,40.307495344746066,67.95297026210086,40.307495344746066,67.95297026210086,40.307495344746066,112535.48807405608,523.5079796659152,273.7009542689298,0.5228209786670232,0.5228209786670232,0.5228209786670232,75.67611993172065,43849.69676382213,11985.953978835649,0.7853351072403904,68.02631578947368,40.23684210526316,68.02631578947368,40.23684210526316,67.95297026210086,40.307495344746066,676.5012950897217,20.530363082885742,42.04935073852539,35.60533132051167,5.633270773408404,10.023261191075047,321.533248433574,11,11,19,57.89473684210526,100.0,57.89473684210526,57.89473684210526
44,44,2023-07-23,4,Type 4,Type 4,Mixed,Mixed Multi-Day,28,9,3.0,7.333333333333333,7,3.764705882352941,9.434782608695652,9,9,3.764705882352941,9.434782608695652,9,1,11,697,0,1.25,697,322,322,697,46.19799139167862,100.0,46.19799139167862,46.19799139167862,42.33862861884391,31.530239585837737,2969.306853046118,2462.9948985956007,5743921.213928955,4.116034989219656,0.829484799143912,0.5585292901801873,0.9974207343548627,0.0717765886554005,-0.0717765886554005,0.9974207343548627,42.33862861884391,31.530239585837737,42.33862861884391,31.530239585837737,42.33862861884391,31.530239585837737,5743921.213928955,2969.306853046118,2462.9948985956007,0.829484799143912,0.829484799143912,0.829484799143912,4.116034989219656,1410685.3100074623,970615.0192812725,0.5924012576896659,41.56312769010043,31.91606886657102,41.56312769010043,31.91606886657102,42.33862861884391,31.530239585837737,26386.756406784058,19.929502487182617,49.1162223815918,37.85761320915934,5.65187565578261,85.04276462539728,119.99810800005989,319,319,697,45.76757532281205,100.0,45.76757532281205,45.76757532281205
44,44,2023-07-24,4,Type 4,Type 4,Mixed,Mixed Multi-Day,28,10,3.4782608695652173,7.608695652173913,8,3.764705882352941,9.434782608695652,9,9,3.764705882352941,9.434782608695652,9,1,7,684,0,1.25,684,300,300,684,43.85964912280702,100.0,43.85964912280702,43.85964912280702,43.577580477845245,31.814205660227934,3253.526169267711,2386.7007641608707,6098768.63039454,15.130819844508977,0.7335735568089986,0.6796100622788004,0.965332363811623,0.261023806151593,-0.261023806151593,0.965332363811623,43.577580477845245,31.814205660227934,43.577580477845245,31.814205660227934,43.577580477845245,31.814205660227934,6098768.63039454,3253.526169267711,2386.7007641608707,0.7335735568089986,0.7335735568089986,0.7335735568089986,15.130819844508977,1693669.2054575721,911414.4860233736,0.6501400361900658,42.7266081871345,32.026315789473685,42.7266081871345,32.026315789473685,43.577580477845245,31.814205660227934,26116.899055480957,20.74800682067871,48.66273880004883,38.18260095830549,5.412012326989663,83.84663170226796,106.06539126956258,291,291,684,42.54385964912281,100.0,42.54385964912281,42.54385964912281
44,44,2023-07-25,4,Type 4,Type 4,Mixed,Mixed Multi-Day,28,11,3.138888888888889,7.861111111111111,8,3.764705882352941,9.434782608695652,9,9,3.764705882352941,9.434782608695652,9,1,8,642,0,1.25,642,271,270,643,42.05607476635514,99.6309963099631,41.990668740279936,41.990668740279936,44.133898790947455,31.436957064176905,3370.9502984446312,2458.123271023346,6507975.194717499,13.154525397804122,0.7292078059286526,0.6842923174877243,0.9737598340796456,0.2275780866717645,-0.2275780866717645,0.9737598340796456,44.133898790947455,31.436957064176905,44.133898790947455,31.436957064176905,44.133898790947455,31.436957064176905,6507975.194717499,3370.9502984446312,2458.123271023346,0.7292078059286526,0.7292078059286526,0.7292078059286526,13.154525397804122,1818128.9463334314,966779.2024874424,0.6528505965639206,43.06697819314642,31.582554517133957,43.06697819314642,31.582554517133957,44.133898790947455,31.436957064176905,24547.927616119385,21.087173461914062,48.83026123046875,38.236647377132996,5.476091526002832,102.62663018305756,98.77133659267125,270,269,643,41.900311526479754,99.62962962962963,41.835147744945566,41.835147744945566
44,44,2023-07-26,4,Type 4,Type 4,Mixed,Mixed Multi-Day,28,12,3.271428571428572,7.885714285714286,8,3.764705882352941,9.434782608695652,9,9,3.764705882352941,9.434782608695652,9,1,4,625,0,1.25,625,281,280,626,44.8,99.644128113879,44.72843450479233,44.72843450479233,43.79585287207801,30.738561786223073,3353.0788314597226,2417.6033632167882,6366763.185755591,11.219870925482326,0.7210099984927326,0.6929246582951928,0.9808877333436047,0.19457454760591247,-0.19457454760591247,0.9808877333436047,43.79585287207801,30.738561786223073,43.79585287207801,30.738561786223073,43.79585287207801,30.738561786223073,6366763.185755591,3353.0788314597226,2417.6033632167882,0.7210099984927326,0.7210099984927326,0.7210099984927326,11.219870925482326,1798902.0239973275,935168.9634939402,0.6579573216012091,42.8392,30.9032,42.8392,30.9032,43.79585287207801,30.738561786223073,24114.216766357422,21.825191497802734,48.73363494873047,38.58274682617188,5.400329342708946,93.33656697522864,101.03202595631562,280,279,626,44.64,99.64285714285714,44.56869009584665,44.56869009584665
44,44,2023-07-27,4,Type 4,Type 4,Mixed,Mixed Multi-Day,28,13,3.3225806451612905,8.161290322580646,8,3.764705882352941,9.434782608695652,9,9,3.764705882352941,9.434782608695652,9,1,9,542,0,1.25,542,282,281,543,51.845018450184504,99.64539007092199,51.74953959484346,51.74953959484346,42.342222135239716,28.731913477369236,2983.312375036453,2188.321564577664,5127430.129828093,2.1277776608074817,0.7335207613151556,0.679667045485975,0.9993105110406207,0.03712819041824539,-0.03712819041824539,0.9993105110406207,42.342222135239716,28.731913477369236,42.342222135239716,28.731913477369236,42.342222135239716,28.731913477369236,5127430.129828093,2983.312375036453,2188.321564577664,0.7335207613151556,0.7335207613151556,0.7335207613151556,2.1277776608074817,1424024.4363273028,766200.2031993018,0.6501727770878751,41.603321033210335,29.03690036900369,41.603321033210335,29.03690036900369,42.342222135239716,28.731913477369236,20694.630737304688,20.830129623413086,48.75969696044922,38.18197553008245,5.663798086123628,79.61020660467699,114.94676951376157,282,281,543,51.845018450184504,99.64539007092199,51.74953959484346,51.74953959484346
44,44,2023-07-28,4,Type 4,Type 4,Mixed,Mixed Multi-Day,28,14,3.0,8.074074074074074,8,3.764705882352941,9.434782608695652,9,9,3.764705882352941,9.434782608695652,9,2,6,462,0,1.25,450,208,208,450,46.22222222222222,100.0,46.22222222222222,46.22222222222222,41.58532097716641,26.657743042950212,2318.9163747786906,2068.5855538697274,3767458.317905859,177.0857930281365,0.8920483620575348,0.4519399514874397,-0.9987067815357094,0.050840579408430196,-0.050840579408430196,-0.9987067815357094,41.58532097716641,26.657743042950212,41.58532097716641,26.657743042950212,41.58532097716641,26.657743042950212,3767458.317905859,2318.9163747786906,2068.5855538697274,0.8920483620575348,0.8920483620575348,0.8920483620575348,177.0857930281365,860379.7045146789,684647.3909885644,0.5568703015104326,40.955555555555556,26.944444444444443,40.955555555555556,26.944444444444443,41.58532097716641,26.657743042950212,17326.76265525818,26.607528686523438,48.686256408691406,38.50391701168484,5.498103998149825,70.21376208554658,116.75722649776966,209,209,450,46.44444444444444,100.0,46.44444444444444,46.44444444444444
44,44,2023-07-28,4,Type 4,Type 4,Mixed,Mixed Multi-Day,28,14,3.0,8.074074074074074,8,3.764705882352941,9.434782608695652,9,9,3.764705882352941,9.434782608695652,9,2,6,462,1,1.25,12,6,6,12,50.0,100.0,50.0,50.0,68.23995653384394,39.06759521056327,483.08162283674653,236.1286674416474,89589.91286256052,99.35987313331408,0.48879662624103826,0.8723977637381808,-0.1626349804336377,0.9866863043233904,-0.9866863043233904,-0.1626349804336377,68.23995653384394,39.06759521056327,68.23995653384394,39.06759521056327,68.23995653384394,39.06759521056327,89589.91286256052,483.08162283674653,236.1286674416474,0.48879662624103826,0.48879662624103826,0.48879662624103826,99.35987313331408,37338.856691613546,8921.079614042897,0.807153223145444,68.25,39.083333333333336,68.25,39.083333333333336,68.23995653384394,39.06759521056327,437.07729148864746,29.739147186279297,42.296653747558594,36.423107624053955,3.7363973003707462,1.951420793561678,206.45018367895187,6,6,12,50.0,100.0,50.0,50.0
44,44,2023-07-29,4,Type 4,Type 4,Mixed,Mixed Multi-Day,28,15,3.4375,8.416666666666666,8,3.764705882352941,9.434782608695652,9,9,3.764705882352941,9.434782608695652,9,2,8,414,0,1.25,379,180,180,379,47.4934036939314,100.0,47.4934036939314,47.4934036939314,40.43606807619652,25.285439029998685,2281.563754527178,2041.678731240506,3658557.583173633,167.39441251932868,0.8948593819433354,0.44634816740745314,-0.975895483983594,0.21823841169791078,-0.21823841169791078,-0.975895483983594,40.43606807619652,25.285439029998685,40.43606807619652,25.285439029998685,40.43606807619652,25.285439029998685,3658557.583173633,2281.563754527178,2041.678731240506,0.8948593819433354,0.8948593819433354,0.8948593819433354,167.39441251932868,832885.3065555445,666952.3266559747,0.5553169810602321,39.89050131926121,25.70580474934037,39.89050131926121,25.70580474934037,40.43606807619652,25.285439029998685,14492.125993728638,26.736114501953125,47.23487854003906,38.23779945574839,5.589732971046948,71.95359611748268,130.21288016278322,180,180,379,47.4934036939314,100.0,47.4934036939314,47.4934036939314
44,44,2023-07-29,4,Type 4,Type 4,Mixed,Mixed Multi-Day,28,15,3.4375,8.416666666666666,8,3.764705882352941,9.434782608695652,9,9,3.764705882352941,9.434782608695652,9,2,8,414,1,1.25,35,17,17,35,48.57142857142857,100.0,48.57142857142857,48.57142857142857,59.600548478130726,41.67060739758536,896.82617416323,502.95924694724863,354267.2068778255,62.82360929564702,0.5608213290792132,0.8279368555933627,0.45673139540277535,0.8896046495232777,-0.8896046495232777,0.45673139540277535,59.600548478130726,41.67060739758536,59.600548478130726,41.67060739758536,59.600548478130726,41.67060739758536,354267.2068778255,896.82617416323,502.95924694724863,0.5608213290792132,0.5608213290792132,0.5608213290792132,62.82360929564702,128687.54986628098,40474.880654358945,0.7607336302169027,59.642857142857146,41.75714285714286,59.642857142857146,41.75714285714286,59.600548478130726,41.67060739758536,1380.7946395874023,35.45310974121094,42.555145263671875,39.45127541678293,2.1259675538916833,10.235927534809264,200.13367976031765,17,17,35,48.57142857142857,100.0,48.57142857142857,48.57142857142857
44,44,2023-07-30,4,Type 4,Type 4,Mixed,Mixed Multi-Day,28,16,3.522727272727273,7.363636363636363,7,3.764705882352941,9.434782608695652,9,9,3.764705882352941,9.434782608695652,9,4,0,398,0,1.25,39,17,17,39,43.58974358974359,100.0,43.58974358974359,43.58974358974359,24.53295700320019,20.103214279078017,657.9512043372209,437.04840190511857,225846.36455580953,166.82868683134114,0.6642565573618395,0.7475046662073737,-0.9736931114756966,0.22786339035653944,-0.22786339035653944,-0.9736931114756966,24.53295700320019,20.103214279078017,24.53295700320019,20.103214279078017,24.53295700320019,20.103214279078017,225846.36455580953,657.9512043372209,437.04840190511857,0.6642565573618395,0.6642565573618395,0.6642565573618395,166.82868683134114,69263.9659662079,30561.80889725089,0.6938485181902853,24.55128205128205,20.115384615384617,24.55128205128205,20.115384615384617,24.53295700320019,20.103214279078017,1567.2207107543945,37.78124237060547,43.5294303894043,40.18514642959986,1.0397983019713206,2.34256861885251,234.89311127466243,17,17,39,43.58974358974359,100.0,43.58974358974359,43.58974358974359
44,44,2023-07-30,4,Type 4,Type 4,Mixed,Mixed Multi-Day,28,16,3.522727272727273,7.363636363636363,7,3.764705882352941,9.434782608695652,9,9,3.764705882352941,9.434782608695652,9,4,0,398,1,1.25,57,27,27,57,47.36842105263158,100.0,47.36842105263158,47.36842105263158,27.261036216921926,34.23567278367214,1046.2054421277328,409.78109689616144,336712.1414242674,168.2848961037195,0.3916832014014038,0.9201001411476619,-0.9791693192879676,0.20304542389607838,-0.20304542389607838,-0.9791693192879676,27.261036216921926,34.23567278367214,27.261036216921926,34.23567278367214,27.261036216921926,34.23567278367214,336712.1414242674,1046.2054421277328,409.78109689616144,0.3916832014014038,0.3916832014014038,0.3916832014014038,168.2848961037195,175127.33234202958,26867.287579747404,0.8669900832499804,27.219298245614034,34.23684210526316,27.219298245614034,34.23684210526316,27.261036216921926,34.23567278367214,1590.6284923553467,26.15359115600586,32.99297332763672,27.90576302377801,0.979531145776589,3.8474326097441125,91.92024418345828,27,27,57,47.36842105263158,100.0,47.36842105263158,47.36842105263158
44,44,2023-07-30,4,Type 4,Type 4,Mixed,Mixed Multi-Day,28,16,3.522727272727273,7.363636363636363,7,3.764705882352941,9.434782608695652,9,9,3.764705882352941,9.434782608695652,9,4,0,398,2,1.25,224,104,104,224,46.42857142857143,100.0,46.42857142857143,46.42857142857143,45.374726939088085,23.712173302031363,1916.8896495666766,1157.5537997621086,1742722.2605170505,79.59023329103714,0.6038708592452258,0.7970821697632138,0.18068680342829146,0.9835406850084373,-0.9835406850084373,0.18068680342829146,45.374726939088085,23.712173302031363,45.374726939088085,23.712173302031363,45.374726939088085,23.712173302031363,1742722.2605170505,1916.8896495666766,1157.5537997621086,0.6038708592452258,0.6038708592452258,0.6038708592452258,79.59023329103714,587914.5485785371,214388.92789499136,0.7327832495038864,45.129464285714285,23.875,45.129464285714285,23.875,45.374726939088085,23.712173302031363,9016.90449333191,28.575963973999023,47.18975067138672,40.25403791666031,5.04950768195177,30.822051098475075,125.76034937932992,103,103,224,45.982142857142854,100.0,45.982142857142854,45.982142857142854
44,44,2023-07-30,4,Type 4,Type 4,Mixed,Mixed Multi-Day,28,16,3.522727272727273,7.363636363636363,7,3.764705882352941,9.434782608695652,9,9,3.764705882352941,9.434782608695652,9,4,0,398,3,1.25,78,30,30,78,38.46153846153846,100.0,38.46153846153846,38.46153846153846,62.695465224448945,41.86798023530173,945.4310863418559,678.4256707459939,503758.0882150508,15.159421922999229,0.7175834183441306,0.6964725678140902,0.9652019403365508,0.26150566795111213,-0.26150566795111213,0.9652019403365508,62.695465224448945,41.86798023530173,62.695465224448945,41.86798023530173,62.695465224448945,41.86798023530173,503758.0882150508,945.4310863418559,678.4256707459939,0.7175834183441306,0.7175834183441306,0.7175834183441306,15.159421922999229,143014.3902434467,73641.82251634428,0.6600982654580427,62.794871794871796,41.84615384615385,62.794871794871796,41.84615384615385,62.695465224448945,41.86798023530173,3071.4338417053223,30.853832244873047,41.849449157714844,39.377356944940026,2.3463968257439163,8.60295205032112,286.40052072992296,32,32,78,41.02564102564103,100.0,41.02564102564103,41.02564102564103
44,44,2023-07-31,4,Type 4,Type 4,Mixed,Mixed Multi-Day,28,17,3.25,7.5,8,3.764705882352941,9.434782608695652,9,9,3.764705882352941,9.434782608695652,9,4,2,417,0,1.25,36,16,16,36,44.44444444444444,100.0,44.44444444444444,44.44444444444444,24.701955773201004,19.92399555943824,655.7264881401984,431.7887035907428,222373.93693506415,173.3509369113759,0.6584890368168621,0.7525903190926663,-0.9932739792952114,0.11578774570331667,-0.11578774570331667,-0.9932739792952114,24.701955773201004,19.92399555943824,24.701955773201004,19.92399555943824,24.701955773201004,19.92399555943824,222373.93693506415,655.7264881401984,431.7887035907428,0.6584890368168621,0.6584890368168621,0.6584890368168621,173.3509369113759,68796.35635978845,29830.637527771898,0.6975408419952421,24.72222222222222,19.944444444444443,24.72222222222222,19.944444444444443,24.701955773201004,19.92399555943824,1424.688217163086,36.67431640625,41.5467529296875,39.57467269897461,1.135322720728362,3.102619895233104,223.14812658898424,16,16,36,44.44444444444444,100.0,44.44444444444444,44.44444444444444
44,44,2023-07-31,4,Type 4,Type 4,Mixed,Mixed Multi-Day,28,17,3.25,7.5,8,3.764705882352941,9.434782608695652,9,9,3.764705882352941,9.434782608695652,9,4,2,417,1,1.25,56,29,29,56,51.785714285714285,100.0,51.785714285714285,51.785714285714285,26.7190860087986,34.4394809952094,1067.878788193968,439.8109290571356,368873.8414527399,166.412306161952,0.41185472913171955,0.9112495169226911,-0.9720114826979303,0.234933346937746,-0.234933346937746,-0.9720114826979303,26.7190860087986,34.4394809952094,26.7190860087986,34.4394809952094,26.7190860087986,34.4394809952094,368873.8414527399,1067.878788193968,439.8109290571356,0.41185472913171955,0.41185472913171955,0.41185472913171955,166.412306161952,182458.41700393878,30949.384530896117,0.8549753837099334,26.678571428571427,34.44642857142857,26.678571428571427,34.44642857142857,26.7190860087986,34.4394809952094,1569.6450881958008,26.046384811401367,33.29869079589844,28.029376574925013,1.04453269474913,3.802316986826716,101.68293956380161,28,28,56,50.0,100.0,50.0,50.0
44,44,2023-07-31,4,Type 4,Type 4,Mixed,Mixed Multi-Day,28,17,3.25,7.5,8,3.764705882352941,9.434782608695652,9,9,3.764705882352941,9.434782608695652,9,4,2,417,2,1.25,238,112,112,238,47.05882352941177,100.0,47.05882352941177,47.05882352941177,46.12499456793975,24.944701868703707,1732.7406219186926,1149.9043967940675,1564894.891842551,78.63297856681811,0.6636333114420548,0.7480580378182248,0.1970930787025576,0.9803847807506741,-0.9803847807506741,0.1970930787025576,46.12499456793975,24.944701868703707,46.12499456793975,24.944701868703707,46.12499456793975,24.944701868703707,1564894.891842551,1732.7406219186926,1149.9043967940675,0.6636333114420548,0.6636333114420548,0.6636333114420548,78.63297856681811,480382.41005554836,211564.8194826125,0.694247176011065,45.890756302521005,24.970588235294116,45.890756302521005,24.970588235294116,46.12499456793975,24.944701868703707,9849.492462158203,26.991107940673828,49.307491302490234,41.384422109908414,5.333635597104334,23.827641201592886,96.86247303541991,114,114,238,47.89915966386555,100.0,47.89915966386555,47.89915966386555
44,44,2023-07-31,4,Type 4,Type 4,Mixed,Mixed Multi-Day,28,17,3.25,7.5,8,3.764705882352941,9.434782608695652,9,9,3.764705882352941,9.434782608695652,9,4,2,417,3,1.25,87,34,34,87,39.08045977011494,100.0,39.08045977011494,39.08045977011494,62.762667863340994,41.309314015131264,970.4786312349604,692.6271218407145,527928.7970120359,21.282882936213866,0.7136964169518372,0.7004551551884741,0.9317997069926608,0.3629728723312411,-0.3629728723312411,0.9317997069926608,62.762667863340994,41.309314015131264,62.762667863340994,41.309314015131264,62.762667863340994,41.309314015131264,527928.7970120359,970.4786312349604,692.6271218407145,0.7136964169518372,0.7136964169518372,0.7136964169518372,21.282882936213866,150692.6037893892,76757.17278549631,0.6625313335481567,62.810344827586206,41.327586206896555,62.810344827586206,41.327586206896555,62.762667863340994,41.309314015131264,3424.9152812957764,31.197235107421875,43.449798583984375,39.366842313744556,2.7966184053548613,4.478135650236156,243.06914909090608,36,36,87,41.37931034482759,100.0,41.37931034482759,41.37931034482759
44,44,2023-08-01,4,Type 4,Type 4,Mixed,Mixed Multi-Day,28,18,3.238095238095238,8.380952380952381,8,3.764705882352941,9.434782608695652,9,9,3.764705882352941,9.434782608695652,9,4,7,481,0,1.25,66,32,32,66,48.484848484848484,100.0,48.484848484848484,48.484848484848484,27.6691866647646,35.284317963450974,1104.07257350827,712.7339412725953,618037.6662203072,12.297003844409716,0.6455499016770537,0.7637180922596677,0.9770567130504887,0.21297929355450285,-0.21297929355450285,0.9770567130504887,27.6691866647646,35.284317963450974,27.6691866647646,35.284317963450974,27.6691866647646,35.284317963450974,618037.6662203072,1104.07257350827,712.7339412725953,0.6455499016770537,0.6455499016770537,0.6455499016770537,12.297003844409716,195036.1996117078,81278.34736671479,0.70584846778602,27.5,35.21212121212121,27.5,35.21212121212121,27.6691866647646,35.284317963450974,1883.857120513916,25.65007781982422,34.413394927978516,28.543289704756305,1.8350624761525212,17.356700182577704,62.468153391269816,32,32,66,48.484848484848484,100.0,48.484848484848484,48.484848484848484
44,44,2023-08-01,4,Type 4,Type 4,Mixed,Mixed Multi-Day,28,18,3.238095238095238,8.380952380952381,8,3.764705882352941,9.434782608695652,9,9,3.764705882352941,9.434782608695652,9,4,7,481,1,1.25,41,22,22,41,53.65853658536585,100.0,53.65853658536585,53.65853658536585,26.19524268660872,20.461478995233062,745.0848097125647,417.13496483404043,244102.47638238085,30.966850360392243,0.5598489720854204,0.8285946707859629,0.8574651429827044,0.5145420571436802,-0.5145420571436802,0.8574651429827044,26.19524268660872,20.461478995233062,26.19524268660872,20.461478995233062,26.19524268660872,20.461478995233062,244102.47638238085,745.0848097125647,417.13496483404043,0.5598489720854204,0.5598489720854204,0.5598489720854204,30.966850360392243,88824.21978630542,27840.252621935382,0.7613647750060982,26.158536585365855,20.451219512195124,26.158536585365855,20.451219512195124,26.19524268660872,20.461478995233062,1660.5259971618652,37.44049835205078,42.54387664794922,40.50063407711866,1.2528164988897743,3.9948681876313095,73.47527811392759,22,22,41,53.65853658536585,100.0,53.65853658536585,53.65853658536585
44,44,2023-08-01,4,Type 4,Type 4,Mixed,Mixed Multi-Day,28,18,3.238095238095238,8.380952380952381,8,3.764705882352941,9.434782608695652,9,9,3.764705882352941,9.434782608695652,9,4,7,481,2,1.25,281,136,136,281,48.39857651245551,100.0,48.39857651245551,48.39857651245551,46.72859863732046,25.914343220581205,1933.7644348237795,1185.366139191296,1800304.500194651,83.67024570270658,0.6129837315470725,0.79009552894484,0.1102504705865075,0.9939038352554304,-0.9939038352554304,0.1102504705865075,46.72859863732046,25.914343220581205,46.72859863732046,25.914343220581205,46.72859863732046,25.914343220581205,1800304.500194651,1933.7644348237795,1185.366139191296,0.6129837315470725,0.6129837315470725,0.6129837315470725,83.67024570270658,598311.1823022931,224814.8614306046,0.7268767485340842,46.49288256227758,26.172597864768683,46.49288256227758,26.172597864768683,46.72859863732046,25.914343220581205,11576.000434875488,26.396835327148438,51.1229248046875,41.19573108496615,5.953274316622487,37.08296324044984,140.4422193042193,139,139,281,49.4661921708185,100.0,49.4661921708185,49.4661921708185
44,44,2023-08-01,4,Type 4,Type 4,Mixed,Mixed Multi-Day,28,18,3.238095238095238,8.380952380952381,8,3.764705882352941,9.434782608695652,9,9,3.764705882352941,9.434782608695652,9,4,7,481,3,1.25,93,35,35,93,37.634408602150536,100.0,37.634408602150536,37.634408602150536,62.50451777127138,41.113194083724515,1000.8300341486333,705.4362540238164,554508.2173450673,23.269383358114766,0.7048512034552433,0.7093551867630878,0.9186576143776637,0.3950546639971989,-0.3950546639971989,0.9186576143776637,62.50451777127138,41.113194083724515,62.50451777127138,41.113194083724515,62.50451777127138,41.113194083724515,554508.2173450673,1000.8300341486333,705.4362540238164,0.7048512034552433,0.7048512034552433,0.7048512034552433,23.269383358114766,160265.7211606327,79622.44935858472,0.6680851365607201,62.596774193548384,41.123655913978496,62.596774193548384,41.123655913978496,62.50451777127138,41.113194083724515,3630.6610832214355,20.688133239746094,44.0728759765625,39.03936648625199,3.428095912967628,7.834728447284234,261.50220451595504,35,35,93,37.634408602150536,100.0,37.634408602150536,37.634408602150536
44,44,2023-08-02,4,Type 4,Type 4,Mixed,Mixed Multi-Day,28,19,2.8823529411764706,8.0,8,3.764705882352941,9.434782608695652,9,9,3.764705882352941,9.434782608695652,9,4,14,530,0,1.25,94,42,42,94,44.680851063829785,100.0,44.680851063829785,44.680851063829785,26.91508593014977,36.45031906258147,1034.241632667008,902.9632477457478,733469.3518187234,60.87442384857369,0.8730679748573538,0.48759851443424135,0.4867253734372488,0.8735550416844784,-0.8735550416844784,0.4867253734372488,26.91508593014977,36.45031906258147,26.91508593014977,36.45031906258147,26.91508593014977,36.45031906258147,733469.3518187234,1034.241632667008,902.9632477457478,0.8730679748573538,0.8730679748573538,0.8730679748573538,60.87442384857369,171144.92075867488,130454.82028472783,0.5674571210392575,26.861702127659573,36.37234042553192,26.861702127659573,36.37234042553192,26.91508593014977,36.45031906258147,2793.775661468506,26.296201705932617,39.903472900390625,29.721017675196872,3.110927733627765,9.889457205602291,28.942150235202085,42,42,94,44.680851063829785,100.0,44.680851063829785,44.680851063829785
44,44,2023-08-02,4,Type 4,Type 4,Mixed,Mixed Multi-Day,28,19,2.8823529411764706,8.0,8,3.764705882352941,9.434782608695652,9,9,3.764705882352941,9.434782608695652,9,4,14,530,1,1.25,45,18,18,45,40.0,100.0,40.0,40.0,27.12120011107635,22.325785220914376,613.9678933585926,436.4058218309927,210438.9265844959,86.20153544072235,0.7107958356644988,0.7033983793000996,0.06624716079747478,0.9978032439746193,-0.9978032439746193,0.06624716079747478,27.12120011107635,22.325785220914376,27.12120011107635,22.325785220914376,27.12120011107635,22.325785220914376,210438.9265844959,613.9678933585926,436.4058218309927,0.7107958356644988,0.7107958356644988,0.7107958356644988,86.20153544072235,60313.051852030105,30472.006612477464,0.6643499808463471,27.07777777777778,22.322222222222223,27.07777777777778,22.322222222222223,27.12120011107635,22.325785220914376,1832.0215072631836,37.4041862487793,43.18413543701172,40.71158905029297,1.355590172996206,4.490991202356227,84.95164408797241,19,19,45,42.22222222222222,100.0,42.22222222222222,42.22222222222222
44,44,2023-08-02,4,Type 4,Type 4,Mixed,Mixed Multi-Day,28,19,2.8823529411764706,8.0,8,3.764705882352941,9.434782608695652,9,9,3.764705882352941,9.434782608695652,9,4,14,530,2,1.25,370,172,172,370,46.486486486486484,100.0,46.486486486486484,46.486486486486484,48.76598263528922,29.078389950259716,2439.529307304486,1213.6945718037814,2325441.029753405,69.16885119022885,0.49751178154315,0.8674572192481661,0.3556151272202878,0.9346324846120525,-0.9346324846120525,0.3556151272202878,48.76598263528922,29.078389950259716,48.76598263528922,29.078389950259716,48.76598263528922,29.078389950259716,2325441.029753405,2439.529307304486,1213.6945718037814,0.49751178154315,0.49751178154315,0.49751178154315,69.16885119022885,952208.5185916008,235688.72218015432,0.8015916578549912,48.637837837837836,29.427027027027027,48.637837837837836,29.427027027027027,48.76598263528922,29.078389950259716,15066.993452072144,26.83877182006836,51.2168083190918,40.72160392451931,5.732042810630472,40.60074937030132,162.1029336995844,173,173,370,46.75675675675676,100.0,46.75675675675676,46.75675675675676
44,44,2023-08-02,4,Type 4,Type 4,Mixed,Mixed Multi-Day,28,19,2.8823529411764706,8.0,8,3.764705882352941,9.434782608695652,9,9,3.764705882352941,9.434782608695652,9,4,14,530,3,1.25,21,10,10,21,47.61904761904762,100.0,47.61904761904762,47.61904761904762,67.70448374725241,39.97956307213906,551.5217866869441,267.9820185416144,116080.21623047165,71.11326313793023,0.48589561647494245,0.8740168476010263,0.3236984045491189,0.9461603156401958,-0.9461603156401958,0.3236984045491189,67.70448374725241,39.97956307213906,67.70448374725241,39.97956307213906,67.70448374725241,39.97956307213906,116080.21623047165,551.5217866869441,267.9820185416144,0.48589561647494245,0.48589561647494245,0.48589561647494245,71.11326313793023,48668.204990457445,11490.297961862107,0.8089996027499372,67.78571428571429,39.976190476190474,67.78571428571429,39.976190476190474,67.70448374725241,39.97956307213906,767.8306484222412,19.38612937927246,42.593074798583984,36.56336421058292,5.005898971980894,6.94892420910351,273.1152272772764,9,9,21,42.857142857142854,100.0,42.857142857142854,42.857142857142854
44,44,2023-08-03,4,Type 4,Type 4,Mixed,Mixed Multi-Day,28,20,3.0789473684210527,8.631578947368421,9,3.764705882352941,9.434782608695652,9,9,3.764705882352941,9.434782608695652,9,2,9,622,0,1.25,610,255,255,610,41.80327868852459,100.0,41.80327868852459,41.80327868852459,41.07890168541336,30.053909650187858,2855.2285568063917,2410.2259767577552,5404910.698580873,166.9955066374994,0.8441446731163346,0.5361154454493143,-0.9743524202341453,0.22502746762087403,-0.22502746762087403,-0.9743524202341453,41.07890168541336,30.053909650187858,41.07890168541336,30.053909650187858,41.07890168541336,30.053909650187858,5404910.698580873,2855.2285568063917,2410.2259767577552,0.8441446731163346,0.8441446731163346,0.8441446731163346,166.9955066374994,1304372.8178564338,929470.2814460598,0.583914249959506,40.175409836065576,30.78360655737705,40.175409836065576,30.78360655737705,41.07890168541336,30.053909650187858,23001.228282928467,25.80773162841797,49.93290328979492,37.706931611358144,6.334345575312498,118.65451321925595,132.75131637142113,253,253,610,41.47540983606557,100.0,41.47540983606557,41.47540983606557
44,44,2023-08-03,4,Type 4,Type 4,Mixed,Mixed Multi-Day,28,20,3.0789473684210527,8.631578947368421,9,3.764705882352941,9.434782608695652,9,9,3.764705882352941,9.434782608695652,9,2,9,622,1,1.25,12,7,7,12,58.333333333333336,100.0,58.333333333333336,58.333333333333336,67.42558131811734,38.96132462643817,408.7315202078951,310.4864566283968,99671.42628144182,45.21095722858829,0.7596342373362167,0.6503505404523198,0.7044984989732928,0.7097054776062938,-0.7097054776062938,0.7044984989732928,67.42558131811734,38.96132462643817,67.42558131811734,38.96132462643817,67.42558131811734,38.96132462643817,99671.42628144182,408.7315202078951,310.4864566283968,0.7596342373362167,0.7596342373362167,0.7596342373362167,45.21095722858829,26729.832897833105,15424.294359945172,0.6340976468182227,67.58333333333333,39.0,67.58333333333333,39.0,67.42558131811734,38.96132462643817,426.8475799560547,20.345149993896484,42.687896728515625,35.570631663004555,5.947506215780187,14.327657851339989,252.61192430141074,7,7,12,58.333333333333336,100.0,58.333333333333336,58.333333333333336
44,44,2023-08-04,4,Type 4,Type 4,Mixed,Mixed Multi-Day,28,21,3.25,6.428571428571429,6,3.764705882352941,9.434782608695652,9,9,3.764705882352941,9.434782608695652,9,1,14,576,0,1.25,576,234,234,576,40.625,100.0,40.625,40.625,39.655982618938694,30.29840685171341,2876.032619537477,2542.7760736282507,5743700.75307033,152.07320854460264,0.8841262982744541,0.4672479948587378,-0.8835467299156711,0.46834301110972526,-0.46834301110972526,-0.8835467299156711,39.655982618938694,30.29840685171341,39.655982618938694,30.29840685171341,39.655982618938694,30.29840685171341,5743700.75307033,2876.032619537477,2542.7760736282507,0.8841262982744541,0.8841262982744541,0.8841262982744541,152.07320854460264,1323450.180582976,1034513.6256986086,0.5612682336587704,38.973958333333336,31.055555555555557,38.973958333333336,31.055555555555557,39.655982618938694,30.29840685171341,21112.74229812622,25.351335525512695,47.86517333984375,36.65406648980247,5.894799054747079,106.38189631788569,141.92171641737434,228,228,576,39.583333333333336,100.0,39.583333333333336,39.583333333333336
44,44,2023-08-05,4,Type 4,Type 4,Mixed,Mixed Multi-Day,28,22,3.0625,7.4375,7,3.764705882352941,9.434782608695652,9,9,3.764705882352941,9.434782608695652,9,1,14,545,0,1.25,545,214,214,545,39.26605504587156,100.0,39.26605504587156,39.26605504587156,37.062474590364815,30.559730793192152,2813.1829487447135,2270.5376088301496,5016681.827120894,122.66556195893816,0.807106274351371,0.5904061838282604,-0.5397344268037423,0.8418353452563249,-0.8418353452563249,-0.5397344268037423,37.062474590364815,30.559730793192152,37.062474590364815,30.559730793192152,37.062474590364815,30.559730793192152,5016681.827120894,2813.1829487447135,2270.5376088301496,0.807106274351371,0.807106274351371,0.807106274351371,122.66556195893816,1266239.72849728,824854.5652979414,0.6055392778099568,36.659633027522936,31.492660550458716,36.659633027522936,31.492660550458716,37.062474590364815,30.559730793192152,19551.90841293335,21.652786254882812,49.11945343017578,35.87506130813458,5.922181913800796,110.35334689774844,159.49791277522894,203,203,545,37.24770642201835,100.0,37.24770642201835,37.24770642201835
44,44,2023-08-06,4,Type 4,Type 4,Mixed,Mixed Multi-Day,28,23,3.42,7.96,8,3.764705882352941,9.434782608695652,9,9,3.764705882352941,9.434782608695652,9,1,5,508,0,1.25,508,199,199,508,39.173228346456696,100.0,39.173228346456696,39.173228346456696,37.84938424922829,30.504023056887423,2660.027096092659,2322.1663348739266,4851424.3827414755,100.8626400973228,0.8729859700621021,0.4877453188650103,-0.1884551134072377,0.9820818042457895,-0.9820818042457895,-0.1884551134072377,37.84938424922829,30.504023056887423,37.84938424922829,30.504023056887423,37.84938424922829,30.504023056887423,4851424.3827414755,2660.027096092659,2322.1663348739266,0.8729859700621021,0.8729859700621021,0.8729859700621021,100.8626400973228,1132119.0643115435,862793.0378914886,0.5675032313761171,37.67716535433071,31.45275590551181,37.67716535433071,31.45275590551181,37.84938424922829,30.504023056887423,18138.66219520569,23.48465347290039,46.788021087646484,35.70602794331828,6.024805085326237,106.46385373663061,171.0663178158128,184,184,508,36.22047244094488,100.0,36.22047244094488,36.22047244094488
44,44,2023-08-07,4,Type 4,Type 4,Mixed,Mixed Multi-Day,28,24,3.631578947368421,7.0,7,3.764705882352941,9.434782608695652,9,9,3.764705882352941,9.434782608695652,9,1,0,471,0,1.25,471,186,186,471,39.49044585987261,100.0,39.49044585987261,39.49044585987261,39.486145880661915,30.76719641331369,2708.6384541601,2177.8395999149966,4633048.126501138,94.34992655852315,0.804034808178305,0.5945822291640377,-0.07584762825449286,0.9971194197728617,-0.9971194197728617,-0.07584762825449286,39.486145880661915,30.76719641331369,39.486145880661915,30.76719641331369,39.486145880661915,30.76719641331369,4633048.126501138,2708.6384541601,2177.8395999149966,0.804034808178305,0.804034808178305,0.804034808178305,94.34992655852315,1173875.5640567709,758877.651673266,0.607359260614851,39.211252653927815,31.761146496815286,39.211252653927815,31.761146496815286,39.486145880661915,30.76719641331369,16539.270809173584,23.31061363220215,47.06700897216797,35.11522464792693,5.884597825542786,113.27027532893463,166.56454710619462,173,173,471,36.73036093418259,100.0,36.73036093418259,36.73036093418259
44,44,2023-08-08,4,Type 4,Type 4,Mixed,Mixed Multi-Day,28,25,3.396551724137931,7.413793103448276,7,3.764705882352941,9.434782608695652,9,9,3.764705882352941,9.434782608695652,9,2,1,410,0,1.25,237,109,109,237,45.9915611814346,100.0,45.9915611814346,45.9915611814346,40.39241497584234,39.21524142580226,1796.7803582862662,906.9616885344524,1279893.4453577735,19.274727661820464,0.5047704825755635,0.863253589578655,0.9439466448770059,0.33009806364994587,-0.33009806364994587,0.9439466448770059,40.39241497584234,39.21524142580226,40.39241497584234,39.21524142580226,40.39241497584234,39.21524142580226,1279893.4453577735,1796.7803582862662,906.9616885344524,0.5047704825755635,0.5047704825755635,0.5047704825755635,19.274727661820464,516547.14494773163,131612.72071508243,0.7969440446910514,39.972573839662445,39.28481012658228,39.972573839662445,39.28481012658228,40.39241497584234,39.21524142580226,7752.263645172119,22.759567260742188,48.294281005859375,32.709973186380246,5.729479488382073,37.05481062710508,101.89779557540446,109,109,237,45.9915611814346,100.0,45.9915611814346,45.9915611814346
44,44,2023-08-08,4,Type 4,Type 4,Mixed,Mixed Multi-Day,28,25,3.396551724137931,7.413793103448276,7,3.764705882352941,9.434782608695652,9,9,3.764705882352941,9.434782608695652,9,2,1,410,1,1.25,173,83,83,173,47.97687861271676,100.0,47.97687861271676,47.97687861271676,41.23960313627376,21.519957599149873,2210.1007999908297,1021.211391887032,1772628.0364931144,173.38719886373715,0.46206552745977436,0.8868457861056344,-0.9933470613220736,0.1151590889283193,-0.1151590889283193,-0.9933470613220736,41.23960313627376,21.519957599149873,41.23960313627376,21.519957599149873,41.23960313627376,21.519957599149873,1772628.0364931144,2210.1007999908297,1021.211391887032,0.46206552745977436,0.46206552745977436,0.46206552745977436,173.38719886373715,781527.2873792169,166859.6331071759,0.8240595378291385,41.089595375722546,21.5,41.089595375722546,21.5,41.23960313627376,21.519957599149873,6912.929553985596,32.32252502441406,46.74850082397461,39.95913036985893,4.157000777173354,15.699075089557567,81.88075904891318,84,84,173,48.554913294797686,100.0,48.554913294797686,48.554913294797686
44,44,2023-08-09,4,Type 4,Type 4,Mixed,Mixed Multi-Day,28,26,2.15625,7.75,8,3.764705882352941,9.434782608695652,9,9,3.764705882352941,9.434782608695652,9,1,1,403,0,1.25,403,164,164,403,40.69478908188586,100.0,40.69478908188586,40.69478908188586,41.71089752990022,31.12324595298466,2595.155425120031,1777.4847649318672,3622923.313884838,86.14045191519116,0.6849242044335958,0.7286143247157619,0.06731088960678433,0.9977320502721877,-0.9977320502721877,0.06731088960678433,41.71089752990022,31.12324595298466,41.71089752990022,31.12324595298466,41.71089752990022,31.12324595298466,3622923.313884838,2595.155425120031,1777.4847649318672,0.6849242044335958,0.6849242044335958,0.6849242044335958,86.14045191519116,1077573.0688847888,505512.33433038334,0.6806790503508455,41.331265508684865,31.971464019851116,41.331265508684865,31.971464019851116,41.71089752990022,31.12324595298466,14536.663827896118,22.761598587036133,49.29377746582031,36.07112612381171,6.4705890657010015,100.72088988854097,158.92938203103063,160,160,403,39.702233250620345,100.0,39.702233250620345,39.702233250620345
44,44,2023-08-10,4,Type 4,Type 4,Mixed,Mixed Multi-Day,28,27,3.523809523809524,6.761904761904762,7,3.764705882352941,9.434782608695652,9,9,3.764705882352941,9.434782608695652,9,2,0,428,0,1.25,25,11,11,25,44.0,100.0,44.0,44.0,27.9471198364837,22.662615231435066,528.3234207237114,309.0921487634154,128256.00809272451,8.81637494592701,0.5850434348339372,0.811001960144184,0.9881846182376073,0.15326826246354544,-0.15326826246354544,0.9881846182376073,27.9471198364837,22.662615231435066,27.9471198364837,22.662615231435066,27.9471198364837,22.662615231435066,128256.00809272451,528.3234207237114,309.0921487634154,0.5850434348339372,0.5850434348339372,0.5850434348339372,8.81637494592701,44660.10190163259,15286.07302834965,0.74500336266319,27.9,22.66,27.9,22.66,27.9471198364837,22.662615231435066,1022.3843994140625,38.05805587768555,42.82255554199219,40.8953759765625,1.3166897305202103,4.851465405534613,86.56860877068578,11,11,25,44.0,100.0,44.0,44.0
44,44,2023-08-10,4,Type 4,Type 4,Mixed,Mixed Multi-Day,28,27,3.523809523809524,6.761904761904762,7,3.764705882352941,9.434782608695652,9,9,3.764705882352941,9.434782608695652,9,2,0,428,1,1.25,403,173,173,403,42.92803970223325,100.0,42.92803970223325,42.92803970223325,43.307239549275735,32.114586398396625,2449.930014807517,1398.919969232346,2691760.584335928,92.6131145478668,0.5710040534942605,0.8209472400179708,-0.04559164335074341,0.9989601603950873,-0.9989601603950873,-0.04559164335074341,43.307239549275735,32.114586398396625,43.307239549275735,32.114586398396625,43.307239549275735,32.114586398396625,2691760.584335928,2449.930014807517,1398.919969232346,0.5710040534942605,0.5710040534942605,0.5710040534942605,92.6131145478668,960345.1323927619,313116.33285072446,0.7541218628151765,42.973945409429284,32.844913151364764,42.973945409429284,32.844913151364764,43.307239549275735,32.114586398396625,14889.321744918823,24.170562744140625,49.73163604736328,36.94620780376879,6.573128784280644,86.83785470563491,158.76257622344366,171,171,403,42.4317617866005,100.0,42.4317617866005,42.4317617866005
44,44,2023-08-11,4,Type 4,Type 4,Mixed,Mixed Multi-Day,28,28,3.4761904761904763,8.380952380952381,8,3.764705882352941,9.434782608695652,9,9,3.764705882352941,9.434782608695652,9,2,2,400,0,1.25,12,6,6,12,50.0,100.0,50.0,50.0,26.862017317600962,21.997133374077208,433.9032992069528,184.04818093233882,62721.200617587565,161.99299461348642,0.4241686598574489,0.9055832087636871,-0.9510187265870608,0.3091332749490505,-0.3091332749490505,-0.9510187265870608,26.862017317600962,21.997133374077208,26.862017317600962,21.997133374077208,26.862017317600962,21.997133374077208,62721.200617587565,433.9032992069528,184.04818093233882,0.4241686598574489,0.4241686598574489,0.4241686598574489,161.99299461348642,30123.531690028547,5419.797264720469,0.8475157666964587,26.833333333333332,22.0,26.833333333333332,22.0,26.862017317600962,21.997133374077208,482.51239013671875,38.59604263305664,41.95329284667969,40.20936584472656,1.036082834993307,2.9789593239425654,96.11137637434022,6,6,12,50.0,100.0,50.0,50.0
44,44,2023-08-11,4,Type 4,Type 4,Mixed,Mixed Multi-Day,28,28,3.4761904761904763,8.380952380952381,8,3.764705882352941,9.434782608695652,9,9,3.764705882352941,9.434782608695652,9,2,2,400,1,1.25,388,174,174,388,44.845360824742265,100.0,44.845360824742265,44.845360824742265,43.840054050123975,32.09891833925831,2371.03094339735,1216.3412235266592,2265074.699130066,88.20139907379773,0.5130009909460799,0.8583880144132606,0.0313863526735457,0.9995073270696178,-0.9995073270696178,0.0313863526735457,43.840054050123975,32.09891833925831,43.840054050123975,32.09891833925831,43.840054050123975,32.09891833925831,2265074.699130066,2371.03094339735,1216.3412235266592,0.5130009909460799,0.5130009909460799,0.5130009909460799,88.20139907379773,899486.0375276362,236717.75552805286,0.7916590694602175,43.73969072164948,32.8041237113402,43.73969072164948,32.8041237113402,43.840054050123975,32.09891833925831,14564.831521987915,25.10210418701172,49.988609313964844,37.538225572133804,6.377866601482003,78.7708752153951,173.09237777307737,168,168,388,43.29896907216495,100.0,43.29896907216495,43.29896907216495
45,45,2023-08-13,4,Type 4,Type 4,Mixed,Mixed Multi-Day,16,1,3.5277777777777777,7.111111111111111,7,3.733333333333333,8.733333333333333,9,9,3.733333333333333,8.733333333333333,9,1,1,393,0,1.25,393,193,193,393,49.10941475826972,100.0,49.10941475826972,49.10941475826972,42.65977114017928,33.434654676059424,2113.9218090761888,1318.0296411761406,2188285.4762185747,94.25286309084849,0.6234997129587004,0.7818235785267788,-0.07415832305569638,0.9972464806263128,-0.9972464806263128,-0.07415832305569638,42.65977114017928,33.434654676059424,42.65977114017928,33.434654676059424,42.65977114017928,33.434654676059424,2188285.4762185747,2113.9218090761888,1318.0296411761406,0.6234997129587004,0.6234997129587004,0.6234997129587004,94.25286309084849,714986.4663820716,277952.341603025,0.7200710261621712,42.60178117048346,34.100508905852415,42.60178117048346,34.100508905852415,42.65977114017928,33.434654676059424,14857.606426239014,22.88226318359375,50.63294982910156,37.805614316129805,6.641663868369906,74.05045615352074,175.82372482436693,187,187,393,47.58269720101781,100.0,47.58269720101781,47.58269720101781
45,45,2023-08-14,4,Type 4,Type 4,Mixed,Mixed Multi-Day,16,2,3.338709677419355,7.516129032258065,8,3.733333333333333,8.733333333333333,9,9,3.733333333333333,8.733333333333333,9,1,1,448,0,1.25,448,207,207,448,46.205357142857146,100.0,46.205357142857146,46.205357142857146,42.37888161416299,32.05574192766382,2474.375958110487,1293.0814937037876,2512936.2130860994,101.82504975520096,0.5225889337735184,0.8525847795365908,-0.20492399379655554,0.9787778893939468,-0.9787778893939468,-0.20492399379655554,42.37888161416299,32.05574192766382,42.37888161416299,32.05574192766382,42.37888161416299,32.05574192766382,2512936.2130860994,2474.375958110487,1293.0814937037876,0.5225889337735184,0.5225889337735184,0.5225889337735184,101.82504975520096,979605.8211320302,267529.559897475,0.7854847485149283,42.20982142857143,32.828125,42.20982142857143,32.828125,42.37888161416299,32.05574192766382,16930.642486572266,23.02919578552246,49.8922233581543,37.79161269324167,6.783094876693491,87.1159487056918,169.43965316756288,200,200,448,44.642857142857146,100.0,44.642857142857146,44.642857142857146
45,45,2023-08-15,4,Type 4,Type 4,Mixed,Mixed Multi-Day,16,3,3.3448275862068964,8.137931034482758,8,3.733333333333333,8.733333333333333,9,9,3.733333333333333,8.733333333333333,9,1,1,457,0,1.25,457,218,218,457,47.70240700218818,100.0,47.70240700218818,47.70240700218818,41.775663512104366,31.025265463773056,2650.6684240989207,1306.8998653845752,2720743.49320856,102.6855677736053,0.49304539696580424,0.8700035842057391,-0.21960047011251865,0.9755898900287768,-0.9755898900287768,-0.21960047011251865,41.775663512104366,31.025265463773056,41.775663512104366,31.025265463773056,41.775663512104366,31.025265463773056,2720743.49320856,2650.6684240989207,1306.8998653845752,0.49304539696580424,0.49304539696580424,0.49304539696580424,102.6855677736053,1124166.8951224086,273277.9613027553,0.8044445474565387,41.57002188183807,31.88512035010941,41.57002188183807,31.88512035010941,41.775663512104366,31.025265463773056,17051.50471496582,22.72597885131836,48.9727668762207,37.31182650977203,6.85167799970464,97.32129261441901,168.36031232152908,208,208,457,45.51422319474836,100.0,45.51422319474836,45.51422319474836
45,45,2023-08-16,4,Type 4,Type 4,Mixed,Mixed Multi-Day,16,4,3.05,8.45,8,3.733333333333333,8.733333333333333,9,9,3.733333333333333,8.733333333333333,9,1,5,460,0,1.25,460,219,219,460,47.608695652173914,100.0,47.608695652173914,47.608695652173914,41.29041821738787,31.189094476974415,2706.0596300239113,1350.9236142812824,2871164.244755659,104.49176267019901,0.499221672461573,0.8664743052997417,-0.25024081230753165,0.9681836271367465,-0.9681836271367465,-0.25024081230753165,41.29041821738787,31.189094476974415,41.29041821738787,31.189094476974415,41.29041821738787,31.189094476974415,2871164.244755659,2706.0596300239113,1350.9236142812824,0.499221672461573,0.499221672461573,0.499221672461573,104.49176267019901,1171641.3953992238,291999.13785964844,0.8004980517931565,40.97391304347826,32.06956521739131,40.97391304347826,32.06956521739131,41.29041821738787,31.189094476974415,16941.749279022217,22.708724975585938,49.63015365600586,36.82988973700482,6.6857259102833,102.14015266175718,162.8204012290872,211,211,460,45.869565217391305,100.0,45.869565217391305,45.869565217391305
45,45,2023-08-17,4,Type 4,Type 4,Mixed,Mixed Multi-Day,16,5,3.2794117647058822,7.735294117647059,8,3.733333333333333,8.733333333333333,9,9,3.733333333333333,8.733333333333333,9,2,1,462,0,1.25,449,235,235,449,52.338530066815146,100.0,52.338530066815146,52.338530066815146,39.525291667202985,32.316353074883466,2766.6227749264267,1413.672776187926,3071770.2062171693,107.90152130813374,0.5109741700241444,0.8595960665150445,-0.30738188426988855,0.9515862426615324,-0.9515862426615324,-0.30738188426988855,39.525291667202985,32.316353074883466,39.525291667202985,32.316353074883466,39.525291667202985,32.316353074883466,3071770.2062171693,2766.6227749264267,1413.672776187926,0.5109741700241444,0.5109741700241444,0.5109741700241444,107.90152130813374,1224672.2525986563,319755.3149015805,0.7929619221838117,39.143652561247215,33.15924276169265,39.143652561247215,33.15924276169265,39.525291667202985,32.316353074883466,16118.168647766113,22.511472702026367,47.949066162109375,35.89792571885549,6.325537443830749,100.08644691759186,158.95624487446938,224,224,449,49.88864142538976,100.0,49.88864142538976,49.88864142538976
45,45,2023-08-17,4,Type 4,Type 4,Mixed,Mixed Multi-Day,16,5,3.2794117647058822,7.735294117647059,8,3.733333333333333,8.733333333333333,9,9,3.733333333333333,8.733333333333333,9,2,1,462,1,1.25,13,6,6,13,46.15384615384615,100.0,46.15384615384615,46.15384615384615,52.34264064121018,26.50172777297153,446.87936187747886,178.46950372150403,62638.9105392145,126.57741276777423,0.399368417847041,0.9167905250526706,-0.5959083406774685,0.8030524575088642,-0.8030524575088642,-0.5959083406774685,52.34264064121018,26.50172777297153,52.34264064121018,26.50172777297153,52.34264064121018,26.50172777297153,62638.9105392145,446.87936187747886,178.46950372150403,0.399368417847041,0.399368417847041,0.399368417847041,126.57741276777423,31952.186251523635,5096.21820137599,0.8624443271813523,52.34615384615385,26.5,52.34615384615385,26.5,52.34264064121018,26.50172777297153,474.60363006591797,35.23628234863281,40.02952575683594,36.50797154353215,1.3544688255292272,0.39913132596573064,298.6611218473195,6,6,13,46.15384615384615,100.0,46.15384615384615,46.15384615384615
45,45,2023-08-18,4,Type 4,Type 4,Mixed,Mixed Multi-Day,16,6,3.423076923076923,8.26923076923077,8,3.733333333333333,8.733333333333333,9,9,3.733333333333333,8.733333333333333,9,1,5,429,0,1.25,429,228,228,429,53.14685314685315,100.0,53.14685314685315,53.14685314685315,38.7262270392181,32.22435459783637,2819.5218906915056,1413.2369122121972,3129538.6851532157,109.16004954316315,0.5012328213793694,0.8653124630860676,-0.32820808436004134,0.9446054485131409,-0.9446054485131409,-0.32820808436004134,38.7262270392181,32.22435459783637,38.7262270392181,32.22435459783637,38.7262270392181,32.22435459783637,3129538.6851532157,2819.5218906915056,1413.2369122121972,0.5012328213793694,0.5012328213793694,0.5012328213793694,109.16004954316315,1271952.5907341766,319558.17120625044,0.7992108009268918,38.2995337995338,33.05011655011655,38.2995337995338,33.05011655011655,38.7262270392181,32.22435459783637,15353.921571731567,24.668489456176758,47.81713104248047,35.790026973733255,6.255310549557259,99.94521187126853,156.26893124807998,219,219,429,51.04895104895105,100.0,51.04895104895105,51.04895104895105
45,45,2023-08-19,4,Type 4,Type 4,Mixed,Mixed Multi-Day,16,7,3.3,8.3,8,3.733333333333333,8.733333333333333,9,9,3.733333333333333,8.733333333333333,9,1,7,422,0,1.25,422,230,230,422,54.502369668246445,100.0,54.502369668246445,54.502369668246445,38.05676279090544,32.65680507750195,2730.9544291676293,1455.4497367220758,3121774.627066563,106.85795228166961,0.5329454498315023,0.8461496011367597,-0.2899999375159621,0.9570266643311136,-0.9570266643311136,-0.2899999375159621,38.05676279090544,32.65680507750195,38.05676279090544,32.65680507750195,38.05676279090544,32.65680507750195,3121774.627066563,2730.9544291676293,1455.4497367220758,0.5329454498315023,0.5329454498315023,0.5329454498315023,106.85795228166961,1193297.9350704467,338933.42977989756,0.7787974861009311,37.6042654028436,33.447867298578196,37.6042654028436,33.447867298578196,38.05676279090544,32.65680507750195,15058.784502029419,25.780057907104492,47.912010192871094,35.68432346452469,6.273931700004238,97.38136641723537,154.15548559301368,219,219,422,51.8957345971564,100.0,51.8957345971564,51.8957345971564
45,45,2023-08-20,4,Type 4,Type 4,Mixed,Mixed Multi-Day,16,8,3.303030303030303,7.666666666666667,8,3.733333333333333,8.733333333333333,9,9,3.733333333333333,8.733333333333333,9,1,3,434,0,1.25,434,243,243,434,55.99078341013825,100.0,55.99078341013825,55.99078341013825,37.641552394179655,33.418241324638785,2652.2324688170065,1533.4542569182963,3194274.9394343738,109.05887486623645,0.5781749054607846,0.8159128499388968,-0.3265395597214659,0.9451835355828577,-0.9451835355828577,-0.3265395597214659,37.641552394179655,33.418241324638785,37.641552394179655,33.418241324638785,37.641552394179655,33.418241324638785,3194274.9394343738,2652.2324688170065,1533.4542569182963,0.5781749054607846,0.5781749054607846,0.5781749054607846,109.05887486623645,1125493.9309835448,376237.11328973516,0.7494643833032003,37.12442396313364,34.172811059907836,37.12442396313364,34.172811059907836,37.641552394179655,33.418241324638785,15393.308219909668,25.57436180114746,48.40077590942383,35.46845211960753,6.424202292039055,96.42755661042504,150.07858474891543,229,229,434,52.764976958525345,100.0,52.764976958525345,52.764976958525345
45,45,2023-08-21,4,Type 4,Type 4,Mixed,Mixed Multi-Day,16,9,3.3666666666666667,7.933333333333334,8,3.733333333333333,8.733333333333333,9,9,3.733333333333333,8.733333333333333,9,1,3,447,0,1.25,447,241,241,447,53.914988814317674,100.0,53.914988814317674,53.914988814317674,37.214791204701385,34.03080438351401,2536.3135386260806,1684.4301237166806,3355411.7489657914,112.813914879644,0.6641253528257138,0.7476212381507905,-0.38773945913531693,0.9217690121876803,-0.9217690121876803,-0.38773945913531693,37.214791204701385,34.03080438351401,37.214791204701385,34.03080438351401,37.214791204701385,34.03080438351401,3355411.7489657914,2536.3135386260806,1684.4301237166806,0.6641253528257138,0.6641253528257138,0.6641253528257138,112.813914879644,1029261.818594872,453968.7746694707,0.6939324359064349,36.69015659955257,34.710290827740494,36.69015659955257,34.710290827740494,37.214791204701385,34.03080438351401,15645.486452102661,24.619792938232422,48.72382736206055,35.0010882597375,6.23866481306402,89.49866060462821,147.22321952623778,231,231,447,51.67785234899329,100.0,51.67785234899329,51.67785234899329
45,45,2023-08-22,4,Type 4,Type 4,Mixed,Mixed Multi-Day,16,10,3.48,7.84,8,3.733333333333333,8.733333333333333,9,9,3.733333333333333,8.733333333333333,9,1,9,435,0,1.25,435,210,210,435,48.275862068965516,100.0,48.275862068965516,48.275862068965516,37.00914380138377,35.65180941408453,2143.096640454915,1762.5715748850153,2966732.5652244845,134.40768723819318,0.8224414809921378,0.5688497256248429,-0.6997591933125108,0.7143788010394935,-0.7143788010394935,-0.6997591933125108,37.00914380138377,35.65180941408453,37.00914380138377,35.65180941408453,37.00914380138377,35.65180941408453,2966732.5652244845,2143.096640454915,1762.5715748850153,0.8224414809921378,0.8224414809921378,0.8224414809921378,134.40768723819318,734858.1136526628,497065.36905482283,0.5965127899320606,36.44252873563219,36.240229885057474,36.44252873563219,36.240229885057474,37.00914380138377,35.65180941408453,15010.554454803467,24.276636123657227,49.454742431640625,34.50702173518038,6.32563005511815,82.92323560987577,141.77193152110408,204,204,435,46.89655172413793,100.0,46.89655172413793,46.89655172413793
45,45,2023-08-23,4,Type 4,Type 4,Mixed,Mixed Multi-Day,16,11,2.7058823529411766,8.352941176470589,8,3.733333333333333,8.733333333333333,9,9,3.733333333333333,8.733333333333333,9,2,1,503,0,1.25,495,230,230,495,46.464646464646464,100.0,46.464646464646464,46.464646464646464,36.746724967686156,33.47204291008662,2333.814854093118,1933.2020669118729,3543508.9322967106,156.9631582496545,0.828344229415355,0.5602194548516516,-0.9202534192103765,0.3913229413561272,-0.3913229413561272,-0.9202534192103765,36.746724967686156,33.47204291008662,36.746724967686156,33.47204291008662,36.746724967686156,33.47204291008662,3543508.9322967106,2333.814854093118,1933.2020669118729,0.828344229415355,0.828344229415355,0.828344229415355,156.9631582496545,871470.683709709,597963.2370419739,0.593065582196382,36.2030303030303,34.1989898989899,36.2030303030303,34.1989898989899,36.746724967686156,33.47204291008662,17669.341051101685,24.421085357666016,50.09965515136719,35.69563848707411,6.732501915089282,95.04840484425071,147.8784697590535,220,220,495,44.44444444444444,100.0,44.44444444444444,44.44444444444444
45,45,2023-08-23,4,Type 4,Type 4,Mixed,Mixed Multi-Day,16,11,2.7058823529411766,8.352941176470589,8,3.733333333333333,8.733333333333333,9,9,3.733333333333333,8.733333333333333,9,2,1,503,1,1.25,8,5,5,8,62.5,100.0,62.5,62.5,49.36296464490144,13.242774218427893,306.9007096023778,192.50513126593688,46401.29316742491,8.15632531638937,0.6272554127207707,0.7788136151946085,0.9898846646755409,0.14187441855455082,-0.14187441855455082,0.9898846646755409,49.36296464490144,13.242774218427893,49.36296464490144,13.242774218427893,49.36296464490144,13.242774218427893,46401.29316742491,306.9007096023778,192.50513126593688,0.6272554127207707,0.6272554127207707,0.6272554127207707,8.15632531638937,15070.087288710884,5929.316090194494,0.717643592857943,49.375,13.25,49.375,13.25,49.36296464490144,13.242774218427893,260.10174560546875,31.79661750793457,33.399898529052734,32.512718200683594,0.5591749159406847,1.5298323855459255,238.49822633606377,5,5,8,62.5,100.0,62.5,62.5
45,45,2023-08-24,4,Type 4,Type 4,Mixed,Mixed Multi-Day,16,12,3.34375,7.6875,8,3.733333333333333,8.733333333333333,9,9,3.733333333333333,8.733333333333333,9,1,0,618,0,1.25,618,253,253,618,40.93851132686084,100.0,40.93851132686084,40.93851132686084,37.40061832117663,29.221892807826674,2712.324230626487,2059.182447653923,4386582.612162131,137.39180593967862,0.7591947984693178,0.6508634710729524,-0.736000277304854,0.6769812344571879,-0.6769812344571879,-0.736000277304854,37.40061832117663,29.221892807826674,37.40061832117663,29.221892807826674,37.40061832117663,29.221892807826674,4386582.612162131,2712.324230626487,2059.182447653923,0.7591947984693178,0.7591947984693178,0.7591947984693178,137.39180593967862,1177072.4371269704,678437.1764361602,0.6343661215889046,36.84789644012945,30.053398058252426,36.84789644012945,30.053398058252426,37.40061832117663,29.221892807826674,22984.668069839478,25.54902458190918,51.142887115478516,37.19201953048459,6.617464368916681,106.58221108226985,149.71917800862212,253,253,618,40.93851132686084,100.0,40.93851132686084,40.93851132686084
45,45,2023-08-25,4,Type 4,Type 4,Mixed,Mixed Multi-Day,16,13,3.370967741935484,8.064516129032258,8,3.733333333333333,8.733333333333333,9,9,3.733333333333333,8.733333333333333,9,1,4,615,0,1.25,615,263,263,615,42.764227642276424,100.0,42.764227642276424,42.764227642276424,36.69094665375143,26.72759237877953,2935.386707122641,1939.1127510758279,4470522.31189062,137.44623528032974,0.6605987369127959,0.7507391749397514,-0.7366430577865762,0.6762817500234963,-0.6762817500234963,-0.7366430577865762,36.69094665375143,26.72759237877953,36.69094665375143,26.72759237877953,36.69094665375143,26.72759237877953,4470522.31189062,2935.386707122641,1939.1127510758279,0.6605987369127959,0.6605987369127959,0.6605987369127959,137.44623528032974,1378639.219256368,601625.3218215784,0.6961894184632086,36.04308943089431,27.628455284552846,36.04308943089431,27.628455284552846,36.69094665375143,26.72759237877953,23351.403577804565,25.768407821655273,49.57396697998047,37.969761915129375,6.469198974459761,118.68428129376746,147.1038513200816,261,261,615,42.4390243902439,100.0,42.4390243902439,42.4390243902439
45,45,2023-08-26,4,Type 4,Type 4,Mixed,Mixed Multi-Day,16,14,2.9166666666666665,8.555555555555555,9,3.733333333333333,8.733333333333333,9,9,3.733333333333333,8.733333333333333,9,1,0,560,0,1.25,560,245,245,560,43.75,100.0,43.75,43.75,35.426984334457295,26.136362254210347,3097.356160444433,1891.2735060391883,4600821.321673834,131.90477223595374,0.6106089865260486,0.7919322354681818,-0.667894547778699,0.7442559190543848,-0.7442559190543848,-0.667894547778699,35.426984334457295,26.136362254210347,35.426984334457295,26.136362254210347,35.426984334457295,26.136362254210347,4600821.321673834,3097.356160444433,1891.2735060391883,0.6106089865260486,0.6106089865260486,0.6106089865260486,131.90477223595374,1534978.429542893,572306.4759433222,0.7284152349531144,34.910714285714285,27.17142857142857,34.910714285714285,27.17142857142857,35.426984334457295,26.136362254210347,20952.53927230835,26.03460693359375,46.86541748046875,37.41524870055063,6.287624808803169,125.67392217328617,155.74301881980523,251,251,560,44.82142857142857,100.0,44.82142857142857,44.82142857142857
45,45,2023-08-27,4,Type 4,Type 4,Mixed,Mixed Multi-Day,16,15,3.733333333333333,8.733333333333333,9,3.733333333333333,8.733333333333333,9,9,3.733333333333333,8.733333333333333,9,1,6,478,0,1.25,478,222,222,478,46.44351464435147,100.0,46.44351464435147,46.44351464435147,35.39400241285863,25.468742032141535,3151.004481287819,1835.3857393813068,4542200.023236946,128.95004619914903,0.5824763976949924,0.8128476155641137,-0.6286425907950444,0.7776943442243195,-0.7776943442243195,-0.6286425907950444,35.39400241285863,25.468742032141535,35.39400241285863,25.468742032141535,35.39400241285863,25.468742032141535,4542200.023236946,3151.004481287819,1835.3857393813068,0.5824763976949924,0.5824763976949924,0.5824763976949924,128.95004619914903,1588612.6785753472,538982.5299718827,0.7466705471949656,34.82426778242678,26.543933054393307,34.82426778242678,26.543933054393307,35.39400241285863,25.468742032141535,17761.512214660645,25.576356887817383,46.83072280883789,37.15797534447834,6.4229508365188455,132.06927300910507,154.288077875328,225,225,478,47.07112970711297,100.0,47.07112970711297,47.07112970711297
45,45,2023-08-28,4,Type 4,Type 4,Mixed,Mixed Multi-Day,16,16,3.519230769230769,7.846153846153846,8,3.733333333333333,8.733333333333333,9,9,3.733333333333333,8.733333333333333,9,2,3,401,0,1.25,262,117,117,262,44.656488549618324,100.0,44.656488549618324,44.656488549618324,39.185565979395896,19.880085137474808,2627.000699571145,1077.304513228476,2222739.4064256954,173.77366033805362,0.4100891611503357,0.9120454374136269,-0.9941012101268335,0.10845636921990898,-0.10845636921990898,-0.9941012101268335,39.185565979395896,19.880085137474808,39.185565979395896,19.880085137474808,39.185565979395896,19.880085137474808,2222739.4064256954,2627.000699571145,1077.304513228476,0.4100891611503357,0.4100891611503357,0.4100891611503357,173.77366033805362,1104181.2280875659,185693.60227559102,0.8560375023184923,39.11068702290076,19.66793893129771,39.11068702290076,19.66793893129771,39.185565979395896,19.880085137474808,10595.298522949219,29.57990074157715,48.872291564941406,40.44007069827946,4.319539702543504,24.761171138680822,18.463315379066373,120,120,262,45.80152671755725,100.0,45.80152671755725,45.80152671755725
45,45,2023-08-28,4,Type 4,Type 4,Mixed,Mixed Multi-Day,16,16,3.519230769230769,7.846153846153846,8,3.733333333333333,8.733333333333333,9,9,3.733333333333333,8.733333333333333,9,2,3,401,1,1.25,139,55,55,139,39.568345323741006,100.0,39.568345323741006,39.568345323741006,28.251401764300546,40.085245199183426,1422.3839693094596,1103.3503595329264,1232594.3459900157,57.54329236914784,0.7757050018417896,0.6310956742979856,0.5366621931903467,0.8437971855843838,-0.8437971855843838,0.5366621931903467,28.251401764300546,40.085245199183426,28.251401764300546,40.085245199183426,28.251401764300546,40.085245199183426,1232594.3459900157,1422.3839693094596,1103.3503595329264,0.7757050018417896,0.7757050018417896,0.7757050018417896,57.54329236914784,323708.18498376536,194781.12254103005,0.6243295286630088,28.464028776978417,39.87410071942446,28.464028776978417,39.87410071942446,28.251401764300546,40.085245199183426,4083.653673171997,25.603065490722656,36.54576873779297,29.378803404115086,2.9256802927006684,29.65646601093955,322.3030887071303,56,56,139,40.28776978417266,100.0,40.28776978417266,40.28776978417266
46,46,2024-05-20,4,Type 4,Type 4,Mixed,Mixed Multi-Day,40,1,2.754716981132076,7.69811320754717,8,3.647058823529412,11.090909090909092,11,11,3.647058823529412,11.090909090909092,11,2,0,425,0,1.25,222,91,91,222,40.990990990990994,100.0,40.990990990990994,40.990990990990994,25.337593323098627,21.446305666780685,1805.556368018094,872.4554458495901,1237212.1904157891,89.04557493564381,0.4832058756533083,0.8755067571036328,0.0166570894648491,0.9998612610610335,-0.9998612610610335,0.0166570894648491,25.337593323098627,21.446305666780685,25.337593323098627,21.446305666780685,25.337593323098627,21.446305666780685,1237212.1904157891,1805.556368018094,872.4554458495901,0.4832058756533083,0.4832058756533083,0.4832058756533083,89.04557493564381,521605.4076945104,121788.56079881711,0.8107091972217018,25.355855855855857,21.38738738738739,25.355855855855857,21.38738738738739,25.337593323098627,21.446305666780685,9187.336280822754,30.18218231201172,45.206634521484375,41.38439766136376,1.8949330768195793,6.792804638648299,343.8181864517279,91,91,222,40.990990990990994,100.0,40.990990990990994,40.990990990990994
46,46,2024-05-20,4,Type 4,Type 4,Mixed,Mixed Multi-Day,40,1,2.754716981132076,7.69811320754717,8,3.647058823529412,11.090909090909092,11,11,3.647058823529412,11.090909090909092,11,2,0,425,1,1.25,203,91,91,203,44.827586206896555,100.0,44.827586206896555,44.827586206896555,62.13775640828242,16.101475539534416,1476.280476031745,924.7051231477444,1072165.9761781078,26.747334935301865,0.6263749593392713,0.779521911374354,0.8929998783932138,0.45005690439066176,-0.45005690439066176,0.8929998783932138,62.13775640828242,16.101475539534416,62.13775640828242,16.101475539534416,62.13775640828242,16.101475539534416,1072165.9761781078,1476.280476031745,924.7051231477444,0.6263749593392713,0.6263749593392713,0.6263749593392713,26.747334935301865,348704.64702600247,136812.73036410962,0.7182124950922593,62.14039408866995,16.08128078817734,62.14039408866995,16.08128078817734,62.13775640828242,16.101475539534416,6194.912973403931,29.283334732055664,41.5531005859375,30.516812676866653,1.242455653421988,2.25249037114974,352.8033927031752,91,91,203,44.827586206896555,100.0,44.827586206896555,44.827586206896555
46,46,2024-05-21,4,Type 4,Type 4,Mixed,Mixed Multi-Day,40,2,2.813725490196078,7.803921568627451,8,3.647058823529412,11.090909090909092,11,11,3.647058823529412,11.090909090909092,11,2,3,451,0,1.25,239,99,99,239,41.42259414225941,100.0,41.42259414225941,41.42259414225941,25.43522565714666,21.631520037162215,1701.9023313106493,850.9816193915315,1137482.4226388654,86.88648479493797,0.5000178939388275,0.866015072467552,0.05431435112822088,0.9985238861747476,-0.9985238861747476,0.05431435112822088,25.43522565714666,21.631520037162215,25.43522565714666,21.631520037162215,25.43522565714666,21.631520037162215,1137482.4226388654,1701.9023313106493,850.9816193915315,0.5000178939388275,0.5000178939388275,0.5000178939388275,86.88648479493797,463435.4472512996,115867.1546467573,0.7999885478381693,25.45397489539749,21.58786610878661,25.45397489539749,21.58786610878661,25.43522565714666,21.631520037162215,9944.32703781128,33.67522430419922,45.10660934448242,41.60806291971247,1.8579925875661394,5.208869917618183,338.1212936303363,100,100,239,41.84100418410042,100.0,41.84100418410042,41.84100418410042
46,46,2024-05-21,4,Type 4,Type 4,Mixed,Mixed Multi-Day,40,2,2.813725490196078,7.803921568627451,8,3.647058823529412,11.090909090909092,11,11,3.647058823529412,11.090909090909092,11,2,3,451,1,1.25,212,98,98,212,46.22641509433962,100.0,46.22641509433962,46.22641509433962,62.34182395847856,16.578726868085337,1540.6589746251507,960.0839616562422,1161731.0961128122,32.09793193275408,0.6231644883578698,0.7820908006425306,0.8471411014402286,0.5313680026597729,-0.5313680026597729,0.8471411014402286,62.34182395847856,16.578726868085337,62.34182395847856,16.578726868085337,62.34182395847856,16.578726868085337,1161731.0961128122,1540.6589746251507,960.0839616562422,0.6231644883578698,0.6231644883578698,0.6231644883578698,32.09793193275408,379780.8121748833,147481.79414872717,0.7202877799792057,62.27358490566038,16.433962264150942,62.27358490566038,16.433962264150942,62.34182395847856,16.578726868085337,6574.190954208374,29.443758010864258,46.90885925292969,31.01033468966214,2.694239282631495,17.59893240032618,24.44412811684974,98,98,212,46.22641509433962,100.0,46.22641509433962,46.22641509433962
46,46,2024-05-22,4,Type 4,Type 4,Mixed,Mixed Multi-Day,40,3,2.891304347826087,8.152173913043478,8,3.647058823529412,11.090909090909092,11,11,3.647058823529412,11.090909090909092,11,2,7,434,0,1.25,207,87,87,207,42.028985507246375,100.0,42.028985507246375,42.028985507246375,25.399696320708706,22.28690956212025,1516.1554684863827,835.7418574360651,995189.469753879,80.67186418648099,0.5512243795620827,0.8343570478975995,0.16208840951688588,0.9867762398336749,-0.9867762398336749,0.16208840951688588,25.399696320708706,22.28690956212025,25.399696320708706,22.28690956212025,25.399696320708706,22.28690956212025,995189.469753879,1516.1554684863827,835.7418574360651,0.5512243795620827,0.5512243795620827,0.5512243795620827,80.67186418648099,367796.38473938603,111754.31236330945,0.766960379708556,25.42270531400966,22.297101449275363,25.42270531400966,22.297101449275363,25.399696320708706,22.28690956212025,8568.723434448242,32.85750198364258,45.375404357910156,41.39479920023305,1.811006596114363,2.6259584711400152,244.55061084780365,88,88,207,42.51207729468599,100.0,42.51207729468599,42.51207729468599
46,46,2024-05-22,4,Type 4,Type 4,Mixed,Mixed Multi-Day,40,3,2.891304347826087,8.152173913043478,8,3.647058823529412,11.090909090909092,11,11,3.647058823529412,11.090909090909092,11,2,7,434,1,1.25,227,110,110,227,48.458149779735685,100.0,48.458149779735685,48.458149779735685,62.44140792654318,17.124548056431372,1633.543470102218,1007.0302678543511,1292001.7486504733,38.71925641655599,0.6164698315566324,0.7873785282699404,0.7802202267922558,0.625504914212703,-0.625504914212703,0.7802202267922558,62.44140792654318,17.124548056431372,62.44140792654318,17.124548056431372,62.44140792654318,17.124548056431372,1292001.7486504733,1633.543470102218,1007.0302678543511,0.6164698315566324,0.6164698315566324,0.6164698315566324,38.71925641655599,426954.28299417533,162257.593659969,0.7246192751895071,62.31057268722467,16.8215859030837,62.31057268722467,16.8215859030837,62.44140792654318,17.124548056431372,7162.278860092163,29.23969078063965,47.910308837890625,31.551889251507326,3.7573485725922655,36.30866423878063,22.548180437898452,109,109,227,48.01762114537445,100.0,48.01762114537445,48.01762114537445
46,46,2024-05-23,4,Type 4,Type 4,Mixed,Mixed Multi-Day,40,4,3.3846153846153846,7.923076923076923,8,3.647058823529412,11.090909090909092,11,11,3.647058823529412,11.090909090909092,11,2,0,416,0,1.25,149,64,64,149,42.95302013422819,100.0,42.95302013422819,42.95302013422819,25.82996880775675,21.199312401614243,1150.22856060271,789.9612420211081,713641.0317281396,62.04490096330529,0.6867863215004634,0.7268593733315009,0.4687794794681217,0.8833152323092798,-0.8833152323092798,0.4687794794681217,25.82996880775675,21.199312401614243,25.82996880775675,21.199312401614243,25.82996880775675,21.199312401614243,713641.0317281396,1150.22856060271,789.9612420211081,0.6867863215004634,0.6867863215004634,0.6867863215004634,62.04490096330529,211684.11866018915,99846.20222328506,0.6794976426688437,25.828859060402685,21.171140939597315,25.828859060402685,21.171140939597315,25.82996880775675,21.199312401614243,6179.264854431152,37.97126007080078,44.74822235107422,41.47157620423592,1.3039457363653515,3.1212566254426015,2.1156613962178747,63,63,149,42.281879194630875,100.0,42.281879194630875,42.281879194630875
46,46,2024-05-23,4,Type 4,Type 4,Mixed,Mixed Multi-Day,40,4,3.3846153846153846,7.923076923076923,8,3.647058823529412,11.090909090909092,11,11,3.647058823529412,11.090909090909092,11,2,0,416,1,1.25,267,145,145,267,54.30711610486891,100.0,54.30711610486891,54.30711610486891,59.477341396985395,16.6813711880676,2332.2725874500875,1119.5150833546866,2050685.8673543108,18.1827557949091,0.48001039388739336,0.877262800852783,0.9500660113625231,0.31204899303427663,-0.31204899303427663,0.9500660113625231,59.477341396985395,16.6813711880676,59.477341396985395,16.6813711880676,59.477341396985395,16.6813711880676,2050685.8673543108,2332.2725874500875,1119.5150833546866,0.48001039388739336,0.48001039388739336,0.48001039388739336,18.1827557949091,870319.2675473801,200530.24349738413,0.8127372320488444,59.754681647940075,16.4625468164794,59.754681647940075,16.4625468164794,59.477341396985395,16.6813711880676,8669.418348312378,25.90312385559082,48.2704963684082,32.46973164161939,4.385731675632144,38.242929213165105,309.32742574993836,146,146,267,54.6816479400749,100.0,54.6816479400749,54.6816479400749
46,46,2024-05-24,4,Type 4,Type 4,Mixed,Mixed Multi-Day,40,5,3.2794117647058822,7.852941176470588,8,3.647058823529412,11.090909090909092,11,11,3.647058823529412,11.090909090909092,11,2,0,413,0,1.25,113,48,48,113,42.47787610619469,100.0,42.47787610619469,42.47787610619469,25.299142459317533,19.613891001853727,925.0586011271774,794.1886961180911,577009.3202806013,40.21776825846101,0.8585279842275697,0.5127667113787183,0.7635958260496019,0.6456945209924164,-0.6456945209924164,0.7635958260496019,25.299142459317533,19.613891001853727,25.299142459317533,19.613891001853727,25.299142459317533,19.613891001853727,577009.3202806013,925.0586011271774,794.1886961180911,0.8585279842275697,0.8585279842275697,0.8585279842275697,40.21776825846101,136917.34648309925,100917.7096066806,0.5756819399719385,25.278761061946902,19.597345132743364,25.278761061946902,19.597345132743364,25.299142459317533,19.613891001853727,4643.689376831055,37.228492736816406,44.57292175292969,41.09459625514208,1.5506510265736733,2.815379384167565,49.41154707131426,47,47,113,41.5929203539823,100.0,41.5929203539823,41.5929203539823
46,46,2024-05-24,4,Type 4,Type 4,Mixed,Mixed Multi-Day,40,5,3.2794117647058822,7.852941176470588,8,3.647058823529412,11.090909090909092,11,11,3.647058823529412,11.090909090909092,11,2,0,413,1,1.25,300,154,154,300,51.333333333333336,100.0,51.333333333333336,51.333333333333336,58.02668613564862,16.758694366657625,2420.1357179301253,1117.1762931524377,2123495.3481164235,14.745617569928385,0.46161720802498113,0.8870792260306974,0.9670654100366742,0.25452798021160505,-0.25452798021160505,0.9670654100366742,58.02668613564862,16.758694366657625,58.02668613564862,16.758694366657625,58.02668613564862,16.758694366657625,2123495.3481164235,2420.1357179301253,1117.1762931524377,0.46161720802498113,0.46161720802498113,0.46161720802498113,14.745617569928385,937129.1029121863,199693.2591970914,0.8243408417595011,58.473333333333336,16.526666666666667,58.473333333333336,16.526666666666667,58.02668613564862,16.758694366657625,10047.703245162964,26.646596908569336,49.010650634765625,33.49234415054321,4.995326681781452,54.12878500298422,298.38258114269416,149,149,300,49.666666666666664,100.0,49.666666666666664,49.666666666666664
46,46,2024-05-25,4,Type 4,Type 4,Mixed,Mixed Multi-Day,40,6,3.480769230769231,7.384615384615385,7,3.647058823529412,11.090909090909092,11,11,3.647058823529412,11.090909090909092,11,1,0,413,0,1.25,413,199,199,413,48.18401937046005,100.0,48.18401937046005,48.18401937046005,48.14361452438421,17.070732437680423,4453.864779386175,1221.1576940639338,4271679.485731879,1.3925094963182971,0.27417933739610123,0.9616785798514152,0.9997046753532448,0.024301483017777903,-0.024301483017777903,0.9997046753532448,48.14361452438421,17.070732437680423,48.14361452438421,17.070732437680423,48.14361452438421,17.070732437680423,4271679.485731879,4453.864779386175,1221.1576940639338,0.27417933739610123,0.27417933739610123,0.27417933739610123,1.3925094963182971,3173905.835689065,238596.17820344705,0.9300817472833401,49.780871670702176,16.853510895883776,49.780871670702176,16.853510895883776,48.14361452438421,17.070732437680423,14661.354133605957,26.938688278198242,48.896263122558594,35.49964681260522,5.510702547753239,176.0282721345648,278.08752141874436,186,186,413,45.0363196125908,100.0,45.0363196125908,45.0363196125908
46,46,2024-05-26,4,Type 4,Type 4,Mixed,Mixed Multi-Day,40,7,3.287878787878788,7.484848484848484,7,3.647058823529412,11.090909090909092,11,11,3.647058823529412,11.090909090909092,11,1,0,421,0,1.25,421,212,212,421,50.3562945368171,100.0,50.3562945368171,50.3562945368171,48.3139824494978,17.11188048538513,4401.281781100104,1249.2106492338025,4318219.689267186,1.9537503212557112,0.2838288279105732,0.9588749639274717,0.9994186726150339,0.03409276797802637,-0.03409276797802637,0.9994186726150339,48.3139824494978,17.11188048538513,48.3139824494978,17.11188048538513,48.3139824494978,17.11188048538513,4318219.689267186,4401.281781100104,1249.2106492338025,0.2838288279105732,0.2838288279105732,0.2838288279105732,1.9537503212557112,3099405.0106629925,249684.35938546216,0.9254470897019241,49.780285035629454,16.827790973871736,49.780285035629454,16.827790973871736,48.3139824494978,17.11188048538513,15062.002220153809,26.124338150024414,49.55155944824219,35.77672736378577,5.659593893408711,159.2982202555471,281.59624471109413,189,189,421,44.89311163895487,100.0,44.89311163895487,44.89311163895487
46,46,2024-05-27,4,Type 4,Type 4,Mixed,Mixed Multi-Day,40,8,3.2222222222222223,7.611111111111111,8,3.647058823529412,11.090909090909092,11,11,3.647058823529412,11.090909090909092,11,1,1,442,0,1.25,442,227,227,442,51.35746606334842,100.0,51.35746606334842,51.35746606334842,48.55270677475866,16.71689027141363,4261.887822488405,1205.8486331013864,4036311.648055239,4.529262417466072,0.2829376753509488,0.9591382965281915,0.9968771326532345,0.07896823660856034,-0.07896823660856034,0.9968771326532345,48.55270677475866,16.71689027141363,48.55270677475866,16.71689027141363,48.55270677475866,16.71689027141363,4036311.648055239,4261.887822488405,1205.8486331013864,0.2829376753509488,0.2829376753509488,0.2829376753509488,4.529262417466072,2906190.049835993,232651.34815239714,0.9258798650032148,49.98868778280543,16.479638009049772,49.98868778280543,16.479638009049772,48.55270677475866,16.71689027141363,15811.6021194458,27.31670570373535,50.499229431152344,35.77285547385928,5.76490260257854,155.4662873440059,279.92741482638,210,210,442,47.51131221719457,100.0,47.51131221719457,47.51131221719457
46,46,2024-05-28,4,Type 4,Type 4,Mixed,Mixed Multi-Day,40,9,3.2222222222222223,7.611111111111111,8,3.647058823529412,11.090909090909092,11,11,3.647058823529412,11.090909090909092,11,1,1,475,0,1.25,475,226,226,475,47.578947368421055,100.0,47.578947368421055,47.578947368421055,47.70914078596511,16.76593171090572,4231.005103998364,1185.176300607996,3938368.8621243355,5.14269352086518,0.2801169631036338,0.9599658780298378,0.9959745499779609,0.08963646465695924,-0.08963646465695924,0.9959745499779609,47.70914078596511,16.76593171090572,47.70914078596511,16.76593171090572,47.70914078596511,16.76593171090572,3938368.8621243355,4231.005103998364,1185.176300607996,0.2801169631036338,0.2801169631036338,0.2801169631036338,5.14269352086518,2864224.6704096324,224742.85816365673,0.9272433730413931,49.241052631578945,16.565263157894737,49.241052631578945,16.565263157894737,47.70914078596511,16.76593171090572,17258.240631103516,27.113758087158203,49.402000427246094,36.33313817074424,5.834281138257413,164.9149515613582,277.9580361086834,220,220,475,46.31578947368421,100.0,46.31578947368421,46.31578947368421
46,46,2024-05-29,4,Type 4,Type 4,Mixed,Mixed Multi-Day,40,10,3.1666666666666665,8.194444444444445,8,3.647058823529412,11.090909090909092,11,11,3.647058823529412,11.090909090909092,11,1,4,466,0,1.25,466,216,216,466,46.351931330472105,100.0,46.351931330472105,46.351931330472105,47.421262617542844,16.980988965384757,4250.714936236679,1165.810944264712,3892064.155645559,6.012416247512164,0.27426232098660774,0.9616549169463228,0.9944992202387828,0.10474397808205009,-0.10474397808205009,0.9944992202387828,47.421262617542844,16.980988965384757,47.421262617542844,16.980988965384757,47.421262617542844,16.980988965384757,3892064.155645559,4250.714936236679,1165.810944264712,0.27426232098660774,0.27426232098660774,0.27426232098660774,6.012416247512164,2890972.395063295,217458.42524278062,0.9300423789964326,48.952789699570815,16.811158798283262,48.952789699570815,16.811158798283262,47.421262617542844,16.980988965384757,16851.739818572998,27.16545867919922,48.378780364990234,36.16253179951287,5.6883993883538695,164.25390725299633,276.79263266622047,209,209,466,44.84978540772532,100.0,44.84978540772532,44.84978540772532
46,46,2024-05-30,4,Type 4,Type 4,Mixed,Mixed Multi-Day,40,11,3.5,8.695652173913043,9,3.647058823529412,11.090909090909092,11,11,3.647058823529412,11.090909090909092,11,1,0,474,0,1.25,474,209,209,474,44.09282700421941,100.0,44.09282700421941,44.09282700421941,48.05409619623513,17.44396080193658,4042.349880798227,1193.6107641254805,3789540.114453269,6.3622075966762,0.29527646030723664,0.9554118546409338,0.9938412280898264,0.11081341682714074,-0.11081341682714074,0.9938412280898264,48.05409619623513,17.44396080193658,48.05409619623513,17.44396080193658,48.05409619623513,17.44396080193658,3789540.114453269,4042.349880798227,1193.6107641254805,0.29527646030723664,0.29527646030723664,0.29527646030723664,6.3622075966762,2614494.8094063103,227953.06499779416,0.919803959449711,49.40084388185654,17.22573839662447,49.40084388185654,17.22573839662447,48.05409619623513,17.44396080193658,17203.33542060852,27.58204460144043,47.06989288330078,36.29395658356228,5.706521382806862,145.17503706907237,279.77642269503184,204,204,474,43.037974683544306,100.0,43.037974683544306,43.037974683544306
46,46,2024-05-31,4,Type 4,Type 4,Mixed,Mixed Multi-Day,40,12,3.36,7.12,7,3.647058823529412,11.090909090909092,11,11,3.647058823529412,11.090909090909092,11,1,13,488,0,1.25,488,210,210,488,43.032786885245905,100.0,43.032786885245905,43.032786885245905,47.84838395855457,17.41898651975016,4027.467083013685,1210.4842722589256,3828961.7858536197,5.509494131898151,0.30055721060124485,0.9537637879242423,0.9953803026902955,0.09601069219714828,-0.09601069219714828,0.9953803026902955,47.84838395855457,17.41898651975016,47.84838395855457,17.41898651975016,47.84838395855457,17.41898651975016,3828961.7858536197,4027.467083013685,1210.4842722589256,0.30055721060124485,0.30055721060124485,0.30055721060124485,5.509494131898151,2595278.576761402,234443.54774179528,0.917149621967579,49.27663934426229,17.2172131147541,49.27663934426229,17.2172131147541,47.84838395855457,17.41898651975016,17857.261074066162,28.745155334472656,47.66302490234375,36.5927481025946,5.8200347938351245,153.46300888689606,278.5791003434563,208,208,488,42.622950819672134,100.0,42.622950819672134,42.622950819672134
46,46,2024-06-01,4,Type 4,Type 4,Mixed,Mixed Multi-Day,40,13,2.1739130434782608,8.130434782608695,8,3.647058823529412,11.090909090909092,11,11,3.647058823529412,11.090909090909092,11,1,0,542,0,1.25,542,239,239,542,44.095940959409596,100.0,44.095940959409596,44.095940959409596,44.51755361639547,18.414877817619793,4374.222795535669,1465.040122631231,5033154.93717317,178.03394582919773,0.3349258122211906,0.9422445013413322,-0.9994113283987403,0.03430738503974675,-0.03430738503974675,-0.9994113283987403,44.51755361639547,18.414877817619793,44.51755361639547,18.414877817619793,44.51755361639547,18.414877817619793,5033154.93717317,4374.222795535669,1465.040122631231,0.3349258122211906,0.3349258122211906,0.3349258122211906,178.03394582919773,3061412.010397421,343414.80974709324,0.8991388320500491,46.193726937269375,18.16420664206642,46.193726937269375,18.16420664206642,44.51755361639547,18.414877817619793,20175.33988571167,27.958311080932617,48.544960021972656,37.22387432788131,5.895223044530755,179.38102527225294,279.1601228727615,230,230,542,42.435424354243544,100.0,42.435424354243544,42.435424354243544
46,46,2024-06-02,4,Type 4,Type 4,Mixed,Mixed Multi-Day,40,14,2.8529411764705883,7.588235294117647,8,3.647058823529412,11.090909090909092,11,11,3.647058823529412,11.090909090909092,11,1,2,494,0,1.25,494,210,210,494,42.51012145748988,100.0,42.51012145748988,42.51012145748988,44.14898143330291,18.610650569986984,4342.732492857478,1493.6799405795914,5094604.890891651,176.06026609131578,0.34394933213967405,0.9389882091489073,-0.9976368711777526,0.06870715586213944,-0.06870715586213944,-0.9976368711777526,44.14898143330291,18.610650569986984,44.14898143330291,18.610650569986984,44.14898143330291,18.610650569986984,5094604.890891651,4342.732492857478,1493.6799405795914,0.34394933213967405,0.34394933213967405,0.34394933213967405,176.06026609131578,3017492.080723221,356972.76238237636,0.8942135185934116,45.83198380566802,18.31578947368421,45.83198380566802,18.31578947368421,44.14898143330291,18.610650569986984,18292.518241882324,26.583988189697266,49.19770812988281,37.029389153607944,5.896692414408616,180.73741514713393,280.66905665798186,194,194,494,39.27125506072875,100.0,39.27125506072875,39.27125506072875
46,46,2024-06-03,4,Type 4,Type 4,Mixed,Mixed Multi-Day,40,15,3.647058823529412,6.882352941176471,7,3.647058823529412,11.090909090909092,11,11,3.647058823529412,11.090909090909092,11,2,1,525,0,1.25,514,214,214,514,41.63424124513619,100.0,41.63424124513619,41.63424124513619,41.5879898820821,18.84755751137818,4199.037721578861,1571.9136534511142,5184039.997186073,172.17716357011054,0.37435092458756625,0.9272871104789683,-0.9906936695017686,0.1361104448935513,-0.1361104448935513,-0.9906936695017686,41.5879898820821,18.84755751137818,41.5879898820821,18.84755751137818,41.5879898820821,18.84755751137818,5184039.997186073,4199.037721578861,1571.9136534511142,0.37435092458756625,0.37435092458756625,0.37435092458756625,172.17716357011054,2821106.8459587507,395346.00542496477,0.8770863358824342,43.463035019455255,18.556420233463037,43.463035019455255,18.556420233463037,41.5879898820821,18.84755751137818,19132.221563339233,26.34359359741211,47.03460693359375,37.222220940348706,5.755405168296808,200.38310598392363,279.5542372847407,210,210,514,40.856031128404666,100.0,40.856031128404666,40.856031128404666
46,46,2024-06-03,4,Type 4,Type 4,Mixed,Mixed Multi-Day,40,15,3.647058823529412,6.882352941176471,7,3.647058823529412,11.090909090909092,11,11,3.647058823529412,11.090909090909092,11,2,1,525,1,1.25,11,8,8,11,72.72727272727273,100.0,72.72727272727273,72.72727272727273,29.70766361763564,39.54096709283509,391.76101770454073,194.92036309970985,59974.7314910522,46.444973104254274,0.49754915443556297,0.8674357837445124,0.6890509080425246,0.7247129404983551,-0.7247129404983551,0.6890509080425246,29.70766361763564,39.54096709283509,29.70766361763564,39.54096709283509,29.70766361763564,39.54096709283509,59974.7314910522,391.76101770454073,194.92036309970985,0.49754915443556297,0.49754915443556297,0.49754915443556297,46.444973104254274,24556.2711988636,6079.031672147636,0.8015677632519853,29.772727272727273,39.59090909090909,29.772727272727273,39.59090909090909,29.70766361763564,39.54096709283509,362.4359245300293,29.235958099365234,36.64869689941406,32.948720411820844,1.9990211860589948,7.874359718570754,225.25832823869445,7,7,11,63.63636363636363,100.0,63.63636363636363,63.63636363636363
46,46,2024-06-04,4,Type 4,Type 4,Mixed,Mixed Multi-Day,40,16,3.5,6.789473684210527,7,3.647058823529412,11.090909090909092,11,11,3.647058823529412,11.090909090909092,11,1,9,596,0,1.25,596,255,255,596,42.785234899328856,100.0,42.785234899328856,42.785234899328856,40.44570902121074,19.76271421827776,4053.992667432479,1846.4808903855294,5879192.192176343,168.92315619380355,0.4554721830700705,0.8902500156974917,-0.9813703919525467,0.19212535959343038,-0.19212535959343038,-0.9813703919525467,40.44570902121074,19.76271421827776,40.44570902121074,19.76271421827776,40.44570902121074,19.76271421827776,5879192.192176343,4053.992667432479,1846.4808903855294,0.4554721830700705,0.4554721830700705,0.4554721830700705,168.92315619380355,2629577.047615409,545518.66856943,0.8281882760923758,42.258389261744966,19.511744966442954,42.258389261744966,19.511744966442954,40.44570902121074,19.76271421827776,22209.88923072815,26.189992904663086,45.65195846557617,37.26491481665797,5.643454417767064,192.14053954567433,278.61760177773414,261,261,596,43.79194630872483,100.0,43.79194630872483,43.79194630872483
46,46,2024-06-05,4,Type 4,Type 4,Mixed,Mixed Multi-Day,40,17,2.9375,6.5625,7,3.647058823529412,11.090909090909092,11,11,3.647058823529412,11.090909090909092,11,1,9,641,0,1.25,641,270,270,641,42.1216848673947,100.0,42.1216848673947,42.1216848673947,40.52533177676513,20.948414643711935,3945.3647346037455,1793.2655331745977,5556760.017094095,165.735341483413,0.45452465204201337,0.8907341582571574,-0.9691679022821678,0.24640125240343744,-0.24640125240343744,-0.9691679022821678,40.52533177676513,20.948414643711935,40.52533177676513,20.948414643711935,40.52533177676513,20.948414643711935,5556760.017094095,3945.3647346037455,1793.2655331745977,0.45452465204201337,0.45452465204201337,0.45452465204201337,165.735341483413,2490544.4622487817,514528.2035955159,0.8287801125597889,42.197347893915754,20.626365054602186,42.197347893915754,20.626365054602186,40.52533177676513,20.948414643711935,24033.68166732788,26.658626556396484,46.199703216552734,37.494043162758004,5.6470080987466105,177.69798792398535,281.87092945250924,277,277,641,43.21372854914197,100.0,43.21372854914197,43.21372854914197
46,46,2024-06-06,4,Type 4,Type 4,Mixed,Mixed Multi-Day,40,18,2.921875,6.53125,7,3.647058823529412,11.090909090909092,11,11,3.647058823529412,11.090909090909092,11,1,9,681,0,1.25,681,292,292,681,42.87812041116006,100.0,42.87812041116006,42.87812041116006,40.843571750678066,20.93067780814462,3865.3133506024,1734.4488505056668,5265457.176160068,166.58968640495894,0.4487214083782773,0.8936716945629504,-0.9727341463921457,0.23192300541934963,-0.23192300541934963,-0.9727341463921457,40.843571750678066,20.93067780814462,40.843571750678066,20.93067780814462,40.843571750678066,20.93067780814462,5265457.176160068,3865.3133506024,1734.4488505056668,0.4487214083782773,0.4487214083782773,0.4487214083782773,166.58968640495894,2390503.5677352245,481330.05040326866,0.8323962616207328,42.3942731277533,20.56461086637298,42.3942731277533,20.56461086637298,40.843571750678066,20.93067780814462,25625.79651260376,26.096538543701172,47.220001220703125,37.629657140387316,5.5913325282954895,166.50332797489244,284.361664576137,297,297,681,43.61233480176212,100.0,43.61233480176212,43.61233480176212
46,46,2024-06-07,4,Type 4,Type 4,Mixed,Mixed Multi-Day,40,19,2.975,8.225,8,3.647058823529412,11.090909090909092,11,11,3.647058823529412,11.090909090909092,11,1,5,649,0,1.25,649,292,292,649,44.99229583975347,100.0,44.99229583975347,44.99229583975347,42.344080110724754,20.206161348257446,3615.6634794801125,1657.1138850497052,4705765.05441471,169.94236822964436,0.45831529799559156,0.8887896756956688,-0.9846325883698241,0.1746386724644359,-0.1746386724644359,-0.9846325883698241,42.344080110724754,20.206161348257446,42.344080110724754,20.206161348257446,42.344080110724754,20.206161348257446,4705765.05441471,3615.6634794801125,1657.1138850497052,0.45831529799559156,0.45831529799559156,0.45831529799559156,169.94236822964436,2091683.5834953971,439364.22848392447,0.8264101427067336,43.82049306625578,19.826656394453003,43.82049306625578,19.826656394453003,42.344080110724754,20.206161348257446,24702.563648223877,27.201717376708984,47.61750411987305,38.06250176922015,5.843177711550017,160.09629615516286,285.4656428717759,293,293,649,45.14637904468413,100.0,45.14637904468413,45.14637904468413
46,46,2024-06-08,4,Type 4,Type 4,Mixed,Mixed Multi-Day,40,20,2.9456521739130435,7.673913043478261,8,3.647058823529412,11.090909090909092,11,11,3.647058823529412,11.090909090909092,11,1,2,597,0,1.25,597,260,260,597,43.551088777219434,100.0,43.551088777219434,43.551088777219434,43.567538534985864,20.15647796002297,3497.705802092908,1535.3014259083604,4217613.824174907,169.1748059902466,0.4389452723524341,0.8985137994930559,-0.9822047607516429,0.18781322625632077,-0.18781322625632077,-0.9822047607516429,43.567538534985864,20.15647796002297,43.567538534985864,20.15647796002297,43.567538534985864,20.15647796002297,4217613.824174907,3497.705802092908,1535.3014259083604,0.4389452723524341,0.4389452723524341,0.4389452723524341,169.1748059902466,1957431.340479103,377144.0749433992,0.838452819963777,44.99916247906198,19.729480737018424,44.99916247906198,19.729480737018424,43.567538534985864,20.15647796002297,22683.666204452515,27.580181121826172,47.428524017333984,37.99609079472783,5.891105526952729,157.14625262793513,287.74902723642566,267,267,597,44.72361809045226,100.0,44.72361809045226,44.72361809045226
46,46,2024-06-09,4,Type 4,Type 4,Mixed,Mixed Multi-Day,40,21,2.75,8.25,8,3.647058823529412,11.090909090909092,11,11,3.647058823529412,11.090909090909092,11,1,16,468,0,1.25,468,211,211,468,45.085470085470085,100.0,45.085470085470085,45.085470085470085,45.88060293316816,18.769806770384985,3466.7586622036747,1282.6377229227694,3492347.88912923,173.78524790221263,0.36998183257078815,0.929038989261248,-0.9941231241370734,0.10825531883443451,-0.10825531883443451,-0.9941231241370734,45.88060293316816,18.769806770384985,45.88060293316816,18.769806770384985,45.88060293316816,18.769806770384985,3492347.88912923,3466.7586622036747,1282.6377229227694,0.36998183257078815,0.36998183257078815,0.36998183257078815,173.78524790221263,1922946.499514274,263225.52452232107,0.8795952369583909,47.39529914529915,18.346153846153847,47.39529914529915,18.346153846153847,45.88060293316816,18.769806770384985,17498.657194137573,26.10603141784668,47.78953552246094,37.39029314986661,6.181960615282841,166.63496695388093,286.58441469789244,212,212,468,45.2991452991453,100.0,45.2991452991453,45.2991452991453
46,46,2024-06-10,4,Type 4,Type 4,Mixed,Mixed Multi-Day,40,22,2.828125,8.53125,9,3.647058823529412,11.090909090909092,11,11,3.647058823529412,11.090909090909092,11,4,5,410,0,1.25,50,26,26,50,52.0,100.0,52.0,52.0,26.349612512569987,19.106781617446455,1014.1334225618605,400.49441057171884,318993.20830038586,172.63359949621577,0.3949129391278783,0.9187185480381795,-0.9917465204157966,0.12821403684136912,-0.12821403684136912,-0.9917465204157966,26.349612512569987,19.106781617446455,26.349612512569987,19.106781617446455,26.349612512569987,19.106781617446455,318993.20830038586,1014.1334225618605,400.49441057171884,0.3949129391278783,0.3949129391278783,0.3949129391278783,172.63359949621577,164554.65580112528,25663.32366387016,0.8650846584741858,26.28,19.1,26.28,19.1,26.349612512569987,19.106781617446455,2052.4199752807617,37.500205993652344,44.150245666503906,41.04839950561524,1.6663156146879434,7.3634669374952395,84.13733999073023,25,25,50,50.0,100.0,50.0,50.0
46,46,2024-06-10,4,Type 4,Type 4,Mixed,Mixed Multi-Day,40,22,2.828125,8.53125,9,3.647058823529412,11.090909090909092,11,11,3.647058823529412,11.090909090909092,11,4,5,410,1,1.25,19,11,11,19,57.89473684210526,100.0,57.89473684210526,57.89473684210526,25.63737028887378,42.384990612139994,640.3235830446474,416.21265949714433,209317.07826683015,88.2286298343612,0.6500036395943944,0.75993109458295,0.03091131686793273,0.9995221310653858,-0.9995221310653858,0.03091131686793273,25.63737028887378,42.384990612139994,25.63737028887378,42.384990612139994,25.63737028887378,42.384990612139994,209317.07826683015,640.3235830446474,416.21265949714433,0.6500036395943944,0.6500036395943944,0.6500036395943944,88.2286298343612,65602.28656050166,27717.276468109732,0.7029853594619626,25.605263157894736,42.3421052631579,25.605263157894736,42.3421052631579,25.63737028887378,42.384990612139994,646.8665771484375,29.309642791748047,37.08906555175781,34.04560932360197,1.9411884602074645,5.448719677565461,29.029029586882682,11,11,19,57.89473684210526,100.0,57.89473684210526,57.89473684210526
46,46,2024-06-10,4,Type 4,Type 4,Mixed,Mixed Multi-Day,40,22,2.828125,8.53125,9,3.647058823529412,11.090909090909092,11,11,3.647058823529412,11.090909090909092,11,4,5,410,2,1.25,326,141,141,326,43.25153374233129,100.0,43.25153374233129,43.25153374233129,51.947791488364324,17.98868154082121,2589.101077509841,1306.119958851316,2655962.5852042236,172.73849477499522,0.504468508470717,0.8634300921101431,-0.9919795884148831,0.12639816520914865,-0.12639816520914865,-0.9919795884148831,51.947791488364324,17.98868154082121,51.947791488364324,17.98868154082121,51.947791488364324,17.98868154082121,2655962.5852042236,2589.101077509841,1306.119958851316,0.504468508470717,0.504468508470717,0.504468508470717,172.73849477499522,1072551.1023300197,272951.8955055621,0.7971376533945737,53.190184049079754,17.55521472392638,53.190184049079754,17.55521472392638,51.947791488364324,17.98868154082121,11538.39596748352,26.78339385986328,47.710609436035156,35.393852660992394,6.076925121563623,140.20640134631358,290.1982108441068,143,143,326,43.86503067484663,100.0,43.86503067484663,43.86503067484663
46,46,2024-06-10,4,Type 4,Type 4,Mixed,Mixed Multi-Day,40,22,2.828125,8.53125,9,3.647058823529412,11.090909090909092,11,11,3.647058823529412,11.090909090909092,11,4,5,410,3,1.25,15,8,8,15,53.333333333333336,100.0,53.333333333333336,53.333333333333336,60.307935601851085,37.89509824164134,493.35680823316477,322.19027066974485,124842.77938011091,116.96755309522695,0.6530573112461739,0.757308489473027,-0.45348584523361957,0.8912634785363696,-0.8912634785363696,-0.45348584523361957,60.307935601851085,37.89509824164134,60.307935601851085,37.89509824164134,60.307935601851085,37.89509824164134,124842.77938011091,493.35680823316477,322.19027066974485,0.6530573112461739,0.6530573112461739,0.6530573112461739,116.96755309522695,38944.15043680252,16609.05128227895,0.7010244096052873,60.3,37.833333333333336,60.3,37.833333333333336,60.307935601851085,37.89509824164134,617.5594253540039,34.57894515991211,44.08561706542969,41.17062835693359,2.5333940889708857,6.89099966950682,5.813508657452754,8,8,15,53.333333333333336,100.0,53.333333333333336,53.333333333333336
46,46,2024-06-11,4,Type 4,Type 4,Mixed,Mixed Multi-Day,40,23,2.8076923076923075,8.884615384615385,9,3.647058823529412,11.090909090909092,11,11,3.647058823529412,11.090909090909092,11,5,6,394,0,1.25,31,15,15,31,48.38709677419355,100.0,48.38709677419355,48.38709677419355,24.45312648682275,19.064681212776907,765.3941913995499,367.8261885104532,221114.7378312823,150.6234616898748,0.4805709171085689,0.8769558675494616,-0.8714147551765856,0.4905469645819158,-0.4905469645819158,-0.8714147551765856,24.45312648682275,19.064681212776907,24.45312648682275,19.064681212776907,24.45312648682275,19.064681212776907,221114.7378312823,765.3941913995499,367.8261885104532,0.4805709171085689,0.4805709171085689,0.4805709171085689,150.6234616898748,93732.52291650733,21647.37679266039,0.8123817333242113,24.467741935483872,19.048387096774192,24.467741935483872,19.048387096774192,24.45312648682275,19.064681212776907,1246.434799194336,37.950103759765625,42.33494567871094,40.20757416755922,1.1998183948040122,2.370590557159857,319.5407046949406,15,15,31,48.38709677419355,100.0,48.38709677419355,48.38709677419355
46,46,2024-06-11,4,Type 4,Type 4,Mixed,Mixed Multi-Day,40,23,2.8076923076923075,8.884615384615385,9,3.647058823529412,11.090909090909092,11,11,3.647058823529412,11.090909090909092,11,5,6,394,1,1.25,19,10,10,19,52.63157894736842,100.0,52.63157894736842,52.63157894736842,21.98037637010488,31.07299250311875,649.3324547668578,238.85649533639625,121813.1145039572,61.43681457824421,0.36784930983028935,0.9298854151224116,0.4781276238443585,0.878290370729947,-0.878290370729947,0.4781276238443585,21.98037637010488,31.07299250311875,21.98037637010488,31.07299250311875,21.98037637010488,31.07299250311875,121813.1145039572,649.3324547668578,238.85649533639625,0.36784930983028935,0.36784930983028935,0.36784930983028935,61.43681457824421,67461.22189016856,9128.388058301742,0.8808142767087683,22.07894736842105,31.236842105263158,22.07894736842105,31.236842105263158,21.98037637010488,31.07299250311875,722.4225997924805,28.96872901916504,41.0256233215332,38.022242094341074,3.61402709817494,20.4536504856083,207.3811277399915,11,11,19,57.89473684210526,100.0,57.89473684210526,57.89473684210526
46,46,2024-06-11,4,Type 4,Type 4,Mixed,Mixed Multi-Day,40,23,2.8076923076923075,8.884615384615385,9,3.647058823529412,11.090909090909092,11,11,3.647058823529412,11.090909090909092,11,5,6,394,2,1.25,48,22,22,48,45.833333333333336,100.0,45.833333333333336,45.833333333333336,27.714400993279142,40.761573558860945,713.9711218780702,613.8936602341836,344241.8570202381,167.73691313907787,0.8598298186337885,0.5105807311172117,-0.9771826177217443,0.21240087481571074,-0.21240087481571074,-0.9771826177217443,27.714400993279142,40.761573558860945,27.714400993279142,40.761573558860945,27.714400993279142,40.761573558860945,344241.8570202381,713.9711218780702,613.8936602341836,0.8598298186337885,0.8598298186337885,0.8598298186337885,167.73691313907787,81560.76206013282,60298.4681721157,0.5749415242603777,27.75,40.770833333333336,27.75,40.770833333333336,27.714400993279142,40.761573558860945,1603.6336269378662,27.722286224365234,38.663570404052734,33.40903389453888,2.5088909401006463,3.1767187461253714,251.1250098335875,22,22,48,45.833333333333336,100.0,45.833333333333336,45.833333333333336
46,46,2024-06-11,4,Type 4,Type 4,Mixed,Mixed Multi-Day,40,23,2.8076923076923075,8.884615384615385,9,3.647058823529412,11.090909090909092,11,11,3.647058823529412,11.090909090909092,11,5,6,394,3,1.25,278,110,110,278,39.568345323741006,100.0,39.568345323741006,39.568345323741006,54.412848639262805,17.542615718322455,2603.6991941733413,1184.2442266362739,2421709.0580851045,173.849343923707,0.45483142956237854,0.8905775489435174,-0.9942436058352597,0.10714313909766104,-0.10714313909766104,-0.9942436058352597,54.412848639262805,17.542615718322455,54.412848639262805,17.542615718322455,54.412848639262805,17.542615718322455,2421709.0580851045,2603.6991941733413,1184.2442266362739,0.45483142956237854,0.45483142956237854,0.45483142956237854,173.849343923707,1084679.9189982251,224389.50213141547,0.8285885389196684,55.611510791366904,17.20863309352518,55.611510791366904,17.20863309352518,54.412848639262805,17.542615718322455,9411.187511444092,28.386333465576172,46.90015411376953,33.853192487208965,5.288527199634023,132.6375367057777,286.359589985511,105,105,278,37.76978417266187,100.0,37.76978417266187,37.76978417266187
46,46,2024-06-11,4,Type 4,Type 4,Mixed,Mixed Multi-Day,40,23,2.8076923076923075,8.884615384615385,9,3.647058823529412,11.090909090909092,11,11,3.647058823529412,11.090909090909092,11,5,6,394,4,1.25,18,10,10,18,55.55555555555556,100.0,55.55555555555556,55.55555555555556,60.287954493767074,37.28579887631611,582.4978586052963,323.37318805696043,147940.88854091277,100.9149460307827,0.5551491448075517,0.8317508202697752,-0.18935158779644579,0.9819093523329763,-0.9819093523329763,-0.18935158779644579,60.287954493767074,37.28579887631611,60.287954493767074,37.28579887631611,60.287954493767074,37.28579887631611,147940.88854091277,582.4978586052963,323.37318805696043,0.5551491448075517,0.5551491448075517,0.5551491448075517,100.9149460307827,54288.600844760935,16731.23500065957,0.7644146202044703,60.27777777777778,37.22222222222222,60.27777777777778,37.22222222222222,60.287954493767074,37.28579887631611,737.1423377990723,35.38528823852539,44.264434814453125,40.952352099948456,2.2240544273856444,7.11341538752784,7.288483007288352,10,10,18,55.55555555555556,100.0,55.55555555555556,55.55555555555556
46,46,2024-06-12,4,Type 4,Type 4,Mixed,Mixed Multi-Day,40,24,3.0681818181818183,8.045454545454545,8,3.647058823529412,11.090909090909092,11,11,3.647058823529412,11.090909090909092,11,5,8,408,0,1.25,27,11,11,27,40.74074074074074,100.0,40.74074074074074,40.74074074074074,23.668561545507966,18.594597499338292,736.5189661732046,330.8653787362389,191392.59984263868,151.00977692722716,0.44922859278878424,0.8934168519907204,-0.8747024221110047,0.4846603684572753,-0.4846603684572753,-0.8747024221110047,23.668561545507966,18.594597499338292,23.668561545507966,18.594597499338292,23.668561545507966,18.594597499338292,191392.59984263868,736.5189661732046,330.8653787362389,0.44922859278878424,0.44922859278878424,0.44922859278878424,151.00977692722716,86793.63000525539,17515.503815403972,0.832080823856531,23.72222222222222,18.574074074074073,23.72222222222222,18.574074074074073,23.668561545507966,18.594597499338292,1091.0567359924316,37.926673889160156,43.55857849121094,40.40950874046043,1.449485060201006,6.102502213904649,291.8632291722296,10,10,27,37.03703703703704,100.0,37.03703703703704,37.03703703703704
46,46,2024-06-12,4,Type 4,Type 4,Mixed,Mixed Multi-Day,40,24,3.0681818181818183,8.045454545454545,8,3.647058823529412,11.090909090909092,11,11,3.647058823529412,11.090909090909092,11,5,8,408,1,1.25,102,51,51,102,50.0,100.0,50.0,50.0,27.01131569677171,36.17126684833256,1455.7929492553576,696.6465222448243,796529.6863429038,52.11985122041346,0.47853406804941667,0.8780689868774982,0.6140117699372657,0.7892968683445452,-0.7892968683445452,0.6140117699372657,27.01131569677171,36.17126684833256,27.01131569677171,36.17126684833256,27.01131569677171,36.17126684833256,796529.6863429038,1455.7929492553576,696.6465222448243,0.47853406804941667,0.47853406804941667,0.47853406804941667,52.11985122041346,339093.29777625785,77650.62031292933,0.8136730569003496,27.225490196078432,36.529411764705884,27.225490196078432,36.529411764705884,27.01131569677171,36.17126684833256,3565.0730590820312,25.99135971069336,43.32481002807617,34.95169665766697,4.72761417740614,44.147505861124785,205.87882506518292,50,50,102,49.01960784313726,100.0,49.01960784313726,49.01960784313726
46,46,2024-06-12,4,Type 4,Type 4,Mixed,Mixed Multi-Day,40,24,3.0681818181818183,8.045454545454545,8,3.647058823529412,11.090909090909092,11,11,3.647058823529412,11.090909090909092,11,5,8,408,2,1.25,13,7,7,13,53.84615384615385,100.0,53.84615384615385,53.84615384615385,34.99204313727396,18.57819570201713,520.8456826064154,297.19934311467046,121575.70456778153,24.794436142065308,0.5706092092909858,0.8212217302728393,0.9078182062545723,0.41936392833996905,-0.41936392833996905,0.9078182062545723,34.99204313727396,18.57819570201713,34.99204313727396,18.57819570201713,34.99204313727396,18.57819570201713,121575.70456778153,520.8456826064154,297.19934311467046,0.5706092092909858,0.5706092092909858,0.5706092092909858,24.794436142065308,43404.83601435885,14132.391927646655,0.7543782967456938,35.03846153846154,18.576923076923077,35.03846153846154,18.576923076923077,34.99204313727396,18.57819570201713,547.8598098754883,38.280616760253906,43.764915466308594,42.14306229811449,1.4617611237882033,4.901712362283728,271.65416039706304,7,7,13,53.84615384615385,100.0,53.84615384615385,53.84615384615385
46,46,2024-06-12,4,Type 4,Type 4,Mixed,Mixed Multi-Day,40,24,3.0681818181818183,8.045454545454545,8,3.647058823529412,11.090909090909092,11,11,3.647058823529412,11.090909090909092,11,5,8,408,3,1.25,254,109,105,258,41.338582677165356,96.3302752293578,40.69767441860465,40.69767441860465,56.42900631770629,17.771820851881948,2540.294779509158,1155.5747786628745,2305536.7622754313,171.80255572920115,0.4548979071185421,0.8905435947213197,-0.9897825920135501,0.1425847837145966,-0.1425847837145966,-0.9897825920135501,56.42900631770629,17.771820851881948,56.42900631770629,17.771820851881948,56.42900631770629,17.771820851881948,2305536.7622754313,2540.294779509158,1155.5747786628745,0.4548979071185421,0.4548979071185421,0.4548979071185421,171.80255572920115,1032495.6106882371,213656.49105308022,0.8285470202597851,57.52755905511811,17.4251968503937,57.52755905511811,17.4251968503937,56.42900631770629,17.771820851881948,8379.380535125732,29.55912971496582,44.66246795654297,32.9896871461643,4.823609783330943,122.7509604979094,288.3770146389105,99,95,258,37.40157480314961,95.95959595959596,36.82170542635659,36.82170542635659
46,46,2024-06-12,4,Type 4,Type 4,Mixed,Mixed Multi-Day,40,24,3.0681818181818183,8.045454545454545,8,3.647058823529412,11.090909090909092,11,11,3.647058823529412,11.090909090909092,11,5,8,408,4,1.25,12,7,7,12,58.333333333333336,100.0,58.333333333333336,58.333333333333336,60.42158738871407,36.11878334019891,399.15486469561154,338.31776562931145,106061.09629745939,93.01307224037532,0.8475852245651737,0.5306592947445696,-0.052563795837350887,0.9986175681246396,-0.9986175681246396,-0.052563795837350887,60.42158738871407,36.11878334019891,60.42158738871407,36.11878334019891,60.42158738871407,36.11878334019891,106061.09629745939,399.15486469561154,338.31776562931145,0.8475852245651737,0.8475852245651737,0.8475852245651737,93.01307224037532,25491.936961627514,18313.425686465558,0.5819364438645328,60.416666666666664,36.083333333333336,60.416666666666664,36.083333333333336,60.42158738871407,36.11878334019891,475.7924003601074,34.78483581542969,41.988285064697266,39.64936669667562,1.9642625948731642,3.958442235540813,6.425647607400025,7,7,12,58.333333333333336,100.0,58.333333333333336,58.333333333333336
46,46,2024-06-13,4,Type 4,Type 4,Mixed,Mixed Multi-Day,40,25,3.2666666666666666,6.733333333333333,7,3.647058823529412,11.090909090909092,11,11,3.647058823529412,11.090909090909092,11,2,6,533,0,1.25,28,13,13,28,46.42857142857143,100.0,46.42857142857143,46.42857142857143,23.865018485283528,18.2737569420645,663.7023222538204,291.52640734142886,151964.14088054837,154.53494739454095,0.4392427110266161,0.8983684326655678,-0.9028477054316172,0.4299604874832847,-0.4299604874832847,-0.9028477054316172,23.865018485283528,18.2737569420645,23.865018485283528,18.2737569420645,23.865018485283528,18.2737569420645,151964.14088054837,663.7023222538204,291.52640734142886,0.4392427110266161,0.4392427110266161,0.4392427110266161,154.53494739454095,70480.12361041826,13598.023388384112,0.8382692307838586,23.928571428571427,18.25,23.928571428571427,18.25,23.865018485283528,18.2737569420645,1129.7666091918945,38.0787353515625,43.697662353515625,40.34880747113909,1.5739152610697948,7.216668464449787,291.37844357611715,12,12,28,42.857142857142854,100.0,42.857142857142854,42.857142857142854
46,46,2024-06-13,4,Type 4,Type 4,Mixed,Mixed Multi-Day,40,25,3.2666666666666666,6.733333333333333,7,3.647058823529412,11.090909090909092,11,11,3.647058823529412,11.090909090909092,11,2,6,533,1,1.25,505,203,203,505,40.198019801980195,100.0,40.198019801980195,40.198019801980195,44.30006902824804,24.214181801521967,4365.894622538084,1462.439611576325,5014655.146683988,151.5397016853985,0.33496905858120446,0.942229128075131,-0.8791475369509995,0.4765496912946132,-0.4765496912946132,-0.8791475369509995,44.30006902824804,24.214181801521967,44.30006902824804,24.214181801521967,44.30006902824804,24.214181801521967,5014655.146683988,4365.894622538084,1462.439611576325,0.33496905858120446,0.33496905858120446,0.33496905858120446,151.5397016853985,3049765.736817113,342196.738801202,0.8991154114289477,45.44653465346535,23.941584158415843,45.44653465346535,23.941584158415843,44.30006902824804,24.214181801521967,17967.4977684021,27.064266204833984,47.10887145996094,35.57920350178634,5.8009985998057,120.43028585787631,284.75269814514104,194,194,505,38.415841584158414,100.0,38.415841584158414,38.415841584158414
46,46,2024-06-14,4,Type 4,Type 4,Mixed,Mixed Multi-Day,40,26,3.595238095238096,7.190476190476191,7,3.647058823529412,11.090909090909092,11,11,3.647058823529412,11.090909090909092,11,1,4,605,0,1.25,605,255,255,605,42.14876033057851,100.0,42.14876033057851,42.14876033057851,41.81972477648077,23.43559797504291,4202.1579691622455,1660.8392844362459,5481379.417918696,156.6080332209043,0.3952348523364427,0.9185801061957473,-0.9178102992417383,0.3970192118850053,-0.3970192118850053,-0.9178102992417383,41.81972477648077,23.43559797504291,41.81972477648077,23.43559797504291,41.81972477648077,23.43559797504291,5481379.417918696,4202.1579691622455,1660.8392844362459,0.3952348523364427,0.3952348523364427,0.3952348523364427,156.6080332209043,2825301.0556470035,441341.94059627224,0.8648943453252079,43.103305785123965,23.235537190082646,43.103305785123965,23.235537190082646,41.81972477648077,23.43559797504291,22263.453399658203,26.251436233520508,48.13628387451172,36.799096528360664,5.907731077419007,133.12464484271862,279.83434740526525,260,260,605,42.97520661157025,100.0,42.97520661157025,42.97520661157025
46,46,2024-06-15,4,Type 4,Type 4,Mixed,Mixed Multi-Day,40,27,3.425,8.55,9,3.647058823529412,11.090909090909092,11,11,3.647058823529412,11.090909090909092,11,1,10,603,0,1.25,603,249,249,603,41.29353233830846,100.0,41.29353233830846,41.29353233830846,41.2407515189274,21.70747567650579,4010.433544413472,1512.1538716928849,4762962.819076799,165.0894555471552,0.3770549629975325,0.9261908846878862,-0.9663287414149091,0.25731063622687234,-0.25731063622687234,-0.9663287414149091,41.2407515189274,21.70747567650579,41.2407515189274,21.70747567650579,41.2407515189274,21.70747567650579,4762962.819076799,4010.433544413472,1512.1538716928849,0.3770549629975325,0.3770549629975325,0.3770549629975325,165.0894555471552,2573372.354265089,365857.493068125,0.8755260690483018,42.75207296849088,21.408789386401327,42.75207296849088,21.408789386401327,41.2407515189274,21.70747567650579,22838.250467300415,26.084482192993164,46.52444076538086,37.87437888441197,5.767343393837432,159.99563070225244,282.2062346407157,263,263,603,43.61525704809287,100.0,43.61525704809287,43.61525704809287
46,46,2024-06-16,4,Type 4,Type 4,Mixed,Mixed Multi-Day,40,28,2.696428571428572,7.214285714285714,7,3.647058823529412,11.090909090909092,11,11,3.647058823529412,11.090909090909092,11,1,14,550,0,1.25,550,227,227,550,41.27272727272727,100.0,41.27272727272727,41.27272727272727,41.77129878877237,20.93284689754203,3834.2503065743094,1506.32116977335,4536155.3769555455,169.3430119942501,0.3928593725846669,0.9195985609886425,-0.9827518997524202,0.18492891481055393,-0.18492891481055393,-0.9827518997524202,41.77129878877237,20.93284689754203,41.77129878877237,20.93284689754203,41.77129878877237,20.93284689754203,4536155.3769555455,3834.2503065743094,1506.32116977335,0.3928593725846669,0.3928593725846669,0.3928593725846669,169.3430119942501,2352236.06615443,363040.5546411765,0.8662970277647802,43.38909090909091,20.545454545454547,43.38909090909091,20.545454545454547,41.77129878877237,20.93284689754203,21075.109483718872,27.034215927124023,47.46033477783203,38.318380879488856,5.6567831138658615,173.86494119943617,284.5667743806933,233,233,550,42.36363636363637,100.0,42.36363636363637,42.36363636363637
46,46,2024-06-17,4,Type 4,Type 4,Mixed,Mixed Multi-Day,40,29,2.7058823529411766,5.941176470588236,6,3.647058823529412,11.090909090909092,11,11,3.647058823529412,11.090909090909092,11,3,18,616,0,1.25,418,194,194,418,46.411483253588514,100.0,46.411483253588514,46.411483253588514,37.04347545204743,22.584929782043258,2173.9918902942472,1710.1349229729467,2919968.5708987936,19.808727626034397,0.7866335337347933,0.6174201839945888,0.940829159510584,0.3388812367402599,-0.3388812367402599,0.940829159510584,37.04347545204743,22.584929782043258,37.04347545204743,22.584929782043258,37.04347545204743,22.584929782043258,2919968.5708987936,2173.9918902942472,1710.1349229729467,0.7866335337347933,0.7866335337347933,0.7866335337347933,19.808727626034397,756198.5182504246,467929.8327634698,0.6177444690535081,37.08612440191388,22.339712918660286,37.08612440191388,22.339712918660286,37.04347545204743,22.584929782043258,17369.908306121826,27.619260787963867,49.318756103515625,41.55480456010006,3.8108207394187654,27.506980771296895,350.8255362266317,197,197,418,47.12918660287081,100.0,47.12918660287081,47.12918660287081
46,46,2024-06-17,4,Type 4,Type 4,Mixed,Mixed Multi-Day,40,29,2.7058823529411766,5.941176470588236,6,3.647058823529412,11.090909090909092,11,11,3.647058823529412,11.090909090909092,11,3,18,616,1,1.25,62,30,30,62,48.38709677419355,100.0,48.38709677419355,48.38709677419355,57.16444808392374,43.96766836447084,1108.2616413107644,341.5286133996284,297275.60945304396,177.02533410867986,0.30816605092972027,0.9513325838288001,-0.9986525781887817,0.05189439350160377,-0.05189439350160377,-0.9986525781887817,57.16444808392374,43.96766836447084,57.16444808392374,43.96766836447084,57.16444808392374,43.96766836447084,297275.60945304396,1108.2616413107644,341.5286133996284,0.30816605092972027,0.30816605092972027,0.30816605092972027,177.02533410867986,196519.0184961327,18662.687003307656,0.9132701037014682,56.903225806451616,44.0,56.903225806451616,44.0,57.16444808392374,43.96766836447084,2377.5742149353027,30.18299102783203,40.75218200683594,38.347971208633915,2.7878564527870333,21.26299423935368,99.6361802926499,29,29,62,46.774193548387096,100.0,46.774193548387096,46.774193548387096
46,46,2024-06-17,4,Type 4,Type 4,Mixed,Mixed Multi-Day,40,29,2.7058823529411766,5.941176470588236,6,3.647058823529412,11.090909090909092,11,11,3.647058823529412,11.090909090909092,11,3,18,616,2,1.25,136,55,55,136,40.44117647058823,100.0,40.44117647058823,40.44117647058823,64.4558961222751,17.41601186239115,1086.1766115580695,794.5298449240887,677798.4066783846,78.20525823746249,0.7314923157702438,0.6818496842919897,0.20440621683906504,0.9788861519694418,-0.9788861519694418,0.20440621683906504,64.4558961222751,17.41601186239115,64.4558961222751,17.41601186239115,64.4558961222751,17.41601186239115,677798.4066783846,1086.1766115580695,794.5298449240887,0.7314923157702438,0.7314923157702438,0.7314923157702438,78.20525823746249,188764.74103932313,101004.42791601543,0.651431419428949,64.44117647058823,17.345588235294116,64.44117647058823,17.345588235294116,64.4558961222751,17.41601186239115,4124.768625259399,29.261178970336914,42.230438232421875,30.32918106808382,1.1495606886494512,7.949443068401602,11.346108534365534,55,55,136,40.44117647058823,100.0,40.44117647058823,40.44117647058823
46,46,2024-06-18,4,Type 4,Type 4,Mixed,Mixed Multi-Day,40,30,3.3076923076923075,6.846153846153846,7,3.647058823529412,11.090909090909092,11,11,3.647058823529412,11.090909090909092,11,3,5,641,0,1.25,536,229,229,536,42.723880597014926,100.0,42.723880597014926,42.723880597014926,45.11593631479999,22.3966770362539,3459.22680409482,1786.6716043487877,4854155.158339811,171.9720599841589,0.5164944958896119,0.8562905089487653,-0.9902000838981014,0.13965598393263642,-0.13965598393263642,-0.9902000838981014,45.11593631479999,22.3966770362539,45.11593631479999,22.3966770362539,45.11593631479999,22.3966770362539,4854155.158339811,3459.22680409482,1786.6716043487877,0.5164944958896119,0.5164944958896119,0.5164944958896119,171.9720599841589,1914600.0131468906,510751.26748580334,0.7894114260625515,46.38805970149254,21.80223880597015,46.38805970149254,21.80223880597015,45.11593631479999,22.3966770362539,20720.756380081177,29.218690872192383,50.48937225341797,38.65812757477831,6.063032661871223,146.84777481069287,296.86888660329885,230,230,536,42.91044776119403,100.0,42.91044776119403,42.91044776119403
46,46,2024-06-18,4,Type 4,Type 4,Mixed,Mixed Multi-Day,40,30,3.3076923076923075,6.846153846153846,7,3.647058823529412,11.090909090909092,11,11,3.647058823529412,11.090909090909092,11,3,5,641,1,1.25,42,20,20,42,47.61904761904762,100.0,47.61904761904762,47.61904761904762,26.174068961465576,40.50382489238171,931.7456790179648,463.6170698789132,339270.9591567852,138.69809252375703,0.49757898568153625,0.867418672273161,-0.7512421604827012,0.6600266784860165,-0.6600266784860165,-0.7512421604827012,26.174068961465576,40.50382489238171,26.174068961465576,40.50382489238171,26.174068961465576,40.50382489238171,339270.9591567852,931.7456790179648,463.6170698789132,0.49757898568153625,0.49757898568153625,0.49757898568153625,138.69809252375703,138904.00165898373,34390.525997297445,0.801548690184211,26.071428571428573,40.5,26.071428571428573,40.5,26.174068961465576,40.50382489238171,1359.8701267242432,26.47780990600586,38.06440353393555,32.37786016010103,2.4509579378664865,8.710709833200069,87.17183083062234,20,20,42,47.61904761904762,100.0,47.61904761904762,47.61904761904762
46,46,2024-06-18,4,Type 4,Type 4,Mixed,Mixed Multi-Day,40,30,3.3076923076923075,6.846153846153846,7,3.647058823529412,11.090909090909092,11,11,3.647058823529412,11.090909090909092,11,3,5,641,2,1.25,63,32,32,63,50.79365079365079,100.0,50.79365079365079,50.79365079365079,57.12757849966192,43.91948574566002,1100.4564382139333,350.1961155786487,302673.26491669234,177.1719469656317,0.31822805830190354,0.9480141891920185,-0.9987820999051437,0.049338797199279985,-0.049338797199279985,-0.9987820999051437,57.12757849966192,43.91948574566002,57.12757849966192,43.91948574566002,57.12757849966192,43.91948574566002,302673.26491669234,1100.4564382139333,350.1961155786487,0.31822805830190354,0.31822805830190354,0.31822805830190354,177.1719469656317,193760.6995850394,19621.971098619884,0.9080432771988802,56.88095238095238,43.96031746031746,56.88095238095238,43.96031746031746,57.12757849966192,43.91948574566002,2458.0728492736816,30.374248504638672,41.899681091308594,39.017029353550505,2.818344058195266,20.313991973857025,102.81948382001467,30,30,63,47.61904761904762,100.0,47.61904761904762,47.61904761904762
46,46,2024-06-19,4,Type 4,Type 4,Mixed,Mixed Multi-Day,40,31,3.5526315789473686,7.578947368421052,8,3.647058823529412,11.090909090909092,11,11,3.647058823529412,11.090909090909092,11,2,5,720,0,1.25,658,312,312,658,47.41641337386018,100.0,47.41641337386018,47.41641337386018,44.2107557831971,24.34123374924911,3764.7228339761273,1966.2741276090003,5813891.9236959675,155.78910886591058,0.5222892133953755,0.8527684196608362,-0.9120421790030956,0.4100964078351399,-0.4100964078351399,-0.9120421790030956,44.2107557831971,24.34123374924911,44.2107557831971,24.34123374924911,44.2107557831971,24.34123374924911,5813891.9236959675,3764.7228339761273,1966.2741276090003,0.5222892133953755,0.5222892133953755,0.5222892133953755,155.78910886591058,2267702.082665799,618597.4311847256,0.7856780184397864,44.86322188449848,24.065349544072948,44.86322188449848,24.065349544072948,44.2107557831971,24.34123374924911,25294.61428451538,26.300779342651367,49.81108093261719,38.44166304637596,6.144041805616698,72.98910332382242,294.8831421852931,307,307,658,46.65653495440729,100.0,46.65653495440729,46.65653495440729
46,46,2024-06-19,4,Type 4,Type 4,Mixed,Mixed Multi-Day,40,31,3.5526315789473686,7.578947368421052,8,3.647058823529412,11.090909090909092,11,11,3.647058823529412,11.090909090909092,11,2,5,720,1,1.25,62,32,32,62,51.61290322580645,100.0,51.61290322580645,51.61290322580645,57.2266002250641,43.910802020130035,1069.699929514194,353.0208811304317,296587.0901699089,177.2505623218294,0.33001860745261213,0.9439744269497128,-0.9988488573118247,0.047968325454013,-0.047968325454013,-0.9988488573118247,57.2266002250641,43.910802020130035,57.2266002250641,43.910802020130035,57.2266002250641,43.910802020130035,296587.0901699089,1069.699929514194,353.0208811304317,0.33001860745261213,0.33001860745261213,0.33001860745261213,177.2505623218294,183081.27027242753,19939.798802257024,0.9017845837718358,57.064516129032256,43.95161290322581,57.064516129032256,43.95161290322581,57.2266002250641,43.910802020130035,2361.591262817383,29.371421813964844,41.821739196777344,38.09018165834488,2.993729108884776,13.782463381706217,109.15230317940762,30,30,62,48.38709677419355,100.0,48.38709677419355,48.38709677419355
46,46,2024-06-20,4,Type 4,Type 4,Mixed,Mixed Multi-Day,40,32,2.9565217391304346,7.304347826086956,7,3.647058823529412,11.090909090909092,11,11,3.647058823529412,11.090909090909092,11,2,6,764,0,1.25,722,343,343,722,47.50692520775623,100.0,47.50692520775623,47.50692520775623,44.17705836867503,23.98035859871965,3672.6719857670323,1942.73303302876,5603832.535466096,155.91119196862806,0.5289699272239862,0.8486405694359955,-0.9129139217428858,0.40815214257433974,-0.40815214257433974,-0.9129139217428858,44.17705836867503,23.98035859871965,44.17705836867503,23.98035859871965,44.17705836867503,23.98035859871965,5603832.535466096,3672.6719857670323,1942.73303302876,0.5289699272239862,0.5289699272239862,0.5289699272239862,155.91119196862806,2158163.122406073,603873.8620193801,0.7813664822649016,44.76592797783933,23.74376731301939,44.76592797783933,23.74376731301939,44.17705836867503,23.98035859871965,28184.647565841675,25.971284866333008,50.04564666748047,39.0369079859303,6.19606958183195,65.45609937815621,293.7176040523765,340,340,722,47.091412742382275,100.0,47.091412742382275,47.091412742382275
46,46,2024-06-20,4,Type 4,Type 4,Mixed,Mixed Multi-Day,40,32,2.9565217391304346,7.304347826086956,7,3.647058823529412,11.090909090909092,11,11,3.647058823529412,11.090909090909092,11,2,6,764,1,1.25,42,18,18,42,42.857142857142854,100.0,42.857142857142854,42.857142857142854,59.78898941238208,43.765012567706385,694.203203217984,316.1830163821616,172391.17625841295,12.051238103665042,0.45546176525330473,0.8902553456128997,0.9779612796953192,0.20878633915247813,-0.20878633915247813,0.9779612796953192,59.78898941238208,43.765012567706385,59.78898941238208,43.765012567706385,59.78898941238208,43.765012567706385,172391.17625841295,694.203203217984,316.1830163821616,0.45546176525330473,0.45546176525330473,0.45546176525330473,12.051238103665042,77106.89397729753,15995.471975763565,0.8281947852557484,59.785714285714285,43.785714285714285,59.785714285714285,43.785714285714285,59.78898941238208,43.765012567706385,1653.6012344360352,34.50554656982422,41.29902648925781,39.37145796276274,1.4823776079020416,2.3151873493227466,173.45931513753183,18,18,42,42.857142857142854,100.0,42.857142857142854,42.857142857142854
46,46,2024-06-21,4,Type 4,Type 4,Mixed,Mixed Multi-Day,40,33,3.270833333333333,9.041666666666666,9,3.647058823529412,11.090909090909092,11,11,3.647058823529412,11.090909090909092,11,2,8,749,0,1.25,684,308,308,684,45.02923976608187,100.0,45.02923976608187,45.02923976608187,45.097229690543934,22.45088683788446,3259.066811666101,1705.0866338078138,4364450.729037312,171.33470710775677,0.5231824728797564,0.8522206874228194,-0.9885853321872232,0.15066200909412264,-0.15066200909412264,-0.9885853321872232,45.097229690543934,22.45088683788446,45.097229690543934,22.45088683788446,45.097229690543934,22.45088683788446,4364450.729037312,3259.066811666101,1705.0866338078138,0.5231824728797564,0.5231824728797564,0.5231824728797564,171.33470710775677,1699442.6372645511,465171.2686064099,0.7851019679099576,46.01169590643275,21.969298245614034,46.01169590643275,21.969298245614034,45.097229690543934,22.45088683788446,27120.53777694702,27.81976890563965,49.994266510009766,39.6499090306243,6.005320216692875,108.32524393481339,299.6635358910908,307,307,684,44.88304093567251,100.0,44.88304093567251,44.88304093567251
46,46,2024-06-21,4,Type 4,Type 4,Mixed,Mixed Multi-Day,40,33,3.270833333333333,9.041666666666666,9,3.647058823529412,11.090909090909092,11,11,3.647058823529412,11.090909090909092,11,2,8,749,1,1.25,65,28,28,65,43.07692307692308,100.0,43.07692307692308,43.07692307692308,24.567749348883822,41.13908826526747,852.5385668907184,578.6796272022611,387473.59214835597,125.71531973637794,0.6787723742666043,0.7343487345481552,-0.5837583252580293,0.8119274707090165,-0.8119274707090165,-0.5837583252580293,24.567749348883822,41.13908826526747,24.567749348883822,41.13908826526747,24.567749348883822,41.13908826526747,387473.59214835597,852.5385668907184,578.6796272022611,0.6787723742666043,0.6787723742666043,0.6787723742666043,125.71531973637794,116291.52128577279,53579.21775023168,0.6845883048823644,24.576923076923077,41.146153846153844,24.576923076923077,41.146153846153844,24.567749348883822,41.13908826526747,2100.600410461426,26.59052276611328,38.627052307128906,32.31692939171424,2.435138695315535,1.0994907660035014,224.46824426820277,28,28,65,43.07692307692308,100.0,43.07692307692308,43.07692307692308
46,46,2024-06-22,4,Type 4,Type 4,Mixed,Mixed Multi-Day,40,34,2.95,7.833333333333333,8,3.647058823529412,11.090909090909092,11,11,3.647058823529412,11.090909090909092,11,2,0,652,0,1.25,595,269,269,595,45.21008403361345,100.0,45.21008403361345,45.21008403361345,44.31590600886611,22.17343586589754,3233.896152224389,1615.1418711462093,4102292.53716956,175.54678076375328,0.49944147712821796,0.8663476270666317,-0.9969810615884306,0.07764510824260588,-0.07764510824260588,-0.9969810615884306,44.31590600886611,22.17343586589754,44.31590600886611,22.17343586589754,44.31590600886611,22.17343586589754,4102292.53716956,3233.896152224389,1615.1418711462093,0.49944147712821796,0.49944147712821796,0.49944147712821796,175.54678076375328,1673293.4917394738,417389.3222287485,0.8003574146015375,45.13361344537815,21.778991596638654,45.13361344537815,21.778991596638654,44.31590600886611,22.17343586589754,23701.989685058594,27.28650665283203,50.859378814697266,39.83527678161108,5.983456350554694,95.0778363795374,297.49953084833453,268,268,595,45.04201680672269,100.0,45.04201680672269,45.04201680672269
46,46,2024-06-22,4,Type 4,Type 4,Mixed,Mixed Multi-Day,40,34,2.95,7.833333333333333,8,3.647058823529412,11.090909090909092,11,11,3.647058823529412,11.090909090909092,11,2,0,652,1,1.25,57,27,27,57,47.36842105263158,100.0,47.36842105263158,47.36842105263158,24.45242815381043,41.530529529153625,864.8293869626388,587.986885981896,399381.5148519952,130.45783169843082,0.6798877268115976,0.7333162202835544,-0.6488882321760148,0.7608837375995667,-0.7608837375995667,-0.6488882321760148,24.45242815381043,41.530529529153625,24.45242815381043,41.530529529153625,24.45242815381043,41.530529529153625,399381.5148519952,864.8293869626388,587.986885981896,0.6798877268115976,0.6798877268115976,0.6798877268115976,130.45783169843082,119668.77896866776,55316.57249386994,0.6838788388197593,24.464912280701753,41.5,24.464912280701753,41.5,24.45242815381043,41.530529529153625,1906.09592628479,27.705339431762695,38.09782409667969,33.44027940850509,2.0646675550605553,3.547263047779846,342.9194543757741,27,27,57,47.36842105263158,100.0,47.36842105263158,47.36842105263158
46,46,2024-06-23,4,Type 4,Type 4,Mixed,Mixed Multi-Day,40,35,3.125,7.833333333333333,8,3.647058823529412,11.090909090909092,11,11,3.647058823529412,11.090909090909092,11,3,3,552,0,1.25,492,219,219,492,44.51219512195122,100.0,44.51219512195122,44.51219512195122,44.33822606504103,21.154411213587952,3301.039990135792,1329.1693999490876,3446045.4523578077,178.5745803865632,0.40265171095198116,0.9153532649570013,-0.9996905519144319,0.024875699246824857,-0.024875699246824857,-0.9996905519144319,44.33822606504103,21.154411213587952,44.33822606504103,21.154411213587952,44.33822606504103,21.154411213587952,3446045.4523578077,3301.039990135792,1329.1693999490876,0.40265171095198116,0.40265171095198116,0.40265171095198116,178.5745803865632,1743498.4026361138,282670.60700176284,0.8604901142712262,45.01829268292683,20.86382113821138,45.01829268292683,20.86382113821138,44.33822606504103,21.154411213587952,19453.91802597046,27.141490936279297,50.456703186035156,39.54048379262289,5.656656190490156,77.67845747381591,294.5896268412812,220,220,492,44.71544715447155,100.0,44.71544715447155,44.71544715447155
46,46,2024-06-23,4,Type 4,Type 4,Mixed,Mixed Multi-Day,40,35,3.125,7.833333333333333,8,3.647058823529412,11.090909090909092,11,11,3.647058823529412,11.090909090909092,11,3,3,552,1,1.25,35,17,17,35,48.57142857142857,100.0,48.57142857142857,48.57142857142857,23.35399175566656,42.5640749265273,661.9659919885576,370.5381881716724,192645.35123571235,74.90235131965922,0.5597541152507988,0.8286587539269681,0.26046488709696636,0.9654833207205418,-0.9654833207205418,0.26046488709696636,23.35399175566656,42.5640749265273,23.35399175566656,42.5640749265273,23.35399175566656,42.5640749265273,192645.35123571235,661.9659919885576,370.5381881716724,0.5597541152507988,0.5597541152507988,0.5597541152507988,74.90235131965922,70111.8359279032,21967.76782296731,0.7614263427718148,23.3,42.55714285714286,23.3,42.55714285714286,23.35399175566656,42.5640749265273,1131.9147319793701,28.56146240234375,35.95293045043945,32.34042091369629,1.7382484238695688,4.500152589207712,80.12909253808694,17,17,35,48.57142857142857,100.0,48.57142857142857,48.57142857142857
46,46,2024-06-23,4,Type 4,Type 4,Mixed,Mixed Multi-Day,40,35,3.125,7.833333333333333,8,3.647058823529412,11.090909090909092,11,11,3.647058823529412,11.090909090909092,11,3,3,552,2,1.25,25,13,13,25,52.0,100.0,52.0,52.0,32.788516473871034,38.52607779623187,667.7058113940087,322.8133868997114,169288.1558069685,177.33856374410712,0.4834664928642075,0.8753628677740353,-0.9989213543738379,0.04643412296940016,-0.04643412296940016,-0.9989213543738379,32.788516473871034,38.52607779623187,32.788516473871034,38.52607779623187,32.788516473871034,38.52607779623187,169288.1558069685,667.7058113940087,322.8133868997114,0.4834664928642075,0.4834664928642075,0.4834664928642075,177.33856374410712,71332.96809109305,16673.357241866048,0.8105436492344745,32.82,38.54,32.82,38.54,32.788516473871034,38.52607779623187,861.162202835083,29.887319564819336,40.51307678222656,34.44648811340332,2.6563571940103126,3.1502744547414454,240.63120811570496,13,13,25,52.0,100.0,52.0,52.0
46,46,2024-06-24,4,Type 4,Type 4,Mixed,Mixed Multi-Day,40,36,3.5217391304347827,8.347826086956522,8,3.647058823529412,11.090909090909092,11,11,3.647058823529412,11.090909090909092,11,3,7,500,0,1.25,455,200,200,455,43.956043956043956,100.0,43.956043956043956,43.956043956043956,44.83365461125354,21.006231494218614,3292.9964744295335,1259.4449706061644,3257319.382745661,179.2797852388838,0.38246168205337844,0.923971353322656,-0.999920997095648,0.012569787875898516,-0.012569787875898516,-0.999920997095648,44.83365461125354,21.006231494218614,44.83365461125354,21.006231494218614,44.83365461125354,21.006231494218614,3257319.382745661,3292.9964744295335,1259.4449706061644,0.38246168205337844,0.38246168205337844,0.38246168205337844,179.2797852388838,1735012.1248968542,253792.26143762597,0.8723895305232181,45.37692307692308,20.794505494505493,45.37692307692308,20.794505494505493,44.83365461125354,21.006231494218614,18014.379724502563,27.346309661865234,48.69458770751953,39.59204335055509,5.594001928605579,61.18938893256372,292.62229242638665,208,208,455,45.714285714285715,100.0,45.714285714285715,45.714285714285715
46,46,2024-06-24,4,Type 4,Type 4,Mixed,Mixed Multi-Day,40,36,3.5217391304347827,8.347826086956522,8,3.647058823529412,11.090909090909092,11,11,3.647058823529412,11.090909090909092,11,3,7,500,1,1.25,20,8,8,20,40.0,100.0,40.0,40.0,23.135537238930404,42.341521045864674,649.9586473410191,334.8294929035345,170922.53001199965,74.03674566010095,0.5151550706699911,0.8570969916893866,0.2750208105620499,0.9614382735037091,-0.9614382735037091,0.2750208105620499,23.135537238930404,42.341521045864674,23.135537238930404,42.341521045864674,23.135537238930404,42.341521045864674,170922.53001199965,649.9586473410191,334.8294929035345,0.5151550706699911,0.5151550706699911,0.5151550706699911,74.03674566010095,67591.39892053875,17937.726290886094,0.7902734741347501,23.1,42.3,23.1,42.3,23.135537238930404,42.341521045864674,631.7513980865479,27.998367309570312,34.150390625,31.587569904327392,1.65915735435498,5.4638371854403776,32.41019976208197,8,8,20,40.0,100.0,40.0,40.0
46,46,2024-06-24,4,Type 4,Type 4,Mixed,Mixed Multi-Day,40,36,3.5217391304347827,8.347826086956522,8,3.647058823529412,11.090909090909092,11,11,3.647058823529412,11.090909090909092,11,3,7,500,2,1.25,25,13,13,25,52.0,100.0,52.0,52.0,32.76792693556603,38.545796275032146,667.7058113940087,322.8133868997114,169288.1558069685,177.33856374410712,0.4834664928642075,0.8753628677740353,-0.9989213543738379,0.04643412296940016,-0.04643412296940016,-0.9989213543738379,32.76792693556603,38.545796275032146,32.76792693556603,38.545796275032146,32.76792693556603,38.545796275032146,169288.1558069685,667.7058113940087,322.8133868997114,0.4834664928642075,0.4834664928642075,0.4834664928642075,177.33856374410712,71332.96809109305,16673.357241866048,0.8105436492344745,32.82,38.54,32.82,38.54,32.76792693556603,38.545796275032146,885.6101455688477,30.6411190032959,40.31039810180664,35.424405822753904,2.485180819887792,4.585151778541441,278.0830571190522,13,13,25,52.0,100.0,52.0,52.0
46,46,2024-06-25,4,Type 4,Type 4,Mixed,Mixed Multi-Day,40,37,2.642857142857143,8.571428571428571,9,3.647058823529412,11.090909090909092,11,11,3.647058823529412,11.090909090909092,11,3,27,447,0,1.25,115,58,58,115,50.43478260869565,100.0,50.43478260869565,50.43478260869565,28.519154177967398,21.932140738280662,1539.959782694475,749.1007626212189,906023.5777254206,49.10372701747917,0.4864417701289015,0.8737129988010142,0.654691645026728,0.7558960576244572,-0.7558960576244572,0.654691645026728,28.519154177967398,21.932140738280662,28.519154177967398,21.932140738280662,28.519154177967398,21.932140738280662,906023.5777254206,1539.959782694475,749.1007626212189,0.4864417701289015,0.4864417701289015,0.4864417701289015,49.10372701747917,379436.1811706263,89784.31240955066,0.8086521930777327,28.569565217391304,22.065217391304348,28.569565217391304,22.065217391304348,28.519154177967398,21.932140738280662,4650.80366897583,32.321533203125,44.44327163696289,40.44177103457243,2.4593382241465744,15.628068120553941,199.46606346724298,59,59,115,51.30434782608695,100.0,51.30434782608695,51.30434782608695
46,46,2024-06-25,4,Type 4,Type 4,Mixed,Mixed Multi-Day,40,37,2.642857142857143,8.571428571428571,9,3.647058823529412,11.090909090909092,11,11,3.647058823529412,11.090909090909092,11,3,27,447,1,1.25,25,14,14,25,56.0,100.0,56.0,56.0,32.60882162922183,38.27902123496068,725.8446499819911,345.15813271339033,196766.73180921318,5.422834913156947,0.4755261786691602,0.8797015706478567,0.9955243791946564,0.0945050814987957,-0.0945050814987957,0.9955243791946564,32.60882162922183,38.27902123496068,32.60882162922183,38.27902123496068,32.60882162922183,38.27902123496068,196766.73180921318,725.8446499819911,345.15813271339033,0.4755261786691602,0.4755261786691602,0.4755261786691602,5.422834913156947,84296.07294519668,19061.461852511104,0.815577433325801,32.54,38.26,32.54,38.26,32.60882162922183,38.27902123496068,861.7401809692383,27.36077880859375,42.17402267456055,34.469607238769534,2.8710181122671403,6.381964330819839,70.65913043623077,14,14,25,56.0,100.0,56.0,56.0
46,46,2024-06-25,4,Type 4,Type 4,Mixed,Mixed Multi-Day,40,37,2.642857142857143,8.571428571428571,9,3.647058823529412,11.090909090909092,11,11,3.647058823529412,11.090909090909092,11,3,27,447,2,1.25,307,131,131,307,42.671009771986974,100.0,42.671009771986974,42.671009771986974,51.22413096536792,20.31113284485482,2254.020767139363,1111.1844440992747,1967134.0114109828,12.501194603771097,0.492978796069172,0.8700413246657827,0.9762914941917629,0.21645996943734183,-0.21645996943734183,0.9762914941917629,51.22413096536792,20.31113284485482,51.22413096536792,20.31113284485482,51.22413096536792,20.31113284485482,1967134.0114109828,2254.020767139363,1111.1844440992747,0.492978796069172,0.492978796069172,0.492978796069172,12.501194603771097,812897.5389912836,197556.9390093143,0.8044870468581392,51.744299674267104,20.096091205211728,51.744299674267104,20.096091205211728,51.22413096536792,20.31113284485482,12056.432168960571,29.12221908569336,49.85841751098633,39.27176602267287,6.420407204274895,59.34786822061013,293.73886873750905,137,137,307,44.62540716612378,100.0,44.62540716612378,44.62540716612378
46,46,2024-06-26,4,Type 4,Type 4,Mixed,Mixed Multi-Day,40,38,3.0,11.090909090909092,11,3.647058823529412,11.090909090909092,11,11,3.647058823529412,11.090909090909092,11,4,21,393,0,1.25,71,33,33,71,46.478873239436616,100.0,46.478873239436616,46.478873239436616,25.996975403013327,19.347504509808488,961.3526548544248,532.2312403253374,401858.32901510573,158.08148020614087,0.5536274723305692,0.8327644456152441,-0.9277156440759902,0.373287668878401,-0.373287668878401,-0.9277156440759902,25.996975403013327,19.347504509808488,25.996975403013327,19.347504509808488,25.996975403013327,19.347504509808488,401858.32901510573,961.3526548544248,532.2312403253374,0.5536274723305692,0.5536274723305692,0.5536274723305692,158.08148020614087,147871.82831930416,45323.21490851951,0.7654017714363794,25.950704225352112,19.345070422535212,25.950704225352112,19.345070422535212,25.996975403013327,19.347504509808488,2894.154396057129,37.576759338378906,43.96733856201172,40.76273797263562,1.470520223983563,4.869279096045899,86.82022128895584,33,33,71,46.478873239436616,100.0,46.478873239436616,46.478873239436616
46,46,2024-06-26,4,Type 4,Type 4,Mixed,Mixed Multi-Day,40,38,3.0,11.090909090909092,11,3.647058823529412,11.090909090909092,11,11,3.647058823529412,11.090909090909092,11,4,21,393,1,1.25,10,4,4,10,40.0,100.0,40.0,40.0,22.292674808096244,30.18079899180597,534.0429485558724,152.79857623421742,64089.27724926573,102.69710495617122,0.2861166440777963,0.9581947954260969,-0.21979691221712236,0.975545651099844,-0.975545651099844,-0.21979691221712236,22.292674808096244,30.18079899180597,22.292674808096244,30.18079899180597,22.292674808096244,30.18079899180597,64089.27724926573,534.0429485558724,152.79857623421742,0.2861166440777963,0.2861166440777963,0.2861166440777963,102.69710495617122,45632.29934436003,3735.5847838726327,0.9243316814192506,22.3,30.2,22.3,30.2,22.292674808096244,30.18079899180597,407.9275703430176,38.532371520996094,42.19524383544922,40.79275703430176,1.2706428227532245,2.2423898003211877,198.3377448750233,4,4,10,40.0,100.0,40.0,40.0
46,46,2024-06-26,4,Type 4,Type 4,Mixed,Mixed Multi-Day,40,38,3.0,11.090909090909092,11,3.647058823529412,11.090909090909092,11,11,3.647058823529412,11.090909090909092,11,4,21,393,2,1.25,18,9,9,18,50.0,100.0,50.0,50.0,35.72859111806801,30.28587133549009,648.9580006169651,199.683804597759,101776.92259338737,70.24448585421679,0.30769911829104407,0.9514837111600566,0.33800729521737,0.9411434897930483,-0.9411434897930483,0.33800729521737,35.72859111806801,30.28587133549009,35.72859111806801,30.28587133549009,35.72859111806801,30.28587133549009,101776.92259338737,648.9580006169651,199.683804597759,0.30769911829104407,0.30769911829104407,0.30769911829104407,70.24448585421679,67383.43785036304,6379.779490981759,0.9135100159547156,35.666666666666664,30.166666666666668,35.666666666666664,30.166666666666668,35.72859111806801,30.28587133549009,656.0683155059814,31.708467483520508,40.68810272216797,36.448239750332306,2.4834235038961188,14.49695904684953,24.265131234527182,8,8,18,44.44444444444444,100.0,44.44444444444444,44.44444444444444
46,46,2024-06-26,4,Type 4,Type 4,Mixed,Mixed Multi-Day,40,38,3.0,11.090909090909092,11,3.647058823529412,11.090909090909092,11,11,3.647058823529412,11.090909090909092,11,4,21,393,3,1.25,294,124,124,294,42.17687074829932,100.0,42.17687074829932,42.17687074829932,51.29876106574209,20.003565426300344,2296.4237613065993,1062.3351280276565,1916035.0780503256,14.22863959779204,0.46260413514586624,0.8865649520175863,0.9693226105981749,0.24579193758774698,-0.24579193758774698,0.9693226105981749,51.29876106574209,20.003565426300344,51.29876106574209,20.003565426300344,51.29876106574209,20.003565426300344,1916035.0780503256,2296.4237613065993,1062.3351280276565,0.46260413514586624,0.46260413514586624,0.46260413514586624,14.22863959779204,843769.9346389677,180568.94787864602,0.8237214744452103,51.79251700680272,19.833333333333332,51.79251700680272,19.833333333333332,51.29876106574209,20.003565426300344,11429.335390090942,29.386476516723633,48.78791427612305,38.8752904424862,6.168473773256113,55.024406149869634,290.112555741792,129,129,294,43.87755102040816,100.0,43.87755102040816,43.87755102040816
46,46,2024-06-27,4,Type 4,Type 4,Mixed,Mixed Multi-Day,40,39,3.0416666666666665,8.833333333333334,9,3.647058823529412,11.090909090909092,11,11,3.647058823529412,11.090909090909092,11,4,18,409,0,1.25,71,33,33,71,46.478873239436616,100.0,46.478873239436616,46.478873239436616,25.997958097980987,19.34306357739681,961.3526548544248,532.2312403253374,401858.32901510573,158.08148020614087,0.5536274723305692,0.8327644456152441,-0.9277156440759902,0.373287668878401,-0.373287668878401,-0.9277156440759902,25.997958097980987,19.34306357739681,25.997958097980987,19.34306357739681,25.997958097980987,19.34306357739681,401858.32901510573,961.3526548544248,532.2312403253374,0.5536274723305692,0.5536274723305692,0.5536274723305692,158.08148020614087,147871.82831930416,45323.21490851951,0.7654017714363794,25.950704225352112,19.345070422535212,25.950704225352112,19.345070422535212,25.997958097980987,19.34306357739681,2912.336051940918,38.64065933227539,44.110076904296875,41.01881763297067,1.466471740549136,4.970106846821838,92.55399152826735,33,33,71,46.478873239436616,100.0,46.478873239436616,46.478873239436616
46,46,2024-06-27,4,Type 4,Type 4,Mixed,Mixed Multi-Day,40,39,3.0416666666666665,8.833333333333334,9,3.647058823529412,11.090909090909092,11,11,3.647058823529412,11.090909090909092,11,4,18,409,1,1.25,10,4,4,10,40.0,100.0,40.0,40.0,22.305931476232402,30.164459775091814,534.0429485558724,152.79857623421742,64089.27724926573,102.69710495617122,0.2861166440777963,0.9581947954260969,-0.21979691221712236,0.975545651099844,-0.975545651099844,-0.21979691221712236,22.305931476232402,30.164459775091814,22.305931476232402,30.164459775091814,22.305931476232402,30.164459775091814,64089.27724926573,534.0429485558724,152.79857623421742,0.2861166440777963,0.2861166440777963,0.2861166440777963,102.69710495617122,45632.29934436003,3735.5847838726327,0.9243316814192506,22.3,30.2,22.3,30.2,22.305931476232402,30.164459775091814,407.4528465270996,36.786041259765625,41.95127868652344,40.74528465270996,1.5228415022370887,3.9810295555757644,171.74837514515988,4,4,10,40.0,100.0,40.0,40.0
46,46,2024-06-27,4,Type 4,Type 4,Mixed,Mixed Multi-Day,40,39,3.0416666666666665,8.833333333333334,9,3.647058823529412,11.090909090909092,11,11,3.647058823529412,11.090909090909092,11,4,18,409,2,1.25,18,9,9,18,50.0,100.0,50.0,50.0,35.72021892845686,30.28292984063082,648.9580006169651,199.683804597759,101776.92259338737,70.24448585421679,0.30769911829104407,0.9514837111600566,0.33800729521737,0.9411434897930483,-0.9411434897930483,0.33800729521737,35.72021892845686,30.28292984063082,35.72021892845686,30.28292984063082,35.72021892845686,30.28292984063082,101776.92259338737,648.9580006169651,199.683804597759,0.30769911829104407,0.30769911829104407,0.30769911829104407,70.24448585421679,67383.43785036304,6379.779490981759,0.9135100159547156,35.666666666666664,30.166666666666668,35.666666666666664,30.166666666666668,35.72021892845686,30.28292984063082,655.8319835662842,31.0606746673584,40.36772918701172,36.4351101981269,2.4044418321340757,13.8813271005573,21.787835032026095,8,8,18,44.44444444444444,100.0,44.44444444444444,44.44444444444444
46,46,2024-06-27,4,Type 4,Type 4,Mixed,Mixed Multi-Day,40,39,3.0416666666666665,8.833333333333334,9,3.647058823529412,11.090909090909092,11,11,3.647058823529412,11.090909090909092,11,4,18,409,3,1.25,310,126,126,310,40.645161290322584,100.0,40.645161290322584,40.645161290322584,51.83890033205957,20.836814749548072,2355.240739984455,1245.885354688162,2304640.911323483,24.17709939003808,0.5289842917273861,0.8486316156646979,0.9122838858765621,0.4095584348660884,-0.4095584348660884,0.9122838858765621,51.83890033205957,20.836814749548072,51.83890033205957,20.836814749548072,51.83890033205957,20.836814749548072,2304640.911323483,2355.240739984455,1245.885354688162,0.5289842917273861,0.5289842917273861,0.5289842917273861,24.17709939003808,887545.4309252036,248356.8507242315,0.781357204104217,52.303225806451614,20.635483870967743,52.303225806451614,20.635483870967743,51.83890033205957,20.836814749548072,12169.090576171875,29.183067321777344,49.01818084716797,39.25513089087702,6.038532377403232,53.250107080420904,294.82777449923975,128,128,310,41.29032258064516,100.0,41.29032258064516,41.29032258064516
46,46,2024-06-28,4,Type 4,Type 4,Mixed,Mixed Multi-Day,40,40,3.5,9.166666666666666,9,3.647058823529412,11.090909090909092,11,11,3.647058823529412,11.090909090909092,11,3,17,359,0,1.25,54,24,24,54,44.44444444444444,100.0,44.44444444444444,44.44444444444444,24.75747442362709,19.49270804154177,799.5633969112141,462.2689475669241,290293.6305517139,137.88213180720822,0.5781517129882521,0.8159292841715817,-0.7417667264603133,0.6706579780457032,-0.6706579780457032,-0.7417667264603133,24.75747442362709,19.49270804154177,24.75747442362709,19.49270804154177,24.75747442362709,19.49270804154177,290293.6305517139,799.5633969112141,462.2689475669241,0.5781517129882521,0.5781517129882521,0.5781517129882521,137.88213180720822,102288.26010883195,34190.81278154106,0.7494794472336073,24.77777777777778,19.48148148148148,24.77777777777778,19.48148148148148,24.75747442362709,19.49270804154177,2178.090503692627,37.51475524902344,43.054443359375,40.33500932764124,1.1299092968208104,2.467320051087795,300.2476230670353,24,24,54,44.44444444444444,100.0,44.44444444444444,44.44444444444444
46,46,2024-06-28,4,Type 4,Type 4,Mixed,Mixed Multi-Day,40,40,3.5,9.166666666666666,9,3.647058823529412,11.090909090909092,11,11,3.647058823529412,11.090909090909092,11,3,17,359,1,1.25,15,7,7,15,46.666666666666664,100.0,46.666666666666664,46.666666666666664,35.46889825686784,29.9353129759142,661.634738894197,203.31288611154534,105650.87211787645,72.09131292398463,0.3072887110663901,0.9516163344810536,0.3075008931818412,0.9515477921220614,-0.9515477921220614,0.3075008931818412,35.46889825686784,29.9353129759142,35.46889825686784,29.9353129759142,35.46889825686784,29.9353129759142,105650.87211787645,661.634738894197,203.31288611154534,0.3072887110663901,0.3072887110663901,0.3072887110663901,72.09131292398463,70041.68443385474,6613.780745440992,0.9137206886688186,35.43333333333333,29.833333333333332,35.43333333333333,29.833333333333332,35.46889825686784,29.9353129759142,545.10133934021,31.70924186706543,39.51415252685547,36.34008928934733,2.0181232634508945,11.81500047545873,16.895467513994145,7,7,15,46.666666666666664,100.0,46.666666666666664,46.666666666666664
46,46,2024-06-28,4,Type 4,Type 4,Mixed,Mixed Multi-Day,40,40,3.5,9.166666666666666,9,3.647058823529412,11.090909090909092,11,11,3.647058823529412,11.090909090909092,11,3,17,359,2,1.25,290,113,111,292,38.275862068965516,98.23008849557522,38.013698630136986,38.013698630136986,52.48889960436186,20.969314835550648,2460.3461806801242,1357.6192975845534,2623397.511836284,26.09827825128164,0.5518001118075427,0.8339764005109398,0.8980407956081631,0.43991218376337043,-0.43991218376337043,0.8980407956081631,52.48889960436186,20.969314835550648,52.48889960436186,20.969314835550648,52.48889960436186,20.969314835550648,2623397.511836284,2460.3461806801242,1357.6192975845534,0.5518001118075427,0.5518001118075427,0.5518001118075427,26.09827825128164,968528.5326059638,294900.82514783606,0.7665870091287665,53.00344827586207,20.775862068965516,53.00344827586207,20.775862068965516,52.48889960436186,20.969314835550648,11110.407234191895,29.336225509643555,49.20220947265625,38.311749083420324,5.8609683383548745,57.66798351906227,291.8938137789571,111,109,292,37.58620689655172,98.1981981981982,37.32876712328767,37.32876712328767
47,47,2024-07-08,4,Type 4,Type 4,Mixed,Mixed Multi-Day,22,1,3.5,7.473684210526316,7,3.6176470588235294,9.88888888888889,10,10,3.6176470588235294,9.88888888888889,10,4,2,400,0,1.25,209,99,99,209,47.36842105263158,100.0,47.36842105263158,47.36842105263158,33.76630128931869,41.178353418765354,2053.0055462724126,1090.4980368015713,1758348.2440599813,9.641669880432147,0.5311715006233468,0.8472643252996918,0.9858744893099651,0.1674857944060193,-0.1674857944060193,0.9858744893099651,33.76630128931869,41.178353418765354,33.76630128931869,41.178353418765354,33.76630128931869,41.178353418765354,1758348.2440599813,2053.0055462724126,1090.4980368015713,0.5311715006233468,0.5311715006233468,0.5311715006233468,9.641669880432147,674373.083684046,190269.754922893,0.7799441035914386,33.45693779904306,41.04066985645933,33.45693779904306,41.04066985645933,33.76630128931869,41.178353418765354,6561.262886047363,26.143054962158203,40.50663757324219,31.39360232558547,3.669912075937277,30.150162688230207,59.42436296986124,98,98,209,46.889952153110045,100.0,46.889952153110045,46.889952153110045
47,47,2024-07-08,4,Type 4,Type 4,Mixed,Mixed Multi-Day,22,1,3.5,7.473684210526316,7,3.6176470588235294,9.88888888888889,10,10,3.6176470588235294,9.88888888888889,10,4,2,400,1,1.25,12,6,6,12,50.0,100.0,50.0,50.0,25.258764368030274,18.496703963343563,422.35770434468657,214.1638598753576,71042.21400016898,147.86373653821192,0.5070674872798774,0.8619063541613272,-0.8467854206411279,0.5319346307485798,-0.5319346307485798,-0.8467854206411279,25.258764368030274,18.496703963343563,25.258764368030274,18.496703963343563,25.258764368030274,18.496703963343563,71042.21400016898,422.35770434468657,214.1638598753576,0.5070674872798774,0.5070674872798774,0.5070674872798774,147.86373653821192,28541.764867090184,7338.585420273887,0.7954706305401287,25.25,18.5,25.25,18.5,25.258764368030274,18.496703963343563,475.9673080444336,38.93682098388672,40.397586822509766,39.66394233703613,0.4176627315172758,0.9948552002668023,111.5116047231595,6,6,12,50.0,100.0,50.0,50.0
47,47,2024-07-08,4,Type 4,Type 4,Mixed,Mixed Multi-Day,22,1,3.5,7.473684210526316,7,3.6176470588235294,9.88888888888889,10,10,3.6176470588235294,9.88888888888889,10,4,2,400,2,1.25,168,72,72,168,42.857142857142854,100.0,42.857142857142854,42.857142857142854,49.698344592166606,20.269442167383843,1989.474918852218,1081.5990155078086,1690030.8528004598,54.42800844270622,0.5436605434220867,0.8393051968896662,0.5817254248149609,0.8133852286117896,-0.8133852286117896,0.5817254248149609,49.698344592166606,20.269442167383843,49.698344592166606,20.269442167383843,49.698344592166606,20.269442167383843,1690030.8528004598,1989.474918852218,1081.5990155078086,0.5436605434220867,0.5436605434220867,0.5436605434220867,54.42800844270622,633281.6724387263,187177.02885559376,0.7718629486648001,49.32738095238095,20.113095238095237,49.32738095238095,20.113095238095237,49.698344592166606,20.269442167383843,6591.16930770874,29.97873306274414,48.03173065185547,39.23315064112345,4.980345307819667,42.46110413491452,65.87969254788953,70,70,168,41.666666666666664,100.0,41.666666666666664,41.666666666666664
47,47,2024-07-08,4,Type 4,Type 4,Mixed,Mixed Multi-Day,22,1,3.5,7.473684210526316,7,3.6176470588235294,9.88888888888889,10,10,3.6176470588235294,9.88888888888889,10,4,2,400,3,1.25,11,6,6,11,54.54545454545455,100.0,54.54545454545455,54.54545454545455,65.21528340144724,24.13521397551793,512.6030744311878,190.9879249842266,76891.26365181447,153.358947932492,0.37258443132858143,0.9279982982374254,-0.8938331907691467,0.4483996287681851,-0.4483996287681851,-0.8938331907691467,65.21528340144724,24.13521397551793,65.21528340144724,24.13521397551793,65.21528340144724,24.13521397551793,76891.26365181447,512.6030744311878,190.9879249842266,0.37258443132858143,0.37258443132858143,0.37258443132858143,153.358947932492,42041.90590660894,5836.221998364892,0.8781025438181639,65.31818181818181,24.045454545454547,65.31818181818181,24.045454545454547,65.21528340144724,24.13521397551793,346.4187774658203,29.771194458007812,42.28388977050781,31.49261613325639,3.4267763366271144,14.432853387367762,313.55816281215107,5,5,11,45.45454545454545,100.0,45.45454545454545,45.45454545454545
47,47,2024-07-09,4,Type 4,Type 4,Mixed,Mixed Multi-Day,22,2,3.35,7.55,8,3.6176470588235294,9.88888888888889,10,10,3.6176470588235294,9.88888888888889,10,2,9,505,0,1.25,493,179,179,493,36.308316430020284,100.0,36.308316430020284,36.308316430020284,41.30218157353203,30.743728483580984,3336.341984539812,1994.1697091765602,5225436.291650206,125.72584968025015,0.5977114211964154,0.801711330200192,-0.5839075332079017,0.8118201726140237,-0.8118201726140237,-0.5839075332079017,41.30218157353203,30.743728483580984,41.30218157353203,30.743728483580984,41.30218157353203,30.743728483580984,5225436.291650206,3336.341984539812,1994.1697091765602,0.5977114211964154,0.5977114211964154,0.5977114211964154,125.72584968025015,1780988.454048488,636274.0526395723,0.7367790834139301,40.224137931034484,31.564908722109532,40.224137931034484,31.564908722109532,41.30218157353203,30.743728483580984,17571.50211906433,25.7254581451416,47.55580139160156,35.641992127919536,5.879561593406304,137.31359253715638,131.2524485713097,179,179,493,36.308316430020284,100.0,36.308316430020284,36.308316430020284
47,47,2024-07-09,4,Type 4,Type 4,Mixed,Mixed Multi-Day,22,2,3.35,7.55,8,3.6176470588235294,9.88888888888889,10,10,3.6176470588235294,9.88888888888889,10,2,9,505,1,1.25,12,6,6,12,50.0,100.0,50.0,50.0,25.255540660199298,18.49927552934147,422.35770434468657,214.1638598753576,71042.21400016898,147.86373653821192,0.5070674872798774,0.8619063541613272,-0.8467854206411279,0.5319346307485798,-0.5319346307485798,-0.8467854206411279,25.255540660199298,18.49927552934147,25.255540660199298,18.49927552934147,25.255540660199298,18.49927552934147,71042.21400016898,422.35770434468657,214.1638598753576,0.5070674872798774,0.5070674872798774,0.5070674872798774,147.86373653821192,28541.764867090184,7338.585420273887,0.7954706305401287,25.25,18.5,25.25,18.5,25.255540660199298,18.49927552934147,477.22768783569336,38.96099853515625,40.3952751159668,39.76897398630778,0.506802222509704,0.5905781630313474,97.80286356437546,6,6,12,50.0,100.0,50.0,50.0
47,47,2024-07-10,4,Type 4,Type 4,Mixed,Mixed Multi-Day,22,3,2.9782608695652173,8.391304347826088,8,3.6176470588235294,9.88888888888889,10,10,3.6176470588235294,9.88888888888889,10,2,2,629,0,1.25,620,258,258,620,41.61290322580645,100.0,41.61290322580645,41.61290322580645,41.05180367702103,30.081533875648056,3088.8544659082845,1873.9390710487794,4546139.877907288,129.11391638262847,0.6066776831771981,0.7949479157370923,-0.6308642801748079,0.7758932014133914,-0.7758932014133914,-0.6308642801748079,41.05180367702103,30.081533875648056,41.05180367702103,30.081533875648056,41.05180367702103,30.081533875648056,4546139.877907288,3088.8544659082845,1873.9390710487794,0.6066776831771981,0.6066776831771981,0.6066776831771981,129.11391638262847,1526563.5058498485,561863.6227205059,0.7309632617609535,39.97741935483871,30.866129032258065,39.97741935483871,30.866129032258065,41.05180367702103,30.081533875648056,22914.118131637573,25.926151275634766,49.14147186279297,36.958255051028345,6.638943535216637,134.9396322507276,129.86081166649979,254,254,620,40.96774193548387,100.0,40.96774193548387,40.96774193548387
47,47,2024-07-10,4,Type 4,Type 4,Mixed,Mixed Multi-Day,22,3,2.9782608695652173,8.391304347826088,8,3.6176470588235294,9.88888888888889,10,10,3.6176470588235294,9.88888888888889,10,2,2,629,1,1.25,9,5,5,9,55.55555555555556,100.0,55.55555555555556,55.55555555555556,65.27401764943959,23.949812966046768,355.945580035591,142.55728712412179,39853.17331959747,174.71011401837853,0.40050304068916237,0.916295429650686,-0.995740988196876,0.09219481777577833,-0.09219481777577833,-0.995740988196876,65.27401764943959,23.949812966046768,65.27401764943959,23.949812966046768,65.27401764943959,23.949812966046768,39853.17331959747,355.945580035591,142.55728712412179,0.40050304068916237,0.40050304068916237,0.40050304068916237,174.71011401837853,20271.560951499734,3251.612817950288,0.861769808367729,65.27777777777777,23.944444444444443,65.27777777777777,23.944444444444443,65.27401764943959,23.949812966046768,273.5875358581543,29.72005844116211,31.148530960083008,30.39861509535048,0.4267110048935998,0.707146193176056,327.23073770641065,5,5,9,55.55555555555556,100.0,55.55555555555556,55.55555555555556
47,47,2024-07-11,4,Type 4,Type 4,Mixed,Mixed Multi-Day,22,4,2.863636363636364,8.227272727272727,8,3.6176470588235294,9.88888888888889,10,10,3.6176470588235294,9.88888888888889,10,2,2,698,0,1.25,689,292,292,689,42.380261248185775,100.0,42.380261248185775,42.380261248185775,39.91991738482889,29.137301793981198,2971.7235926737517,1924.3357308568152,4491373.139688155,130.6969468539753,0.647548693829035,0.7620240738456434,-0.6520580038585324,0.758169083782784,-0.758169083782784,-0.6520580038585324,39.91991738482889,29.137301793981198,39.91991738482889,29.137301793981198,39.91991738482889,29.137301793981198,4491373.139688155,2971.7235926737517,1924.3357308568152,0.647548693829035,0.647548693829035,0.647548693829035,130.6969468539753,1412982.5778006061,592490.8808083574,0.7045630904438293,39.02104499274311,29.87300435413643,39.02104499274311,29.87300435413643,39.91991738482889,29.137301793981198,25823.626810073853,26.16021156311035,50.486934661865234,37.479864746115894,6.552886903408064,119.35677152751383,132.87410351312252,297,297,689,43.105950653120466,100.0,43.105950653120466,43.105950653120466
47,47,2024-07-11,4,Type 4,Type 4,Mixed,Mixed Multi-Day,22,4,2.863636363636364,8.227272727272727,8,3.6176470588235294,9.88888888888889,10,10,3.6176470588235294,9.88888888888889,10,2,2,698,1,1.25,9,5,5,9,55.55555555555556,100.0,55.55555555555556,55.55555555555556,65.27855596397184,23.946156975187453,355.945580035591,142.55728712412179,39853.17331959747,174.71011401837853,0.40050304068916237,0.916295429650686,-0.995740988196876,0.09219481777577833,-0.09219481777577833,-0.995740988196876,65.27855596397184,23.946156975187453,65.27855596397184,23.946156975187453,65.27855596397184,23.946156975187453,39853.17331959747,355.945580035591,142.55728712412179,0.40050304068916237,0.40050304068916237,0.40050304068916237,174.71011401837853,20271.560951499734,3251.612817950288,0.861769808367729,65.27777777777777,23.944444444444443,65.27777777777777,23.944444444444443,65.27855596397184,23.946156975187453,276.2172393798828,30.496566772460938,30.89613151550293,30.690804375542534,0.12366830555143847,0.2055525574448579,22.666998230796544,5,5,9,55.55555555555556,100.0,55.55555555555556,55.55555555555556
47,47,2024-07-12,4,Type 4,Type 4,Mixed,Mixed Multi-Day,22,5,2.6739130434782608,8.26086956521739,8,3.6176470588235294,9.88888888888889,10,10,3.6176470588235294,9.88888888888889,10,1,1,719,0,1.25,719,311,311,719,43.25452016689847,100.0,43.25452016689847,43.25452016689847,39.30934717286896,28.292644442586216,3032.3595841857473,1937.946309039578,4615431.6272637425,133.0700685478513,0.6390885563659026,0.7691331595518077,-0.6828922419456697,0.7305191208246482,-0.7305191208246482,-0.6828922419456697,39.30934717286896,28.292644442586216,39.30934717286896,28.292644442586216,39.30934717286896,28.292644442586216,4615431.6272637425,3032.3595841857473,1937.946309039578,0.6390885563659026,0.6390885563659026,0.6390885563659026,133.0700685478513,1471232.7436485055,600901.7434752198,0.7100083285089688,38.55285118219749,29.08414464534075,38.55285118219749,29.08414464534075,39.30934717286896,28.292644442586216,27231.310041427612,25.741241455078125,51.10150909423828,37.8738665388423,6.7141057430488775,114.72144627723429,139.6937411087621,321,321,719,44.645340751043115,100.0,44.645340751043115,44.645340751043115
47,47,2024-07-13,4,Type 4,Type 4,Mixed,Mixed Multi-Day,22,6,3.119047619047619,9.523809523809524,10,3.6176470588235294,9.88888888888889,10,10,3.6176470588235294,9.88888888888889,10,1,15,644,0,1.25,644,257,257,644,39.90683229813665,100.0,39.90683229813665,39.90683229813665,38.42141850793101,27.14737503677838,3202.4604420610112,1896.1163282896073,4769124.207618355,135.5013887443396,0.5920811084458928,0.8058783785544088,-0.7132674376963974,0.700891976214606,-0.700891976214606,-0.7132674376963974,38.42141850793101,27.14737503677838,38.42141850793101,27.14737503677838,38.42141850793101,27.14737503677838,4769124.207618355,3202.4604420610112,1896.1163282896073,0.5920811084458928,0.5920811084458928,0.5920811084458928,135.5013887443396,1640920.4612744977,575241.1408650338,0.7404335765452829,37.50155279503105,28.119565217391305,37.50155279503105,28.119565217391305,38.42141850793101,27.14737503677838,24212.47335243225,26.206905364990234,49.722251892089844,37.597008311230205,6.58965867124673,140.88113864824825,139.6653956302095,266,266,644,41.30434782608695,100.0,41.30434782608695,41.30434782608695
47,47,2024-07-14,4,Type 4,Type 4,Mixed,Mixed Multi-Day,22,7,2.925,6.5,7,3.6176470588235294,9.88888888888889,10,10,3.6176470588235294,9.88888888888889,10,1,10,600,0,1.25,600,227,227,600,37.833333333333336,100.0,37.833333333333336,37.833333333333336,37.7514344588897,26.969504214162185,3299.0023193523157,2010.062132017688,5208132.014897417,134.0956659558934,0.6092939432708002,0.7929444436361975,-0.6958584731299814,0.7181789368766053,-0.7181789368766053,-0.6958584731299814,37.7514344588897,26.969504214162185,37.7514344588897,26.969504214162185,37.7514344588897,26.969504214162185,5208132.014897417,3299.0023193523157,2010.062132017688,0.6092939432708002,0.6092939432708002,0.6092939432708002,134.0956659558934,1741346.6084947132,646455.9639314391,0.7292674145691196,36.945,28.028333333333332,36.945,28.028333333333332,37.7514344588897,26.969504214162185,22127.696878433228,25.845584869384766,49.07511901855469,36.87949479738871,6.288879505305103,141.8307885206751,145.63015466631023,230,230,600,38.333333333333336,100.0,38.333333333333336,38.333333333333336
47,47,2024-07-15,4,Type 4,Type 4,Mixed,Mixed Multi-Day,22,8,2.571428571428572,6.714285714285714,7,3.6176470588235294,9.88888888888889,10,10,3.6176470588235294,9.88888888888889,10,2,0,586,0,1.25,61,30,30,61,49.18032786885246,100.0,49.18032786885246,49.18032786885246,25.17723116710817,20.97326431851314,955.7282358610823,458.576730466873,344220.167703957,145.3908009092171,0.4798191716641177,0.8773674045139584,-0.8230451881010702,0.5679758959178409,-0.5679758959178409,-0.8230451881010702,25.17723116710817,20.97326431851314,25.17723116710817,20.97326431851314,25.17723116710817,20.97326431851314,344220.167703957,955.7282358610823,458.576730466873,0.4798191716641177,0.4798191716641177,0.4798191716641177,145.3908009092171,146146.63373154186,33646.81883610994,0.8128584864710272,25.139344262295083,20.975409836065573,25.139344262295083,20.975409836065573,25.17723116710817,20.97326431851314,2484.243751525879,37.712196350097656,44.37941360473633,40.72530740206359,1.2217874484437257,3.94694433145883,93.44361824856817,30,30,61,49.18032786885246,100.0,49.18032786885246,49.18032786885246
47,47,2024-07-15,4,Type 4,Type 4,Mixed,Mixed Multi-Day,22,8,2.571428571428572,6.714285714285714,7,3.6176470588235294,9.88888888888889,10,10,3.6176470588235294,9.88888888888889,10,2,0,586,1,1.25,525,210,210,525,40.0,100.0,40.0,40.0,41.40560361142705,29.56666266855987,3602.520005513994,2085.9249421658096,5901942.30553529,135.7603702598302,0.5790182813622426,0.8153145588350026,-0.716428228399918,0.6976608012148561,-0.6976608012148561,-0.716428228399918,41.40560361142705,29.56666266855987,41.40560361142705,29.56666266855987,41.40560361142705,29.56666266855987,5901942.30553529,3602.520005513994,2085.9249421658096,0.5790182813622426,0.5790182813622426,0.5790182813622426,135.7603702598302,2076504.0624205675,696173.25829591,0.7489165965709943,40.23714285714286,30.51904761904762,40.23714285714286,30.51904761904762,41.40560361142705,29.56666266855987,18518.534282684326,23.947111129760742,48.64691162109375,35.27339863368443,6.048213194410651,154.4177477106566,132.8385810091146,206,206,525,39.23809523809524,100.0,39.23809523809524,39.23809523809524
47,47,2024-07-16,4,Type 4,Type 4,Mixed,Mixed Multi-Day,22,9,3.4285714285714284,7.428571428571429,7,3.6176470588235294,9.88888888888889,10,10,3.6176470588235294,9.88888888888889,10,2,0,561,0,1.25,50,22,22,50,44.0,100.0,44.0,44.0,24.19234206162929,20.770684430229892,823.9200945370686,391.81188609425845,253543.55947110988,137.25519550396737,0.4755459767180501,0.8796908684459989,-0.734384059152159,0.6787341553680633,-0.6787341553680633,-0.734384059152159,24.19234206162929,20.770684430229892,24.19234206162929,20.770684430229892,24.19234206162929,20.770684430229892,253543.55947110988,823.9200945370686,391.81188609425845,0.4755459767180501,0.4755459767180501,0.4755459767180501,137.25519550396737,108615.09154911552,24562.648653558423,0.8155649088490446,24.22,20.76,24.22,20.76,24.19234206162929,20.770684430229892,2021.630527496338,38.31056213378906,42.135833740234375,40.43261054992676,0.7941883052016735,3.113540671738912,292.3340187632867,22,22,50,44.0,100.0,44.0,44.0
47,47,2024-07-16,4,Type 4,Type 4,Mixed,Mixed Multi-Day,22,9,3.4285714285714284,7.428571428571429,7,3.6176470588235294,9.88888888888889,10,10,3.6176470588235294,9.88888888888889,10,2,0,561,1,1.25,511,202,202,511,39.53033268101761,100.0,39.53033268101761,39.53033268101761,41.2697586988498,30.440302983721626,3579.2609712516173,2044.9872023952591,5748755.535051236,136.87819500550367,0.5713434194434154,0.8207110923209857,-0.7299021909705394,0.6835516012828923,-0.6835516012828923,-0.7299021909705394,41.2697586988498,30.440302983721626,41.2697586988498,30.440302983721626,41.2697586988498,30.440302983721626,5748755.535051236,3579.2609712516173,2044.9872023952591,0.5713434194434154,0.5713434194434154,0.5713434194434154,136.87819500550367,2049777.4560520113,669115.6252736622,0.7539014572255942,40.13796477495108,31.210371819960862,40.13796477495108,31.210371819960862,41.2697586988498,30.440302983721626,17877.010637283325,23.851512908935547,49.036399841308594,34.98436523930201,5.735560755730991,137.8934747315054,127.96141066241793,200,200,511,39.13894324853229,100.0,39.13894324853229,39.13894324853229
47,47,2024-07-17,4,Type 4,Type 4,Mixed,Mixed Multi-Day,22,10,3.264705882352941,7.529411764705882,8,3.6176470588235294,9.88888888888889,10,10,3.6176470588235294,9.88888888888889,10,3,0,580,0,1.25,44,18,18,44,40.90909090909091,100.0,40.90909090909091,40.90909090909091,24.65005227001644,20.092603770960356,731.2349878498826,392.07688010382674,225173.91471577022,144.54462839271193,0.5361845188188907,0.8441008007216642,-0.8145675880754927,0.580068654951183,-0.580068654951183,-0.8145675880754927,24.65005227001644,20.092603770960356,24.65005227001644,20.092603770960356,24.65005227001644,20.092603770960356,225173.91471577022,731.2349878498826,392.07688010382674,0.5361845188188907,0.5361845188188907,0.5361845188188907,144.54462839271193,85552.73719293086,24595.884785912087,0.7767027463072902,24.65909090909091,20.09090909090909,24.65909090909091,20.09090909090909,24.65005227001644,20.092603770960356,1774.4357604980469,38.992897033691406,41.73516082763672,40.3280854658647,0.7048214926242499,0.9637549916057949,281.226763194197,18,18,44,40.90909090909091,100.0,40.90909090909091,40.90909090909091
47,47,2024-07-17,4,Type 4,Type 4,Mixed,Mixed Multi-Day,22,10,3.264705882352941,7.529411764705882,8,3.6176470588235294,9.88888888888889,10,10,3.6176470588235294,9.88888888888889,10,3,0,580,1,1.25,434,202,202,434,46.54377880184332,100.0,46.54377880184332,46.54377880184332,36.29442343455268,31.605657880557093,3306.3226139572716,1594.5824737569988,4140779.411543745,120.39998193024186,0.4822827836054615,0.8760155915494698,-0.5060334921043596,0.862513828798511,-0.862513828798511,-0.5060334921043596,36.29442343455268,31.605657880557093,36.29442343455268,31.605657880557093,36.29442343455268,31.605657880557093,4140779.411543745,3306.3226139572716,1594.5824737569988,0.4822827836054615,0.4822827836054615,0.4822827836054615,120.39998193024186,1749083.0764104393,406830.9224980783,0.8112953843687428,35.66129032258065,32.345622119815665,35.66129032258065,32.345622119815665,36.29442343455268,31.605657880557093,14835.46969795227,24.3570556640625,46.684539794921875,34.18310990311583,5.300189364356153,101.55558642520917,143.72768396057796,194,194,434,44.70046082949309,100.0,44.70046082949309,44.70046082949309
47,47,2024-07-17,4,Type 4,Type 4,Mixed,Mixed Multi-Day,22,10,3.264705882352941,7.529411764705882,8,3.6176470588235294,9.88888888888889,10,10,3.6176470588235294,9.88888888888889,10,3,0,580,2,1.25,102,52,52,102,50.98039215686274,100.0,50.98039215686274,50.98039215686274,56.84234897866096,29.53608235937519,1527.3633962674508,617.8399736358875,741153.6693031213,161.00802247890255,0.4045140633497936,0.9145317777705918,-0.945564151950928,0.3254357610117889,-0.3254357610117889,-0.945564151950928,56.84234897866096,29.53608235937519,56.84234897866096,29.53608235937519,56.84234897866096,29.53608235937519,741153.6693031213,1527.3633962674508,617.8399736358875,0.4045140633497936,0.4045140633497936,0.4045140633497936,161.00802247890255,373254.23108122265,61076.19728358307,0.8593784978097746,56.81372549019608,29.441176470588236,56.81372549019608,29.441176470588236,56.84234897866096,29.53608235937519,4021.221929550171,29.874202728271484,48.559356689453125,39.42374440735462,4.443259882153857,10.879799489037147,14.774572470567108,50,50,102,49.01960784313726,100.0,49.01960784313726,49.01960784313726
47,47,2024-07-18,4,Type 4,Type 4,Mixed,Mixed Multi-Day,22,11,3.565217391304348,7.434782608695652,7,3.6176470588235294,9.88888888888889,10,10,3.6176470588235294,9.88888888888889,10,2,0,600,0,1.25,51,23,23,51,45.09803921568628,100.0,45.09803921568628,45.09803921568628,26.06456932822138,19.86132588734393,752.3081122044689,449.8548905244374,265801.89474619384,168.63735403424383,0.597966289644597,0.8015212514017791,-0.980399829163666,0.1970182097570036,-0.1970182097570036,-0.980399829163666,26.06456932822138,19.86132588734393,26.06456932822138,19.86132588734393,26.06456932822138,19.86132588734393,265801.89474619384,752.3081122044689,449.8548905244374,0.597966289644597,0.597966289644597,0.597966289644597,168.63735403424383,90554.7993101843,32379.10760460057,0.7366136941613264,26.029411764705884,19.852941176470587,26.029411764705884,19.852941176470587,26.06456932822138,19.86132588734393,2083.7395935058594,38.26374816894531,43.903724670410156,40.85763908835018,1.2214242064391805,3.7976266495980946,75.84658383353994,23,23,51,45.09803921568628,100.0,45.09803921568628,45.09803921568628
47,47,2024-07-18,4,Type 4,Type 4,Mixed,Mixed Multi-Day,22,11,3.565217391304348,7.434782608695652,7,3.6176470588235294,9.88888888888889,10,10,3.6176470588235294,9.88888888888889,10,2,0,600,1,1.25,549,239,239,549,43.533697632058285,100.0,43.533697632058285,43.533697632058285,39.6247842234458,31.322549047445467,3186.7106402212353,1829.3316505251819,4578518.362335842,136.04501078943514,0.5740501278767444,0.8188201577176111,-0.7198852925339283,0.6940930525465159,-0.6940930525465159,-0.7198852925339283,39.6247842234458,31.322549047445467,39.6247842234458,31.322549047445467,39.6247842234458,31.322549047445467,4578518.362335842,3186.7106402212353,1829.3316505251819,0.5740501278767444,0.5740501278767444,0.5740501278767444,136.04501078943514,1624819.9527198775,535432.6860181098,0.7521434871011624,38.79690346083789,31.991803278688526,38.79690346083789,31.991803278688526,39.6247842234458,31.322549047445467,19531.491626739502,26.09882164001465,48.337158203125,35.57648748039982,5.568253476971504,108.03591529448634,133.16512925203668,224,224,549,40.80145719489982,100.0,40.80145719489982,40.80145719489982
47,47,2024-07-19,4,Type 4,Type 4,Mixed,Mixed Multi-Day,22,12,3.5,7.0,7,3.6176470588235294,9.88888888888889,10,10,3.6176470588235294,9.88888888888889,10,2,0,612,0,1.25,568,250,250,568,44.014084507042256,100.0,44.014084507042256,44.014084507042256,39.68304587300592,31.00714725521558,3160.5197779014907,1745.2937061539026,4332283.975435079,135.98798174220104,0.5522173024693855,0.8337002164168096,-0.7191940742469575,0.6948092425752997,-0.6948092425752997,-0.7191940742469575,39.68304587300592,31.00714725521558,39.68304587300592,31.00714725521558,39.68304587300592,31.00714725521558,4332283.975435079,3160.5197779014907,1745.2937061539026,0.5522173024693855,0.5522173024693855,0.5522173024693855,135.98798174220104,1598221.6426410382,487368.01931846805,0.7663164388432173,38.730633802816904,31.797535211267604,38.730633802816904,31.797535211267604,39.68304587300592,31.00714725521558,20368.245819091797,26.00186538696289,47.51445007324219,35.85958770966866,5.912636433439399,126.0298113034412,133.80587474268938,237,237,568,41.725352112676056,100.0,41.725352112676056,41.725352112676056
47,47,2024-07-19,4,Type 4,Type 4,Mixed,Mixed Multi-Day,22,12,3.5,7.0,7,3.6176470588235294,9.88888888888889,10,10,3.6176470588235294,9.88888888888889,10,2,0,612,1,1.25,44,17,17,44,38.63636363636363,100.0,38.63636363636363,38.63636363636363,26.544324026382416,19.523510284990316,708.8662813625674,431.82933403894606,240417.6460503614,179.0826523925413,0.6091830651175749,0.7930296294426561,-0.9998718309021803,0.016010052102400134,-0.016010052102400134,-0.9998718309021803,26.544324026382416,19.523510284990316,26.544324026382416,19.523510284990316,26.544324026382416,19.523510284990316,240417.6460503614,708.8662813625674,431.82933403894606,0.6091830651175749,0.6091830651175749,0.6091830651175749,179.0826523925413,80398.62477644713,29836.25179784315,0.7293392733311976,26.5,19.522727272727273,26.5,19.522727272727273,26.544324026382416,19.523510284990316,1800.6140975952148,38.72410583496094,43.94147491455078,40.923047672618516,1.1189892229229121,4.652995653793132,88.92519920471779,17,17,44,38.63636363636363,100.0,38.63636363636363,38.63636363636363
47,47,2024-07-20,4,Type 4,Type 4,Mixed,Mixed Multi-Day,22,13,3.4166666666666665,7.166666666666667,7,3.6176470588235294,9.88888888888889,10,10,3.6176470588235294,9.88888888888889,10,3,0,591,0,1.25,547,239,239,547,43.692870201096895,100.0,43.692870201096895,43.692870201096895,39.721774218689184,29.75103991262604,3273.656370094061,1665.5386221587496,4282305.825807342,135.93859644620954,0.5087701437982308,0.86090239910197,-0.7185949260531662,0.695428883675854,-0.695428883675854,-0.7185949260531662,39.721774218689184,29.75103991262604,39.721774218689184,29.75103991262604,39.721774218689184,29.75103991262604,4282305.825807342,3273.656370094061,1665.5386221587496,0.5087701437982308,0.5087701437982308,0.5087701437982308,135.93859644620954,1714692.1647131876,443843.0243043946,0.7943776749331561,38.61882998171846,30.648080438756857,38.61882998171846,30.648080438756857,39.721774218689184,29.75103991262604,19687.095235824585,26.267793655395508,47.7635498046875,35.99103333788772,6.148622595762048,145.4915222128737,132.837773958119,233,233,547,42.59597806215722,100.0,42.59597806215722,42.59597806215722
47,47,2024-07-20,4,Type 4,Type 4,Mixed,Mixed Multi-Day,22,13,3.4166666666666665,7.166666666666667,7,3.6176470588235294,9.88888888888889,10,10,3.6176470588235294,9.88888888888889,10,3,0,591,1,1.25,37,16,16,37,43.24324324324324,100.0,43.24324324324324,43.24324324324324,27.581750828584322,19.45398167688695,552.7227242690219,412.0900997348267,178891.36691643007,39.52522673608178,0.745563881564337,0.6664341666711869,0.7713444499773328,0.6364178968957159,-0.6364178968957159,0.7713444499773328,27.581750828584322,19.45398167688695,27.581750828584322,19.45398167688695,27.581750828584322,19.45398167688695,178891.36691643007,552.7227242690219,412.0900997348267,0.745563881564337,0.745563881564337,0.745563881564337,39.52522673608178,48880.38558773908,27170.92004791351,0.6427290784712594,27.527027027027028,19.445945945945947,27.527027027027028,19.445945945945947,27.581750828584322,19.45398167688695,1523.8279762268066,38.813011169433594,44.13350296020508,41.184539898021804,1.4159279131883333,5.814757217938594,81.19128999084924,16,16,37,43.24324324324324,100.0,43.24324324324324,43.24324324324324
47,47,2024-07-20,4,Type 4,Type 4,Mixed,Mixed Multi-Day,22,13,3.4166666666666665,7.166666666666667,7,3.6176470588235294,9.88888888888889,10,10,3.6176470588235294,9.88888888888889,10,3,0,591,2,1.25,7,4,4,7,57.142857142857146,100.0,57.142857142857146,57.142857142857146,49.490009062240304,42.93369397372662,282.4648557695633,151.27155122361484,33559.19714801522,139.07088177675564,0.535541141256253,0.844509139099128,-0.7555206264847274,0.6551248605847019,-0.6551248605847019,-0.7555206264847274,49.490009062240304,42.93369397372662,49.490009062240304,42.93369397372662,49.490009062240304,42.93369397372662,33559.19714801522,282.4648557695633,151.27155122361484,0.535541141256253,0.535541141256253,0.535541141256253,139.07088177675564,12765.823159187232,3661.293153535796,0.7771189365293485,49.5,42.92857142857143,49.5,42.92857142857143,49.490009062240304,42.93369397372662,202.33313179016113,28.144695281982422,30.156095504760742,28.904733112880162,0.5900174374586826,0.9944909003343732,304.9087989484074,4,4,7,57.142857142857146,100.0,57.142857142857146,57.142857142857146
47,47,2024-07-21,4,Type 4,Type 4,Mixed,Mixed Multi-Day,22,14,3.2222222222222223,7.666666666666667,8,3.6176470588235294,9.88888888888889,10,10,3.6176470588235294,9.88888888888889,10,1,6,659,0,1.25,659,288,288,659,43.70257966616085,100.0,43.70257966616085,43.70257966616085,39.48341414962443,28.47728998777395,3106.578923803776,2054.5294682409967,5012849.28728698,141.8182291001549,0.6613479066951814,0.750079293348311,-0.7860536048634537,0.6181583375488594,-0.6181583375488594,-0.7860536048634537,39.48341414962443,28.47728998777395,39.48341414962443,28.47728998777395,39.48341414962443,28.47728998777395,5012849.28728698,3106.578923803776,2054.5294682409967,0.6613479066951814,0.6613479066951814,0.6613479066951814,141.8182291001549,1544133.2175714918,675374.6137393011,0.6957097405957611,38.580424886191196,29.336115326251896,38.580424886191196,29.336115326251896,39.48341414962443,28.47728998777395,24239.154567718506,26.009286880493164,48.10505676269531,36.78172165055919,6.036802106532891,129.67564762930138,137.0065583873597,281,281,659,42.640364188163886,100.0,42.640364188163886,42.640364188163886
47,47,2024-07-22,4,Type 4,Type 4,Mixed,Mixed Multi-Day,22,15,3.361111111111111,9.88888888888889,10,3.6176470588235294,9.88888888888889,10,10,3.6176470588235294,9.88888888888889,10,1,13,657,0,1.25,657,283,283,657,43.074581430745816,100.0,43.074581430745816,43.074581430745816,39.78295212017555,28.816970553821065,3095.3734968311283,2106.1880112234894,5120355.06299069,145.0557597681818,0.6804309765460252,0.7328121765886688,-0.8197098560289523,0.5727789730157649,-0.5727789730157649,-0.8197098560289523,39.78295212017555,28.816970553821065,39.78295212017555,28.816970553821065,39.78295212017555,28.816970553821065,5120355.06299069,3095.3734968311283,2106.1880112234894,0.6804309765460252,0.6804309765460252,0.6804309765460252,145.0557597681818,1533013.9335815306,709764.4701794493,0.683533393674014,38.89573820395738,29.573059360730593,38.89573820395738,29.573059360730593,39.78295212017555,28.816970553821065,24173.96925354004,26.446239471435547,49.48826599121094,36.79447374968043,5.863191181051504,120.28394727076002,133.94672653079527,278,278,657,42.31354642313546,100.0,42.31354642313546,42.31354642313546
47,47,2024-07-23,4,Type 4,Type 4,Mixed,Mixed Multi-Day,22,16,3.5,9.36842105263158,9,3.6176470588235294,9.88888888888889,10,10,3.6176470588235294,9.88888888888889,10,1,13,646,0,1.25,646,272,272,646,42.10526315789474,100.0,42.10526315789474,42.10526315789474,40.85795242725716,28.660004567010578,3164.1130725687626,2198.2623159174923,5462876.612253347,157.54435528678545,0.6947483435327577,0.7192529034758839,-0.9241755084104263,0.38196810030986905,-0.38196810030986905,-0.9241755084104263,40.85795242725716,28.660004567010578,40.85795242725716,28.660004567010578,40.85795242725716,28.660004567010578,5462876.612253347,3164.1130725687626,2198.2623159174923,0.6947483435327577,0.6947483435327577,0.6947483435327577,157.54435528678545,1601857.8457600859,773177.15353327,0.674456522214067,39.857585139318886,29.359133126934985,39.857585139318886,29.359133126934985,40.85795242725716,28.660004567010578,23871.981075286865,26.545074462890625,48.846866607666016,36.953531076295455,6.0278458873043474,124.51409709430764,128.24243695473402,269,269,646,41.640866873065015,100.0,41.640866873065015,41.640866873065015
47,47,2024-07-24,4,Type 4,Type 4,Mixed,Mixed Multi-Day,22,17,3.5,8.0,8,3.6176470588235294,9.88888888888889,10,10,3.6176470588235294,9.88888888888889,10,1,3,612,0,1.25,612,274,274,612,44.77124183006536,100.0,44.77124183006536,44.77124183006536,43.15788528553191,28.896424489738788,3262.387706791519,2241.0503464110393,5742183.496156644,170.61796029062242,0.6869356274687104,0.7267182698365091,-0.9866233103050384,0.16301669718997508,-0.16301669718997508,-0.9866233103050384,43.15788528553191,28.896424489738788,43.15788528553191,28.896424489738788,43.15788528553191,28.896424489738788,5742183.496156644,3262.387706791519,2241.0503464110393,0.6869356274687104,0.6869356274687104,0.6869356274687104,170.61796029062242,1702907.7679079084,803569.0648238462,0.6794029554432172,42.068627450980394,29.53921568627451,42.068627450980394,29.53921568627451,43.15788528553191,28.896424489738788,22720.569160461426,25.713180541992188,48.42929458618164,37.12511300728991,6.093448325797131,127.64517180737431,123.66155844498999,275,275,612,44.93464052287582,100.0,44.93464052287582,44.93464052287582
47,47,2024-07-25,4,Type 4,Type 4,Mixed,Mixed Multi-Day,22,18,3.54,7.76,8,3.6176470588235294,9.88888888888889,10,10,3.6176470588235294,9.88888888888889,10,2,1,566,0,1.25,522,242,242,522,46.36015325670498,100.0,46.36015325670498,46.36015325670498,46.369615431010054,28.10239592107289,3552.4823838106254,1913.5812445471424,5339108.174383738,5.527901771062574,0.5386603050497072,0.8425230416812092,0.9953494055902051,0.09633047695939899,-0.09633047695939899,0.9953494055902051,46.369615431010054,28.10239592107289,46.369615431010054,28.10239592107289,46.369615431010054,28.10239592107289,5339108.174383738,3552.4823838106254,1913.5812445471424,0.5386603050497072,0.5386603050497072,0.5386603050497072,5.527901771062574,2019220.9739655717,585886.9087172145,0.7751007117164538,45.45402298850575,28.471264367816094,45.45402298850575,28.471264367816094,46.369615431010054,28.10239592107289,19812.67774581909,24.732662200927734,49.17451477050781,37.955321352143855,5.916848659927219,98.68453909928405,114.2541703594176,244,244,522,46.74329501915709,100.0,46.74329501915709,46.74329501915709
47,47,2024-07-25,4,Type 4,Type 4,Mixed,Mixed Multi-Day,22,18,3.54,7.76,8,3.6176470588235294,9.88888888888889,10,10,3.6176470588235294,9.88888888888889,10,2,1,566,1,1.25,44,19,19,44,43.18181818181818,100.0,43.18181818181818,43.18181818181818,34.32211977982133,43.13362664146766,703.2847889427396,332.8189030945084,183835.37723662355,172.325893048108,0.4732348947783172,0.880936282806058,-0.9910436494134376,0.1335383276714792,-0.1335383276714792,-0.9910436494134376,34.32211977982133,43.13362664146766,34.32211977982133,43.13362664146766,34.32211977982133,43.13362664146766,183835.37723662355,703.2847889427396,332.8189030945084,0.4732348947783172,0.4732348947783172,0.4732348947783172,172.325893048108,79137.51909731739,17722.94756112509,0.817025994479035,34.31818181818182,43.13636363636363,34.31818181818182,43.13636363636363,34.32211977982133,43.13362664146766,1194.2673473358154,26.132553100585938,29.20330810546875,27.142439712177623,0.6465170669942149,0.44171714143207796,133.5003411929302,19,19,44,43.18181818181818,100.0,43.18181818181818,43.18181818181818
47,47,2024-07-26,4,Type 4,Type 4,Mixed,Mixed Multi-Day,22,19,3.6176470588235294,6.588235294117647,7,3.6176470588235294,9.88888888888889,10,10,3.6176470588235294,9.88888888888889,10,3,0,517,0,1.25,392,189,189,392,48.214285714285715,100.0,48.214285714285715,48.214285714285715,52.03919091841551,27.606320946626404,3276.2298729859594,1413.094299947718,3636096.426613791,25.506352113414863,0.4313172013964399,0.902200350132687,0.9025375500639454,0.43061115954486273,-0.43061115954486273,0.9025375500639454,52.03919091841551,27.606320946626404,52.03919091841551,27.606320946626404,52.03919091841551,27.606320946626404,3636096.426613791,3276.2298729859594,1413.094299947718,0.4313172013964399,0.4313172013964399,0.4313172013964399,25.506352113414863,1717389.1489032954,319493.6800871569,0.8431457737578805,52.13265306122449,27.744897959183675,52.13265306122449,27.744897959183675,52.03919091841551,27.606320946626404,15551.627241134644,20.879655838012695,49.108741760253906,39.672518472282256,4.809187532154623,17.911827610636614,211.00387759781114,193,193,392,49.234693877551024,100.0,49.234693877551024,49.234693877551024
47,47,2024-07-26,4,Type 4,Type 4,Mixed,Mixed Multi-Day,22,19,3.6176470588235294,6.588235294117647,7,3.6176470588235294,9.88888888888889,10,10,3.6176470588235294,9.88888888888889,10,3,0,517,1,1.25,85,40,40,85,47.05882352941177,100.0,47.05882352941177,47.05882352941177,27.558048856399527,34.80579180529087,1040.054291996598,515.7508967387896,421294.59140058904,163.92977052394986,0.495888436505271,0.8683862381108753,-0.9609231153932049,0.2768154011304599,-0.2768154011304599,-0.9609231153932049,27.558048856399527,34.80579180529087,27.558048856399527,34.80579180529087,27.558048856399527,34.80579180529087,421294.59140058904,1040.054291996598,515.7508967387896,0.495888436505271,0.495888436505271,0.495888436505271,163.92977052394986,173074.06884808722,42559.8379978985,0.8026291939871198,27.488235294117647,34.84117647058824,27.488235294117647,34.84117647058824,27.558048856399527,34.80579180529087,2426.657236099243,25.38560676574707,31.43587875366211,28.548908659991096,1.2052219417233576,7.496713538539277,121.55591404733691,40,40,85,47.05882352941177,100.0,47.05882352941177,47.05882352941177
47,47,2024-07-26,4,Type 4,Type 4,Mixed,Mixed Multi-Day,22,19,3.6176470588235294,6.588235294117647,7,3.6176470588235294,9.88888888888889,10,10,3.6176470588235294,9.88888888888889,10,3,0,517,2,1.25,40,19,19,40,47.5,100.0,47.5,47.5,34.750257810077734,43.474016599015975,681.607860968913,307.82618012739994,164789.68553439865,171.0043016087066,0.45161770829611864,0.8922115475341943,-0.9877000824786327,0.15636031168970618,-0.15636031168970618,-0.9877000824786327,34.750257810077734,43.474016599015975,34.750257810077734,43.474016599015975,34.750257810077734,43.474016599015975,164789.68553439865,681.607860968913,307.82618012739994,0.45161770829611864,0.45161770829611864,0.45161770829611864,171.0043016087066,74334.28418153874,15161.113147492237,0.8305933757492332,34.6,43.475,34.6,43.475,34.750257810077734,43.474016599015975,1060.7343978881836,23.70555877685547,29.4454288482666,26.51835994720459,1.4922382815373405,12.157953340576437,90.46320567241355,19,19,40,47.5,100.0,47.5,47.5
47,47,2024-07-27,4,Type 4,Type 4,Mixed,Mixed Multi-Day,22,20,3.142857142857143,8.952380952380953,9,3.6176470588235294,9.88888888888889,10,10,3.6176470588235294,9.88888888888889,10,4,6,496,0,1.25,139,54,54,139,38.84892086330935,100.0,38.84892086330935,38.84892086330935,29.392213841866706,37.7638768221926,1395.1711480628314,931.042112250751,1020203.2272834501,47.95097931294317,0.6673318277427721,0.7447605196850133,0.6697661755731179,0.7425720638821255,-0.7425720638821255,0.6697661755731179,29.392213841866706,37.7638768221926,29.392213841866706,37.7638768221926,29.392213841866706,37.7638768221926,1020203.2272834501,1395.1711480628314,931.042112250751,0.6673318277427721,0.6673318277427721,0.6673318277427721,47.95097931294317,311440.40518191335,138694.30636549435,0.6918826679935186,29.4568345323741,37.87410071942446,29.4568345323741,37.87410071942446,29.392213841866706,37.7638768221926,3957.2118072509766,24.620616912841797,33.82872009277344,28.46914969245307,1.6492974718172526,13.49243244170393,204.96158108394806,55,55,139,39.568345323741006,100.0,39.568345323741006,39.568345323741006
47,47,2024-07-27,4,Type 4,Type 4,Mixed,Mixed Multi-Day,22,20,3.142857142857143,8.952380952380953,9,3.6176470588235294,9.88888888888889,10,10,3.6176470588235294,9.88888888888889,10,4,6,496,1,1.25,10,6,6,10,60.0,100.0,60.0,60.0,25.690572211637658,19.79627283526689,464.09802125111355,216.03002125850392,78743.31724260247,169.9634892428569,0.4654836077002248,0.8850565015649471,-0.9846968987352333,0.17427569429273215,-0.17427569429273215,-0.9846968987352333,25.690572211637658,19.79627283526689,25.690572211637658,19.79627283526689,25.690572211637658,19.79627283526689,78743.31724260247,464.09802125111355,216.03002125850392,0.4654836077002248,0.4654836077002248,0.4654836077002248,169.9634892428569,34461.91573267185,7467.035213591944,0.821912186089232,25.7,19.8,25.7,19.8,25.690572211637658,19.79627283526689,398.814754486084,38.999900817871094,41.04601287841797,39.8814754486084,0.5806569813289152,1.0705484333830804,247.33218640103024,6,6,10,60.0,100.0,60.0,60.0
47,47,2024-07-27,4,Type 4,Type 4,Mixed,Mixed Multi-Day,22,20,3.142857142857143,8.952380952380953,9,3.6176470588235294,9.88888888888889,10,10,3.6176470588235294,9.88888888888889,10,4,6,496,2,1.25,20,9,9,20,45.0,100.0,45.0,45.0,37.4731118405491,22.74765733114762,873.514443907889,160.02964236531764,109789.39873297379,116.89472838915593,0.18320205633851266,0.9830752802066282,-0.4523526558118188,0.8918391529754647,-0.8918391529754647,-0.4523526558118188,37.4731118405491,22.74765733114762,37.4731118405491,22.74765733114762,37.4731118405491,22.74765733114762,109789.39873297379,873.514443907889,160.02964236531764,0.18320205633851266,0.18320205633851266,0.18320205633851266,116.89472838915593,122084.39739451336,4097.517829691435,0.9675269009634954,37.45,22.8,37.45,22.8,37.4731118405491,22.74765733114762,674.4769821166992,32.242984771728516,36.93053436279297,33.72384910583496,1.2157805042873107,6.26355987078767,157.72847089576754,10,10,20,50.0,100.0,50.0,50.0
47,47,2024-07-27,4,Type 4,Type 4,Mixed,Mixed Multi-Day,22,20,3.142857142857143,8.952380952380953,9,3.6176470588235294,9.88888888888889,10,10,3.6176470588235294,9.88888888888889,10,4,6,496,3,1.25,327,158,158,327,48.318042813455655,100.0,48.318042813455655,48.318042813455655,57.380362463867975,29.191662539819173,2116.416932796069,1132.3284219257594,1882190.2410739237,52.71343627905537,0.5350214338106823,0.8448384847786953,0.6058018392594917,0.7956155676894571,-0.7956155676894571,0.6058018392594917,57.380362463867975,29.191662539819173,57.380362463867975,29.191662539819173,57.380362463867975,29.191662539819173,1882190.2410739237,2116.416932796069,1132.3284219257594,0.5350214338106823,0.5350214338106823,0.5350214338106823,52.71343627905537,716675.3013481472,205146.82481614084,0.7774550870570237,57.637614678899084,29.42966360856269,57.637614678899084,29.42966360856269,57.380362463867975,29.191662539819173,13242.666645050049,21.907575607299805,50.03865051269531,40.49745151391452,5.630547479673451,36.3382542561576,223.51400441724923,154,154,327,47.09480122324159,100.0,47.09480122324159,47.09480122324159
47,47,2024-07-28,4,Type 4,Type 4,Mixed,Mixed Multi-Day,22,21,3.1041666666666665,9.625,10,3.6176470588235294,9.88888888888889,10,10,3.6176470588235294,9.88888888888889,10,3,4,483,0,1.25,149,57,57,149,38.25503355704698,100.0,38.25503355704698,38.25503355704698,29.21093641817833,37.908755927464576,1332.31400882045,936.700234072608,980160.2919738981,48.98779121789947,0.7030626623087943,0.7111279019046224,0.6562198302128208,0.7545697677719779,-0.7545697677719779,0.6562198302128208,29.21093641817833,37.908755927464576,29.21093641817833,37.908755927464576,29.21093641817833,37.908755927464576,980160.2919738981,1332.31400882045,936.700234072608,0.7030626623087943,0.7030626623087943,0.7030626623087943,48.98779121789947,284009.6988958749,140385.1725618686,0.6692109589362779,29.251677852348994,37.98322147651007,29.251677852348994,37.98322147651007,29.21093641817833,37.908755927464576,4331.250213623047,26.121938705444336,36.596378326416016,29.06879338002045,2.0191799930048107,9.007756099831585,203.4377027798305,57,57,149,38.25503355704698,100.0,38.25503355704698,38.25503355704698
47,47,2024-07-28,4,Type 4,Type 4,Mixed,Mixed Multi-Day,22,21,3.1041666666666665,9.625,10,3.6176470588235294,9.88888888888889,10,10,3.6176470588235294,9.88888888888889,10,3,4,483,1,1.25,23,10,10,23,43.47826086956522,100.0,43.47826086956522,43.47826086956522,37.95447189273949,21.713816851494467,1082.9659131497053,143.359448587759,121935.73219623319,116.75204367004063,0.13237669519145936,0.9911994807152531,-0.45013029221257705,0.8929628883848533,-0.8929628883848533,-0.45013029221257705,37.95447189273949,21.713816851494467,37.95447189273949,21.713816851494467,37.95447189273949,21.713816851494467,121935.73219623319,1082.9659131497053,143.359448587759,0.13237669519145936,0.13237669519145936,0.13237669519145936,116.75204367004063,187650.427047068,3288.309039901811,0.9827781983515173,37.93478260869565,21.76086956521739,37.93478260869565,21.76086956521739,37.95447189273949,21.713816851494467,772.6179885864258,32.244869232177734,36.61016845703125,33.59208646027938,0.9862462347432378,5.594007326860682,158.64302134579214,10,10,23,43.47826086956522,100.0,43.47826086956522,43.47826086956522
47,47,2024-07-28,4,Type 4,Type 4,Mixed,Mixed Multi-Day,22,21,3.1041666666666665,9.625,10,3.6176470588235294,9.88888888888889,10,10,3.6176470588235294,9.88888888888889,10,3,4,483,2,1.25,311,144,144,311,46.30225080385852,100.0,46.30225080385852,46.30225080385852,57.461625219807445,28.936694867300154,2193.1038575460516,1071.3929805486246,1845431.27670268,53.85389926564881,0.48852815468002847,0.8725481316723601,0.5898462829802582,0.8075155493576412,-0.8075155493576412,0.5898462829802582,57.461625219807445,28.936694867300154,57.461625219807445,28.936694867300154,57.461625219807445,28.936694867300154,1845431.27670268,2193.1038575460516,1071.3929805486246,0.48852815468002847,0.48852815468002847,0.48852815468002847,53.85389926564881,769552.7247973396,183661.2670030185,0.8073242015089045,57.660771704180064,29.088424437299036,57.660771704180064,29.088424437299036,57.461625219807445,28.936694867300154,12594.231391906738,22.221729278564453,49.90522766113281,40.49592087429819,5.582590638367702,25.676102236603924,229.13092173545664,142,142,311,45.659163987138264,100.0,45.659163987138264,45.659163987138264
47,47,2024-07-29,4,Type 4,Type 4,Mixed,Mixed Multi-Day,22,22,3.4615384615384617,7.0,7,3.6176470588235294,9.88888888888889,10,10,3.6176470588235294,9.88888888888889,10,2,3,410,0,1.25,151,60,60,151,39.735099337748345,100.0,39.735099337748345,39.735099337748345,29.2033352275055,37.87187640639925,1314.246256482181,934.9436747935922,965055.0280974463,47.73687632357677,0.7113915449119398,0.7027958948569659,0.6725363377669088,0.740064101536532,-0.740064101536532,0.6725363377669088,29.2033352275055,37.87187640639925,29.2033352275055,37.87187640639925,29.2033352275055,37.87187640639925,965055.0280974463,1314.246256482181,934.9436747935922,0.7113915449119398,0.7113915449119398,0.7113915449119398,47.73687632357677,276358.91562838823,139859.1480058474,0.6639762657471951,29.274834437086092,37.93046357615894,29.274834437086092,37.93046357615894,29.2033352275055,37.87187640639925,4404.249044418335,26.17841339111328,37.40087127685547,29.16721221469096,2.3883451672635045,9.046036318255304,224.0612912124677,59,59,151,39.0728476821192,100.0,39.0728476821192,39.0728476821192
47,47,2024-07-29,4,Type 4,Type 4,Mixed,Mixed Multi-Day,22,22,3.4615384615384617,7.0,7,3.6176470588235294,9.88888888888889,10,10,3.6176470588235294,9.88888888888889,10,2,3,410,1,1.25,259,131,131,259,50.57915057915058,100.0,50.57915057915058,50.57915057915058,55.24506343601201,27.25013387723919,2768.0085223799347,1176.7173790575275,2558170.4143043365,41.25281812312062,0.42511335118498317,0.9051401210002091,0.7518073762980485,0.6593827939397908,-0.6593827939397908,0.7518073762980485,55.24506343601201,27.25013387723919,55.24506343601201,27.25013387723919,55.24506343601201,27.25013387723919,2558170.4143043365,2768.0085223799347,1176.7173790575275,0.42511335118498317,0.42511335118498317,0.42511335118498317,41.25281812312062,1225899.388794872,221546.20642816272,0.8469398731397396,55.17953667953668,27.368725868725868,55.17953667953668,27.368725868725868,55.24506343601201,27.25013387723919,10145.813743591309,22.137025833129883,49.16437530517578,39.17302603703208,5.5282610125724565,14.654459833001505,153.71555008468226,129,129,259,49.80694980694981,100.0,49.80694980694981,49.80694980694981
48,48,2024-08-05,4,Type 4,Type 4,Mixed,Mixed Multi-Day,19,1,3.333333333333333,7.62962962962963,8,3.6176470588235294,8.882352941176471,9,9,3.6176470588235294,8.882352941176471,9,2,3,408,0,1.25,397,169,169,397,42.56926952141058,100.0,42.56926952141058,42.56926952141058,46.58253735366067,35.629785690949866,3102.847839783718,1358.337126337619,3310228.1778652864,2.811505321875984,0.43777110463537944,0.8990864585490762,0.9987963078895208,0.049050334823135186,-0.049050334823135186,0.9987963078895208,46.58253735366067,35.629785690949866,46.58253735366067,35.629785690949866,46.58253735366067,35.629785690949866,3310228.1778652864,3102.847839783718,1358.337126337619,0.43777110463537944,0.43777110463537944,0.43777110463537944,2.811505321875984,1540426.354696078,295212.7598059425,0.8391771250276343,45.313602015113354,35.721662468513856,45.313602015113354,35.721662468513856,46.58253735366067,35.629785690949866,13847.908979415894,23.45692253112793,47.85668182373047,34.88138281968739,5.803005081992053,115.32902651613024,94.70075379416639,168,168,397,42.31738035264484,100.0,42.31738035264484,42.31738035264484
48,48,2024-08-05,4,Type 4,Type 4,Mixed,Mixed Multi-Day,19,1,3.333333333333333,7.62962962962963,8,3.6176470588235294,8.882352941176471,9,9,3.6176470588235294,8.882352941176471,9,2,3,408,1,1.25,11,5,5,11,45.45454545454545,100.0,45.45454545454545,45.45454545454545,48.241288634437865,16.613914712503764,365.75183957570147,184.75304899902267,53072.31291867217,25.64446472606818,0.5051322481750182,0.8630419525455595,0.901496932186649,0.43278549104384323,-0.43278549104384323,0.901496932186649,48.241288634437865,16.613914712503764,48.241288634437865,16.613914712503764,48.241288634437865,16.613914712503764,53072.31291867217,365.75183957570147,184.75304899902267,0.5051322481750182,0.5051322481750182,0.5051322481750182,25.64446472606818,21403.905304481545,5461.390258309643,0.7967120724376565,48.22727272727273,16.59090909090909,48.22727272727273,16.59090909090909,48.241288634437865,16.613914712503764,457.44067001342773,38.62358093261719,43.656063079833984,41.585515455766156,1.4392469098491316,2.952716001026897,30.430235595462065,5,5,11,45.45454545454545,100.0,45.45454545454545,45.45454545454545
48,48,2024-08-06,4,Type 4,Type 4,Mixed,Mixed Multi-Day,19,2,3.44,7.76,8,3.6176470588235294,8.882352941176471,9,9,3.6176470588235294,8.882352941176471,9,2,2,417,0,1.25,406,169,169,406,41.6256157635468,100.0,41.6256157635468,41.6256157635468,47.32465414117659,35.9841835875311,3193.1357277040383,1343.490987261729,3369318.12164703,5.958872378921228,0.4207434640517896,0.9071796610692396,0.9945966709730548,0.10381455624967488,-0.10381455624967488,0.9945966709730548,47.32465414117659,35.9841835875311,47.32465414117659,35.9841835875311,47.32465414117659,35.9841835875311,3369318.12164703,3193.1357277040383,1343.490987261729,0.4207434640517896,0.4207434640517896,0.4207434640517896,5.958872378921228,1631378.5240864,288794.8852565593,0.8495995810319139,46.022167487684726,36.00738916256157,46.022167487684726,36.00738916256157,47.32465414117659,35.9841835875311,14372.673475265503,21.947372436523438,48.722679138183594,35.40067358439779,6.152857850743996,117.4705942528246,90.87315334583236,170,170,406,41.87192118226601,100.0,41.87192118226601,41.87192118226601
48,48,2024-08-06,4,Type 4,Type 4,Mixed,Mixed Multi-Day,19,2,3.44,7.76,8,3.6176470588235294,8.882352941176471,9,9,3.6176470588235294,8.882352941176471,9,2,2,417,1,1.25,11,5,5,11,45.45454545454545,100.0,45.45454545454545,45.45454545454545,48.23555609047756,16.61158263439384,365.75183957570147,184.75304899902267,53072.31291867217,25.64446472606818,0.5051322481750182,0.8630419525455595,0.901496932186649,0.43278549104384323,-0.43278549104384323,0.901496932186649,48.23555609047756,16.61158263439384,48.23555609047756,16.61158263439384,48.23555609047756,16.61158263439384,53072.31291867217,365.75183957570147,184.75304899902267,0.5051322481750182,0.5051322481750182,0.5051322481750182,25.64446472606818,21403.905304481545,5461.390258309643,0.7967120724376565,48.22727272727273,16.59090909090909,48.22727272727273,16.59090909090909,48.23555609047756,16.61158263439384,451.7291831970215,38.68321228027344,42.79557800292969,41.066289381547406,1.285265774909406,2.4526489036267836,21.12283338349141,5,5,11,45.45454545454545,100.0,45.45454545454545,45.45454545454545
48,48,2024-08-07,4,Type 4,Type 4,Mixed,Mixed Multi-Day,19,3,3.5588235294117645,6.823529411764706,7,3.6176470588235294,8.882352941176471,9,9,3.6176470588235294,8.882352941176471,9,2,2,418,0,1.25,407,170,170,407,41.76904176904177,100.0,41.76904176904177,41.76904176904177,47.99583467873804,36.34088034912897,3274.521894822813,1305.3100284512702,3357000.8765196907,7.065957509244669,0.39862614157964016,0.9171135149202244,0.9924052009815358,0.12301185741544392,-0.12301185741544392,0.9924052009815358,47.99583467873804,36.34088034912897,47.99583467873804,36.34088034912897,47.99583467873804,36.34088034912897,3357000.8765196907,3274.521894822813,1305.3100284512702,0.39862614157964016,0.39862614157964016,0.39862614157964016,7.065957509244669,1715598.9823478376,272613.48326007294,0.8628851352781759,46.6990171990172,36.28132678132678,46.6990171990172,36.28132678132678,47.99583467873804,36.34088034912897,14477.838075637817,23.022079467773438,46.730674743652344,35.57208372392584,5.962120196084316,116.6513255205453,86.36861547100261,168,168,407,41.27764127764128,100.0,41.27764127764128,41.27764127764128
48,48,2024-08-07,4,Type 4,Type 4,Mixed,Mixed Multi-Day,19,3,3.5588235294117645,6.823529411764706,7,3.6176470588235294,8.882352941176471,9,9,3.6176470588235294,8.882352941176471,9,2,2,418,1,1.25,11,5,5,11,45.45454545454545,100.0,45.45454545454545,45.45454545454545,48.24058450668354,16.609341186599284,365.75183957570147,184.75304899902267,53072.31291867217,25.64446472606818,0.5051322481750182,0.8630419525455595,0.901496932186649,0.43278549104384323,-0.43278549104384323,0.901496932186649,48.24058450668354,16.609341186599284,48.24058450668354,16.609341186599284,48.24058450668354,16.609341186599284,53072.31291867217,365.75183957570147,184.75304899902267,0.5051322481750182,0.5051322481750182,0.5051322481750182,25.64446472606818,21403.905304481545,5461.390258309643,0.7967120724376565,48.22727272727273,16.59090909090909,48.22727272727273,16.59090909090909,48.24058450668354,16.609341186599284,443.0501251220703,38.51178741455078,42.13977813720703,40.27728410200639,1.090349576543078,2.4856622177173917,34.85106942949296,5,5,11,45.45454545454545,100.0,45.45454545454545,45.45454545454545
48,48,2024-08-08,4,Type 4,Type 4,Mixed,Mixed Multi-Day,19,4,3.6176470588235294,7.823529411764706,8,3.6176470588235294,8.882352941176471,9,9,3.6176470588235294,8.882352941176471,9,2,7,384,0,1.25,373,163,162,374,43.43163538873995,99.38650306748467,43.31550802139037,43.31550802139037,46.9178191907216,36.17657911953099,3396.6444740574334,1415.6723560214116,3776615.0957526094,0.5854483168077991,0.4167855561080645,0.9090048405920023,0.9999477966847596,0.01021782292343176,-0.01021782292343176,0.9999477966847596,46.9178191907216,36.17657911953099,46.9178191907216,36.17657911953099,46.9178191907216,36.17657911953099,3776615.0957526094,3396.6444740574334,1415.6723560214116,0.4167855561080645,0.4167855561080645,0.4167855561080645,0.5854483168077991,1845950.9893031833,320660.51513651427,0.8519990711396875,45.288203753351205,36.27479892761394,45.288203753351205,36.27479892761394,46.9178191907216,36.17657911953099,13111.97186088562,23.875247955322266,47.63053894042969,35.15273957341989,6.412754647915612,146.91538706440477,93.77245855545641,161,160,374,42.89544235924933,99.37888198757764,42.780748663101605,42.780748663101605
48,48,2024-08-08,4,Type 4,Type 4,Mixed,Mixed Multi-Day,19,4,3.6176470588235294,7.823529411764706,8,3.6176470588235294,8.882352941176471,9,9,3.6176470588235294,8.882352941176471,9,2,7,384,1,1.25,11,5,5,11,45.45454545454545,100.0,45.45454545454545,45.45454545454545,48.235163222054624,16.60984156844886,365.75183957570147,184.75304899902267,53072.31291867217,25.64446472606818,0.5051322481750182,0.8630419525455595,0.901496932186649,0.43278549104384323,-0.43278549104384323,0.901496932186649,48.235163222054624,16.60984156844886,48.235163222054624,16.60984156844886,48.235163222054624,16.60984156844886,53072.31291867217,365.75183957570147,184.75304899902267,0.5051322481750182,0.5051322481750182,0.5051322481750182,25.64446472606818,21403.905304481545,5461.390258309643,0.7967120724376565,48.22727272727273,16.59090909090909,48.22727272727273,16.59090909090909,48.235163222054624,16.60984156844886,457.01879501342773,39.38964080810547,43.11802291870117,41.54716318303888,1.1557802040078409,2.2580178298558238,21.892670334220828,5,5,11,45.45454545454545,100.0,45.45454545454545,45.45454545454545
48,48,2024-08-09,4,Type 4,Type 4,Mixed,Mixed Multi-Day,19,5,3.409090909090909,6.909090909090909,7,3.6176470588235294,8.882352941176471,9,9,3.6176470588235294,8.882352941176471,9,2,13,382,0,1.25,371,167,167,371,45.01347708894879,100.0,45.01347708894879,45.01347708894879,45.37239798445289,35.223989656514604,3433.4286452945944,1389.842027120519,3747859.8964992636,173.77467508219115,0.4047971199358559,0.9144065243050469,-0.9941031308011468,0.10843876304789811,-0.10843876304789811,-0.9941031308011468,45.37239798445289,35.223989656514604,45.37239798445289,35.223989656514604,45.37239798445289,35.223989656514604,3747859.8964992636,3433.4286452945944,1389.842027120519,0.4047971199358559,0.4047971199358559,0.4047971199358559,173.77467508219115,1886149.161972716,309065.7376560758,0.8592093477006107,43.76684636118598,35.602425876010784,43.76684636118598,35.602425876010784,45.37239798445289,35.223989656514604,12798.226900100708,23.075347900390625,48.19367218017578,34.49656846388331,6.40237301364386,151.74919112563677,105.59601448006055,169,169,371,45.55256064690027,100.0,45.55256064690027,45.55256064690027
48,48,2024-08-09,4,Type 4,Type 4,Mixed,Mixed Multi-Day,19,5,3.409090909090909,6.909090909090909,7,3.6176470588235294,8.882352941176471,9,9,3.6176470588235294,8.882352941176471,9,2,13,382,1,1.25,11,5,5,11,45.45454545454545,100.0,45.45454545454545,45.45454545454545,49.2086882739539,43.059336342053705,316.57965737842767,179.28155662843395,44576.760128437876,121.18024562373287,0.5663078863406797,0.8241937744659029,-0.5177320670342255,0.8555428141036941,-0.8555428141036941,-0.5177320670342255,49.2086882739539,43.059336342053705,49.2086882739539,43.059336342053705,49.2086882739539,43.059336342053705,44576.760128437876,316.57965737842767,179.28155662843395,0.5663078863406797,0.5663078863406797,0.5663078863406797,121.18024562373287,16035.628714534827,5142.7002475383,0.7571715758713531,49.22727272727273,43.04545454545455,49.22727272727273,43.04545454545455,49.2086882739539,43.059336342053705,329.5977382659912,29.12031364440918,31.53267478942871,29.963430751453746,0.7242003106355955,2.1612124186448636,315.5326444285983,5,5,11,45.45454545454545,100.0,45.45454545454545,45.45454545454545
48,48,2024-08-10,4,Type 4,Type 4,Mixed,Mixed Multi-Day,19,6,2.576923076923077,7.0,7,3.6176470588235294,8.882352941176471,9,9,3.6176470588235294,8.882352941176471,9,2,8,408,0,1.25,399,166,166,399,41.60401002506266,100.0,41.60401002506266,41.60401002506266,43.349531519256665,33.507192185187755,3284.6261379744683,1700.1379528853922,4385912.754046071,169.04500998153677,0.5176047079543175,0.8556198725506121,-0.9817767748149309,0.19003779738250096,-0.19003779738250096,-0.9817767748149309,43.349531519256665,33.507192185187755,43.349531519256665,33.507192185187755,43.349531519256665,33.507192185187755,4385912.754046071,3284.6261379744683,1700.1379528853922,0.5176047079543175,0.5176047079543175,0.5176047079543175,169.04500998153677,1726203.0186024113,462475.0494146132,0.7886966310063029,41.830827067669176,34.11904761904762,41.830827067669176,34.11904761904762,43.349531519256665,33.507192185187755,13941.895141601562,25.36745834350586,48.53273010253906,34.94209308672071,6.473048262244815,156.13038333217378,115.34032368095313,166,166,399,41.60401002506266,100.0,41.60401002506266,41.60401002506266
48,48,2024-08-10,4,Type 4,Type 4,Mixed,Mixed Multi-Day,19,6,2.576923076923077,7.0,7,3.6176470588235294,8.882352941176471,9,9,3.6176470588235294,8.882352941176471,9,2,8,408,1,1.25,9,3,3,9,33.333333333333336,100.0,33.333333333333336,33.333333333333336,49.62005284787585,42.83577538823247,279.4562795841516,154.18880808426718,33842.04554352473,100.12722276898178,0.551745726786708,0.8340123817861503,-0.1758344702736577,0.9844197473961919,-0.9844197473961919,-0.1758344702736577,49.62005284787585,42.83577538823247,49.62005284787585,42.83577538823247,49.62005284787585,42.83577538823247,33842.04554352473,279.4562795841516,154.18880808426718,0.551745726786708,0.551745726786708,0.551745726786708,100.12722276898178,12495.329951842483,3803.8701661515165,0.7666222797060993,49.611111111111114,42.833333333333336,49.611111111111114,42.833333333333336,49.62005284787585,42.83577538823247,263.0449562072754,28.150859832763672,29.608020782470703,29.227217356363933,0.4477465535345599,0.7797828906118447,69.63801948324533,3,3,9,33.333333333333336,100.0,33.333333333333336,33.333333333333336
48,48,2024-08-11,4,Type 4,Type 4,Mixed,Mixed Multi-Day,19,7,2.375,8.25,8,3.6176470588235294,8.882352941176471,9,9,3.6176470588235294,8.882352941176471,9,1,11,437,0,1.25,437,176,176,437,40.274599542334094,100.0,40.274599542334094,40.274599542334094,41.67683536564228,33.641739555267165,3303.8274086167257,1697.166761519405,4403842.220332072,164.3721463207753,0.5136971613871286,0.8579715766753618,-0.9630317207360861,0.2693880191398518,-0.2693880191398518,-0.9630317207360861,41.67683536564228,33.641739555267165,41.67683536564228,33.641739555267165,41.67683536564228,33.641739555267165,4403842.220332072,3303.8274086167257,1697.166761519405,0.5136971613871286,0.5136971613871286,0.5136971613871286,164.3721463207753,1746444.0873483373,460860.0026250024,0.7912113674239742,40.255148741418765,34.27116704805492,40.255148741418765,34.27116704805492,41.67683536564228,33.641739555267165,15298.528768539429,22.995433807373047,50.426025390625,35.00807498521608,6.378694691526567,148.80228255787503,117.58309536143236,168,168,437,38.443935926773456,100.0,38.443935926773456,38.443935926773456
48,48,2024-08-12,4,Type 4,Type 4,Mixed,Mixed Multi-Day,19,8,2.8529411764705883,8.882352941176471,9,3.6176470588235294,8.882352941176471,9,9,3.6176470588235294,8.882352941176471,9,2,7,440,0,1.25,284,125,125,284,44.014084507042256,100.0,44.014084507042256,44.014084507042256,31.328127270946585,34.05057557457136,2432.6844991965327,1103.3716358493205,2108130.466480347,116.7891601589236,0.4535613377787963,0.8912250629736064,-0.4507086634916109,0.8926711044128212,-0.8926711044128212,-0.4507086634916109,31.328127270946585,34.05057557457136,31.328127270946585,34.05057557457136,31.328127270946585,34.05057557457136,2108130.466480347,2432.6844991965327,1103.3716358493205,0.4535613377787963,0.4535613377787963,0.4535613377787963,116.7891601589236,946872.6196209735,194788.63468748884,0.8293814089316028,30.950704225352112,34.7887323943662,30.950704225352112,34.7887323943662,31.328127270946585,34.05057557457136,9290.24935913086,26.11107635498047,44.341426849365234,32.71214563074246,5.132129033186655,88.93086523103216,156.92978684748968,119,119,284,41.901408450704224,100.0,41.901408450704224,41.901408450704224
48,48,2024-08-12,4,Type 4,Type 4,Mixed,Mixed Multi-Day,19,8,2.8529411764705883,8.882352941176471,9,3.6176470588235294,8.882352941176471,9,9,3.6176470588235294,8.882352941176471,9,2,7,440,1,1.25,156,72,72,156,46.15384615384615,100.0,46.15384615384615,46.15384615384615,57.90233287119416,32.29416114407611,1366.3084811317003,686.1906919969937,736348.604648574,1.2789472079887787,0.5022223761859609,0.864738506635461,0.9997508780796514,0.022319986087945467,-0.022319986087945467,0.9997508780796514,57.90233287119416,32.29416114407611,57.90233287119416,32.29416114407611,57.90233287119416,32.29416114407611,736348.604648574,1366.3084811317003,686.1906919969937,0.5022223761859609,0.5022223761859609,0.5022223761859609,1.2789472079887787,298687.8184979862,75337.2265253301,0.798577053788915,58.09615384615385,32.44230769230769,58.09615384615385,32.44230769230769,57.90233287119416,32.29416114407611,6155.583131790161,22.833011627197266,50.38722229003906,39.45886622942411,5.7252800008897395,24.54860962559227,228.0449351237294,70,70,156,44.87179487179487,100.0,44.87179487179487,44.87179487179487
48,48,2024-08-13,4,Type 4,Type 4,Mixed,Mixed Multi-Day,19,9,2.75,7.888888888888889,8,3.6176470588235294,8.882352941176471,9,9,3.6176470588235294,8.882352941176471,9,1,5,514,0,1.25,514,225,224,515,43.57976653696498,99.55555555555556,43.49514563106796,43.49514563106796,42.88883015619543,33.01769033732241,3489.6915995185145,1789.1187860077584,4903612.068827705,170.52576204893327,0.5126867905045276,0.8585757129351882,-0.9863597126164989,0.16460412305619118,-0.16460412305619118,-0.9863597126164989,42.88883015619543,33.01769033732241,42.88883015619543,33.01769033732241,42.88883015619543,33.01769033732241,4903612.068827705,3489.6915995185145,1789.1187860077584,0.5126867905045276,0.5126867905045276,0.5126867905045276,170.52576204893327,1948471.593560014,512151.36487134005,0.7918610963469852,41.67898832684825,33.59338521400778,41.67898832684825,33.59338521400778,42.88883015619543,33.01769033732241,18601.930517196655,22.33011245727539,50.654624938964844,36.19052629804797,6.477108629677998,129.50489086160874,119.20659990709783,217,216,515,42.023346303501945,99.53917050691244,41.94174757281554,41.94174757281554
48,48,2024-08-14,4,Type 4,Type 4,Mixed,Mixed Multi-Day,19,10,2.5,8.25,8,3.6176470588235294,8.882352941176471,9,9,3.6176470588235294,8.882352941176471,9,1,6,511,0,1.25,511,232,229,514,44.81409001956947,98.70689655172414,44.552529182879375,44.552529182879375,42.93863128149922,32.68121714001769,3511.765697657317,1776.1728131433742,4898923.210561936,171.71946251101187,0.505777710149698,0.8626638440990373,-0.9895747676007927,0.14402006571251488,-0.14402006571251488,-0.9895747676007927,42.93863128149922,32.68121714001769,42.93863128149922,32.68121714001769,42.93863128149922,32.68121714001769,4898923.210561936,3511.765697657317,1776.1728131433742,0.505777710149698,0.505777710149698,0.505777710149698,171.71946251101187,1973199.730438813,504766.37794394366,0.7962981106818369,41.699608610567516,33.25146771037182,41.699608610567516,33.25146771037182,42.93863128149922,32.68121714001769,18612.01418685913,21.78158187866211,51.71556091308594,36.42272835001787,6.5061400260149185,131.97319404720645,118.29535422381068,229,226,514,44.22700587084149,98.68995633187772,43.96887159533074,43.96887159533074
48,48,2024-08-15,4,Type 4,Type 4,Mixed,Mixed Multi-Day,19,11,2.9285714285714284,8.285714285714286,8,3.6176470588235294,8.882352941176471,9,9,3.6176470588235294,8.882352941176471,9,1,2,483,0,1.25,483,231,230,484,47.61904761904762,99.56709956709956,47.52066115702479,47.52066115702479,43.08104351158534,32.94497946448319,3559.9778485265015,1637.3752418312845,4578101.280900404,171.90932052537337,0.4599397275769581,0.887950137674652,-0.9900465655637494,0.14074017910825823,-0.14074017910825823,-0.9900465655637494,43.08104351158534,32.94497946448319,43.08104351158534,32.94497946448319,43.08104351158534,32.94497946448319,4578101.280900404,3559.9778485265015,1637.3752418312845,0.4599397275769581,0.4599397275769581,0.4599397275769581,171.90932052537337,2027750.7651199005,428959.62920992915,0.8253926754248354,41.802277432712216,33.506211180124225,41.802277432712216,33.506211180124225,43.08104351158534,32.94497946448319,17652.127714157104,21.911840438842773,51.25932312011719,36.546848269476406,6.661396011472776,134.47165860217325,117.221853239264,226,225,484,46.58385093167702,99.5575221238938,46.48760330578512,46.48760330578512
48,48,2024-08-16,4,Type 4,Type 4,Mixed,Mixed Multi-Day,19,12,3.25,7.95,8,3.6176470588235294,8.882352941176471,9,9,3.6176470588235294,8.882352941176471,9,3,4,423,0,1.25,195,84,84,195,43.07692307692308,100.0,43.07692307692308,43.07692307692308,27.230237765277536,37.81338996481971,1238.639079132935,1151.5616571916817,1120267.8054783398,81.211847133194,0.9296991162250356,0.3683199061826386,0.15278149556892826,0.9882599934287138,-0.9882599934287138,0.15278149556892826,27.230237765277536,37.81338996481971,27.230237765277536,37.81338996481971,27.230237765277536,37.81338996481971,1120267.8054783398,1238.639079132935,1151.5616571916817,0.9296991162250356,0.9296991162250356,0.9296991162250356,81.211847133194,245476.28293684564,212175.08005024836,0.5363827201007773,27.494871794871795,37.823076923076925,27.494871794871795,37.823076923076925,27.230237765277536,37.81338996481971,6113.937236785889,25.61663246154785,40.37132263183594,31.353524291209684,3.7811190289762355,23.325496626438863,267.43916127353214,83,83,195,42.56410256410256,100.0,42.56410256410256,42.56410256410256
48,48,2024-08-16,4,Type 4,Type 4,Mixed,Mixed Multi-Day,19,12,3.25,7.95,8,3.6176470588235294,8.882352941176471,9,9,3.6176470588235294,8.882352941176471,9,3,4,423,1,1.25,10,6,6,10,60.0,100.0,60.0,60.0,26.509594691861455,21.324038943194793,477.6917361224456,351.61742847042524,131919.19819917655,108.77206266334129,0.7360760127956159,0.6768988871219308,-0.3218040721713817,0.9468062838479243,-0.9468062838479243,-0.3218040721713817,26.509594691861455,21.324038943194793,26.509594691861455,21.324038943194793,26.509594691861455,21.324038943194793,131919.19819917655,477.6917361224456,351.61742847042524,0.7360760127956159,0.7360760127956159,0.7360760127956159,108.77206266334129,36510.30316154819,19781.570560664743,0.64858923228809,26.5,21.3,26.5,21.3,26.509594691861455,21.324038943194793,399.4018898010254,38.21270751953125,40.979637145996094,39.94018898010254,0.8114170782233525,2.8416870081875176,20.504634769074908,6,6,10,60.0,100.0,60.0,60.0
48,48,2024-08-16,4,Type 4,Type 4,Mixed,Mixed Multi-Day,19,12,3.25,7.95,8,3.6176470588235294,8.882352941176471,9,9,3.6176470588235294,8.882352941176471,9,3,4,423,2,1.25,218,109,109,218,50.0,100.0,50.0,50.0,50.28636942839486,29.013007449456403,2248.0508833902873,800.9072936345235,1414093.9593133037,21.14418484549563,0.35626742239333775,0.9343840343997788,0.9326756383265317,0.360716167744387,-0.360716167744387,0.9326756383265317,50.28636942839486,29.013007449456403,50.28636942839486,29.013007449456403,50.28636942839486,29.013007449456403,1414093.9593133037,2248.0508833902873,800.9072936345235,0.35626742239333775,0.35626742239333775,0.35626742239333775,21.14418484549563,808597.243889896,102632.3988795163,0.8873693369241199,50.46788990825688,29.05504587155963,50.46788990825688,29.05504587155963,50.28636942839486,29.013007449456403,9017.551862716675,25.110502243041992,49.794891357421875,41.36491680145264,5.373016923172109,18.28497534428393,255.28112099855926,109,109,218,50.0,100.0,50.0,50.0
48,48,2024-08-17,4,Type 4,Type 4,Mixed,Mixed Multi-Day,19,13,2.6739130434782608,8.130434782608695,8,3.6176470588235294,8.882352941176471,9,9,3.6176470588235294,8.882352941176471,9,1,5,384,0,1.25,384,171,171,384,44.53125,100.0,44.53125,44.53125,38.93133723882477,32.51235231420249,3077.8803026643795,1501.3712781940205,3629357.1804672526,156.51429547329147,0.4877939135236521,0.8729588180030486,-0.9171595349594529,0.39852024720578516,-0.39852024720578516,-0.9171595349594529,38.93133723882477,32.51235231420249,38.93133723882477,32.51235231420249,38.93133723882477,32.51235231420249,3629357.1804672526,3077.8803026643795,1501.3712781940205,0.4877939135236521,0.4877939135236521,0.4877939135236521,156.51429547329147,1515735.5452046995,360658.5143977515,0.8077916988960391,37.614583333333336,33.278645833333336,37.614583333333336,33.278645833333336,38.93133723882477,32.51235231420249,13784.099630355835,24.37298011779785,50.20502471923828,35.89609278738499,7.06274166928328,149.6654302750339,124.23918560705488,170,170,384,44.270833333333336,100.0,44.270833333333336,44.270833333333336
48,48,2024-08-18,4,Type 4,Type 4,Mixed,Mixed Multi-Day,19,14,3.323529411764706,7.705882352941177,8,3.6176470588235294,8.882352941176471,9,9,3.6176470588235294,8.882352941176471,9,2,5,375,0,1.25,366,143,143,366,39.07103825136612,100.0,39.07103825136612,39.07103825136612,37.17313358283307,32.962087503118575,2623.7405761820423,1573.8911585897529,3243287.65342035,140.96732073493365,0.5998653879416743,0.8001009413502678,-0.7767868954047966,0.6297635422342084,-0.6297635422342084,-0.7767868954047966,37.17313358283307,32.962087503118575,37.17313358283307,32.962087503118575,37.17313358283307,32.962087503118575,3243287.65342035,2623.7405761820423,1573.8911585897529,0.5998653879416743,0.5998653879416743,0.5998653879416743,140.96732073493365,1101442.3377766518,396341.3406539191,0.7353814530351812,35.95628415300546,33.904371584699454,35.95628415300546,33.904371584699454,37.17313358283307,32.962087503118575,12883.166408538818,21.098684310913086,49.7739372253418,35.19990822005142,7.2127766168175,154.03493939087028,132.3880359041645,142,142,366,38.797814207650276,100.0,38.797814207650276,38.797814207650276
48,48,2024-08-18,4,Type 4,Type 4,Mixed,Mixed Multi-Day,19,14,3.323529411764706,7.705882352941177,8,3.6176470588235294,8.882352941176471,9,9,3.6176470588235294,8.882352941176471,9,2,5,375,1,1.25,9,4,4,9,44.44444444444444,100.0,44.44444444444444,44.44444444444444,65.705392295103,33.62427231005608,442.3037924384599,118.12095156613637,41033.39788665527,19.382527131483556,0.2670584190900221,0.9636803416035518,0.943323909641135,0.3318734721235846,-0.3318734721235846,0.943323909641135,65.705392295103,33.62427231005608,65.705392295103,33.62427231005608,65.705392295103,33.62427231005608,41033.39788665527,442.3037924384599,118.12095156613637,0.2670584190900221,0.2670584190900221,0.2670584190900221,19.382527131483556,31301.223168871074,2232.4094718223255,0.9334277471295109,65.94444444444444,33.72222222222222,65.94444444444444,33.72222222222222,65.705392295103,33.62427231005608,279.1324825286865,24.936840057373047,42.359718322753906,31.014720280965168,5.241725261613684,24.687961841503665,243.95841132018967,3,3,9,33.333333333333336,100.0,33.333333333333336,33.333333333333336
48,48,2024-08-19,4,Type 4,Type 4,Mixed,Mixed Multi-Day,19,15,3.2586206896551726,7.827586206896552,8,3.6176470588235294,8.882352941176471,9,9,3.6176470588235294,8.882352941176471,9,1,13,385,0,1.25,385,149,149,385,38.701298701298704,100.0,38.701298701298704,38.701298701298704,36.18726406673553,33.22472467260159,2332.827394243275,1631.3470405397313,2988951.3575235098,134.28976512486426,0.6993003616835995,0.7148279542303776,-0.6982874284712558,0.7158174817919725,-0.7158174817919725,-0.6982874284712558,36.18726406673553,33.22472467260159,36.18726406673553,33.22472467260159,36.18726406673553,33.22472467260159,2988951.3575235098,2332.827394243275,1631.3470405397313,0.6993003616835995,0.6993003616835995,0.6993003616835995,134.28976512486426,870733.3842130993,425806.9066684384,0.671582202525364,35.35194805194805,34.13376623376623,35.35194805194805,34.13376623376623,36.18726406673553,33.22472467260159,13526.856687545776,22.585844039916992,49.75495910644531,35.13469269492409,6.894977103531778,127.14507450079925,142.23491714546412,154,154,385,40.0,100.0,40.0,40.0
48,48,2024-08-20,4,Type 4,Type 4,Mixed,Mixed Multi-Day,19,16,3.5681818181818183,7.636363636363637,8,3.6176470588235294,8.882352941176471,9,9,3.6176470588235294,8.882352941176471,9,1,12,390,0,1.25,390,155,155,390,39.743589743589745,100.0,39.743589743589745,39.743589743589745,32.648870294000105,33.00372859490206,2131.4221560064443,1814.4927325713184,3037488.136546705,86.2294197986722,0.8513061232182445,0.5246693097286358,0.06576154821897273,0.9978353665689765,-0.9978353665689765,0.06576154821897273,32.648870294000105,33.00372859490206,32.648870294000105,33.00372859490206,32.648870294000105,33.00372859490206,3037488.136546705,2131.4221560064443,1814.4927325713184,0.8513061232182445,0.8513061232182445,0.8513061232182445,86.2294197986722,726873.6651384255,526781.4202486607,0.579803546933319,32.45897435897436,33.95128205128205,32.45897435897436,33.95128205128205,32.648870294000105,33.00372859490206,13468.031372070312,21.741806030273438,47.026119232177734,34.53341377453926,6.1909278712115725,106.56772309660839,170.41403050434877,141,141,390,36.15384615384615,100.0,36.15384615384615,36.15384615384615
48,48,2024-08-21,4,Type 4,Type 4,Mixed,Mixed Multi-Day,19,17,3.590909090909091,7.363636363636363,7,3.6176470588235294,8.882352941176471,9,9,3.6176470588235294,8.882352941176471,9,1,0,402,0,1.25,402,165,165,402,41.04477611940298,100.0,41.04477611940298,41.04477611940298,32.36575944395034,33.79999866613569,2241.4291920482056,1633.1410156812674,2875004.913581016,59.27635956577155,0.7286159301730661,0.6849224965629598,0.5108976524264242,0.8596415466606815,-0.8596415466606815,0.5108976524264242,32.36575944395034,33.79999866613569,32.36575944395034,33.79999866613569,32.36575944395034,33.79999866613569,2875004.913581016,2241.4291920482056,1633.1410156812674,0.7286159301730661,0.7286159301730661,0.7286159301730661,59.27635956577155,803840.7716745397,426743.93233607063,0.6532185627326056,32.46268656716418,34.64427860696517,32.46268656716418,34.64427860696517,32.36575944395034,33.79999866613569,13661.523118972778,22.738140106201172,46.67014694213867,33.983888355653676,5.814861305538349,94.07782529783306,185.47484476652238,160,160,402,39.80099502487562,100.0,39.80099502487562,39.80099502487562
48,48,2024-08-22,4,Type 4,Type 4,Mixed,Mixed Multi-Day,19,18,3.5,8.0,8,3.6176470588235294,8.882352941176471,9,9,3.6176470588235294,8.882352941176471,9,1,0,422,0,1.25,422,166,166,422,39.33649289099526,100.0,39.33649289099526,39.33649289099526,33.0087159391901,34.21352211347521,2253.5071258375006,1706.150317169988,3019716.0568808857,53.106743879166146,0.7571089070933862,0.6532886825897555,0.6003260959669635,0.7997553241467443,-0.7997553241467443,0.6003260959669635,33.0087159391901,34.21352211347521,33.0087159391901,34.21352211347521,33.0087159391901,34.21352211347521,3019716.0568808857,2253.5071258375006,1706.150317169988,0.7571089070933862,0.7571089070933862,0.7571089070933862,53.106743879166146,812527.098592063,465751.8247646802,0.6356414736608328,32.96919431279621,35.04739336492891,32.96919431279621,35.04739336492891,33.0087159391901,34.21352211347521,14340.820026397705,21.0457820892334,47.55467224121094,33.982985844544324,5.974639518218976,92.57549032391462,177.74525100037798,155,155,422,36.72985781990521,100.0,36.72985781990521,36.72985781990521
48,48,2024-08-23,4,Type 4,Type 4,Mixed,Mixed Multi-Day,19,19,2.870967741935484,8.0,8,3.6176470588235294,8.882352941176471,9,9,3.6176470588235294,8.882352941176471,9,2,0,407,0,1.25,70,29,29,70,41.42857142857143,100.0,41.42857142857143,41.42857142857143,23.66041898567749,24.00985568466659,732.3394583530445,584.7190747575196,336317.5863232277,93.93682141500123,0.7984262872746092,0.6020925707803437,-0.0686564432931737,0.9976403624524878,-0.9976403624524878,-0.0686564432931737,23.66041898567749,24.00985568466659,23.66041898567749,24.00985568466659,23.66041898567749,24.00985568466659,336317.5863232277,732.3394583530445,584.7190747575196,0.7984262872746092,0.7984262872746092,0.7984262872746092,93.93682141500123,85811.3731617329,54703.423421646374,0.6106927899996196,23.714285714285715,23.97142857142857,23.714285714285715,23.97142857142857,23.66041898567749,24.00985568466659,2879.3030014038086,37.68402862548828,44.08564376831055,41.13290002005441,1.4592002127055685,6.939783196576058,307.8388649011457,27,27,70,38.57142857142857,100.0,38.57142857142857,38.57142857142857
48,48,2024-08-23,4,Type 4,Type 4,Mixed,Mixed Multi-Day,19,19,2.870967741935484,8.0,8,3.6176470588235294,8.882352941176471,9,9,3.6176470588235294,8.882352941176471,9,2,0,407,1,1.25,337,141,141,337,41.839762611275965,100.0,41.839762611275965,41.839762611275965,35.76354915239457,36.64932978337373,1987.7160293653433,1561.4209712490492,2437610.0365187037,151.3826493152056,0.7855352314825345,0.6188169358539576,-0.8778379745561052,0.4789577125668139,-0.4789577125668139,-0.8778379745561052,35.76354915239457,36.64932978337373,35.76354915239457,36.64932978337373,35.76354915239457,36.64932978337373,2437610.0365187037,1987.7160293653433,1561.4209712490492,0.7855352314825345,0.7855352314825345,0.7855352314825345,151.3826493152056,632162.4021433481,390085.6719130119,0.6184041018877918,35.03412462908012,37.24480712166172,35.03412462908012,37.24480712166172,35.76354915239457,36.64932978337373,11121.03002166748,21.17858123779297,48.567848205566406,33.000089085066705,6.211108749018673,92.67350846256043,135.2663146784317,137,137,337,40.652818991097924,100.0,40.652818991097924,40.652818991097924
49,49,2025-06-14,3,Type 3,Type 3,Temporally clustered,Back-to-Back,2,1,3.131578947368421,7.0,7,3.3793103448275863,7.344827586206897,7,7,3.3793103448275863,7.344827586206897,7,3,2,374,0,1.25,312,145,145,312,46.47435897435897,100.0,46.47435897435897,46.47435897435897,44.0984733862725,22.573243475482442,2540.5071659889372,1480.5718516588454,2954199.321293613,21.623142933233908,0.5827859379733364,0.8126257136594549,0.9296277170345031,0.3685000783191475,-0.3685000783191475,0.9296277170345031,44.0984733862725,22.573243475482442,44.0984733862725,22.573243475482442,44.0984733862725,22.573243475482442,2954199.321293613,2540.5071659889372,1480.5718516588454,0.5827859379733364,0.5827859379733364,0.5827859379733364,21.623142933233908,1032668.2656705824,350734.8812679203,0.7464695074287613,44.00961538461539,22.272435897435898,44.00961538461539,22.272435897435898,44.0984733862725,22.573243475482442,13127.315246582031,29.199260711669922,50.61170959472656,42.07472835442959,4.118721198298419,34.54361545160482,15.339977667037427,140,140,312,44.87179487179487,100.0,44.87179487179487,44.87179487179487
49,49,2025-06-14,3,Type 3,Type 3,Temporally clustered,Back-to-Back,2,1,3.131578947368421,7.0,7,3.3793103448275863,7.344827586206897,7,7,3.3793103448275863,7.344827586206897,7,3,2,374,1,1.25,23,12,12,23,52.17391304347826,100.0,52.17391304347826,52.17391304347826,59.467063519073,44.43372455162282,542.8909949884785,260.231137991865,110958.8074102534,22.362040251134573,0.47934325747544915,0.8776275072676478,0.9247982984223688,0.38045776011942667,-0.38045776011942667,0.9247982984223688,59.467063519073,44.43372455162282,59.467063519073,44.43372455162282,59.467063519073,44.43372455162282,110958.8074102534,542.8909949884785,260.231137991865,0.47934325747544915,0.47934325747544915,0.47934325747544915,22.362040251134573,47156.90119033282,10835.239228886578,0.8131602118742347,59.5,44.45652173913044,59.5,44.45652173913044,59.467063519073,44.43372455162282,886.1956939697266,34.42230987548828,40.25740051269531,38.530247563901156,1.8948784407941852,3.645762182681888,225.99655323504504,12,12,23,52.17391304347826,100.0,52.17391304347826,52.17391304347826
49,49,2025-06-14,3,Type 3,Type 3,Temporally clustered,Back-to-Back,2,1,3.131578947368421,7.0,7,3.3793103448275863,7.344827586206897,7,7,3.3793103448275863,7.344827586206897,7,3,2,374,2,1.25,39,17,17,39,43.58974358974359,100.0,43.58974358974359,43.58974358974359,66.17402184391428,19.683887038279327,596.9350151534975,420.3866241217168,197090.56074960475,14.844820812854493,0.7042418579074599,0.7099601436496623,0.9666232650556392,0.2562019973637511,-0.2562019973637511,0.9666232650556392,66.17402184391428,19.683887038279327,66.17402184391428,19.683887038279327,66.17402184391428,19.683887038279327,197090.56074960475,596.9350151534975,420.3866241217168,0.7042418579074599,0.7042418579074599,0.7042418579074599,14.844820812854493,57013.025970609,28275.986198472583,0.6684685930889113,66.16666666666667,19.67948717948718,66.16666666666667,19.67948717948718,66.17402184391428,19.683887038279327,1168.666711807251,29.60497283935547,30.587087631225586,29.965813123262844,0.20961035419547847,0.9121588784807104,57.724645795439166,17,17,39,43.58974358974359,100.0,43.58974358974359,43.58974358974359
49,49,2025-06-15,3,Type 3,Type 3,Temporally clustered,Back-to-Back,2,2,3.3793103448275863,7.344827586206897,7,3.3793103448275863,7.344827586206897,7,7,3.3793103448275863,7.344827586206897,7,4,0,395,0,1.25,22,10,10,22,45.45454545454545,100.0,45.45454545454545,45.45454545454545,23.114684534289065,15.075335489615895,568.0355573442386,269.09347517984935,120051.77092051279,142.44062816459038,0.4737264625439186,0.8806720380968305,-0.7927220951630924,0.6095832017372501,-0.6095832017372501,-0.7927220951630924,23.114684534289065,15.075335489615895,23.114684534289065,15.075335489615895,23.114684534289065,15.075335489615895,120051.77092051279,568.0355573442386,269.09347517984935,0.4737264625439186,0.4737264625439186,0.4737264625439186,142.44062816459038,51626.30310518076,11585.807741498913,0.8167153795955309,23.181818181818183,15.045454545454545,23.181818181818183,15.045454545454545,23.114684534289065,15.075335489615895,879.0781440734863,36.51561737060547,43.77765655517578,39.95809745788574,2.019110307086327,7.939423054528985,294.6188446873634,9,9,22,40.90909090909091,100.0,40.90909090909091,40.90909090909091
49,49,2025-06-15,3,Type 3,Type 3,Temporally clustered,Back-to-Back,2,2,3.3793103448275863,7.344827586206897,7,3.3793103448275863,7.344827586206897,7,7,3.3793103448275863,7.344827586206897,7,4,0,395,1,1.25,313,132,132,313,42.17252396166134,100.0,42.17252396166134,42.17252396166134,46.82635178785503,22.75410405641363,1849.142666313272,1483.164312744761,2154019.1892327718,31.38162153284776,0.8020821431273444,0.5972137269656871,0.853717874892749,0.5207358160224901,-0.5207358160224901,0.853717874892749,46.82635178785503,22.75410405641363,46.82635178785503,22.75410405641363,46.82635178785503,22.75410405641363,2154019.1892327718,1849.142666313272,1483.164312744761,0.8020821431273444,0.8020821431273444,0.8020821431273444,31.38162153284776,547092.576060825,351964.22057594225,0.6085183695929044,46.83865814696485,22.468051118210862,46.83865814696485,22.468051118210862,46.82635178785503,22.75410405641363,13281.124927520752,28.991365432739258,51.34836959838867,42.43170903361263,4.539108363918003,31.702363915469967,357.71503895586864,131,131,313,41.853035143769965,100.0,41.853035143769965,41.853035143769965
49,49,2025-06-15,3,Type 3,Type 3,Temporally clustered,Back-to-Back,2,2,3.3793103448275863,7.344827586206897,7,3.3793103448275863,7.344827586206897,7,7,3.3793103448275863,7.344827586206897,7,4,0,395,2,1.25,35,17,17,35,48.57142857142857,100.0,48.57142857142857,48.57142857142857,60.79927388476907,44.1697982796725,603.3196374262325,320.79736160972755,152008.58997348402,10.356999838629804,0.5317204044248456,0.8469199557917375,0.9837066724130447,0.17978092960615968,-0.17978092960615968,0.9837066724130447,60.79927388476907,44.1697982796725,60.79927388476907,44.1697982796725,60.79927388476907,44.1697982796725,152008.58997348402,603.3196374262325,320.79736160972755,0.5317204044248456,0.5317204044248456,0.5317204044248456,10.356999838629804,58239.1335846593,16465.75155452197,0.7795893598678998,60.81428571428572,44.18571428571428,60.81428571428572,44.18571428571428,60.79927388476907,44.1697982796725,1396.5218658447266,34.832855224609375,41.72771453857422,39.90062473842076,1.6973151597472986,2.1374555043906422,214.1732453687888,17,17,35,48.57142857142857,100.0,48.57142857142857,48.57142857142857
49,49,2025-06-15,3,Type 3,Type 3,Temporally clustered,Back-to-Back,2,2,3.3793103448275863,7.344827586206897,7,3.3793103448275863,7.344827586206897,7,7,3.3793103448275863,7.344827586206897,7,4,0,395,3,1.25,25,10,10,25,40.0,100.0,40.0,40.0,66.14840871767282,20.703679886206643,593.8806017515425,270.78224395844956,126301.70233922981,26.091223886143865,0.4559540135842571,0.8900033356658879,0.8980949516244721,0.439801611941836,-0.439801611941836,0.8980949516244721,66.14840871767282,20.703679886206643,66.14840871767282,20.703679886206643,66.14840871767282,20.703679886206643,126301.70233922981,593.8806017515425,270.78224395844956,0.4559540135842571,0.4559540135842571,0.4559540135842571,26.091223886143865,56431.06706188386,11731.683782907727,0.8278871724291016,66.14,20.7,66.14,20.7,66.14840871767282,20.703679886206643,748.5529956817627,29.621435165405273,30.39669418334961,29.942119827270506,0.1764226392588515,0.9660896255596013,65.05577376920918,10,10,25,40.0,100.0,40.0,40.0
50,50,2025-07-14,4,Type 4,Type 4,Mixed,Mixed Multi-Day,19,1,3.2413793103448274,8.379310344827585,8,3.647058823529412,10.133333333333333,10,10,3.647058823529412,10.133333333333333,10,1,8,387,0,1.25,387,177,177,387,45.736434108527135,100.0,45.736434108527135,45.736434108527135,41.65667785534924,31.900332702394074,3026.9115575986693,1522.684875109228,3619925.618951381,112.65839718606587,0.5030490141962439,0.8642578835719041,-0.38523608013562105,0.9228180549608581,-0.9228180549608581,-0.38523608013562105,41.65667785534924,31.900332702394074,41.65667785534924,31.900332702394074,41.65667785534924,31.900332702394074,3619925.618951381,3026.9115575986693,1522.684875109228,0.5030490141962439,0.5030490141962439,0.5030490141962439,112.65839718606587,1465950.9724039044,370971.07662182476,0.7980474583455617,40.9031007751938,32.854005167958654,40.9031007751938,32.854005167958654,41.65667785534924,31.900332702394074,14204.5129737854,23.86671257019043,48.92854690551758,36.70416789091835,6.838199821968035,127.33017033257447,145.95366470324217,168,168,387,43.41085271317829,100.0,43.41085271317829,43.41085271317829
50,50,2025-07-15,4,Type 4,Type 4,Mixed,Mixed Multi-Day,19,2,3.5476190476190474,8.047619047619047,8,3.647058823529412,10.133333333333333,10,10,3.647058823529412,10.133333333333333,10,1,17,356,0,1.25,356,154,151,359,42.41573033707865,98.05194805194805,42.061281337047355,42.061281337047355,41.957572640240755,30.868524391195198,3212.4223491522475,1624.9445126306748,4099784.7499253266,115.87925796796974,0.50583153023434,0.8626322872584737,-0.43647610476623244,0.8997158495703501,-0.8997158495703501,-0.43647610476623244,41.957572640240755,30.868524391195198,41.957572640240755,30.868524391195198,41.957572640240755,30.868524391195198,4099784.7499253266,3212.4223491522475,1624.9445126306748,0.50583153023434,0.50583153023434,0.50583153023434,115.87925796796974,1651145.175893255,422471.14706056664,0.7962635891779799,40.97191011235955,32.081460674157306,40.97191011235955,32.081460674157306,41.957572640240755,30.868524391195198,12857.445983886719,24.091026306152344,48.04154968261719,36.11642130305258,6.9238342285903345,163.8880987185579,144.88585549651356,141,139,358,39.04494382022472,98.58156028368795,38.8268156424581,38.8268156424581
50,50,2025-07-16,4,Type 4,Type 4,Mixed,Mixed Multi-Day,19,3,3.5,5.6,6,3.647058823529412,10.133333333333333,10,10,3.647058823529412,10.133333333333333,10,1,11,385,0,1.25,385,156,151,390,39.22077922077922,96.7948717948718,38.717948717948715,38.717948717948715,45.19660865703705,31.592289303869542,3063.055248078984,2231.5890928543386,5368573.9739139965,111.78172379517164,0.7285500626388947,0.6849925592507284,-0.3710716483005238,0.9286042385362735,-0.9286042385362735,-0.3710716483005238,45.19660865703705,31.592289303869542,45.19660865703705,31.592289303869542,45.19660865703705,31.592289303869542,5368573.9739139965,3063.055248078984,2231.5890928543386,0.7285500626388947,0.7285500626388947,0.7285500626388947,111.78172379517164,1501169.1924454728,796798.3806954322,0.6532595194081205,44.04545454545455,32.58831168831169,44.04545454545455,32.58831168831169,45.19660865703705,31.592289303869542,14295.936483383179,25.16033172607422,49.02471923828125,37.132302554242024,6.93578818360274,154.94159080826293,135.15776892119175,155,151,389,39.22077922077922,97.41935483870968,38.81748071979435,38.81748071979435
50,50,2025-07-17,4,Type 4,Type 4,Mixed,Mixed Multi-Day,19,4,3.566666666666667,9.666666666666666,10,3.647058823529412,10.133333333333333,10,10,3.647058823529412,10.133333333333333,10,1,11,464,0,1.25,464,198,198,464,42.672413793103445,100.0,42.672413793103445,42.672413793103445,49.65130358966996,32.672519717179824,2769.922733433839,2465.959710413347,5364676.183558704,72.891704374603,0.8902629956599284,0.45544681199741677,0.29417870757500075,0.9557504318646695,-0.9557504318646695,0.29417870757500075,49.65130358966996,32.672519717179824,49.65130358966996,32.672519717179824,49.65130358966996,32.672519717179824,5364676.183558704,2769.922733433839,2465.959710413347,0.8902629956599284,0.8902629956599284,0.8902629956599284,72.891704374603,1227595.5118709744,972953.1669411004,0.5578588302503124,48.769396551724135,33.29956896551724,48.769396551724135,33.29956896551724,49.65130358966996,32.672519717179824,17689.370500564575,21.08883285522461,50.2279052734375,38.123643320182275,6.337643267891508,107.84554136304561,129.91200677101511,206,206,464,44.39655172413793,100.0,44.39655172413793,44.39655172413793
50,50,2025-07-18,4,Type 4,Type 4,Mixed,Mixed Multi-Day,19,5,3.571428571428572,8.142857142857142,8,3.647058823529412,10.133333333333333,10,10,3.647058823529412,10.133333333333333,10,1,8,454,0,1.25,454,200,200,454,44.052863436123346,100.0,44.052863436123346,44.052863436123346,51.76115659812892,32.834291229281654,2836.718599941826,2223.836288071682,4954604.015940058,63.237532151661696,0.783946736245635,0.6208280879034201,0.4502927470660652,0.8928809785966417,-0.8928809785966417,0.4502927470660652,51.76115659812892,32.834291229281654,51.76115659812892,32.834291229281654,51.76115659812892,32.834291229281654,4954604.015940058,2836.718599941826,2223.836288071682,0.783946736245635,0.783946736245635,0.783946736245635,63.237532151661696,1287515.5864409464,791271.6537831099,0.6193590000591763,51.02422907488987,33.25110132158591,51.02422907488987,33.25110132158591,51.76115659812892,32.834291229281654,17426.07662010193,22.877225875854492,47.46820068359375,38.38342867863861,5.818290323906076,82.91609949324207,123.68213107715611,194,194,454,42.731277533039645,100.0,42.731277533039645,42.731277533039645
50,50,2025-07-19,4,Type 4,Type 4,Mixed,Mixed Multi-Day,19,6,3.647058823529412,8.117647058823529,8,3.647058823529412,10.133333333333333,10,10,3.647058823529412,10.133333333333333,10,2,11,422,0,1.25,321,147,147,321,45.794392523364486,100.0,45.794392523364486,45.794392523364486,54.75294624837493,37.88022512110154,2219.0651915295102,1375.5144727430938,2397315.0217731926,172.4458847676827,0.6198621284285066,0.7847107376225214,-0.9913211386282249,0.1314625426075419,-0.1314625426075419,-0.9913211386282249,54.75294624837493,37.88022512110154,54.75294624837493,37.88022512110154,54.75294624837493,37.88022512110154,2397315.0217731926,2219.0651915295102,1375.5144727430938,0.6198621284285066,0.6198621284285066,0.6198621284285066,172.4458847676827,787880.0518812644,302726.41035611386,0.7224237881966417,53.92367601246106,38.073208722741434,53.92367601246106,38.073208722741434,54.75294624837493,37.88022512110154,12014.565279006958,21.608095169067383,47.26162338256836,37.42855227104971,5.449639204168924,75.94303953746916,106.12763276658984,145,145,321,45.17133956386293,100.0,45.17133956386293,45.17133956386293
50,50,2025-07-19,4,Type 4,Type 4,Mixed,Mixed Multi-Day,19,6,3.647058823529412,8.117647058823529,8,3.647058823529412,10.133333333333333,10,10,3.647058823529412,10.133333333333333,10,2,11,422,1,1.25,101,52,52,101,51.48514851485149,100.0,51.48514851485149,51.48514851485149,45.83977760854211,18.525834666801565,1453.991672095825,924.7126052385397,1055987.0156864594,160.11262001681058,0.6359820506438202,0.7717038494519004,-0.9403630764882,0.340172433300595,-0.340172433300595,-0.9403630764882,45.83977760854211,18.525834666801565,45.83977760854211,18.525834666801565,45.83977760854211,18.525834666801565,1055987.0156864594,1453.991672095825,924.7126052385397,0.6359820506438202,0.6359820506438202,0.6359820506438202,160.11262001681058,338254.685203842,136814.9443659276,0.7120107541081308,45.36138613861386,18.440594059405942,45.36138613861386,18.440594059405942,45.83977760854211,18.525834666801565,3937.6018257141113,30.10974884033203,46.17708206176758,38.98615669023873,4.864995963918672,51.39762999282177,79.34660265638261,52,52,101,51.48514851485149,100.0,51.48514851485149,51.48514851485149
50,50,2025-07-20,4,Type 4,Type 4,Mixed,Mixed Multi-Day,19,7,3.0,7.428571428571429,7,3.647058823529412,10.133333333333333,10,10,3.647058823529412,10.133333333333333,10,5,2,449,0,1.25,88,38,38,88,43.18181818181818,100.0,43.18181818181818,43.18181818181818,26.14095355045779,39.26313184628985,1039.014211300397,579.0028958681165,472489.43820401817,116.76041658091519,0.5572617675204413,0.8303368728775048,-0.4502607804148801,0.8928970991218322,-0.8928970991218322,-0.4502607804148801,26.14095355045779,39.26313184628985,26.14095355045779,39.26313184628985,26.14095355045779,39.26313184628985,472489.43820401817,1039.014211300397,579.0028958681165,0.5572617675204413,0.5572617675204413,0.5572617675204413,116.76041658091519,172728.08500546977,53639.096547786394,0.7630438468167833,26.25,39.09090909090909,26.25,39.09090909090909,26.14095355045779,39.26313184628985,2674.632568359375,25.846891403198242,36.328094482421875,30.393551913174715,2.8369518525900888,21.31574136299919,333.7993969697211,40,40,88,45.45454545454545,100.0,45.45454545454545,45.45454545454545
50,50,2025-07-20,4,Type 4,Type 4,Mixed,Mixed Multi-Day,19,7,3.0,7.428571428571429,7,3.647058823529412,10.133333333333333,10,10,3.647058823529412,10.133333333333333,10,5,2,449,1,1.25,10,5,5,10,50.0,100.0,50.0,50.0,24.393001750956007,20.098009313085615,300.6489358265865,220.1748422000221,51989.69218081588,47.58515237147482,0.7323320190530073,0.6809477321129324,0.6744937282605181,0.738280577109561,-0.738280577109561,0.6744937282605181,24.393001750956007,20.098009313085615,24.393001750956007,20.098009313085615,24.393001750956007,20.098009313085615,51989.69218081588,300.6489358265865,220.1748422000221,0.7323320190530073,0.7323320190530073,0.7323320190530073,47.58515237147482,14462.36521818543,7756.313782048742,0.6509102191913841,24.4,20.1,24.4,20.1,24.393001750956007,20.098009313085615,392.00866317749023,38.49214172363281,39.989227294921875,39.200866317749025,0.4560896649353182,0.764347141894647,253.24352688294692,5,5,10,50.0,100.0,50.0,50.0
50,50,2025-07-20,4,Type 4,Type 4,Mixed,Mixed Multi-Day,19,7,3.0,7.428571428571429,7,3.647058823529412,10.133333333333333,10,10,3.647058823529412,10.133333333333333,10,5,2,449,2,1.25,192,96,96,192,50.0,100.0,50.0,50.0,49.429417171698915,37.74140166322781,1526.5883467235362,1077.3768709126691,1291752.9799994174,115.34983985990823,0.7057415794015498,0.7084693522685409,-0.42814413557767883,0.9037104620233419,-0.9037104620233419,-0.42814413557767883,49.429417171698915,37.74140166322781,49.429417171698915,37.74140166322781,49.429417171698915,37.74140166322781,1291752.9799994174,1526.5883467235362,1077.3768709126691,0.7057415794015498,0.7057415794015498,0.7057415794015498,115.34983985990823,372875.516856336,185718.54751641184,0.6675250251272228,48.994791666666664,38.125,48.994791666666664,38.125,49.429417171698915,37.74140166322781,6805.291904449463,22.85468864440918,48.94145584106445,35.44422866900762,5.435820902680953,57.20792610473819,137.96163314313677,95,95,192,49.479166666666664,100.0,49.479166666666664,49.479166666666664
50,50,2025-07-20,4,Type 4,Type 4,Mixed,Mixed Multi-Day,19,7,3.0,7.428571428571429,7,3.647058823529412,10.133333333333333,10,10,3.647058823529412,10.133333333333333,10,5,2,449,3,1.25,82,41,41,82,50.0,100.0,50.0,50.0,47.291861902176855,17.405774131353144,1171.2958252164135,856.6370070950309,788049.1571953159,16.398889072482945,0.7313583713463292,0.6819933523588371,0.95931944877506,0.2823228563221812,-0.2823228563221812,0.95931944877506,47.291861902176855,17.405774131353144,47.291861902176855,17.405774131353144,47.291861902176855,17.405774131353144,788049.1571953159,1171.2958252164135,856.6370070950309,0.7313583713463292,0.7313583713463292,0.7313583713463292,16.398889072482945,219509.42562710383,117412.31390795713,0.6515145800031141,46.90243902439025,17.182926829268293,46.90243902439025,17.182926829268293,47.291861902176855,17.405774131353144,3237.4590282440186,28.87641716003418,46.45906448364258,39.48120766151242,5.010349178151745,48.19180715160466,59.16053368193353,40,40,82,48.78048780487805,100.0,48.78048780487805,48.78048780487805
50,50,2025-07-20,4,Type 4,Type 4,Mixed,Mixed Multi-Day,19,7,3.0,7.428571428571429,7,3.647058823529412,10.133333333333333,10,10,3.647058823529412,10.133333333333333,10,5,2,449,4,1.25,77,32,32,77,41.55844155844156,100.0,41.55844155844156,41.55844155844156,65.59537213097269,37.05988666699396,1370.45623404955,495.9907268028394,533861.5081415059,76.92821633908225,0.3619165023148827,0.9322105155769063,0.22617162795598553,0.9740874676884717,-0.9740874676884717,0.22617162795598553,65.59537213097269,37.05988666699396,65.59537213097269,37.05988666699396,65.59537213097269,37.05988666699396,533861.5081415059,1370.45623404955,495.9907268028394,0.3619165023148827,0.3619165023148827,0.3619165023148827,76.92821633908225,300504.04631124396,39361.08817190542,0.8841861545116598,65.77272727272727,37.175324675324674,65.77272727272727,37.175324675324674,65.59537213097269,37.05988666699396,2945.1132164001465,22.38947868347168,45.94578552246094,38.248223589612294,4.919987147985797,20.31206511040896,230.9500508920215,32,32,77,41.55844155844156,100.0,41.55844155844156,41.55844155844156
50,50,2025-07-21,4,Type 4,Type 4,Mixed,Mixed Multi-Day,19,8,3.033333333333333,7.6,8,3.647058823529412,10.133333333333333,10,10,3.647058823529412,10.133333333333333,10,4,2,531,0,1.25,347,148,148,347,42.65129682997118,100.0,42.65129682997118,42.65129682997118,39.489725578730386,38.28738083232235,2659.5311024183948,1264.6635689806678,2641617.682789719,172.1681493886289,0.4755212555441332,0.8797042318448464,-0.9906722433732491,0.13626630621622457,-0.13626630621622457,-0.9906722433732491,39.489725578730386,38.28738083232235,39.489725578730386,38.28738083232235,39.489725578730386,38.28738083232235,2641617.682789719,2659.5311024183948,1264.6635689806678,0.4755212555441332,0.4755212555441332,0.4755212555441332,172.1681493886289,1131696.909556928,255899.8308331073,0.8155805477309084,38.580691642651296,38.51729106628242,38.580691642651296,38.51729106628242,39.489725578730386,38.28738083232235,11655.79944229126,22.194456100463867,49.69513702392578,33.590200121876826,5.381933414209808,83.40455742386666,107.53494554649988,148,148,347,42.65129682997118,100.0,42.65129682997118,42.65129682997118
50,50,2025-07-21,4,Type 4,Type 4,Mixed,Mixed Multi-Day,19,8,3.033333333333333,7.6,8,3.647058823529412,10.133333333333333,10,10,3.647058823529412,10.133333333333333,10,4,2,531,1,1.25,11,6,6,11,54.54545454545455,100.0,54.54545454545455,54.54545454545455,24.58892884296395,20.046594913738282,304.16207106189444,249.82269160847778,59679.726090895936,22.149842819062798,0.8213472861237882,0.5704284666608848,0.9262009948313097,0.3770301276734954,-0.3770301276734954,0.9262009948313097,24.58892884296395,20.046594913738282,24.58892884296395,20.046594913738282,24.58892884296395,20.046594913738282,59679.726090895936,304.16207106189444,249.82269160847778,0.8213472861237882,0.8213472861237882,0.8213472861237882,22.149842819062798,14802.330475625746,9985.820358800735,0.5971534776635236,24.59090909090909,20.045454545454547,24.59090909090909,20.045454545454547,24.58892884296395,20.046594913738282,434.0471611022949,38.81477355957031,40.180599212646484,39.45883282748136,0.4317924252459722,0.2426020281878168,301.35782713476107,6,6,11,54.54545454545455,100.0,54.54545454545455,54.54545454545455
50,50,2025-07-21,4,Type 4,Type 4,Mixed,Mixed Multi-Day,19,8,3.033333333333333,7.6,8,3.647058823529412,10.133333333333333,10,10,3.647058823529412,10.133333333333333,10,4,2,531,2,1.25,92,46,46,92,50.0,100.0,50.0,50.0,46.95255392136155,17.700498208677825,1185.1928409199247,894.2653875830724,832425.3983694769,29.202588302315746,0.7545315468569319,0.6562637768441022,0.8729000376129795,0.48789909236978385,-0.48789909236978385,0.8729000376129795,46.95255392136155,17.700498208677825,46.95255392136155,17.700498208677825,46.95255392136155,17.700498208677825,832425.3983694769,1185.1928409199247,894.2653875830724,0.7545315468569319,0.7545315468569319,0.7545315468569319,29.202588302315746,224749.13122685475,127953.69334865645,0.6372195388493055,46.619565217391305,17.456521739130434,46.619565217391305,17.456521739130434,46.95255392136155,17.700498208677825,3683.977035522461,29.788116455078125,46.58069610595703,40.04322864698327,4.591793677189401,44.481449404934025,52.57369026168649,45,45,92,48.91304347826087,100.0,48.91304347826087,48.91304347826087
50,50,2025-07-21,4,Type 4,Type 4,Mixed,Mixed Multi-Day,19,8,3.033333333333333,7.6,8,3.647058823529412,10.133333333333333,10,10,3.647058823529412,10.133333333333333,10,4,2,531,3,1.25,81,36,36,81,44.44444444444444,100.0,44.44444444444444,44.44444444444444,65.5670103488317,37.08596008221011,1369.253575865157,500.96545230268316,538742.878185608,77.82256489014111,0.36586755085605693,0.9306669303411348,0.21093984278356187,0.9774990448723959,-0.9774990448723959,0.21093984278356187,65.5670103488317,37.08596008221011,65.5670103488317,37.08596008221011,65.5670103488317,37.08596008221011,538742.878185608,1369.253575865157,500.96545230268316,0.36586755085605693,0.36586755085605693,0.36586755085605693,77.82256489014111,299976.85680312314,40154.621504133116,0.881943824476429,65.74691358024691,37.117283950617285,65.74691358024691,37.117283950617285,65.5670103488317,37.08596008221011,3152.0902004241943,21.41290283203125,45.47929382324219,38.91469383239746,4.775359527345364,16.36562031268372,257.79033889298285,35,35,81,43.20987654320987,100.0,43.20987654320987,43.20987654320987
50,50,2025-07-22,4,Type 4,Type 4,Mixed,Mixed Multi-Day,19,9,3.25,7.178571428571429,7,3.647058823529412,10.133333333333333,10,10,3.647058823529412,10.133333333333333,10,2,0,746,0,1.25,736,327,327,736,44.42934782608695,100.0,44.42934782608695,44.42934782608695,45.69466563732822,34.3386774148504,3142.36687659052,2453.35663360583,6054906.677839754,174.8550817136894,0.7807352641992368,0.6248619425407087,-0.9959710686896315,0.08967513776534346,-0.08967513776534346,-0.9959710686896315,45.69466563732822,34.3386774148504,45.69466563732822,34.3386774148504,45.69466563732822,34.3386774148504,6054906.677839754,3142.36687659052,2453.35663360583,0.7807352641992368,0.7807352641992368,0.7807352641992368,174.8550817136894,1579915.1339349216,963033.4034652372,0.6212926100149017,44.58559782608695,34.838315217391305,44.58559782608695,34.838315217391305,45.69466563732822,34.3386774148504,26773.433513641357,22.32232093811035,48.5965576171875,36.37694770875184,5.877066459137865,115.86491529626738,118.26308618789777,314,314,736,42.66304347826087,100.0,42.66304347826087,42.66304347826087
50,50,2025-07-22,4,Type 4,Type 4,Mixed,Mixed Multi-Day,19,9,3.25,7.178571428571429,7,3.647058823529412,10.133333333333333,10,10,3.647058823529412,10.133333333333333,10,2,0,746,1,1.25,10,6,6,10,60.0,100.0,60.0,60.0,24.60353394474223,20.198872051384186,316.2775006802907,222.57267148550685,55287.89028604496,12.199349823064694,0.7037259084404317,0.7104715657854923,0.9774182922795254,0.21131370499183522,-0.21131370499183522,0.9774182922795254,24.60353394474223,20.198872051384186,24.60353394474223,20.198872051384186,24.60353394474223,20.198872051384186,55287.89028604496,316.2775006802907,222.57267148550685,0.7037259084404317,0.7037259084404317,0.7037259084404317,12.199349823064694,16005.033189851409,7926.175054751256,0.6687933607974479,24.6,20.2,24.6,20.2,24.60353394474223,20.198872051384186,389.78309631347656,38.30147933959961,40.178916931152344,38.978309631347656,0.5870110921973604,0.3898866731423279,108.67904159694595,6,6,10,60.0,100.0,60.0,60.0
50,50,2025-07-23,4,Type 4,Type 4,Mixed,Mixed Multi-Day,19,10,3.4642857142857144,8.0,8,3.647058823529412,10.133333333333333,10,10,3.647058823529412,10.133333333333333,10,2,0,798,0,1.25,783,336,336,783,42.911877394636015,100.0,42.911877394636015,42.911877394636015,44.56815907989857,33.532881542655296,3098.895940350922,2510.991905796385,6111420.789043253,172.20052533124488,0.8102859709164799,0.5860346792946108,-0.9907490847732959,0.13570648849954234,-0.13570648849954234,-0.9907490847732959,44.56815907989857,33.532881542655296,44.56815907989857,33.532881542655296,44.56815907989857,33.532881542655296,6111420.789043253,3098.895940350922,2510.991905796385,0.8102859709164799,0.8102859709164799,0.8102859709164799,172.20052533124488,1536504.967859748,1008812.8561559936,0.6036593754078254,43.43869731800766,34.09897828863346,43.43869731800766,34.09897828863346,44.56815907989857,33.532881542655296,28653.835258483887,22.370460510253906,49.69988250732422,36.5949364731595,6.092803212749299,121.97206737984072,120.66833644643073,321,321,783,40.99616858237548,100.0,40.99616858237548,40.99616858237548
50,50,2025-07-23,4,Type 4,Type 4,Mixed,Mixed Multi-Day,19,10,3.4642857142857144,8.0,8,3.647058823529412,10.133333333333333,10,10,3.647058823529412,10.133333333333333,10,2,0,798,1,1.25,15,7,7,15,46.666666666666664,100.0,46.666666666666664,46.666666666666664,25.798214777784423,20.507762872616453,585.5645867514761,191.23816436380508,87950.69015084275,14.033294185611908,0.3265876535067342,0.9451669188968503,0.9701549833054359,0.2424856869335369,-0.2424856869335369,0.9701549833054359,25.798214777784423,20.507762872616453,25.798214777784423,20.507762872616453,25.798214777784423,20.507762872616453,87950.69015084275,585.5645867514761,191.23816436380508,0.3265876535067342,0.3265876535067342,0.3265876535067342,14.033294185611908,54861.74164118832,5851.525681478036,0.9036203133265822,25.766666666666666,20.5,25.766666666666666,20.5,25.798214777784423,20.507762872616453,598.550220489502,39.07206726074219,42.36155700683594,39.90334803263347,0.907446701353408,3.401160956289719,75.35784281225698,7,7,15,46.666666666666664,100.0,46.666666666666664,46.666666666666664
50,50,2025-07-24,4,Type 4,Type 4,Mixed,Mixed Multi-Day,19,11,3.642857142857143,7.666666666666667,8,3.647058823529412,10.133333333333333,10,10,3.647058823529412,10.133333333333333,10,1,7,823,0,1.25,823,349,348,824,42.28432563791009,99.7134670487106,42.23300970873787,42.23300970873787,42.774878729816955,32.77514483097892,3090.8053755204396,2584.3747852154784,6273603.04000373,4.612733798987421,0.8361493110126073,0.548501895797218,0.9967610298913747,0.08042045318130252,-0.08042045318130252,0.9967610298913747,42.774878729816955,32.77514483097892,42.774878729816955,32.77514483097892,42.774878729816955,32.77514483097892,6273603.04000373,3090.8053755204396,2584.3747852154784,0.8361493110126073,0.8361493110126073,0.8361493110126073,4.612733798987421,1528492.4590953675,1068638.8848732081,0.5885310585639221,41.84021871202916,33.40765492102066,41.84021871202916,33.40765492102066,42.774878729816955,32.77514483097892,30463.550497055054,21.259973526000977,50.761138916015625,37.01524969265498,6.13415969316879,111.95730449627213,128.5412649466962,327,326,824,39.611178614823814,99.69418960244649,39.56310679611651,39.56310679611651
50,50,2025-07-25,4,Type 4,Type 4,Mixed,Mixed Multi-Day,19,12,3.130434782608696,9.434782608695652,9,3.647058823529412,10.133333333333333,10,10,3.647058823529412,10.133333333333333,10,2,6,769,0,1.25,677,271,271,677,40.02954209748892,100.0,40.02954209748892,40.02954209748892,37.780648939612284,30.577858059407234,2892.903089709475,1964.5478057511168,4463611.298156394,125.06230413790553,0.6790921592705029,0.734053022074922,-0.5744668531029556,0.8185278460052458,-0.8185278460052458,-0.5744668531029556,37.780648939612284,30.577858059407234,37.780648939612284,30.577858059407234,37.780648939612284,30.577858059407234,4463611.298156394,2892.903089709475,1964.5478057511168,0.6790921592705029,0.6790921592705029,0.6790921592705029,125.06230413790553,1339022.1258321002,617511.6929730444,0.6843848611059742,37.095273264401776,31.442392909896604,37.095273264401776,31.442392909896604,37.780648939612284,30.577858059407234,25067.04790878296,25.35950469970703,50.716426849365234,37.026658654036865,6.375118000065204,116.063734152986,145.49658010280652,255,255,677,37.66617429837518,100.0,37.66617429837518,37.66617429837518
50,50,2025-07-25,4,Type 4,Type 4,Mixed,Mixed Multi-Day,19,12,3.130434782608696,9.434782608695652,9,3.647058823529412,10.133333333333333,10,10,3.647058823529412,10.133333333333333,10,2,6,769,1,1.25,92,47,47,92,51.08695652173913,100.0,51.08695652173913,51.08695652173913,63.89388072966015,38.86412260793834,957.3236685763038,792.2745546596035,595695.5910791723,55.5764528594247,0.8275931961839456,0.5613283367424465,0.5653060568330283,0.8248812412146933,-0.8248812412146933,0.5653060568330283,63.89388072966015,38.86412260793834,63.89388072966015,38.86412260793834,63.89388072966015,38.86412260793834,595695.5910791723,957.3236685763038,792.2745546596035,0.8275931961839456,0.8275931961839456,0.8275931961839456,55.5764528594247,146634.97702662286,100431.8351937717,0.5935033350242847,64.02173913043478,38.80434782608695,64.02173913043478,38.80434782608695,63.89388072966015,38.86412260793834,3573.58180809021,21.142520904541016,45.41699981689453,38.843280522719674,4.121560768388105,12.933713039006918,300.9077682483377,48,48,92,52.17391304347826,100.0,52.17391304347826,52.17391304347826
50,50,2025-07-26,4,Type 4,Type 4,Mixed,Mixed Multi-Day,19,13,3.269230769230769,9.153846153846152,9,3.647058823529412,10.133333333333333,10,10,3.647058823529412,10.133333333333333,10,2,9,721,0,1.25,685,279,279,685,40.72992700729927,100.0,40.72992700729927,40.72992700729927,37.37058425197785,30.73881960963852,2840.856373529359,1938.2989439296764,4324739.151746342,123.20211368231077,0.6822938892618553,0.7310780045083637,-0.5475940919543125,0.8367441128903937,-0.8367441128903937,-0.5475940919543125,37.37058425197785,30.73881960963852,37.37058425197785,30.73881960963852,37.37058425197785,30.73881960963852,4324739.151746342,2840.856373529359,1938.2989439296764,0.6822938892618553,0.6822938892618553,0.6822938892618553,123.20211368231077,1291274.389603581,601120.4473662239,0.6823493514023916,36.79197080291971,31.53795620437956,36.79197080291971,31.53795620437956,37.37058425197785,30.73881960963852,25468.52843093872,26.321889877319336,50.269020080566406,37.18033347582295,6.297396130657819,104.37913038219693,147.93582547204355,268,268,685,39.12408759124087,100.0,39.12408759124087,39.12408759124087
50,50,2025-07-26,4,Type 4,Type 4,Mixed,Mixed Multi-Day,19,13,3.269230769230769,9.153846153846152,9,3.647058823529412,10.133333333333333,10,10,3.647058823529412,10.133333333333333,10,2,9,721,1,1.25,36,20,20,36,55.55555555555556,100.0,55.55555555555556,55.55555555555556,66.68741740873801,39.79041657806213,827.3723002214863,400.8639490444608,260488.0825200659,59.23373987123359,0.4845025013976781,0.8747898754211739,0.5115369588223408,0.8592612756075947,-0.8592612756075947,0.5115369588223408,66.68741740873801,39.79041657806213,66.68741740873801,39.79041657806213,66.68741740873801,39.79041657806213,260488.0825200659,827.3723002214863,400.8639490444608,0.4845025013976781,0.4845025013976781,0.4845025013976781,59.23373987123359,109527.18770780691,25710.70490296321,0.8098853479108735,66.80555555555556,39.75,66.80555555555556,39.75,66.68741740873801,39.79041657806213,1350.9963207244873,20.680219650268555,42.46025085449219,37.527675575680206,4.785516322337466,11.07214099947186,293.9472673117397,18,18,36,50.0,100.0,50.0,50.0
50,50,2025-07-27,4,Type 4,Type 4,Mixed,Mixed Multi-Day,19,14,2.98,6.04,6,3.647058823529412,10.133333333333333,10,10,3.647058823529412,10.133333333333333,10,1,10,688,0,1.25,688,283,283,688,41.133720930232556,100.0,41.133720930232556,41.133720930232556,38.02573648826558,30.94346357797163,2713.1988717292234,1947.4112261862088,4149819.2257139417,120.5096324294744,0.7177546940910566,0.6962960570836616,-0.5076832108221605,0.8615438221293805,-0.8615438221293805,-0.5076832108221605,38.02573648826558,30.94346357797163,38.02573648826558,30.94346357797163,38.02573648826558,30.94346357797163,4149819.2257139417,2713.1988717292234,1947.4112261862088,0.7177546940910566,0.7177546940910566,0.7177546940910566,120.5096324294744,1177831.698808437,606785.6774201717,0.6599911636507327,37.411337209302324,31.809593023255815,37.411337209302324,31.809593023255815,38.02573648826558,30.94346357797163,25438.96374320984,21.126846313476562,50.993675231933594,36.97523799885151,6.638304985347259,112.41932955992715,148.5147501823169,269,269,688,39.098837209302324,100.0,39.098837209302324,39.098837209302324
50,50,2025-07-28,4,Type 4,Type 4,Mixed,Mixed Multi-Day,19,15,3.388888888888889,9.27777777777778,9,3.647058823529412,10.133333333333333,10,10,3.647058823529412,10.133333333333333,10,1,8,617,0,1.25,617,257,257,617,41.65316045380875,100.0,41.65316045380875,41.65316045380875,39.45828544979163,31.331182219845505,2519.501708533033,1908.2725682123125,3776112.6850310755,123.14598891738743,0.7574007835554891,0.6529502684504626,-0.5467741866794039,0.8372801136902013,-0.8372801136902013,-0.5467741866794039,39.45828544979163,31.331182219845505,39.45828544979163,31.331182219845505,39.45828544979163,31.331182219845505,3776112.6850310755,2519.501708533033,1908.2725682123125,0.7574007835554891,0.7574007835554891,0.7574007835554891,123.14598891738743,1015662.2174881395,582640.6711346585,0.6354629180225659,38.80145867098865,32.19529983792545,38.80145867098865,32.19529983792545,39.45828544979163,31.331182219845505,22854.790184020996,22.711339950561523,51.017730712890625,37.041799325803886,6.769302341973882,114.24698558896239,146.8260989983433,248,248,617,40.19448946515397,100.0,40.19448946515397,40.19448946515397
50,50,2025-07-29,4,Type 4,Type 4,Mixed,Mixed Multi-Day,19,16,3.633333333333333,7.466666666666667,7,3.647058823529412,10.133333333333333,10,10,3.647058823529412,10.133333333333333,10,2,9,504,0,1.25,455,215,215,455,47.252747252747255,100.0,47.252747252747255,47.252747252747255,42.98882911165655,32.680876229819496,2670.3207369500815,1408.9194468438568,2954877.447182926,130.4026879116596,0.5276218048821582,0.8494793882213352,-0.6481556263268322,0.7615079015091516,-0.7615079015091516,-0.6481556263268322,42.98882911165655,32.680876229819496,42.98882911165655,32.680876229819496,42.98882911165655,32.680876229819496,2954877.447182926,2670.3207369500815,1408.9194468438568,0.5276218048821582,0.5276218048821582,0.5276218048821582,130.4026879116596,1140898.0541097,317608.64123116795,0.7822371043987977,42.02307692307692,33.64725274725275,42.02307692307692,33.64725274725275,42.98882911165655,32.680876229819496,16936.590732574463,23.643047332763672,50.018428802490234,37.22327633532849,7.157534281015281,140.00728951554066,139.68719702857308,208,208,455,45.714285714285715,100.0,45.714285714285715,45.714285714285715
50,50,2025-07-29,4,Type 4,Type 4,Mixed,Mixed Multi-Day,19,16,3.633333333333333,7.466666666666667,7,3.647058823529412,10.133333333333333,10,10,3.647058823529412,10.133333333333333,10,2,9,504,1,1.25,49,24,24,49,48.97959183673469,100.0,48.97959183673469,48.97959183673469,33.12762273960406,21.58596710707303,1173.5690625814968,718.7507911882819,662486.2507078291,1.0910414371802801,0.6124486526657815,0.7905103717522426,0.9998187015435379,0.019041114562805113,-0.019041114562805113,0.9998187015435379,33.12762273960406,21.58596710707303,33.12762273960406,21.58596710707303,33.12762273960406,21.58596710707303,662486.2507078291,1173.5690625814968,718.7507911882819,0.6124486526657815,0.6124486526657815,0.6124486526657815,1.0910414371802801,220362.29514374613,82656.43197340502,0.7272233542798531,33.5,21.663265306122447,33.5,21.663265306122447,33.12762273960406,21.58596710707303,1855.1217956542969,31.94948959350586,42.87884521484375,37.85962848274075,3.888540656029985,39.491460880490024,257.55180283920174,23,23,49,46.93877551020408,100.0,46.93877551020408,46.93877551020408
50,50,2025-07-30,4,Type 4,Type 4,Mixed,Mixed Multi-Day,19,17,3.0,10.133333333333333,10,3.647058823529412,10.133333333333333,10,10,3.647058823529412,10.133333333333333,10,1,19,463,0,1.25,463,200,200,463,43.196544276457885,100.0,43.196544276457885,43.196544276457885,44.01968493741499,31.49404492872311,2682.4944027494703,1491.4019174398854,3142124.600453304,122.4916031710999,0.555975779823155,0.8311984914868618,-0.5371760016118288,0.843470179254921,-0.843470179254921,-0.5371760016118288,44.01968493741499,31.49404492872311,44.01968493741499,31.49404492872311,44.01968493741499,31.49404492872311,3142124.600453304,2682.4944027494703,1491.4019174398854,0.555975779823155,0.555975779823155,0.555975779823155,122.4916031710999,1151324.1953251576,355884.7486949386,0.7638782929819229,43.1133909287257,32.538876889848815,43.1133909287257,32.538876889848815,44.01968493741499,31.49404492872311,17341.038513183594,24.894290924072266,50.275794982910156,37.45364689672483,7.144024365578985,144.0625810537143,143.29314912856847,199,199,463,42.980561555075596,100.0,42.980561555075596,42.980561555075596
50,50,2025-07-31,4,Type 4,Type 4,Mixed,Mixed Multi-Day,19,18,2.647058823529412,7.529411764705882,8,3.647058823529412,10.133333333333333,10,10,3.647058823529412,10.133333333333333,10,1,12,419,0,1.25,419,178,178,419,42.482100238663485,100.0,42.482100238663485,42.482100238663485,44.8989599643206,30.778972826715293,2728.55834612066,1573.8360420575063,3372738.0568239745,115.70864416559826,0.5768013149856643,0.8168844734910857,-0.43379502437665457,0.9010115852895887,-0.9010115852895887,-0.43379502437665457,44.8989599643206,30.778972826715293,44.8989599643206,30.778972826715293,44.8989599643206,30.778972826715293,3372738.0568239745,2728.55834612066,1573.8360420575063,0.5768013149856643,0.5768013149856643,0.5768013149856643,115.70864416559826,1191204.903709554,396313.58196467784,0.750356556133984,43.9964200477327,31.998806682577566,43.9964200477327,31.998806682577566,44.8989599643206,30.778972826715293,15373.250564575195,22.475786209106445,49.50580978393555,36.690335476313116,7.245913437803487,160.19168304089288,147.36029293300632,177,177,419,42.243436754176614,100.0,42.243436754176614,42.243436754176614
50,50,2025-08-01,4,Type 4,Type 4,Mixed,Mixed Multi-Day,19,19,3.046875,8.4375,8,3.647058823529412,10.133333333333333,10,10,3.647058823529412,10.133333333333333,10,2,7,370,0,1.25,19,10,10,19,52.63157894736842,100.0,52.63157894736842,52.63157894736842,29.857183631721725,34.82368392700943,604.8516373012341,461.59060680148366,219278.32468070305,106.83248592164685,0.7631468253289986,0.6462251333631887,-0.28957453749075807,0.9571554665972574,-0.9571554665972574,-0.28957453749075807,29.857183631721725,34.82368392700943,29.857183631721725,34.82368392700943,29.857183631721725,34.82368392700943,219278.32468070305,604.8516373012341,461.59060680148366,0.7631468253289986,0.7631468253289986,0.7631468253289986,106.83248592164685,58535.28050335739,34090.5421259779,0.6319542309232763,29.763157894736842,34.71052631578947,29.763157894736842,34.71052631578947,29.857183631721725,34.82368392700943,541.3304119110107,26.3604679107666,33.60220718383789,28.49107431110583,2.4490719110449817,15.22094791844493,34.41131261760273,10,10,19,52.63157894736842,100.0,52.63157894736842,52.63157894736842
50,50,2025-08-01,4,Type 4,Type 4,Mixed,Mixed Multi-Day,19,19,3.046875,8.4375,8,3.647058823529412,10.133333333333333,10,10,3.647058823529412,10.133333333333333,10,2,7,370,1,1.25,351,163,163,351,46.43874643874644,100.0,46.43874643874644,46.43874643874644,46.52330715643504,30.284752827557003,2762.547335544544,1380.916896190592,2996174.842317877,105.35356696736129,0.4998708541290535,0.8660999533496642,-0.2647747184857231,0.9643102967669722,-0.9643102967669722,-0.2647747184857231,46.52330715643504,30.284752827557003,46.52330715643504,30.284752827557003,46.52330715643504,30.284752827557003,2996174.842317877,2762.547335544544,1380.916896190592,0.4998708541290535,0.4998708541290535,0.4998708541290535,105.35356696736129,1221066.8449798815,305109.03586954525,0.8000826512212144,45.86182336182336,31.548433048433047,45.86182336182336,31.548433048433047,46.52330715643504,30.284752827557003,12860.29960823059,21.995269775390625,49.55885314941406,36.63903022287918,6.859812920050788,153.707901165287,155.5392197848849,159,159,351,45.2991452991453,100.0,45.2991452991453,45.2991452991453
51,51,2025-08-07,4,Type 4,Type 4,Mixed,Mixed Multi-Day,9,1,3.282608695652174,9.391304347826088,9,3.4545454545454546,9.4,9,9,3.4545454545454546,9.4,9,1,15,390,0,1.25,390,187,187,390,47.94871794871795,100.0,47.94871794871795,47.94871794871795,40.879768250763,34.9834710516289,1976.1245269777576,1762.1450037337531,2734927.5918805148,120.45638681587296,0.891717591516735,0.4525922414045488,-0.5068823493317237,0.8620152457677025,-0.8620152457677025,-0.5068823493317237,40.879768250763,34.9834710516289,40.879768250763,34.9834710516289,40.879768250763,34.9834710516289,2734927.5918805148,1976.1245269777576,1762.1450037337531,0.891717591516735,0.891717591516735,0.891717591516735,120.45638681587296,624810.9033796905,496824.8022694126,0.5570533286635213,40.243589743589745,35.792307692307695,40.243589743589745,35.792307692307695,40.879768250763,34.9834710516289,13625.583839416504,23.79156494140625,49.57941436767578,34.93739446004232,6.487705112762627,106.74136902389408,147.0299151198572,177,177,390,45.38461538461539,100.0,45.38461538461539,45.38461538461539
51,51,2025-08-08,4,Type 4,Type 4,Mixed,Mixed Multi-Day,9,2,3.2857142857142856,8.928571428571429,9,3.4545454545454546,9.4,9,9,3.4545454545454546,9.4,9,1,13,427,0,1.25,427,202,202,427,47.30679156908665,100.0,47.30679156908665,47.30679156908665,39.87618746782435,34.79868475267277,2019.3735267224522,1658.4736526227268,2630359.544456059,170.58711391523056,0.8212812690054997,0.5705235115056312,-0.9865354038945047,0.16354784273327028,-0.16354784273327028,-0.9865354038945047,39.87618746782435,34.79868475267277,39.87618746782435,34.79868475267277,39.87618746782435,34.79868475267277,2630359.544456059,2019.3735267224522,1658.4736526227268,0.8212812690054997,0.8212812690054997,0.8212812690054997,170.58711391523056,652459.110468396,440085.57703100314,0.5971921496060131,39.08313817330211,35.53747072599531,39.08313817330211,35.53747072599531,39.87618746782435,34.79868475267277,15031.403903961182,22.589820861816406,49.821781158447266,35.20235106314094,6.892314071692163,109.25910968269203,138.376063018256,195,195,427,45.667447306791566,100.0,45.667447306791566,45.667447306791566
51,51,2025-08-09,4,Type 4,Type 4,Mixed,Mixed Multi-Day,9,3,3.107142857142857,8.785714285714286,9,3.4545454545454546,9.4,9,9,3.4545454545454546,9.4,9,2,10,461,0,1.25,445,216,216,445,48.53932584269663,100.0,48.53932584269663,48.53932584269663,38.14915381951588,34.97334189271228,2118.161411644617,1571.6118176638317,2614533.5494999965,158.72806917062184,0.7419698088275414,0.6704332948089778,-0.9318690723512445,0.36279475188490673,-0.36279475188490673,-0.9318690723512445,38.14915381951588,34.97334189271228,38.14915381951588,34.97334189271228,38.14915381951588,34.97334189271228,2614533.5494999965,2118.161411644617,1571.6118176638317,0.7419698088275414,0.7419698088275414,0.7419698088275414,158.72806917062184,717857.2425248509,395194.1928672981,0.6449452556268761,37.28876404494382,35.576404494382025,37.28876404494382,35.576404494382025,38.14915381951588,34.97334189271228,15888.338912963867,25.183719635009766,49.39046096801758,35.70413238868285,6.986471631540442,102.97631655014995,130.27198543013512,209,209,445,46.96629213483146,100.0,46.96629213483146,46.96629213483146
51,51,2025-08-09,4,Type 4,Type 4,Mixed,Mixed Multi-Day,9,3,3.107142857142857,8.785714285714286,9,3.4545454545454546,9.4,9,9,3.4545454545454546,9.4,9,2,10,461,1,1.25,16,9,9,16,56.25,100.0,56.25,56.25,66.68416239939839,40.27378760665384,657.7883316335202,194.16973240700042,100313.08316008557,126.1621393789293,0.2951857353942545,0.9554398890666818,-0.5900723053980705,0.8073504037295121,-0.8073504037295121,-0.5900723053980705,66.68416239939839,40.27378760665384,66.68416239939839,40.27378760665384,66.68416239939839,40.27378760665384,100313.08316008557,657.7883316335202,194.16973240700042,0.2951857353942545,0.2951857353942545,0.2951857353942545,126.1621393789293,69229.67827731358,6032.301597280984,0.919849283697661,66.9375,40.0625,66.9375,40.0625,66.68416239939839,40.27378760665384,553.2430839538574,21.809833526611328,40.709808349609375,34.57769274711609,6.082619956667709,31.87668749231672,317.4725235465804,10,10,16,62.5,100.0,62.5,62.5
51,51,2025-08-10,4,Type 4,Type 4,Mixed,Mixed Multi-Day,9,4,2.895833333333333,9.25,9,3.4545454545454546,9.4,9,9,3.4545454545454546,9.4,9,2,25,438,0,1.25,421,178,178,421,42.280285035629454,100.0,42.280285035629454,42.280285035629454,35.702335855516665,33.64759953815078,2105.662572044214,1275.1755821446845,2108864.3588000247,131.20506816560152,0.6055935072762973,0.7957741538557238,-0.6587560132878328,0.7523566408008376,-0.7523566408008376,-0.6587560132878328,35.702335855516665,33.64759953815078,35.702335855516665,33.64759953815078,35.702335855516665,33.64759953815078,2108864.3588000247,2105.662572044214,1275.1755821446845,0.6055935072762973,0.6055935072762973,0.6055935072762973,131.20506816560152,709410.3787692566,260171.6424476856,0.7316661852690515,34.770783847981,34.34085510688836,34.770783847981,34.34085510688836,35.702335855516665,33.64759953815078,15250.427946090698,25.54349136352539,50.00178527832031,36.224294408766504,7.050368501674475,115.41445935025537,131.51829478338982,183,183,421,43.46793349168646,100.0,43.46793349168646,43.46793349168646
51,51,2025-08-10,4,Type 4,Type 4,Mixed,Mixed Multi-Day,9,4,2.895833333333333,9.25,9,3.4545454545454546,9.4,9,9,3.4545454545454546,9.4,9,2,25,438,1,1.25,17,9,9,17,52.94117647058823,100.0,52.94117647058823,52.94117647058823,66.67100200691314,40.172501581625646,641.2298164515129,204.30877370120257,102894.1317457321,125.32132155760189,0.3186202020857705,0.9478824646668081,-0.5781612947742649,0.8159224946187876,-0.8159224946187876,-0.5781612947742649,66.67100200691314,40.172501581625646,66.67100200691314,40.172501581625646,66.67100200691314,40.172501581625646,102894.1317457321,641.2298164515129,204.30877370120257,0.3186202020857705,0.3186202020857705,0.3186202020857705,125.32132155760189,65788.10840103053,6678.732001806273,0.9078374058441103,66.91176470588235,39.970588235294116,66.91176470588235,39.970588235294116,66.67100200691314,40.172501581625646,596.8387336730957,22.155519485473633,41.51198959350586,35.10816080429975,6.092738345244975,30.404869702558194,317.5852795447808,10,10,17,58.8235294117647,100.0,58.8235294117647,58.8235294117647
51,51,2025-08-11,4,Type 4,Type 4,Mixed,Mixed Multi-Day,9,5,3.242424242424242,8.393939393939394,8,3.4545454545454546,9.4,9,9,3.4545454545454546,9.4,9,2,11,469,0,1.25,452,209,209,452,46.23893805309734,100.0,46.23893805309734,46.23893805309734,35.2845799888027,32.297813637261186,2176.2084751626635,1507.1361724599788,2575982.2849468905,125.68011726973803,0.6925513753213951,0.7213685552756262,-0.5832593677254962,0.8122859779415463,-0.8122859779415463,-0.5832593677254962,35.2845799888027,32.297813637261186,35.2845799888027,32.297813637261186,35.2845799888027,32.297813637261186,2575982.2849468905,2176.2084751626635,1507.1361724599788,0.6925513753213951,0.6925513753213951,0.6925513753213951,125.68011726973803,757741.332379169,363433.5107739704,0.6758458210212182,34.466814159292035,33.0287610619469,34.466814159292035,33.0287610619469,35.2845799888027,32.297813637261186,16558.8224029541,25.909984588623047,49.68162536621094,36.63456283839403,6.76275985212151,111.6036467075309,136.3576546465827,208,208,452,46.017699115044245,100.0,46.017699115044245,46.017699115044245
51,51,2025-08-11,4,Type 4,Type 4,Mixed,Mixed Multi-Day,9,5,3.242424242424242,8.393939393939394,8,3.4545454545454546,9.4,9,9,3.4545454545454546,9.4,9,2,11,469,1,1.25,17,9,9,17,52.94117647058823,100.0,52.94117647058823,52.94117647058823,66.68138830041212,40.15891599835957,641.2298164515129,204.30877370120257,102894.1317457321,125.32132155760189,0.3186202020857705,0.9478824646668081,-0.5781612947742649,0.8159224946187876,-0.8159224946187876,-0.5781612947742649,66.68138830041212,40.15891599835957,66.68138830041212,40.15891599835957,66.68138830041212,40.15891599835957,102894.1317457321,641.2298164515129,204.30877370120257,0.3186202020857705,0.3186202020857705,0.3186202020857705,125.32132155760189,65788.10840103053,6678.732001806273,0.9078374058441103,66.91176470588235,39.970588235294116,66.91176470588235,39.970588235294116,66.68138830041212,40.15891599835957,602.4528198242188,22.857065200805664,42.080352783203125,35.43840116613052,5.926104163863403,28.69772521108556,316.84895682384285,10,10,17,58.8235294117647,100.0,58.8235294117647,58.8235294117647
51,51,2025-08-12,4,Type 4,Type 4,Mixed,Mixed Multi-Day,9,6,2.9642857142857144,6.428571428571429,6,3.4545454545454546,9.4,9,9,3.4545454545454546,9.4,9,1,17,448,0,1.25,448,220,220,448,49.107142857142854,100.0,49.107142857142854,49.107142857142854,35.2095426652567,30.981093302311514,2109.9655640329497,1629.531401507324,2700399.274361189,126.55789575580827,0.7723023680029486,0.6352551081077886,-0.5956347574378082,0.8032553988190826,-0.8032553988190826,-0.5956347574378082,35.2095426652567,30.981093302311514,35.2095426652567,30.981093302311514,35.2095426652567,30.981093302311514,2700399.274361189,2109.9655640329497,1629.531401507324,0.7723023680029486,0.7723023680029486,0.7723023680029486,126.55789575580827,712312.7490247814,424859.6141597478,0.6263894305609274,34.479910714285715,31.575892857142858,34.479910714285715,31.575892857142858,35.2095426652567,30.981093302311514,16562.929151535034,25.82453155517578,49.35862731933594,36.97082399896213,6.434219497441958,95.79375714016025,133.31625659755983,224,224,448,50.0,100.0,50.0,50.0
51,51,2025-08-13,4,Type 4,Type 4,Mixed,Mixed Multi-Day,9,7,2.9473684210526314,7.2105263157894735,7,3.4545454545454546,9.4,9,9,3.4545454545454546,9.4,9,1,8,450,0,1.25,450,230,230,450,51.111111111111114,100.0,51.111111111111114,51.111111111111114,36.02641064073113,29.837314280117507,2029.5405515016723,1723.4271602935294,2747138.449978504,135.26358185242668,0.849171089002559,0.5281178482140213,-0.7103522409813671,0.7038463566239083,-0.7038463566239083,-0.7103522409813671,36.02641064073113,29.837314280117507,36.02641064073113,29.837314280117507,36.02641064073113,29.837314280117507,2747138.449978504,2029.5405515016723,1723.4271602935294,0.849171089002559,0.849171089002559,0.849171089002559,135.26358185242668,659045.5760303539,475232.18829398695,0.5810266204265494,35.39555555555555,30.284444444444443,35.39555555555555,30.284444444444443,36.02641064073113,29.837314280117507,17273.814151763916,25.4293155670166,50.29198455810547,38.38625367058648,6.018097494010217,78.4679997022815,129.01494780143372,236,236,450,52.44444444444444,100.0,52.44444444444444,52.44444444444444
51,51,2025-08-14,4,Type 4,Type 4,Mixed,Mixed Multi-Day,9,8,3.4545454545454546,9.136363636363637,9,3.4545454545454546,9.4,9,9,3.4545454545454546,9.4,9,2,12,451,0,1.25,437,209,209,437,47.82608695652174,100.0,47.82608695652174,47.82608695652174,37.65087057599208,28.6334251319291,1900.817744549014,1722.935278035046,2572167.949652954,127.12378052673257,0.906417926166734,0.42238198721488723,-0.6035389717846741,0.7973334995703482,-0.7973334995703482,-0.6035389717846741,37.65087057599208,28.6334251319291,37.65087057599208,28.6334251319291,37.65087057599208,28.6334251319291,2572167.949652954,1900.817744549014,1722.935278035046,0.906417926166734,0.906417926166734,0.906417926166734,127.12378052673257,578097.295678784,474960.9555676321,0.5489699121530448,37.11327231121282,28.991990846681922,37.11327231121282,28.991990846681922,37.65087057599208,28.6334251319291,17177.888875961304,25.758777618408203,50.03559112548828,39.30867019670779,5.792176192360943,65.82673683336716,127.00675683751032,210,210,437,48.05491990846682,100.0,48.05491990846682,48.05491990846682
51,51,2025-08-14,4,Type 4,Type 4,Mixed,Mixed Multi-Day,9,8,3.4545454545454546,9.136363636363637,9,3.4545454545454546,9.4,9,9,3.4545454545454546,9.4,9,2,12,451,1,1.25,14,7,7,14,50.0,100.0,50.0,50.0,21.92062783770963,43.95221324912034,357.06224840180346,319.01507840346136,89463.32340982289,75.87224077846632,0.8934438738101277,0.4491748483064837,0.2440848762875738,0.9697538724685144,-0.9697538724685144,0.2440848762875738,21.92062783770963,43.95221324912034,21.92062783770963,43.95221324912034,21.92062783770963,43.95221324912034,89463.32340982289,357.06224840180346,319.01507840346136,0.8934438738101277,0.8934438738101277,0.8934438738101277,75.87224077846632,20398.95187740019,16283.299239802658,0.5560986923137253,21.928571428571427,43.92857142857143,21.928571428571427,43.92857142857143,21.92062783770963,43.95221324912034,458.58935928344727,27.9407958984375,35.87791442871094,32.75638280596052,1.932620253900199,2.703179173581735,346.3562708023551,9,9,14,64.28571428571429,100.0,64.28571428571429,64.28571428571429
51,51,2025-08-15,4,Type 4,Type 4,Mixed,Mixed Multi-Day,9,9,3.15,9.4,9,3.4545454545454546,9.4,9,9,3.4545454545454546,9.4,9,2,20,398,0,1.25,386,186,186,386,48.18652849740933,100.0,48.18652849740933,48.18652849740933,37.935950170346665,28.178446371490356,1876.5631732677527,1777.1122431815083,2619195.5819368823,115.68799458777963,0.9470036865782325,0.32122269161321204,-0.43347026882240736,0.9011678678509515,-0.9011678678509515,-0.43347026882240736,37.935950170346665,28.178446371490356,37.935950170346665,28.178446371490356,37.935950170346665,28.178446371490356,2619195.5819368823,1876.5631732677527,1777.1122431815083,0.9470036865782325,0.9470036865782325,0.9470036865782325,115.68799458777963,563438.2949223581,505300.46797849797,0.5271992693453252,37.45077720207254,28.489637305699482,37.45077720207254,28.489637305699482,37.935950170346665,28.178446371490356,15167.313980102539,25.87327766418457,50.283607482910156,39.2935595339444,5.837579265511648,58.75989178273082,125.8237376591548,183,183,386,47.409326424870464,100.0,47.409326424870464,47.409326424870464
51,51,2025-08-15,4,Type 4,Type 4,Mixed,Mixed Multi-Day,9,9,3.15,9.4,9,3.4545454545454546,9.4,9,9,3.4545454545454546,9.4,9,2,20,398,1,1.25,12,6,6,12,50.0,100.0,50.0,50.0,22.090990669206587,44.29310987408493,345.5661494418699,278.1638692169617,75495.62656660292,154.61768483035215,0.8049511494868035,0.593341088194534,-0.9034676443130807,0.4286562908431097,-0.4286562908431097,-0.9034676443130807,22.090990669206587,44.29310987408493,22.090990669206587,44.29310987408493,22.090990669206587,44.29310987408493,75495.62656660292,345.5661494418699,278.1638692169617,0.8049511494868035,0.8049511494868035,0.8049511494868035,154.61768483035215,19106.554182412918,12380.022102040153,0.6068158700330668,22.083333333333332,44.25,22.083333333333332,44.25,22.090990669206587,44.29310987408493,397.296781539917,28.124759674072266,36.803123474121094,33.108065128326416,2.634979453984911,4.829118064211089,7.270386267850838,7,7,12,58.333333333333336,100.0,58.333333333333336,58.333333333333336
