date,new_event_id,event_id,v3_type,event_type_name,structure_id,cluster_id,n_member_cells,centroid_lon_unweighted,centroid_lat_unweighted,centroid_lon_tmax_weighted,centroid_lat_tmax_weighted,displacement_km,displacement_bearing_deg,nearest_cell_lon_old,nearest_cell_lat_old,nearest_cell_lon_new,nearest_cell_lat_new,nearest_cell_changed,sector_old,sector_new,tmax_min_c,tmax_max_c,tmax_mean_c,tmax_sd_c,tmax_weight_sum_c,structure_diameter_km,displacement_exceeds_diameter,weighted_inside_convex_hull,ellipse_area_km2,sector_changed
1983-07-13,1,1,2,Spatially clustered,1983-07-13_c0,0,125,30.972,21.356,31.05047508761103,21.39001819850779,8.967969882217886,65.15102889453833,30.5,21.5,31.5,21.5,1,0,0,34.926361083984375,46.43202972412109,42.123228118896485,2.2848050271724687,5265.403514862061,2276.0420398192286,0,1,790893.7982339282,0
1983-07-13,1,1,2,Spatially clustered,1983-07-13_c1,1,34,45.35294117647059,12.382352941176473,45.03410415656309,12.320740202907068,35.34005927408956,258.91401066175735,45.5,12.5,45.5,12.5,0,0,0,27.562658309936523,43.28784942626953,35.91459981132956,4.62248159377059,1221.096393585205,1346.2742223743894,0,1,255992.01440847176,0
1983-07-13,1,1,2,Spatially clustered,1983-07-13_c2,2,172,54.81395348837209,42.127906976744185,55.446508551209625,42.23210486470455,53.525869053865534,77.30001615645084,54.5,42.5,55.5,42.5,1,0,0,22.67152214050293,43.01753234863281,36.40352433226829,5.330706770654342,6261.4061851501465,2296.668925397215,0,1,725017.373596548,0
1983-07-13,1,1,2,Spatially clustered,1983-07-13_c3,3,36,46.72222222222222,31.0,46.68117614252466,30.989532814657984,4.088448154643454,253.52067928130344,46.5,30.5,46.5,30.5,0,1,1,36.99355316162109,50.85563659667969,46.2753250333998,3.347367451678802,1665.9117012023926,929.7567210451183,0,1,168088.8927064788,0
1987-07-23,2,2,3,Temporally clustered,1987-07-23_c0,0,381,33.077427821522306,31.61023622047244,34.155341651027406,30.88215545753578,130.61131314410682,127.89317269350047,33.5,31.5,34.5,30.5,1,0,0,25.88983726501465,49.89308166503906,38.34759844882595,6.209568236652864,14610.435009002686,3962.9981390723246,0,1,3266123.5324480752,0
1987-07-24,2,2,3,Temporally clustered,1987-07-24_c0,0,438,33.6324200913242,30.91780821917808,34.715571445340466,30.16504381139904,133.2925631298948,128.48521242066408,33.5,30.5,34.5,30.5,1,0,0,25.823169708251957,50.34062194824219,38.77546932708183,6.339332496024199,16983.65556526184,3981.212103350129,0,1,3166871.895995405,0
1987-07-25,2,2,3,Temporally clustered,1987-07-25_c0,0,491,34.26985743380855,29.88289205702648,35.275562383416585,29.177030535174,125.00317111079532,128.49993239286096,34.5,29.5,35.5,29.5,1,0,0,25.3697509765625,49.79838180541992,39.38240229962072,6.121757081667859,19336.75952911377,4092.428102413654,0,1,3452709.942445366,0
1987-07-26,2,2,3,Temporally clustered,1987-07-26_c0,0,513,34.340155945419106,30.022417153996106,35.28637751421265,29.20811023124321,128.63237573937732,134.32912852975346,34.5,30.5,35.5,29.5,1,0,0,25.746601104736328,49.61457824707031,38.83618006418091,6.131626250073268,19922.960372924805,3989.7755963664613,0,1,3518881.72269071,0
1987-07-27,2,2,3,Temporally clustered,1987-07-27_c0,0,504,35.38690476190476,30.08134920634921,36.10871272404261,29.16578693084553,123.23202847477503,145.26113550221476,35.5,30.5,36.5,29.5,1,0,0,21.283151626586918,50.163352966308594,38.66080737870837,6.281773431316648,19485.04691886902,4128.784972843453,0,1,3661638.641401211,0
1991-06-04,3,3,3,Temporally clustered,1991-06-04_c0,0,176,26.619318181818183,21.238636363636363,26.65588666559593,21.226201746430476,4.038071629530396,109.9278554395742,26.5,21.5,26.5,21.5,0,0,0,35.898963928222656,45.138065338134766,41.29549117521806,1.667089316725973,7268.006446838379,2291.02617005015,0,1,1020502.8478161176,0
1991-06-04,3,3,3,Temporally clustered,1991-06-04_c1,1,195,62.72564102564103,19.71025641025641,62.86702913919701,20.51692078997292,90.51800691106538,9.376581773986263,62.5,19.5,62.5,20.5,1,0,0,28.99297523498535,48.44999313354492,33.74475584763747,5.812156512500295,6580.227390289307,2671.2142703685918,0,1,1382214.0436230008,0
1991-06-05,3,3,3,Temporally clustered,1991-06-05_c0,0,169,27.39349112426036,20.5,27.369001758250544,20.515073923701475,3.0512520780144285,303.1614611914177,27.5,20.5,27.5,20.5,0,0,0,28.428956985473636,45.38054656982422,41.11821275067753,2.337801962129808,6948.977954864502,2380.013028422943,0,1,1087007.7495094195,0
1991-06-05,3,3,3,Temporally clustered,1991-06-05_c1,1,204,63.17156862745098,20.54901960784314,63.34064888910381,21.502542363022727,107.02461157147896,9.42210266148789,63.5,20.5,63.5,21.5,1,0,0,29.04254150390625,49.422149658203125,34.48173224692251,6.355507759958889,7034.273378372192,2545.283693629211,0,1,1391604.936285155,0
1998-05-24,4,4,3,Temporally clustered,1998-05-24_c0,0,158,29.93037974683544,14.386075949367088,29.776947505980985,14.437650008881077,17.50229880883347,289.04720559199137,29.5,14.5,29.5,14.5,0,0,0,27.1578426361084,45.07691192626953,40.97304619414897,3.508324525784741,6473.741298675537,2617.291739604894,0,1,925929.5493782004,0
1998-05-24,4,4,3,Temporally clustered,1998-05-24_c1,1,212,62.0,17.03301886792453,62.09882411592492,17.632195034404848,67.13942614057946,8.98679648941276,61.5,17.5,62.5,17.5,1,0,0,29.386823654174805,48.46710968017578,32.79814319790534,4.865793599300596,6953.206357955933,3376.513359909651,0,1,1625096.7234224891,0
1998-05-25,4,4,3,Temporally clustered,1998-05-25_c0,0,157,30.13694267515924,14.621019108280256,30.041193869026472,14.70771334034666,14.08493641792965,312.9366242825223,30.5,14.5,30.5,14.5,0,0,0,26.97218894958496,46.17732238769531,41.43941316786845,3.747221949231861,6505.987867355347,2615.0124161192734,0,1,962162.0023783768,0
1998-05-25,4,4,3,Temporally clustered,1998-05-25_c1,1,217,61.70276497695853,17.352534562211982,61.6659049337068,18.033032868394308,75.4168996953064,357.0334651747729,61.5,17.5,61.5,18.5,1,0,0,29.282140731811523,49.01560974121094,33.736235579037995,5.885728559779785,7320.763120651245,3230.109570322261,0,1,1625493.7030477652,0
1998-05-26,4,4,3,Temporally clustered,1998-05-26_c0,0,147,29.289115646258505,15.071428571428571,29.17025410250766,15.146852413823988,15.261194125417203,303.16686023485016,29.5,15.5,29.5,15.5,0,0,0,24.943403244018555,45.78345489501953,40.92133272910605,3.7720592304763785,6015.435911178589,2767.4123338956488,0,1,1060954.1688765753,0
1998-05-26,4,4,3,Temporally clustered,1998-05-26_c1,1,220,61.263636363636365,17.454545454545453,61.08328815619943,18.173961726234214,81.88711253036892,346.5249775813928,61.5,17.5,61.5,18.5,1,0,0,29.144248962402344,48.82356643676758,34.430924658341844,6.342950931169932,7574.803424835205,3160.4996947720174,0,1,1691752.0450769467,0
1998-08-01,5,5,4,Mixed,1998-08-01_c0,0,306,31.83986928104575,36.69281045751634,31.843236411127688,35.9541178773414,81.96958920707812,179.78766295776865,31.5,36.5,31.5,35.5,1,0,0,24.766359329223636,43.67086791992188,32.88486817927142,5.060828332829308,10062.769662857056,3443.3338221304716,0,1,2848109.113559564,0
1998-08-01,5,5,4,Mixed,1998-08-01_c1,1,125,47.244,25.772,47.1768903491874,25.792305329741936,7.097147568200923,288.49383193618473,47.5,25.5,47.5,25.5,0,0,0,34.98282623291016,49.17113494873047,43.94786517333984,3.2853539062097736,5493.4831466674805,1814.0572994362203,0,1,661077.9083610123,0
1998-08-02,5,5,4,Mixed,1998-08-02_c0,0,536,35.600746268656714,33.46641791044776,36.35417728781264,32.47933928430957,130.17015600685585,147.0376099032465,35.5,33.5,36.5,32.5,1,0,0,20.82699203491211,49.10535430908203,36.227499652264726,6.528808903112493,19417.93981361389,3939.2593877549702,0,1,3569595.9451937084,0
1998-08-03,5,5,4,Mixed,1998-08-03_c0,0,604,35.688741721854306,32.63576158940398,36.4058103767787,31.74247621024345,119.93438004821654,145.48989882064478,35.5,32.5,36.5,31.5,1,0,0,19.233551025390625,49.41741180419922,36.68752285344711,6.481500095755512,22159.263803482056,4061.582238681694,0,1,3615479.093028261,0
1998-08-04,5,5,4,Mixed,1998-08-04_c0,0,580,35.536206896551725,32.87931034482759,36.20478344429391,32.02180485041656,113.99334277859076,146.35175638271917,35.5,32.5,36.5,32.5,1,0,0,20.70636367797852,49.18354415893555,36.5108164326898,6.326948067641677,21176.273530960083,4057.892161718735,0,1,3649266.40753449,0
1998-08-05,5,5,4,Mixed,1998-08-05_c0,0,553,36.17811934900543,33.096745027124776,36.88051891932417,32.21192926369727,118.19705766978882,145.92629257887063,36.5,33.5,36.5,32.5,1,0,0,19.87987518310547,48.50526809692383,36.14164803558405,6.438776691011046,19986.33136367798,3950.28101401268,0,1,3703596.123451647,0
1998-08-06,5,5,4,Mixed,1998-08-06_c0,0,527,37.83965844402277,32.48671726755218,38.69243149846711,31.59847326657092,127.23331109318671,140.49857773289597,37.5,32.5,38.5,31.5,1,0,1,21.71292495727539,49.13978958129883,36.33148736609906,6.792221818713228,19146.693841934204,3898.823381931991,0,1,3564418.3270001058,1
1998-08-07,5,5,4,Mixed,1998-08-07_c0,0,392,37.76020408163265,28.56122448979592,38.85545662109036,28.110581414312428,118.43894234443812,114.67939850995448,37.5,28.5,38.5,28.5,1,0,0,25.95762252807617,48.79407501220703,38.45486655040663,6.517863740033406,15074.3076877594,3979.705065002232,0,1,2477880.3267379995,0
1998-08-07,5,5,4,Mixed,1998-08-07_c1,1,19,36.92105263157895,42.81578947368421,36.95622249949766,42.82160164250247,2.947783826190141,77.33566060716,36.5,42.5,36.5,42.5,0,0,0,25.498519897460938,28.075183868408203,26.79743937442177,0.6449170442812798,509.1513481140137,653.2636955073223,0,1,80652.3182688105,0
1998-08-07,5,5,4,Mixed,1998-08-07_c2,2,41,49.64634146341464,41.426829268292686,49.59804277226645,41.435564400658514,4.151953382290979,283.52859884820725,49.5,41.5,49.5,41.5,0,0,0,25.64040184020996,38.19699096679688,31.607093671473063,2.180664613129412,1295.8908405303955,1016.5190393057024,0,1,179991.0790719367,0
1998-08-08,5,5,4,Mixed,1998-08-08_c0,0,403,38.85732009925558,28.15260545905707,39.76973575317651,27.829777969571523,96.6210547626263,111.5173843342886,38.5,28.5,39.5,27.5,1,0,0,27.142972946166992,48.478294372558594,38.973598740532736,6.053327023151292,15706.360292434692,4081.874618367594,0,1,2214239.7619901905,0
1998-08-08,5,5,4,Mixed,1998-08-08_c1,1,21,50.833333333333336,39.88095238095238,50.88927738247682,39.80837841454539,9.373218831170766,149.26320061551965,50.5,39.5,50.5,39.5,0,0,0,25.97357940673828,31.79817771911621,29.29530534290132,1.358568406130542,615.2014122009277,789.0448789857235,0,1,114202.7252076476,0
1998-08-09,5,5,4,Mixed,1998-08-09_c0,0,409,38.580684596577015,28.094132029339853,39.40555351988267,27.804056406527984,87.30680009016913,111.41049742249912,38.5,28.5,39.5,27.5,1,0,0,26.69875907897949,48.79649353027344,38.96401148378703,5.947092897833493,15936.280696868896,4083.7340950656912,0,1,2240514.6922152857,0
1998-08-09,5,5,4,Mixed,1998-08-09_c1,1,21,50.833333333333336,39.88095238095238,50.86882297787124,39.87207165063906,3.1921603630928663,107.9813709955841,50.5,39.5,50.5,39.5,0,0,0,25.96502494812012,32.06658935546875,28.52789560953776,1.1242594190368624,599.085807800293,789.0448789857235,0,1,114202.7252076476,0
1998-08-10,5,5,4,Mixed,1998-08-10_c0,0,423,39.08628841607565,27.97517730496454,39.9213363045259,27.694433788084343,87.94800235089939,110.52111714206268,39.5,27.5,39.5,27.5,0,0,0,26.63331413269043,49.205108642578125,39.32290479871962,6.131257925124109,16633.5887298584,4270.180512067562,0,1,2308170.909475237,0
1998-08-10,5,5,4,Mixed,1998-08-10_c1,1,18,51.05555555555556,39.333333333333336,51.10416833399216,39.28944684773325,6.427895581490397,139.2727334194215,51.5,39.5,51.5,39.5,0,0,0,28.028165817260746,32.45154571533203,30.137440787421333,1.1965164765818772,542.473934173584,700.7194799034778,0,1,100240.8655392581,0
1998-08-11,5,5,4,Mixed,1998-08-11_c0,0,399,40.33458646616541,27.357142857142858,41.126125203646914,27.14067236411224,81.97787099801195,106.8320279833798,40.5,27.5,41.5,27.5,1,0,0,26.72128677368164,51.12932586669922,39.74686206731581,6.008972436503454,15858.997964859009,4289.715187933852,0,1,2423554.8727614577,0
1998-08-11,5,5,4,Mixed,1998-08-11_c1,1,13,51.57692307692308,38.73076923076923,51.60950068433424,38.70959128487251,3.681556162410956,129.6757995027505,51.5,38.5,51.5,38.5,0,0,0,28.60233688354492,32.09407424926758,29.995623955359825,0.9883628289989196,389.9431114196777,475.1742618012972,0,1,67963.67271719004,0
1999-08-18,6,6,4,Mixed,1999-08-18_c0,0,338,35.73372781065089,37.89349112426036,36.436754343710064,37.4873777979399,76.65876829422271,125.79913381327928,35.5,37.5,36.5,37.5,1,0,0,21.884599685668945,49.24928283691406,33.070727432973285,6.15334992401881,11177.90587234497,3188.237183871009,0,1,1895533.5393579432,0
1999-08-18,6,6,4,Mixed,1999-08-18_c1,1,9,36.833333333333336,24.38888888888889,36.86062157997889,24.371360011592984,3.381385676028043,125.0374223039566,36.5,24.5,36.5,24.5,0,0,0,31.712596893310547,35.46982192993164,33.20941946241591,1.1679282232973862,298.8847751617432,486.56183063620756,0,1,45801.22164455371,0
1999-08-18,6,6,4,Mixed,1999-08-18_c2,2,32,50.40625,23.9375,50.20285818094221,23.762297472165887,28.387275331448933,226.91778985162424,50.5,23.5,50.5,23.5,0,0,0,34.995948791503906,46.502044677734375,41.93277072906494,4.405867006796946,1341.848663330078,1265.2035937518049,0,1,243528.6582754673,0
1999-08-18,6,6,4,Mixed,1999-08-18_c3,3,43,65.29069767441861,43.38372093023256,65.28595217874003,43.364958392842446,2.1197006291663336,190.4551797752384,65.5,43.5,65.5,43.5,0,0,0,38.32268524169922,42.249473571777344,40.0871959952421,0.9615836622849704,1723.7494277954102,783.922973347012,0,1,157381.31988863865,0
1999-08-19,6,6,4,Mixed,1999-08-19_c0,0,439,35.77107061503417,36.916856492027335,36.369756709471496,36.370257781427,80.90393932461411,138.3881523532878,35.5,36.5,36.5,36.5,1,0,0,21.783679962158203,49.72142028808594,34.256677123571585,6.446163530714788,15038.681257247925,3498.920518874651,0,1,2479754.599289447,0
1999-08-19,6,6,4,Mixed,1999-08-19_c1,1,18,52.16666666666666,25.38888888888889,52.02784075186592,25.26348954469391,19.70625170312537,225.20611605835848,52.5,25.5,52.5,25.5,0,0,0,35.03746032714844,46.21631240844727,39.259107165866425,4.421772542987101,706.6639289855957,963.9896571183714,0,1,140563.21489122315,0
1999-08-19,6,6,4,Mixed,1999-08-19_c2,2,43,65.29069767441861,43.38372093023256,65.23968325194552,43.35808770222461,5.020522044588212,235.4593972434223,65.5,43.5,65.5,43.5,0,0,0,37.454219818115234,42.2130241394043,40.52017735326013,1.2724205504567054,1742.3676261901855,783.922973347012,0,1,157381.31988863865,0
1999-08-20,6,6,4,Mixed,1999-08-20_c0,0,476,36.26890756302521,36.03361344537815,36.86996528046988,35.358391546361084,92.58553077539172,143.83946618382734,36.5,36.5,36.5,35.5,1,0,0,21.247821807861328,49.86648941040039,34.87038475325128,6.580935024142808,16598.303142547607,3650.95447254114,0,1,2784712.119733905,0
1999-08-20,6,6,4,Mixed,1999-08-20_c1,1,43,65.29069767441861,43.38372093023256,65.27719049488609,43.35909451354572,2.946879998839064,201.8120725101784,65.5,43.5,65.5,43.5,0,0,0,37.88683319091797,42.24287033081055,40.14913496860238,1.019418898736914,1726.4128036499023,783.922973347012,0,1,157381.31988863865,0
1999-08-21,6,6,4,Mixed,1999-08-21_c0,0,484,36.36570247933884,35.84504132231405,36.98714067179596,35.14263229497727,96.19140596819992,143.93187689300237,36.5,35.5,36.5,35.5,0,0,0,21.353395462036133,49.22573852539063,34.81964784417271,6.458495218210743,16852.70955657959,3598.1031352153163,0,1,2852465.018344411,0
1999-08-22,6,6,4,Mixed,1999-08-22_c0,0,430,37.74186046511628,34.61860465116279,38.35644760977115,33.83177911374344,104.04031042104768,146.85068360696607,37.5,34.5,38.5,33.5,1,0,1,21.457969665527344,49.5330924987793,35.01376524636912,6.742462698473081,15055.91905593872,3589.845627449046,0,1,2986385.3415725864,1
2000-07-07,7,7,4,Mixed,2000-07-07_c0,0,349,34.91547277936963,32.62893982808023,36.0605715954815,31.956598092281613,131.1178660327565,124.34720015083508,34.5,32.5,36.5,31.5,1,0,0,26.394739151000977,48.3244514465332,37.772942212386255,6.2365071333536335,13182.756832122805,4143.622869163181,0,1,2237363.7335959845,0
2000-07-07,7,7,4,Mixed,2000-07-07_c1,1,29,33.94827586206897,20.39655172413793,33.926137253363464,20.390696821487253,2.4001124311690374,254.33558722117644,33.5,20.5,33.5,20.5,0,0,0,40.13478469848633,45.04052734375,43.23612476217336,1.143039216495646,1253.8476181030271,843.9975029467344,0,1,168900.15849073027,0
2000-07-08,7,7,4,Mixed,2000-07-08_c0,0,420,37.97619047619048,30.19047619047619,39.196798047507066,29.47062922299907,142.42180530735018,123.7692575818018,37.5,30.5,39.5,29.5,1,0,1,24.99182891845703,49.32841491699219,39.82294512703305,6.344584454985382,16725.636953353882,4507.363660904845,0,1,2628031.8902186784,1
2000-07-08,7,7,4,Mixed,2000-07-08_c1,1,17,34.85294117647059,20.97058823529412,34.80699177028674,21.00878885453835,6.3808115217545245,311.52501674344046,34.5,20.5,34.5,21.5,1,0,0,37.41785430908203,43.14741516113281,41.16488333309398,1.7154721715430952,699.8030166625977,661.7272593986272,0,1,115299.15723320573,0
2000-07-09,7,7,4,Mixed,2000-07-09_c0,0,399,39.48245614035088,28.70551378446116,40.46840630560699,28.094137673413584,118.00867190666752,124.80552113205717,39.5,28.5,40.5,28.5,1,0,0,26.230337142944336,49.94055938720703,40.53937901470596,5.78400809517619,16175.212226867676,4192.313464802052,0,1,2794830.5775634684,0
2000-07-28,8,8,4,Mixed,2000-07-28_c0,0,438,41.05022831050229,37.70319634703196,41.43108677507978,37.35697062918053,51.08692741402764,138.6636153768448,41.5,37.5,41.5,37.5,0,0,0,22.60730743408203,48.89080810546875,36.08701936295044,5.599088064469607,15806.11448097229,4089.0083234644544,0,1,2723243.375882648,0
2000-07-28,8,8,4,Mixed,2000-07-28_c1,1,11,52.5,25.318181818181817,52.342775203635405,25.284823773738555,16.2584207267357,256.8962457937239,52.5,25.5,52.5,25.5,0,0,0,35.02928161621094,45.98997497558594,39.73958344893022,3.803399812457873,437.1354179382324,713.0176009846518,0,1,72925.8476402556,0
2000-07-29,8,8,4,Mixed,2000-07-29_c0,0,538,43.24907063197026,36.75278810408922,43.50884179126104,36.36599857661639,48.81689206509206,151.47333637083852,43.5,36.5,43.5,36.5,0,1,1,22.57639503479004,49.6206169128418,37.701278108646434,5.672978070031456,20283.287622451782,4601.866457908481,0,1,3096537.473743733,0
2000-07-29,8,8,4,Mixed,2000-07-29_c1,1,18,53.888888888888886,26.166666666666668,53.76655116061848,26.184164217155228,12.382613532194291,279.0339974478812,53.5,26.5,53.5,26.5,0,0,0,34.859962463378906,45.8248291015625,38.971602545844185,3.0270010475394384,701.4888458251953,815.4921475513241,0,1,203193.25714506384,0
2000-07-30,8,8,4,Mixed,2000-07-30_c0,0,583,43.76758147512864,34.84476843910806,43.82524778676246,34.47554261133818,41.29950016560476,172.6301306633204,43.5,34.5,43.5,34.5,0,1,1,25.82307243347168,50.70626449584961,39.28553560299489,5.451843482917924,22903.46725654602,5091.851739965893,0,1,3264637.6186157865,0
2000-07-31,8,8,4,Mixed,2000-07-31_c0,0,557,44.15350089766607,34.11220825852783,44.06972832831982,33.65947663588692,50.81158793749528,188.7962143457907,44.5,34.5,44.5,33.5,1,1,1,25.753501892089844,50.88742065429688,39.55344693236976,5.3942720057966485,22031.26994132996,5122.484572998919,0,1,3212743.553244818,0
2000-08-01,8,8,4,Mixed,2000-08-01_c0,0,455,44.35714285714285,32.79450549450549,44.14665031844167,32.32952371447101,55.224135135576965,201.0314314773598,44.5,32.5,44.5,32.5,0,1,1,22.436281204223636,50.74995422363281,39.62401558173882,5.297451178398145,18028.92708969116,4794.301988983439,0,1,2851237.205872118,0
2000-08-02,8,8,4,Mixed,2000-08-02_c0,0,376,46.609042553191486,32.962765957446805,46.430086318641365,32.36687747010387,68.1819586203022,194.3016251752268,46.5,32.5,46.5,32.5,0,1,1,22.02848243713379,50.58992385864258,39.70297813922801,5.598932069370571,14928.319780349731,4045.3125397780327,0,1,2279374.248114318,0
2001-07-28,9,9,4,Mixed,2001-07-28_c0,0,382,40.15706806282723,35.79842931937173,40.800075316540536,34.867222370972634,118.7065903625883,150.31023920803793,40.5,35.5,40.5,34.5,1,1,1,23.735750198364254,48.85321044921875,35.32448713192765,6.61746476277735,13493.954084396362,3371.6068376027347,0,1,2678205.374785724,0
2001-07-29,9,9,4,Mixed,2001-07-29_c0,0,363,39.25757575757576,36.2603305785124,39.8946890750669,35.43019589765749,108.61202950726926,147.81265256496462,39.5,36.5,39.5,35.5,1,1,1,22.87828826904297,49.88555145263672,35.264807146771226,6.699042190890283,12801.124994277954,3352.8659734707726,0,1,2302694.1426884304,0
2001-07-29,9,9,4,Mixed,2001-07-29_c1,1,10,54.0,25.0,53.93903723618648,24.868902431025084,15.77341613798791,202.99033611668224,53.5,24.5,53.5,24.5,0,0,0,34.83090591430664,45.80315399169922,39.54602966308594,4.171115612117577,395.4602966308594,598.7378521135353,0,1,76481.75805260106,0
2001-07-30,9,9,4,Mixed,2001-07-30_c0,0,368,39.90489130434783,35.84510869565217,40.47259376808489,34.93969821432145,112.91939363507,152.65776932897165,39.5,35.5,40.5,34.5,1,1,1,23.370723724365234,49.493431091308594,36.035682818164,6.919969430763601,13261.13127708435,3356.5470826798132,0,1,2232598.2276592725,0
2001-07-30,9,9,4,Mixed,2001-07-30_c1,1,11,53.86363636363637,25.227272727272727,53.808819195519966,25.08146016551357,17.07180965432517,198.90104014539327,53.5,25.5,53.5,25.5,0,0,0,34.59364318847656,46.37127685546875,39.12659593061967,4.399276366256471,430.3925552368164,598.2328419895688,0,1,102231.69127668248,0
2001-08-07,10,10,4,Mixed,2001-08-07_c0,0,354,36.59887005649718,34.43785310734463,37.68795343568742,33.49592949720652,145.07441165698106,135.76310503230098,36.5,34.5,37.5,33.5,1,0,0,25.73504066467285,50.63574981689453,36.13244830417094,7.216719780178716,12790.886699676514,3741.6315060612633,0,1,2367372.1631893944,0
2001-08-07,10,10,4,Mixed,2001-08-07_c1,1,14,25.785714285714285,18.5,25.81684606106649,18.505348672042704,3.340423156372601,79.78658738623956,25.5,18.5,25.5,18.5,0,0,0,37.92449188232422,41.410003662109375,39.58173206874302,0.9526918620818052,554.1442489624023,539.294401559606,0,1,72864.80606483191,0
2001-08-07,10,10,4,Mixed,2001-08-07_c2,2,14,51.785714285714285,39.142857142857146,51.80124347944548,39.13522412990466,1.58766184376467,122.25378101734135,51.5,39.5,51.5,39.5,0,0,0,28.34407615661621,30.65629005432129,29.703833171299525,0.6973692864491721,415.85366439819336,474.8073561795337,0,1,61943.7472035851,0
2001-08-08,10,10,4,Mixed,2001-08-08_c0,0,391,36.01150895140665,34.70460358056266,37.0817583764274,33.90590486372263,132.4962822634103,131.66213299170894,36.5,34.5,37.5,33.5,1,0,0,26.16298484802246,50.40191268920898,35.75643072103905,7.062797716375281,13980.76441192627,3849.6943050730642,0,1,2325178.8858397314,0
2001-08-08,10,10,4,Mixed,2001-08-08_c1,1,14,25.785714285714285,18.5,25.810804577124877,18.505246374923864,2.712446706336657,77.63401347132701,25.5,18.5,25.5,18.5,0,0,0,38.84495544433594,41.73170852661133,40.12281962803432,0.8509914840174467,561.7194747924805,539.294401559606,0,1,72864.80606483191,0
2001-08-08,10,10,4,Mixed,2001-08-08_c2,2,15,51.63333333333333,39.1,51.65227406612645,39.11133226965212,2.065640936755839,52.47312716841238,51.5,39.5,51.5,39.5,0,0,0,28.30538749694824,31.96109771728516,29.76275914510091,0.8388761292106643,446.4413871765137,474.84557995765584,0,1,69533.55098017931,0
2001-08-09,10,10,4,Mixed,2001-08-09_c0,0,417,35.66306954436451,34.65107913669065,36.685396023893,33.88625664179784,126.73364735116763,131.7338766700045,35.5,34.5,36.5,33.5,1,0,0,26.222299575805664,50.728363037109375,35.957352553626045,6.94400281010818,14994.21601486206,3644.7073174961174,0,1,2335875.0403183973,0
2001-08-09,10,10,4,Mixed,2001-08-09_c1,1,10,26.0,19.0,26.03655227481119,19.002583280402938,3.8592409409564423,85.74485092371157,25.5,18.5,26.5,19.5,1,0,0,38.02881622314453,41.54019927978516,39.45235824584961,1.0254225426060328,394.5235824584961,537.7663599267089,0,1,44885.76949923159,0
2001-08-09,10,10,4,Mixed,2001-08-09_c2,2,15,51.63333333333333,39.1,51.64753863247648,39.09335224499321,1.4334601101840276,120.98290567743445,51.5,39.5,51.5,39.5,0,0,0,28.742076873779297,31.957500457763672,30.46478551228841,0.7930816015037894,456.9717826843262,474.84557995765584,0,1,69533.55098017931,0
2001-08-10,10,10,4,Mixed,2001-08-10_c0,0,418,35.643540669856456,34.495215311004785,36.699519432875725,33.67664664877774,133.19922346209478,132.67716988541426,35.5,34.5,36.5,33.5,1,0,0,26.5985164642334,51.059688568115234,36.493674077485736,7.167098226405466,15254.355764389038,3685.169613700193,0,1,2214058.205072129,0
2001-08-10,10,10,4,Mixed,2001-08-10_c1,1,10,51.7,38.5,51.71680449034683,38.50276773203843,1.4977250055341431,78.15740645722974,51.5,38.5,51.5,38.5,0,0,0,28.90331649780273,30.36077308654785,29.805759048461915,0.4761045850350764,298.05759048461914,475.3790986285773,0,1,71733.31998388692,0
2001-08-11,10,10,4,Mixed,2001-08-11_c0,0,439,36.29726651480638,34.12870159453303,37.43062122437205,33.17955403746269,148.77506654694972,134.72515669522087,36.5,34.5,37.5,33.5,1,0,0,24.26812744140625,50.97150421142578,36.55546959114509,7.368292167298476,16047.851150512695,3574.988974038817,0,1,2270805.8931530355,0
2001-08-12,10,10,4,Mixed,2001-08-12_c0,0,378,38.69047619047619,33.2010582010582,39.87945871618216,32.11686247174234,164.00229745661815,136.82636233617745,38.5,33.5,39.5,32.5,1,1,1,23.479267120361328,49.68976593017578,36.80088369177763,7.673156441800116,13910.734035491943,3530.522773504177,0,1,2276606.090934916,0
2002-07-16,11,11,4,Mixed,2002-07-16_c0,0,190,28.173684210526314,36.9,27.802712911067047,36.55547055190488,50.59557222864683,221.0276734960485,28.5,36.5,27.5,36.5,1,0,0,25.865270614624023,42.60098648071289,31.34254633250989,4.718762756119705,5955.08380317688,2386.969059704001,0,1,1017512.2891574953,0
2002-07-16,11,11,4,Mixed,2002-07-16_c1,1,16,43.5625,22.6875,43.56598806288703,22.7293196423725,4.644950387083431,4.424224672507823,43.5,22.5,43.5,22.5,0,0,0,39.38858795166016,43.89455032348633,42.39524364471436,1.0997838629249337,678.3238983154297,780.8024400670589,0,1,103110.67613413748,0
2002-07-16,11,11,4,Mixed,2002-07-16_c2,2,203,58.6871921182266,40.09113300492611,58.94330466261413,40.04118081178802,22.54231031744074,104.16131113265556,58.5,40.5,58.5,40.5,0,0,0,25.403484344482425,45.35981750488281,38.96188137449067,3.921734802417991,7909.261919021606,2149.2146734732837,0,1,999874.587210125,0
2002-07-17,11,11,4,Mixed,2002-07-17_c0,0,249,29.889558232931726,35.85341365461847,29.86586992060762,35.2273746910096,69.49254955390454,181.7782994022347,29.5,35.5,29.5,35.5,0,0,0,26.31106758117676,45.60064315795898,33.45755195617676,6.139847595846509,8330.930437088013,2605.7333070214454,0,1,1496643.919131199,0
2002-07-17,11,11,4,Mixed,2002-07-17_c1,1,232,58.85344827586207,38.73275862068966,59.04206448889688,38.65522178651602,18.529727914057688,117.61984852551552,58.5,38.5,59.5,38.5,1,0,0,26.35384178161621,46.1367416381836,39.17065280881421,3.8796915169773936,9087.591451644896,2585.274748191709,0,1,1440053.389205701,0
2002-07-18,11,11,4,Mixed,2002-07-18_c0,0,587,44.97870528109029,34.895229982964224,46.06924804685561,34.43107287561349,112.44142880701828,116.94284392396978,44.5,34.5,46.5,34.5,1,1,1,25.66659545898437,49.2363510131836,38.10282507056475,6.378131031130208,22366.35831642151,4942.652975468838,0,1,4693888.894682836,0
2002-07-19,11,11,4,Mixed,2002-07-19_c0,0,570,44.51578947368421,33.08070175438596,45.38080818436792,32.48894861445038,104.27443296854072,128.76745147303075,44.5,33.5,45.5,32.5,1,1,1,26.151344299316406,50.15406799316406,39.27448986789637,6.270143038596346,22386.459224700928,5077.403666908617,0,1,4873203.59391764,0
2002-07-20,11,11,4,Mixed,2002-07-20_c0,0,57,24.04385964912281,27.76315789473684,24.02449537722921,27.739456167004438,3.247015323139571,216.0157022926237,24.5,27.5,24.5,27.5,0,0,0,37.44065856933594,44.23395538330078,41.534401876884594,1.35599094912894,2367.460906982422,1398.7825027596032,0,1,295612.696333626,0
2002-07-20,11,11,4,Mixed,2002-07-20_c1,1,366,42.28688524590164,31.35792349726776,43.20722728200316,30.340417321748625,143.0916400557193,141.79475525320797,42.5,31.5,43.5,30.5,1,1,1,25.552431106567383,49.942752838134766,39.57537647935211,7.075504165809267,14484.587791442871,3717.699005243149,0,1,2314143.5276647485,0
2002-07-20,11,11,4,Mixed,2002-07-20_c2,2,32,63.78125,29.5,63.69674091480725,29.50513682837008,8.214083386486848,273.9956473645711,63.5,29.5,63.5,29.5,0,0,0,34.196441650390625,47.04071807861328,42.80357539653778,3.078581620815272,1369.714412689209,892.419135674842,0,1,148664.84229965688,0
2002-07-31,12,12,1,Independent,2002-07-31_c0,0,362,33.892265193370164,31.69060773480663,33.806139003448365,30.896018131355483,88.48053642048328,185.3400570206257,33.5,31.5,33.5,30.5,1,0,0,25.67741584777832,49.1497802734375,38.19729078935655,6.225760884900399,13827.41926574707,3813.5138087850883,0,1,2000110.0719047436,0
2002-08-06,13,13,3,Temporally clustered,2002-08-06_c0,0,125,26.196,34.228,25.94412851101665,33.85413474675237,47.54693176875532,209.35569977481828,26.5,34.5,25.5,33.5,1,0,0,26.19136047363281,41.67817306518555,31.67199151611328,5.208095403222133,3958.99893951416,1779.3493292661954,0,1,694502.0572211561,0
2002-08-06,13,13,3,Temporally clustered,2002-08-06_c1,1,31,43.46774193548387,21.11290322580645,43.47141281585606,21.140680030018665,3.0989632466306727,7.067726021193857,43.5,21.5,43.5,21.5,0,0,0,38.46809005737305,44.473819732666016,42.18465042114258,1.361357904284248,1307.72416305542,1122.4803879299684,0,1,151106.14631725443,0
2002-08-06,13,13,3,Temporally clustered,2002-08-06_c2,2,24,51.833333333333336,25.25,51.89890236856987,25.03970548435333,24.21540297137602,164.14168921210015,51.5,25.5,51.5,25.5,0,0,0,35.61881256103516,48.37928009033203,42.96836042404175,4.586838879950691,1031.240650177002,1046.818735150888,0,1,234800.4098820345,0
2002-08-06,13,13,3,Temporally clustered,2002-08-06_c3,3,179,60.891061452513966,40.05865921787709,60.83804902567948,40.23046121628152,19.60401860169008,346.6946324693976,60.5,40.5,60.5,40.5,0,0,0,23.47186279296875,45.34262847900391,39.67113108075531,4.584779597456494,7101.1324634552,2031.3703264000796,0,1,841143.2569096353,0
2002-08-07,13,13,3,Temporally clustered,2002-08-07_c0,0,125,26.092,33.508,25.77883684588748,33.04722644343183,58.84512519660279,209.80704324680687,26.5,33.5,25.5,33.5,1,0,0,27.385242462158203,42.5493278503418,32.48383428955078,5.642870928320689,4060.479286193848,1900.6669249854383,0,1,721796.3191499542,0
2002-08-07,13,13,3,Temporally clustered,2002-08-07_c1,1,31,43.564516129032256,20.661290322580644,43.59244721677583,20.744786174092223,9.691215513814376,17.467212473898854,43.5,20.5,43.5,20.5,0,0,0,33.10829162597656,44.313594818115234,41.69587707519531,2.5831913405127587,1292.5721893310547,1125.1925739771962,0,1,211243.60014236745,0
2002-08-07,13,13,3,Temporally clustered,2002-08-07_c2,2,202,60.95049504950495,39.52970297029703,60.83972684521787,39.75319973586858,26.573621018524424,339.0697837704417,60.5,39.5,60.5,39.5,0,0,0,20.36009979248047,45.64275741577149,39.77570026699859,5.143056629390767,8034.691453933716,2104.3364576116433,0,1,897540.1852786447,0
2006-08-20,14,14,3,Temporally clustered,2006-08-20_c0,0,345,31.807246376811595,33.946376811594206,32.41985090438441,33.104238807316044,109.37481153442016,148.47789035473338,31.5,33.5,32.5,33.5,1,0,0,25.999317169189453,48.91217041015625,34.93275133768717,6.394444706546728,12051.799211502075,3777.839260416737,0,1,2821389.7923115934,0
2006-08-20,14,14,3,Temporally clustered,2006-08-20_c1,1,49,48.765306122448976,41.80612244897959,48.7570243350719,41.86902515104832,7.020394340817473,354.3796022967129,48.5,41.5,48.5,41.5,0,0,0,23.274768829345703,37.4818000793457,30.59097029238331,2.996352182238569,1498.9575443267822,1105.9702467571078,0,1,225958.16268058773,0
2006-08-21,14,14,3,Temporally clustered,2006-08-21_c0,0,374,32.18181818181818,33.24331550802139,32.93676722185646,32.362950325129994,120.54769521020869,143.88177648896993,32.5,33.5,32.5,32.5,1,0,0,26.32603454589844,50.21650695800781,35.70213340820476,6.729895720900294,13352.59789466858,3626.335099416298,0,1,2743217.239725433,0
2006-08-21,14,14,3,Temporally clustered,2006-08-21_c1,1,16,45.0,17.5625,45.13615415464567,17.656881479586264,17.830852305998974,54.11811733219804,44.5,17.5,45.5,17.5,1,0,0,32.97610092163086,43.64060974121094,39.97369837760925,3.4538142813228,639.579174041748,718.0093088880081,0,1,140305.49158241373,0
2006-08-21,14,14,3,Temporally clustered,2006-08-21_c2,2,43,49.26744186046512,41.73255813953488,49.24196576513162,41.78305190233853,5.995129962297609,339.31286469550594,49.5,41.5,49.5,41.5,0,0,0,23.872615814208984,37.03956985473633,30.747191540030546,2.547528042897825,1322.1292362213137,1158.2327017775647,0,1,236217.15984993608,0
2006-08-21,14,14,3,Temporally clustered,2006-08-21_c3,3,21,60.07142857142857,44.45238095238095,60.09519423344051,44.43495067458742,2.707528926945284,135.66470322974874,60.5,44.5,60.5,44.5,0,0,0,34.89566802978516,40.14060974121094,38.63073022024973,1.4940982936427507,811.2453346252441,567.1308112663917,0,1,89873.721064562,0
2006-08-22,14,14,3,Temporally clustered,2006-08-22_c0,0,391,34.54859335038363,33.03708439897698,35.02580909205152,32.05199367264768,118.08136593430582,157.5617362349146,34.5,33.5,35.5,32.5,1,0,0,23.5072021484375,49.7523307800293,35.38132118264123,6.953642115111072,13834.09658241272,3858.703470427969,0,1,3151164.9613280483,0
2006-08-22,14,14,3,Temporally clustered,2006-08-22_c1,1,20,44.2,17.35,44.41210899051735,17.451239527314563,25.16954595299316,63.53455706646022,44.5,17.5,44.5,17.5,0,0,0,33.01593780517578,43.65760040283203,38.61299514770508,3.9166686664803625,772.2599029541016,814.4053424513044,0,1,165353.82074187876,0
2006-08-22,14,14,3,Temporally clustered,2006-08-22_c2,2,23,59.71739130434783,44.41304347826087,59.72967625322075,44.40027034352142,1.7239983898570144,145.4113493347203,59.5,44.5,59.5,44.5,0,0,0,35.931121826171875,40.3647689819336,39.01366142604662,1.2014184477152363,897.3142127990723,645.6774283958152,0,1,95845.69479270582,0
2006-08-23,14,14,3,Temporally clustered,2006-08-23_c0,0,287,34.59407665505226,29.385017421602782,35.20688268336332,28.646735203328056,101.29212803730168,143.73638524119457,34.5,29.5,35.5,28.5,1,0,0,25.88169288635254,48.89363861083984,36.6318552834647,6.551907883283437,10513.34246635437,3345.4011031917325,0,1,2677317.826830968,0
2006-08-23,14,14,3,Temporally clustered,2006-08-23_c1,1,86,54.03488372093023,41.872093023255815,54.60643411141143,41.96844013917587,48.60505577422811,77.0901070710686,54.5,41.5,54.5,41.5,0,0,0,24.068220138549805,41.35929870605469,34.79648386045944,4.953300325900481,2992.497611999512,1635.8925729992386,0,1,508027.7262962148,0
2007-07-25,15,15,4,Mixed,2007-07-25_c0,0,388,32.44072164948454,36.54639175257732,32.9808771984905,36.09612438108297,69.63478733873194,135.6890884236951,32.5,36.5,32.5,36.5,0,0,0,24.954235076904297,48.96012878417969,35.30546156893072,6.185066363230719,13698.519088745115,2736.521957824678,0,1,1785594.0588751195,0
2007-07-25,15,15,4,Mixed,2007-07-25_c1,1,11,40.68181818181818,18.227272727272727,40.67099322899447,18.317541235617725,10.056590092904278,353.4661145182952,40.5,18.5,40.5,18.5,0,0,0,33.196773529052734,39.807525634765625,35.104343761097304,2.447369989704632,386.1477813720703,696.3310509621402,0,1,79841.81693921493,0
2007-07-26,15,15,4,Mixed,2007-07-26_c0,0,450,33.42666666666667,33.50888888888889,33.99114194646723,32.92495964169244,83.44620403180231,140.74961416419612,33.5,33.5,33.5,32.5,1,0,0,25.81063842773437,48.86783218383789,35.8748548550076,6.457010607673396,16143.684684753418,3673.3867236935803,0,1,2350336.3987645204,0
2007-07-27,15,15,4,Mixed,2007-07-27_c0,0,446,34.16591928251121,31.791479820627803,34.8068549970866,31.22830911927731,87.2121610537278,135.5565375995874,34.5,31.5,34.5,31.5,0,0,0,25.63410186767578,50.05581665039063,37.48685074280196,6.526185051353567,16719.135431289673,3962.059829983616,0,1,2499000.276253648,0
2007-07-28,15,15,4,Mixed,2007-07-28_c0,0,480,35.58541666666667,30.685416666666665,36.287112911579776,30.07116068878453,95.8428880869534,135.09680002846247,35.5,30.5,36.5,30.5,1,0,0,25.479589462280277,49.49576568603516,38.32066963513692,6.245413787878631,18393.921424865723,4130.670862538234,0,1,2942002.807205533,0
2007-07-29,15,15,4,Mixed,2007-07-29_c0,0,431,37.86890951276102,32.73897911832947,38.89714826707464,31.922633875959885,132.5406891987394,132.80271896021284,37.5,32.5,38.5,31.5,1,0,1,25.46882057189941,49.49787139892578,37.6083891485794,6.975807775854105,16209.21572303772,4074.720589631662,0,1,2481139.483780205,1
2007-07-29,15,15,4,Mixed,2007-07-29_c1,1,57,27.37719298245614,20.99122807017544,27.44462468572525,20.987172547177785,7.025768263050047,93.65217732463375,27.5,20.5,27.5,20.5,0,0,0,37.654083251953125,44.519187927246094,41.22757707562363,1.5339640059126538,2349.971893310547,1174.403866521201,0,1,303598.8245540238,0
2007-07-30,15,15,4,Mixed,2007-07-30_c0,0,433,38.647806004618936,33.16512702078522,39.57708154061058,32.251469494548374,133.63196291817093,139.0557787765859,38.5,33.5,39.5,32.5,1,1,1,22.198226928710938,49.5987548828125,37.57310380561247,7.08756817549922,16269.1539478302,4003.662148302101,0,1,2517356.1479448294,0
2007-07-30,15,15,4,Mixed,2007-07-30_c1,1,35,27.1,19.3,27.167539380881024,19.314119495033925,7.268250979666679,77.5709329969379,27.5,19.5,27.5,19.5,0,0,0,37.8281135559082,42.80372619628906,40.63569804600307,1.3038452560324352,1422.2494316101074,1002.0739135834918,0,1,182171.19991155385,0
2007-07-31,15,15,4,Mixed,2007-07-31_c0,0,28,27.0,19.142857142857142,27.07022931428376,19.168534580880944,7.915598839189798,68.94474700666242,26.5,19.5,27.5,19.5,1,0,0,38.24006652832031,43.09608459472656,40.68674577985491,1.2748680066274871,1139.2288818359375,1002.9275887807268,0,1,161737.9812023536,0
2007-07-31,15,15,4,Mixed,2007-07-31_c1,1,380,41.49473684210526,32.613157894736844,42.33107021984584,31.57578627381744,139.51579714395578,145.31523937868184,41.5,32.5,42.5,31.5,1,1,1,22.976036071777344,50.21401977539063,38.04831531926205,7.609896863347569,14458.35982131958,3603.0886878186334,0,1,2653909.280875344,0
2007-08-01,15,15,4,Mixed,2007-08-01_c0,0,374,42.85828877005348,32.967914438502675,43.50794528732035,32.048435131915646,118.8431510017528,148.9159971656494,42.5,32.5,43.5,32.5,1,1,1,22.254783630371094,50.33881378173828,37.64789217678621,7.146183863053385,14080.311674118042,3552.7495761387104,0,1,2987026.985305401,0
2010-06-18,16,16,3,Temporally clustered,2010-06-18_c0,0,83,25.512048192771083,28.76506024096385,25.360214729586904,28.71695141357277,15.760546791471947,250.262485390432,25.5,28.5,25.5,28.5,0,0,0,31.918346405029297,46.65103912353516,41.09500319699207,3.09186261470937,3410.885265350342,1518.7370085000143,0,1,419948.60184269166,0
2010-06-18,16,16,3,Temporally clustered,2010-06-18_c1,1,22,35.13636363636363,18.13636363636364,35.05592298239377,18.153546091383262,8.721942462554395,282.60684561859847,35.5,18.5,35.5,18.5,0,0,0,34.78793716430664,44.035919189453125,42.18401388688521,2.123634330293832,928.0483055114746,909.0046476896708,0,1,149883.92012450434,0
2010-06-18,16,16,3,Temporally clustered,2010-06-18_c2,2,135,46.84074074074074,21.58148148148148,46.89558827927067,21.83848953535433,29.017930393868674,11.26805254830883,46.5,21.5,46.5,21.5,0,0,0,31.12748908996582,48.072044372558594,43.134767857304325,4.109750490509343,5823.193660736084,1882.6060905358986,0,1,724977.1461870507,0
2010-06-18,16,16,3,Temporally clustered,2010-06-18_c3,3,109,58.91284403669725,40.87614678899082,58.91145363277153,40.91042467965667,3.808425889546528,358.2374099147407,58.5,40.5,58.5,40.5,0,0,0,31.685346603393555,44.40004348754883,40.69296161406631,2.5837774558199444,4435.532815933228,1479.1590077748263,0,1,491394.3254217222,0
2010-06-18,16,16,3,Temporally clustered,2010-06-18_c4,4,38,64.73684210526316,20.657894736842103,64.76358710148692,20.66213599595169,2.826216510995307,80.43154129644611,64.5,20.5,64.5,20.5,0,0,0,29.39023971557617,30.745555877685547,30.0762209641306,0.3033274655871532,1142.896396636963,1192.8406980757563,0,1,196937.53125800096,0
2010-06-19,16,16,3,Temporally clustered,2010-06-19_c0,0,156,27.30128205128205,25.92948717948718,27.178828115833078,25.90883956160068,12.479621991322682,259.4648821361648,27.5,25.5,27.5,25.5,0,0,0,31.928356170654297,47.92082214355469,41.772088270920975,3.2288191358333957,6516.445770263672,2449.1552193423254,0,1,862293.6878750508,0
2010-06-19,16,16,3,Temporally clustered,2010-06-19_c1,1,117,46.662393162393165,21.585470085470085,46.73779188804428,21.88921752842353,34.5256083510549,13.043146918011836,46.5,21.5,46.5,21.5,0,0,0,30.579219818115234,48.83464813232422,42.81882871318067,4.306641481860694,5009.802959442139,1882.6059337916295,0,1,656520.1825825,0
2010-06-19,16,16,3,Temporally clustered,2010-06-19_c2,2,143,60.47202797202797,37.56293706293706,60.51944054929661,37.493504621735546,8.772012048988582,151.4464752619832,60.5,37.5,60.5,37.5,0,0,0,31.68302154541016,48.088775634765625,41.33435354699622,2.7201668119079216,5910.812557220459,2254.4819826662783,0,1,734834.0280613212,0
2010-06-19,16,16,3,Temporally clustered,2010-06-19_c3,3,25,65.66,20.34,65.67991365117024,20.344179060379847,2.130215628976378,77.45259810947425,65.5,20.5,65.5,20.5,0,0,0,29.342926025390625,30.618974685668945,29.92623954772949,0.2708436745019952,748.1559886932373,965.0887126716799,0,1,117538.4050526001,0
2010-06-20,16,16,3,Temporally clustered,2010-06-20_c0,0,325,33.19846153846154,23.524615384615384,33.22279845278893,23.58725768256529,7.3692841793064305,19.700063384868287,33.5,23.5,33.5,23.5,0,0,0,29.753856658935547,49.72218322753906,42.16353569030762,3.5524972170551843,13703.149099349976,3533.162124170286,0,1,2090177.9550635067,0
2010-06-20,16,16,3,Temporally clustered,2010-06-20_c1,1,152,61.28947368421053,35.66447368421053,61.306466743661,35.53322579537472,14.643351878184117,173.9587313411112,61.5,35.5,61.5,35.5,0,0,0,31.00988006591797,48.73067855834961,41.27849511096352,3.2800330263422666,6274.331256866455,2088.5938232071385,0,1,852601.5500724444,0
2010-06-20,16,16,3,Temporally clustered,2010-06-20_c2,2,22,65.9090909090909,20.363636363636363,65.92709128837457,20.364711288403623,1.8830814597962784,86.37357466051375,65.5,20.5,65.5,20.5,0,0,0,29.453489303588867,30.35144424438477,29.840426011519,0.2331142882786801,656.489372253418,964.9487961940785,0,1,126750.31150873328,0
2010-06-21,16,16,3,Temporally clustered,2010-06-21_c0,0,326,31.521472392638035,22.677914110429448,31.388487665867316,22.737713143108024,15.183313701912546,295.88389324627485,31.5,22.5,31.5,22.5,0,0,0,30.004549026489254,49.00850296020508,42.73361001277994,3.445993544531258,13931.15686416626,3640.006685054043,0,1,2057501.4992624973,0
2010-06-21,16,16,3,Temporally clustered,2010-06-21_c1,1,104,61.50961538461539,32.63461538461539,61.4958733603415,32.55153153133924,9.303650578562536,187.97435707687907,61.5,32.5,61.5,32.5,0,0,0,33.494876861572266,47.63375473022461,41.244127200200005,3.283938050636407,4289.389228820801,1624.639825346244,0,1,568337.678473568,0
2010-06-21,16,16,3,Temporally clustered,2010-06-21_c2,2,28,66.14285714285714,20.892857142857142,66.15495147777673,20.898037102519865,1.3828560203076523,65.49594615100762,66.5,20.5,66.5,20.5,0,0,0,29.56245422363281,30.551380157470703,29.9349786894662,0.2440676330638403,838.1794033050537,961.7756560208813,0,1,176426.2817423814,0
2010-06-22,16,16,3,Temporally clustered,2010-06-22_c0,0,277,30.113718411552348,22.01263537906137,29.903603180794683,21.982819316231662,21.947043786034,261.3873938053715,30.5,22.5,29.5,21.5,1,0,0,29.513721466064453,47.33289337158203,42.44285648910578,3.304291278082426,11756.6712474823,3040.424836724172,0,1,1544316.6508823363,0
2010-06-22,16,16,3,Temporally clustered,2010-06-22_c1,1,7,47.785714285714285,12.785714285714286,47.75435305904237,12.77067848823929,3.789766012020859,243.96872214260108,47.5,12.5,47.5,12.5,0,0,0,31.782390594482425,33.96971130371094,32.756364004952566,0.7262242447179567,229.294548034668,586.1203291496024,0,1,57623.56091518829,0
2010-06-22,16,16,3,Temporally clustered,2010-06-22_c2,2,78,61.833333333333336,31.26923076923077,61.7697431601065,31.19376028634405,10.330648283214115,215.9220026650053,61.5,31.5,61.5,31.5,0,0,0,33.70676040649414,48.53183364868164,41.561926474938026,3.518434697767398,3241.830265045166,1488.1619555636828,0,1,431581.5377842466,0
2010-06-22,16,16,3,Temporally clustered,2010-06-22_c3,3,29,66.12068965517241,20.844827586206897,66.13720317516463,20.84995260277301,1.809900916648205,71.72636015288916,66.5,20.5,66.5,20.5,0,0,0,29.58893775939941,30.673397064208984,30.143796789235083,0.299748654210577,874.1701068878174,962.0668217433129,0,1,170207.76713226168,0
2010-07-08,17,17,4,Mixed,2010-07-08_c0,0,378,50.664021164021165,35.24338624338624,50.76873494093843,34.841724195750984,45.5736550556697,167.86850752134228,50.5,35.5,50.5,34.5,1,0,0,20.96357536315918,48.683555603027344,39.446933317436745,5.5580340307598215,14910.940793991089,3593.577916749614,0,1,2319323.403314464,0
2010-07-08,17,17,4,Mixed,2010-07-08_c1,1,10,37.2,18.0,37.08422930431458,18.012667133816116,12.340157261450104,276.54153175969816,37.5,17.5,37.5,18.5,1,0,0,34.40010452270508,43.514251708984375,39.65689315795898,2.895244795585993,396.5689315795898,540.7832855728155,0,1,81367.86960902227,0
2010-07-08,17,17,4,Mixed,2010-07-08_c2,2,9,47.388888888888886,15.833333333333334,47.33669360831891,15.95082247291858,14.151754782016464,336.74233343560803,47.5,15.5,47.5,15.5,0,0,0,33.05728530883789,43.00599670410156,39.65331225925021,3.602590679564288,356.87981033325195,563.1473054201065,0,1,101726.95943126013,0
2010-07-09,17,17,4,Mixed,2010-07-09_c0,0,412,50.640776699029125,35.59708737864078,50.82739185460008,35.16317525699358,51.04043042987201,160.5424203957605,50.5,35.5,50.5,35.5,0,0,0,21.169269561767575,49.86077880859375,39.06562457038361,5.721992299932106,16095.037322998049,3588.708331938625,0,1,2342560.331742774,0
2010-07-09,17,17,4,Mixed,2010-07-09_c1,1,10,37.2,18.0,37.096866471138654,18.013254198025077,11.020024718990932,277.6658354059683,37.5,17.5,37.5,18.5,1,0,0,34.82377624511719,43.476600646972656,39.959033203125,2.643684297951857,399.59033203125,540.7832855728155,0,1,81367.86960902227,0
2010-07-10,17,17,4,Mixed,2010-07-10_c0,0,395,48.93037974683544,35.02405063291139,48.97510489842964,34.48358051127957,60.09731494722793,176.08004077815124,48.5,35.5,48.5,34.5,1,0,0,21.7088680267334,52.02364349365234,39.15811921131762,5.811762746695822,15467.45708847046,3168.6497570518895,0,1,2193253.852471472,0
2010-07-11,17,17,4,Mixed,2010-07-11_c0,0,407,46.80958230958231,35.65970515970516,46.67879597055472,35.09364191888751,63.9178155399347,190.7532925590745,46.5,35.5,46.5,35.5,0,1,1,23.03425025939941,51.90205001831055,39.20385057041627,6.019470367225518,15955.967182159424,3431.6712242278136,0,1,1825612.9019203568,0
2010-07-11,17,17,4,Mixed,2010-07-11_c1,1,12,64.08333333333333,30.5,64.05563786172364,30.519945234059083,3.4578342206001422,309.7586705589728,64.5,30.5,64.5,30.5,0,0,0,38.67278671264648,46.13759231567383,42.68918736775717,2.307673528397144,512.2702484130859,583.1287494381336,0,1,68449.46497487288,0
2010-07-12,17,17,4,Mixed,2010-07-12_c0,0,382,46.60732984293194,35.431937172774866,46.4258376518487,34.882295310889816,63.18152286795896,195.2249159347473,46.5,35.5,46.5,34.5,1,1,1,23.840972900390625,51.53746795654297,39.50395042359517,5.923713730056809,15090.509061813354,3519.389543910976,0,1,1919519.5730050856,0
2010-07-13,17,17,4,Mixed,2010-07-13_c0,0,401,46.93391521197008,33.86907730673317,46.78161818944116,33.169582486489574,78.86312358406745,190.3773971519037,46.5,33.5,46.5,33.5,0,1,1,23.859617233276367,50.07559967041016,40.10577025853488,6.102272826867749,16082.413873672484,3565.0881316846753,0,1,2266901.725253488,0
2010-07-16,18,18,3,Temporally clustered,2010-07-16_c0,0,17,24.852941176470587,37.55882352941177,24.863073424383053,37.58394360892962,2.928198260422429,17.79605737366207,24.5,37.5,24.5,37.5,0,0,0,26.43542861938477,29.810958862304688,27.75432754965389,0.945538924263843,471.8235683441162,686.5185366314188,0,1,108483.03816751236,0
2010-07-16,18,18,3,Temporally clustered,2010-07-16_c1,1,37,33.01351351351352,43.7972972972973,33.04300005495908,43.81951592133374,3.4239748506307848,43.852880768708026,33.5,43.5,33.5,43.5,0,0,0,26.026988983154297,29.50996398925781,27.308056908684808,0.8804273318495676,1010.398105621338,756.2090578435856,0,1,138134.67558182252,0
2010-07-16,18,18,3,Temporally clustered,2010-07-16_c2,2,307,54.30130293159609,29.004885993485345,53.81029445907816,28.675044707850663,60.26978630335787,232.7774209338708,54.5,29.5,53.5,28.5,1,0,0,23.14409637451172,50.13706970214844,42.32770257508716,5.292220987235842,12994.604690551758,3535.8444981395965,0,1,1755480.0041238954,0
2010-07-17,18,18,3,Temporally clustered,2010-07-17_c0,0,16,24.8125,37.625,24.827511825012472,37.64749362036788,2.8263859973497323,27.9518901902834,24.5,37.5,24.5,37.5,0,0,0,26.15407943725586,29.717065811157227,27.634045124053955,0.996434108911218,442.1447219848633,686.4782248046623,0,1,111629.22125825482,0
2010-07-17,18,18,3,Temporally clustered,2010-07-17_c1,1,16,28.125,23.5,28.184280803265437,23.49529913657882,6.077450726458277,94.90245341154984,28.5,23.5,28.5,23.5,0,0,0,37.71051788330078,43.40134811401367,41.092618227005005,1.5333783280498012,657.4818916320801,723.114035087339,0,1,81771.25890025316,0
2010-07-17,18,18,3,Temporally clustered,2010-07-17_c2,2,41,33.28048780487805,43.670731707317074,33.308085428875344,43.70614831804012,4.520520157374622,29.47648732764946,33.5,43.5,33.5,43.5,0,0,0,26.27395820617676,31.213951110839844,27.63691069440144,1.2140063383179027,1133.113338470459,848.9915112913076,0,1,166531.07749010125,0
2010-07-17,18,18,3,Temporally clustered,2010-07-17_c3,3,295,54.65254237288136,28.222033898305085,54.20384649765305,27.815027171701825,63.099773234425975,224.4780472159065,54.5,28.5,54.5,27.5,1,0,0,20.690723419189453,50.88267135620117,42.16616440465895,5.440795927985209,12439.01849937439,3483.103769960519,0,1,1648277.2606173565,0
2010-07-17,18,18,3,Temporally clustered,2010-07-17_c4,4,21,49.5,42.54761904761905,49.421402674818985,42.62734977357128,10.957521068620478,323.9558568056499,49.5,42.5,49.5,42.5,0,0,0,27.577051162719727,36.16456604003906,30.131716591971266,2.0139034496806243,632.7660484313965,875.9279106710615,0,1,104150.10426207434,0
2010-07-18,18,18,3,Temporally clustered,2010-07-18_c0,0,28,26.5,23.25,26.54271288014977,23.251374949845587,4.373555972963428,87.99632275619199,26.5,23.5,26.5,23.5,0,0,0,38.43290328979492,43.6077880859375,41.170358657836914,1.1697019520242486,1152.7700424194336,1022.7983751377535,0,1,138715.96834077075,0
2010-07-18,18,18,3,Temporally clustered,2010-07-18_c1,1,16,24.4375,37.5625,24.43969316433935,37.57872822175788,1.811534625464388,6.13902065575343,24.5,37.5,24.5,37.5,0,0,0,25.818513870239254,29.687294006347656,27.610146164894104,1.0549206122805284,441.76233863830566,686.5162977946038,0,1,137949.961582007,0
2010-07-18,18,18,3,Temporally clustered,2010-07-18_c2,2,41,33.28048780487805,43.670731707317074,33.290312011527284,43.71509488579289,4.992252783275712,9.12508386978631,33.5,43.5,33.5,43.5,0,0,0,25.21874618530273,31.55158233642578,27.68579608638112,1.3850882989345523,1135.117639541626,848.9915112913076,0,1,166531.07749010125,0
2010-07-18,18,18,3,Temporally clustered,2010-07-18_c3,3,290,53.37931034482759,28.85172413793104,53.27746632644016,28.264956400730306,65.78972228194641,188.73676148941047,53.5,28.5,53.5,28.5,0,0,0,24.892105102539062,49.89437103271485,40.833657258132405,5.444315467002693,11841.760604858398,3340.0680812728724,0,1,2349511.4431106183,0
2010-08-01,19,19,3,Temporally clustered,2010-08-01_c0,0,314,38.51592356687898,37.197452229299365,38.5879903843515,36.70845280441804,54.645850806571474,173.2327451965717,38.5,37.5,38.5,36.5,1,0,1,23.01710319519043,47.60677337646485,34.8730057333685,5.64678383710233,10950.12380027771,3511.804363804215,0,1,2024238.1089509907,1
2010-08-01,19,19,3,Temporally clustered,2010-08-01_c1,1,62,48.935483870967744,21.387096774193548,48.84211767802019,21.302933686040006,13.440000310841222,226.1208739342277,48.5,21.5,48.5,21.5,0,0,0,34.954959869384766,47.90150451660156,43.07381383834347,3.6643446238776103,2670.576457977295,1667.1739804711183,0,1,397101.8679597861,0
2010-08-02,19,19,3,Temporally clustered,2010-08-02_c0,0,323,37.95820433436533,37.07275541795666,38.08911984860139,36.589470257823166,54.88912757803239,167.6760252373672,37.5,37.5,38.5,36.5,1,0,1,21.28192138671875,44.050079345703125,33.98756363812615,5.22060009950355,10977.983055114746,3512.4289469401833,0,1,2216767.972310451,1
2010-08-02,19,19,3,Temporally clustered,2010-08-02_c1,1,50,48.62,21.36,48.47330519338966,21.24771137062738,19.65314234602605,230.78397338010257,48.5,21.5,48.5,21.5,0,0,0,34.85121154785156,46.72715377807617,42.10783515930176,3.5454252168827955,2105.391757965088,1667.3183300404207,0,1,440887.0497724411,0
2010-08-03,19,19,3,Temporally clustered,2010-08-03_c0,0,330,37.6030303030303,37.31212121212121,37.75407444170599,36.81970819414256,56.27421940506964,166.14417201079064,37.5,37.5,37.5,36.5,1,0,0,20.313013076782227,44.48688507080078,33.72779675685998,5.233572561178775,11130.172929763794,3378.074467222603,0,1,2218157.9639900783,0
2010-08-03,19,19,3,Temporally clustered,2010-08-03_c1,1,33,46.22727272727273,19.439393939393938,46.27612528599974,19.472620690669125,6.312010075639543,54.34993825942571,46.5,19.5,46.5,19.5,0,0,0,38.56089401245117,45.394981384277344,42.73274219397342,1.759813522508415,1410.180492401123,935.196715901672,0,1,195667.55833466692,0
2010-08-03,19,19,3,Temporally clustered,2010-08-03_c2,2,14,54.21428571428572,25.714285714285715,54.2380413570318,25.658406485996483,6.633894494954858,158.92761852711584,54.5,25.5,54.5,25.5,0,0,0,34.58235168457031,45.10002136230469,37.60254042489188,2.8460176277350704,526.4355659484863,611.8495828620477,0,1,99272.89955194814,0
2010-08-05,20,20,4,Mixed,2010-08-05_c0,0,362,38.06077348066298,36.96132596685083,38.20134583477368,36.43070686048932,60.20891002570207,167.91507119342043,38.5,36.5,38.5,36.5,0,1,1,22.39728164672852,47.54923248291016,34.52135302612136,5.401425925840093,12496.729795455933,3639.4393087294197,0,1,2508576.2647851934,0
2010-08-05,20,20,4,Mixed,2010-08-05_c1,1,20,45.8,19.15,45.8453657097263,19.184167439525947,6.08893810705544,51.59252256047839,45.5,19.5,45.5,19.5,0,0,0,38.94831085205078,45.88097381591797,42.7312780380249,1.8728736934202657,854.625560760498,636.5474452946182,0,1,120611.43077783784,0
2010-08-05,20,20,4,Mixed,2010-08-05_c2,2,10,54.8,26.0,54.85059463755709,25.984605875189917,5.345136848632639,108.59571189114752,54.5,25.5,54.5,25.5,0,0,0,34.77088928222656,40.8582763671875,37.301001358032224,2.192350556335066,373.0100135803223,500.26876617011635,0,1,56669.331154675616,0
2010-08-05,20,20,4,Mixed,2010-08-05_c3,3,11,64.5909090909091,44.40909090909091,64.60577990216305,44.39954232682509,1.5903102057498613,131.84538794126456,64.5,44.5,64.5,44.5,0,0,0,38.26813507080078,40.590457916259766,39.59661587801847,0.6563211066420196,435.5627746582031,454.9759238204542,0,1,41564.063194917,0
2010-08-06,20,20,4,Mixed,2010-08-06_c0,0,436,40.45412844036697,37.36009174311926,40.809264935257616,36.91282142907324,58.818628038926526,147.44874273650214,40.5,37.5,40.5,36.5,1,0,1,22.71285629272461,48.558387756347656,35.75397525139905,5.660409017755731,15588.733209609984,4367.851927670215,0,1,2866250.022122564,1
2010-08-06,20,20,4,Mixed,2010-08-06_c1,1,16,45.5,18.75,45.51596369268708,18.78000398691805,3.723302285222402,26.87402916253401,45.5,18.5,45.5,18.5,0,0,0,38.76770782470703,44.21239471435547,42.04194712638855,1.5208801048633624,672.6711540222168,636.923026549379,0,1,93432.59650456284,0
2010-08-06,20,20,4,Mixed,2010-08-06_c2,2,11,54.04545454545455,26.318181818181817,54.04173267044508,26.310667221370583,0.9117397220698268,204.05518822104312,54.5,26.5,54.5,26.5,0,0,0,35.45344543457031,41.56221771240234,37.37418712269176,1.9793307948693548,411.1160583496094,545.7230965908407,0,1,73682.48108827228,0
2010-08-07,20,20,4,Mixed,2010-08-07_c0,0,466,40.68669527896996,36.71030042918455,41.004390462322014,36.17433634920638,65.94329244304026,154.31461131000344,40.5,36.5,41.5,36.5,1,1,1,22.78426742553711,49.73246765136719,36.369937741193645,5.853157621672055,16948.39098739624,4393.779709114989,0,1,2951596.979062464,0
2010-08-07,20,20,4,Mixed,2010-08-07_c1,1,9,46.05555555555556,17.38888888888889,46.08185437248409,17.406533413474275,3.40917403701076,55.050185301323246,46.5,17.5,46.5,17.5,0,0,0,37.92264175415039,43.533233642578125,41.42033767700195,1.6148921512452552,372.7830390930176,348.3171350628488,0,1,53452.94352074269,0
2010-08-07,20,20,4,Mixed,2010-08-07_c2,2,22,53.54545454545455,23.818181818181817,53.53415160237167,23.61023581979485,23.059698624857216,182.86735074412272,53.5,23.5,53.5,23.5,0,0,0,34.73674011230469,47.15519714355469,42.68602336536754,4.59621251348732,939.092514038086,1000.3632138349138,0,1,167570.09766017197,0
2010-08-08,20,20,4,Mixed,2010-08-08_c0,0,421,40.542755344418055,37.0581947743468,40.88497839231069,36.458985697443175,73.18122719783592,155.2165799697246,40.5,37.5,40.5,36.5,1,0,1,21.063486099243164,49.533145904541016,35.83108793245076,6.008178409980717,15084.888019561768,4155.760855540979,0,1,2830454.9844769617,1
2010-08-08,20,20,4,Mixed,2010-08-08_c1,1,9,46.16666666666666,17.166666666666668,46.18189210585344,17.182752432894244,2.406848576101408,42.29597028215812,46.5,17.5,46.5,17.5,0,0,0,40.375282287597656,43.645469665527344,41.83043458726671,1.0278343454604335,376.4739112854004,394.0683907526639,0,1,47867.47732963093,0
2010-08-08,20,20,4,Mixed,2010-08-08_c2,2,25,52.66,22.58,52.624198892068605,22.502718271689325,9.316738396014758,203.29019003076223,52.5,22.5,52.5,22.5,0,0,0,34.45991897583008,47.05188751220703,44.75222717285156,3.089455459495722,1118.805679321289,995.1659999999999,0,1,179285.12234314228,0
2010-08-09,20,20,4,Mixed,2010-08-09_c0,0,459,41.62636165577342,35.29738562091503,42.30578049949862,34.32210480137758,124.78182612225856,149.92485666944836,41.5,35.5,42.5,34.5,1,1,1,21.6325740814209,49.902000427246094,36.45729084056447,6.565423693191518,16733.89649581909,3807.016487066976,0,1,3482599.466583842,0
2010-08-10,20,20,4,Mixed,2010-08-10_c0,0,462,40.81385281385281,35.28787878787879,41.55407501571238,34.274943018020025,131.2154902701786,148.70096070272845,40.5,35.5,41.5,34.5,1,1,1,22.258771896362305,49.35228729248047,36.19938088701917,6.690816583791326,16724.113969802856,3827.576252811276,0,1,3223934.413738825,0
2010-08-11,20,20,4,Mixed,2010-08-11_c0,0,500,40.266,34.828,41.00341277476369,33.83174495022366,129.68408705064272,148.23908950906676,40.5,34.5,41.5,33.5,1,1,1,22.1709041595459,49.961795806884766,36.57506539916992,6.764052990631556,18287.53269958496,3884.878018513178,0,1,3007847.3059194763,0
2010-08-12,20,20,4,Mixed,2010-08-12_c0,0,527,39.31024667931689,34.55123339658444,40.01497853483296,33.582807904244014,125.5836939796856,148.60249844903512,39.5,34.5,40.5,33.5,1,1,1,21.877805709838867,49.91862487792969,36.39513495298672,6.647502658593774,19180.236120224,3997.8505686231856,0,1,3137987.848810427,0
2010-08-13,20,20,4,Mixed,2010-08-13_c0,0,531,38.56026365348399,34.688323917137474,39.29770283163754,33.789274539156686,120.6688524451658,145.52849697890332,38.5,34.5,39.5,33.5,1,1,1,23.872865676879883,49.605010986328125,36.38520026700869,6.413933022013144,19320.541341781616,4019.2515391261236,0,1,3241308.401427877,0
2010-08-14,20,20,4,Mixed,2010-08-14_c0,0,504,37.47420634920635,35.648809523809526,38.14278385567125,34.91272962915172,101.826212498637,143.12769027985007,37.5,35.5,38.5,34.5,1,0,1,23.816675186157227,48.61203002929688,35.74395848077441,6.03778409326667,18014.955074310303,3872.4544706856245,0,1,3071092.414182696,1
2010-08-15,20,20,4,Mixed,2010-08-15_c0,0,522,37.1455938697318,35.18007662835249,37.8613151328171,34.47752951197666,101.78887475314504,139.76304624713714,37.5,35.5,37.5,34.5,1,0,0,23.765026092529297,48.25299072265625,35.63362457012308,5.859167616931281,18600.752025604248,3896.409050919751,0,1,3189557.2825675867,0
2010-08-16,20,20,4,Mixed,2010-08-16_c0,0,465,35.3752688172043,33.755913978494625,36.2911570071645,33.01338826573381,118.50875439636796,133.76776009270358,35.5,33.5,36.5,33.5,1,0,0,23.81627655029297,48.90353775024414,36.08160065681704,6.122118959242017,16777.944305419922,3978.730042443411,0,1,2413625.496870356,0
2010-08-16,20,20,4,Mixed,2010-08-16_c1,1,52,51.32692307692308,40.84615384615385,51.455035038636616,40.80238465521628,11.850023385600409,114.17398049287917,51.5,40.5,51.5,40.5,0,0,0,27.700284957885746,40.81080627441406,32.713477464822624,3.002395204383097,1701.1008281707764,1116.083980062004,0,1,208260.17053064215,0
2010-08-17,20,20,4,Mixed,2010-08-17_c0,0,477,37.15199161425576,33.4664570230608,37.727921315728366,32.68030864859774,102.439083515008,148.17611180196914,37.5,33.5,37.5,32.5,1,0,0,24.365886688232425,48.72257614135742,35.72278691737657,6.096594144014828,17039.769359588623,3715.312037618847,0,1,3159651.4884486543,0
2010-08-17,20,20,4,Mixed,2010-08-17_c1,1,11,51.31818181818182,23.863636363636363,51.18838039675349,23.803910501116317,14.786604726784953,243.4515847511904,51.5,23.5,51.5,23.5,0,0,0,35.24090576171875,46.77556991577149,43.71231842041016,4.088413941525708,480.8355026245117,607.5669136035875,0,1,69596.33600813047,0
2010-08-18,20,20,4,Mixed,2010-08-18_c0,0,493,37.41683569979716,33.24645030425963,37.971354995223535,32.44329026815452,103.09486165948344,149.6150873599534,37.5,33.5,37.5,32.5,1,0,0,24.417081832885746,49.07994079589844,35.46946045061154,5.964816850545118,17486.44400215149,4274.990757297196,0,1,3388254.901279613,0
2010-08-19,20,20,4,Mixed,2010-08-19_c0,0,509,37.786836935167,33.01866404715128,38.32023491962296,32.27414201965258,96.54869551387884,148.6345451828602,37.5,33.5,38.5,32.5,1,0,1,24.146589279174805,47.25455093383789,35.70748295812101,6.071099668377523,18175.108825683597,4301.000379259407,0,1,3590049.097813482,1
2010-08-20,20,20,4,Mixed,2010-08-20_c0,0,481,37.37318087318087,32.54573804573805,37.77906261681878,31.827658208303127,88.34902118240004,154.21924895537202,37.5,32.5,37.5,31.5,1,0,0,24.643747329711918,47.77587890625,35.996751440290105,6.247394920810001,17314.43744277954,4316.604441952972,0,1,3383433.0095989527,0
2010-08-21,20,20,4,Mixed,2010-08-21_c0,0,363,37.946280991735534,30.422865013774103,38.37246187825978,30.0682004721673,56.8187004450728,133.67872503480015,37.5,30.5,38.5,30.5,1,0,1,26.669937133789062,48.86348724365234,37.451645097128285,6.110211593213662,13594.947170257568,4384.462687890004,0,1,2984573.2252407395,1
2010-08-21,20,20,4,Mixed,2010-08-21_c1,1,19,32.71052631578947,42.55263157894737,32.702384199983534,42.54361151907368,1.20466260742716,213.72334197428935,32.5,42.5,32.5,42.5,0,0,0,25.596216201782227,27.691837310791016,26.40097126207853,0.5261714757961927,501.6184539794922,827.4671922508758,0,1,98718.1262003174,0
2011-07-26,21,21,4,Mixed,2011-07-26_c0,0,367,38.23569482288829,35.34741144414169,38.01955379462291,34.61522293863528,83.59221442678006,193.71815546011845,38.5,35.5,38.5,34.5,1,1,1,24.02108764648437,51.14341735839844,36.26121535028359,5.910134346960208,13307.866033554075,4353.165220252321,0,1,3159087.569645063,0
2011-07-26,21,21,4,Mixed,2011-07-26_c1,1,24,48.833333333333336,17.708333333333332,48.87967084305304,17.817614781549093,13.055105330643848,22.103547082410177,48.5,17.5,48.5,17.5,0,0,0,36.130470275878906,45.92528533935547,42.60722557703654,2.6488686256513745,1022.573413848877,882.6288759423777,0,1,145300.162202497,0
2011-07-26,21,21,4,Mixed,2011-07-26_c2,2,12,67.08333333333333,34.0,66.9494733240329,33.905024291413014,16.25074213423005,229.62619513267464,67.5,33.5,66.5,33.5,1,0,0,25.144853591918945,36.297813415527344,30.817939281463623,3.752572920177005,369.8152713775635,596.2585090349654,0,1,75654.05070656742,0
2011-07-27,21,21,4,Mixed,2011-07-27_c0,0,473,38.24841437632135,34.81923890063425,38.17004777642071,34.06812364828645,83.63220766359532,184.96236643432096,38.5,34.5,38.5,34.5,0,1,1,23.99398231506348,51.29503631591797,36.765170317119576,6.049049447398678,17389.92555999756,4369.131769495934,0,1,2993378.5852061347,0
2011-07-27,21,21,4,Mixed,2011-07-27_c1,1,32,48.90625,20.78125,48.89088163062102,20.84237865055728,6.9543576044812285,346.70271612611697,48.5,20.5,48.5,20.5,0,0,0,35.11863708496094,47.82908248901367,42.4717413187027,3.3873274999951417,1359.0957221984863,1474.0009528915887,0,1,418966.7081122879,0
2011-07-27,21,21,4,Mixed,2011-07-27_c2,2,11,66.95454545454545,33.86363636363637,66.85540898889867,33.78942256374624,12.328175210375528,228.1364572486561,66.5,33.5,66.5,33.5,0,0,0,24.86397933959961,34.44398498535156,29.84119241887873,3.3367028865560573,328.253116607666,597.0826597198969,0,1,71035.21207663164,0
2011-07-28,21,21,4,Mixed,2011-07-28_c0,0,567,38.664021164021165,33.12610229276896,38.73981251117796,32.20563079512518,102.32621167501364,175.99544088339624,38.5,33.5,38.5,32.5,1,1,1,22.29747200012207,49.29722595214844,37.28034014760712,6.33771192733531,21137.95286369324,4576.964855956757,0,1,3910532.1969744354,0
2011-07-29,21,21,4,Mixed,2011-07-29_c0,0,605,40.9099173553719,33.67190082644628,41.11226262183626,32.80835025055125,97.6142151834626,168.8052292452441,40.5,33.5,41.5,32.5,1,1,1,24.792163848876957,49.73766326904297,37.89749430821947,6.078083379640757,22927.98405647278,5333.271743201974,0,1,4066231.053762709,0
2011-07-30,21,21,4,Mixed,2011-07-30_c0,0,577,43.22443674176776,35.17764298093587,43.50814248815614,34.42965977844067,86.94509091191047,162.54614761200645,43.5,35.5,43.5,34.5,1,1,1,25.410232543945312,50.72043228149414,38.3618832560098,6.251007925134136,22134.80663871765,5272.6815161519835,0,1,3838487.439859584,0
2011-07-31,21,21,4,Mixed,2011-07-31_c0,0,551,45.240471869328495,35.48729582577133,45.5534385935522,34.922643413772754,68.82263475889998,155.4477004088822,45.5,35.5,45.5,34.5,1,1,1,22.50191879272461,50.70798110961914,38.86020595668232,6.219733562582119,21411.97348213196,5259.985680947049,0,1,3327291.179869423,0
2011-08-01,21,21,4,Mixed,2011-08-01_c0,0,38,29.105263157894736,19.81578947368421,29.125507729376213,19.830111264244223,2.6479897155997985,53.21700008365627,29.5,19.5,29.5,19.5,0,0,0,33.69029235839844,44.19742584228516,40.69610676012541,2.113344259878914,1546.4520568847656,1679.2995701436491,0,1,419393.9367700659,0
2011-08-01,21,21,4,Mixed,2011-08-01_c1,1,13,25.96153846153846,36.80769230769231,25.95940237884393,36.80660334770022,0.2256946092343938,237.62677597965396,25.5,36.5,25.5,36.5,0,0,0,26.535690307617188,27.623241424560547,26.905464319082405,0.3068382671678506,349.7710361480713,657.850562751536,0,1,71559.35000311269,0
2011-08-01,21,21,4,Mixed,2011-08-01_c2,2,533,48.6688555347092,36.36491557223265,48.92038506103119,35.81271970568157,65.32552499285086,159.63555259351233,48.5,36.5,48.5,35.5,1,0,0,21.94339942932129,51.23429107666016,39.53162022961013,6.157728216513611,21070.3535823822,3700.975227647036,0,1,2904221.687692308,0
2011-08-02,21,21,4,Mixed,2011-08-02_c0,0,22,25.363636363636363,18.818181818181817,25.391237038568512,18.83015422903941,3.196793697055253,65.50466398689278,25.5,18.5,25.5,18.5,0,0,0,38.65470886230469,43.91322326660156,40.4115494814786,1.2902106701010434,889.0540885925293,850.1781337009065,0,1,132080.1762641048,0
2011-08-02,21,21,4,Mixed,2011-08-02_c1,1,12,35.416666666666664,21.666666666666668,35.33349975526882,21.690228648760375,8.993926230790272,286.8778698350866,35.5,21.5,35.5,21.5,0,0,0,32.78596496582031,43.773216247558594,41.21410814921061,3.3249739101357974,494.56929779052734,781.9237957058464,0,1,129462.30706966264,0
2011-08-02,21,21,4,Mixed,2011-08-02_c2,2,576,50.93229166666666,35.63368055555556,50.907404979595256,35.11452108283147,57.64379352910601,182.25560676229875,50.5,35.5,50.5,35.5,0,0,0,21.32392883300781,51.82773971557617,39.72834036416478,6.443181811374194,22883.52404975891,3834.3035566236513,0,1,3174556.148496256,0
2011-08-03,21,21,4,Mixed,2011-08-03_c0,0,14,24.5,19.071428571428573,24.50309648990707,19.076283159853563,0.6284667429404595,31.234543263863788,24.5,19.5,24.5,19.5,0,0,0,35.238487243652344,38.57896423339844,37.68705449785505,0.7752693099798612,527.6187629699707,475.40749485883526,0,1,72237.43449719234,0
2011-08-03,21,21,4,Mixed,2011-08-03_c1,1,530,52.5433962264151,34.68679245283019,52.38433705596356,34.292530453846894,46.11160460828771,198.51672766256144,52.5,34.5,52.5,34.5,0,0,0,22.86044692993164,50.7856674194336,40.36394035411331,5.63918220053592,21392.888387680054,4231.505335133931,0,1,3039141.960062973,0
2011-08-04,21,21,4,Mixed,2011-08-04_c0,0,14,24.5,19.071428571428573,24.499775972489733,19.07135465218357,0.0249576343854237,250.86176139134693,24.5,19.5,24.5,19.5,0,0,0,38.025001525878906,40.831787109375,39.42667143685477,0.6524423088500667,551.9734001159668,475.40749485883526,0,1,72237.43449719234,0
2011-08-04,21,21,4,Mixed,2011-08-04_c1,1,9,25.83333333333333,35.94444444444444,25.83135840300177,35.90439967133375,4.446845371802387,182.29770222425597,25.5,35.5,25.5,35.5,0,0,0,25.865936279296875,28.34181785583496,26.81356408860948,0.803403352986749,241.32207679748532,560.167317378365,0,1,60152.99217656903,0
2011-08-04,21,21,4,Mixed,2011-08-04_c2,2,11,35.40909090909091,21.59090909090909,35.32137968007579,21.65992731088705,11.868562237282426,310.0987263251929,35.5,21.5,35.5,21.5,0,0,0,33.912086486816406,43.79660034179688,41.44592562588778,2.7499921838921297,455.9051818847656,690.7183016413262,0,1,94801.77870431446,0
2011-08-04,21,21,4,Mixed,2011-08-04_c3,3,505,53.836633663366335,34.2980198019802,53.71499058708812,33.90004204463613,45.55008047646325,194.3004909163052,53.5,34.5,53.5,33.5,1,0,0,23.214170455932617,50.63572692871094,40.26853625609143,5.721575384978328,20335.61080932617,3942.549928323955,0,1,2853902.777545222,0
2011-08-05,21,21,4,Mixed,2011-08-05_c0,0,12,24.666666666666668,18.916666666666668,24.671954189854137,18.91756284007985,0.5657732442523385,79.90113817189317,24.5,18.5,24.5,18.5,0,0,0,37.607757568359375,41.07955932617188,39.47839641571045,0.9239320671067311,473.7407569885254,475.75405567203853,0,1,64658.066221714354,0
2011-08-05,21,21,4,Mixed,2011-08-05_c1,1,9,26.05555555555556,35.05555555555556,26.065605641076505,35.02285718575145,3.741710296773954,165.81058909333998,26.5,35.5,26.5,35.5,0,0,0,26.099613189697266,27.58858108520508,26.891489028930664,0.5698658968923322,242.023401260376,582.1349207385344,0,1,82409.7244341189,0
2011-08-05,21,21,4,Mixed,2011-08-05_c2,2,10,35.1,21.8,35.06256472314047,21.82149230456799,4.543805201715084,301.59073094092577,35.5,21.5,35.5,21.5,0,0,0,37.48381423950195,43.53643035888672,42.06896514892578,1.680839042980713,420.6896514892578,633.8872623980764,0,1,77153.96838174984,0
2011-08-05,21,21,4,Mixed,2011-08-05_c3,3,435,54.92988505747127,33.05402298850575,54.66804332918772,32.74639538959545,42.00086940170437,215.75136929032396,54.5,33.5,54.5,32.5,1,0,0,22.60301780700684,49.94757080078125,40.92076809324068,5.040481070645422,17800.534120559692,3967.1600364560345,0,1,2661634.9153334745,0
2012-07-13,22,22,4,Mixed,2012-07-13_c0,0,407,39.05036855036855,34.706388206388205,40.90887439782426,34.0962963245247,183.79538939709585,111.0785634644455,39.5,34.5,40.5,34.5,1,1,1,25.535629272460938,49.21858215332031,36.27874837402044,6.938270172832961,14765.450588226318,4485.255991556792,0,1,2749489.9745659563,0
2012-07-13,22,22,4,Mixed,2012-07-13_c1,1,27,47.05555555555556,17.833333333333332,47.09103641444084,17.951158715964322,13.57201179235552,16.07766993624863,47.5,17.5,47.5,17.5,0,0,0,33.802581787109375,45.31906127929688,41.16529351693613,3.19109701095124,1111.4629249572754,854.9504587018231,0,1,210184.7689537531,0
2012-07-14,22,22,4,Mixed,2012-07-14_c0,0,564,39.2872340425532,31.19503546099291,40.76443960807252,30.41569853614528,165.67588076820897,121.05329208513189,39.5,31.5,40.5,30.5,1,1,1,25.77786445617676,49.55263137817383,37.589979807535805,6.867213804754539,21200.748611450195,4645.80857681507,0,1,3748453.9638619022,0
2012-07-14,22,22,4,Mixed,2012-07-14_c1,1,16,58.625,44.6875,58.651444358752585,44.67469017514284,2.5341722090627874,124.16563009998391,58.5,44.5,58.5,44.5,0,0,0,34.70084381103516,39.45953369140625,38.04146885871887,1.5786866714422394,608.663501739502,633.1462269803559,0,1,80505.94431284316,0
2012-07-15,22,22,4,Mixed,2012-07-15_c0,0,546,36.92673992673993,30.663003663003664,38.065745613035965,29.829863142485465,143.34404412686547,129.8258737323205,36.5,30.5,38.5,29.5,1,0,1,25.644718170166016,49.1834716796875,37.70444726070642,6.747981178156887,20586.628204345703,4309.5018699684315,0,1,3073230.8480050736,1
2012-07-15,22,22,4,Mixed,2012-07-15_c1,1,35,60.01428571428571,44.1,60.02482856166655,44.08292652208375,2.07649813647884,156.0049799901097,60.5,44.5,60.5,44.5,0,0,0,34.79020690917969,40.8515625,39.10496869768415,1.5003778246430317,1368.6739044189453,865.5107944176159,0,1,143266.01589659616,0
2012-07-15,22,22,4,Mixed,2012-07-15_c2,2,9,64.38888888888889,28.72222222222222,64.3628236876992,28.70580235596672,3.1301100460910045,234.4575231699684,64.5,28.5,64.5,28.5,0,0,0,36.5355224609375,46.77622222900391,42.735107845730255,2.885652736450772,384.61597061157227,448.76605267345786,0,1,44101.2632496525,0
2012-07-16,22,22,4,Mixed,2012-07-16_c0,0,511,36.537181996086105,30.42172211350293,37.74342290389664,29.499051994359835,154.97354352058565,130.9951271141639,36.5,30.5,37.5,29.5,1,0,0,25.69438934326172,48.482696533203125,37.50746634795008,6.950299009969782,19166.31530380249,4265.8738372461885,0,1,2810524.813125872,0
2012-07-16,22,22,4,Mixed,2012-07-16_c1,1,46,60.34782608695652,43.73913043478261,60.37681246535997,43.72037582643608,3.1298953195212063,131.73084654962545,60.5,43.5,60.5,43.5,0,0,0,35.29426574707031,41.76666259765625,39.40238363846488,1.5441667944188229,1812.5096473693848,944.8549178861654,0,1,167463.31828125415,0
2012-07-17,22,22,4,Mixed,2012-07-17_c0,0,406,37.60591133004926,28.854679802955665,38.75643713607258,28.24239056816768,131.45700833930417,120.80192963733676,37.5,28.5,38.5,28.5,1,0,0,27.00155258178711,48.61369323730469,38.454974075843545,6.656750179166316,15612.71947479248,3940.4282556560997,0,1,2379056.196602412,0
2012-07-17,22,22,4,Mixed,2012-07-17_c1,1,68,61.338235294117645,43.01470588235294,61.372794385242166,42.97681508882928,5.065675264658156,146.18600366270277,61.5,43.5,61.5,42.5,1,0,0,34.55357360839844,42.01729583740234,39.97762545417337,1.619742800759899,2718.478530883789,1031.5308760847615,0,1,252759.49389627116,0
2012-07-18,22,22,4,Mixed,2012-07-18_c0,0,370,38.92972972972973,29.386486486486486,39.97324802252758,28.91156505266173,114.36651414621936,117.14944871290102,38.5,29.5,39.5,28.5,1,1,0,26.090579986572266,48.74105453491211,39.15581385638263,6.526893406574595,14487.651126861572,3731.1642617281977,0,1,1929608.8976257143,1
2012-07-18,22,22,4,Mixed,2012-07-18_c1,1,71,61.485915492957744,42.936619718309856,61.511320676316544,42.899212579775416,4.644547518004125,153.46471906338178,61.5,42.5,61.5,42.5,0,0,0,35.03662872314453,42.45667266845703,40.39155815017055,1.4668179965806685,2867.8006286621094,1032.7060861226735,0,1,266794.84021235927,0
2012-07-19,22,22,4,Mixed,2012-07-19_c0,0,381,40.15879265091864,29.50787401574804,41.07672340295431,29.051162275295844,102.56315447409229,119.3502536289926,40.5,29.5,41.5,29.5,1,1,1,25.741344451904297,49.98297119140625,39.91705181592405,6.6538153382273855,15208.396741867064,3993.6881640888996,0,1,2017654.7878215064,0
2012-07-19,22,22,4,Mixed,2012-07-19_c1,1,77,62.05844155844156,43.05844155844156,62.052198801254654,43.01068354638024,5.329936886826368,185.47948672554543,62.5,43.5,62.5,43.5,0,0,0,34.90265655517578,42.81713104248047,40.18436288214349,1.6319138940775784,3094.195941925049,1186.0489959492722,0,1,297821.95874362247,0
2012-07-20,22,22,4,Mixed,2012-07-20_c0,0,421,39.76128266033254,30.870546318289787,40.82074336691557,30.147288639682376,129.50328468521096,127.98321893063851,39.5,30.5,40.5,30.5,1,1,1,25.747194290161133,51.46471405029297,39.34457086667312,6.861922368108527,16564.064334869385,4390.685633773251,0,1,2336232.281767759,0
2012-07-20,22,22,4,Mixed,2012-07-20_c1,1,38,65.02631578947368,42.97368421052632,64.99525480332406,42.93625706269022,4.869484794121589,211.3767209405672,65.5,42.5,64.5,42.5,1,0,0,36.1029052734375,42.33525085449219,40.40261459350586,1.2596796504727557,1535.2993545532229,961.336644846653,0,1,153226.4547524561,0
2012-07-21,22,22,4,Mixed,2012-07-21_c0,0,421,40.09144893111639,31.65914489311164,41.21974718548983,30.683912391612544,152.51436063058784,134.85612327118054,40.5,31.5,41.5,30.5,1,1,1,25.68123817443848,50.0322265625,38.89788220783877,7.12890113779936,16376.008409500122,4364.396211109417,0,1,2636227.5064464174,0
2012-07-21,22,22,4,Mixed,2012-07-21_c1,1,10,68.1,44.1,68.07380208048609,44.08068890432419,3.0009932938363355,224.36528821287988,68.5,44.5,68.5,44.5,0,0,0,36.17272567749024,40.6656608581543,38.7072338104248,1.329753138573518,387.0723381042481,503.1321914897189,0,1,55558.87916077758,0
2012-07-22,22,22,4,Mixed,2012-07-22_c0,0,427,39.53981264637002,32.649882903981265,40.687114224315216,31.600153997346908,158.96599003923006,136.7682209483749,39.5,32.5,40.5,31.5,1,1,1,21.40384292602539,50.51010513305664,37.93111981161864,7.262409006892483,16196.588159561155,4075.4926980148152,0,1,2579712.785180274,0
2012-07-22,22,22,4,Mixed,2012-07-22_c1,1,20,51.7,41.9,51.77650069421412,41.96291548472124,9.438877184539754,42.212552844655285,51.5,41.5,51.5,41.5,0,0,0,28.20165061950684,37.62602233886719,31.499735641479493,2.87823357902373,629.9947128295898,782.1694276649503,0,1,132124.10499485573,0
2012-07-23,22,22,4,Mixed,2012-07-23_c0,0,451,40.59977827050998,34.01219512195122,41.5435233727119,32.98390321925809,143.86786909442392,142.1808993146564,40.5,34.5,41.5,32.5,1,1,1,22.664457321166992,50.99679946899414,37.6075869938751,7.415212550156659,16961.02173423767,4039.1894265733,0,1,2968862.698314472,0
2012-07-24,22,22,4,Mixed,2012-07-24_c0,0,472,40.563559322033896,33.639830508474574,41.46196124036286,32.62130827976449,140.66976087908745,143.17239601491806,40.5,33.5,41.5,32.5,1,1,1,21.85183525085449,50.566925048828125,37.59041694867409,7.236278065714519,17742.67679977417,4049.218130967544,0,1,2997480.450443581,0
2012-07-25,22,22,4,Mixed,2012-07-25_c0,0,481,39.82640332640332,32.816008316008315,40.61282068696384,31.82627888948592,132.39729292750258,145.78141516526674,39.5,32.5,40.5,31.5,1,1,1,22.200721740722656,49.967193603515625,38.01823449878336,6.853598227203334,18286.770793914795,4029.136190074854,0,1,2797248.9334968226,0
2012-07-26,22,22,4,Mixed,2012-07-26_c0,0,456,39.276315789473685,32.60087719298246,40.08499870445838,31.625247822824697,132.3966100854593,144.5828689666316,39.5,32.5,40.5,31.5,1,1,1,22.824522018432617,49.44982147216797,38.170413636324696,6.741499004818861,17405.708618164062,4035.935393143865,0,1,2552080.099609013,0
2012-07-27,22,22,4,Mixed,2012-07-27_c0,0,423,38.52127659574468,32.984633569739955,39.42550198305124,31.97765922646335,140.33319336091267,142.48058086336874,38.5,32.5,39.5,31.5,1,1,1,21.772600173950195,50.786163330078125,37.17343497219942,6.934490454458284,15724.362993240356,4023.782519319926,0,1,2626326.2160815657,0
2012-07-28,22,22,4,Mixed,2012-07-28_c0,0,415,37.74578313253012,33.19397590361446,38.77948950977239,32.132811056839685,152.48324216573113,140.23172987674147,37.5,33.5,38.5,32.5,1,0,1,20.952638626098636,49.99756240844727,36.453226268722354,6.955369219820795,15128.088901519775,3925.999907377228,0,1,2659405.356170103,1
2012-07-29,22,22,4,Mixed,2012-07-29_c0,0,217,30.04377880184332,39.495391705069125,30.00426452375095,39.57821515888573,9.802920015222794,339.737609335324,30.5,39.5,30.5,39.5,0,0,0,25.67724609375,41.96662521362305,30.98447380417503,3.302342729484848,6723.630815505981,1985.4676135752075,0,1,954312.7988429936,0
2012-07-29,22,22,4,Mixed,2012-07-29_c1,1,9,36.05555555555556,21.61111111111111,35.98612874103812,21.58861289999264,7.608468542068201,250.9009435897837,36.5,21.5,35.5,21.5,1,0,0,33.08580017089844,43.16721725463867,39.62055926852756,3.4177192240004084,356.58503341674805,590.347275872747,0,1,102319.97431556912,0
2012-07-29,22,22,4,Mixed,2012-07-29_c2,2,161,45.20186335403727,26.23913043478261,45.20250270387312,26.412179415291927,19.172722716528845,0.1906164302697878,45.5,26.5,45.5,26.5,0,0,0,31.680889129638672,49.292327880859375,43.11375652336926,3.751452192269658,6941.314800262451,2220.4781582248593,0,1,1087563.4535488186,0
2015-07-16,23,23,2,Spatially clustered,2015-07-16_c0,0,14,21.714285714285715,43.285714285714285,21.719686681513835,43.30300048207389,1.9698489706283209,12.854077830082032,21.5,43.5,21.5,43.5,0,0,0,28.152244567871094,34.81781005859375,31.95958423614502,1.8419667731606195,447.4341793060303,706.5815870082469,0,1,98326.0896702882,0
2015-07-16,23,23,2,Spatially clustered,2015-07-16_c1,1,206,47.98543689320388,24.0,48.09959578481335,24.222290019893748,27.21911075456816,25.215178732975517,47.5,23.5,48.5,24.5,1,0,0,33.457672119140625,50.96934509277344,43.77927369052924,4.079535598522033,9018.530380249023,2961.747551303425,0,1,1711514.164844361,0
2015-07-16,23,23,2,Spatially clustered,2015-07-16_c2,2,158,63.39873417721519,38.734177215189874,63.24000584200597,38.81009464777792,16.16482934086438,301.4731329208236,63.5,38.5,63.5,38.5,0,0,0,20.90519523620605,47.02487182617188,40.907333265377,4.486279649025777,6463.358655929565,2081.0827350386567,0,1,833355.6278651236,0
2015-07-28,24,24,4,Mixed,2015-07-28_c0,0,381,39.150918635170605,33.94619422572178,40.199551699776734,32.83717750400089,156.99489333135554,141.28958408223818,39.5,33.5,40.5,32.5,1,1,1,24.26141357421875,49.457298278808594,35.43270045002615,6.803946948860896,13499.85887145996,4414.621175402945,0,1,4328981.354101606,0
2015-07-29,24,24,4,Mixed,2015-07-29_c0,0,495,39.36262626262626,34.875757575757575,40.2695251005656,33.93409340691685,133.65649726776283,141.1442713592657,39.5,34.5,40.5,33.5,1,1,1,23.68642807006836,49.75050354003906,35.93053881712634,6.958615750861172,17785.61671447754,4403.375106566211,0,1,4026001.1563002686,0
2015-07-30,24,24,4,Mixed,2015-07-30_c0,0,534,39.04494382022472,35.72097378277154,39.859372991702536,34.94474232799232,113.5746034035109,139.07517093205752,39.5,35.5,39.5,34.5,1,1,1,23.65269088745117,50.84403991699219,35.88914526892958,6.734565089522204,19164.8035736084,4156.596901475887,0,1,3720470.537584336,0
2015-07-31,24,24,4,Mixed,2015-07-31_c0,0,535,39.66635514018692,35.54485981308411,40.43520451991168,34.86465358405104,102.93892034907884,136.92461340695684,39.5,35.5,40.5,34.5,1,1,1,25.193260192871094,49.51716232299805,35.55302519397201,6.44852224122606,19020.868478775024,4207.058570847582,0,1,3597291.0057189167,0
2015-08-01,24,24,4,Mixed,2015-08-01_c0,0,556,40.15107913669065,34.719424460431654,40.89190466985743,34.04033632863823,101.57227529702044,137.66169053636492,40.5,34.5,40.5,34.5,0,1,1,24.563127517700195,49.92430114746094,36.29492614595153,6.705425104674544,20179.978937149048,4808.51127849711,0,1,3623428.443709052,0
2015-08-02,24,24,4,Mixed,2015-08-02_c0,0,656,41.03201219512195,34.59451219512195,41.66358764906046,33.95266859297772,91.9329828663662,140.57702926284486,41.5,34.5,41.5,33.5,1,1,1,21.778709411621094,49.55170440673828,36.973127955343664,6.485871550025842,24254.371938705444,5272.940865086874,0,1,3919634.894898122,0
2015-08-03,24,24,4,Mixed,2015-08-03_c0,0,704,41.54261363636363,34.54119318181818,42.17264891674258,33.96289174034437,86.50372981662254,137.68791632628978,41.5,34.5,42.5,33.5,1,1,1,21.793256759643555,49.14149856567383,37.37510668689554,6.3734823275087695,26312.075107574463,5275.393648863001,0,1,4117574.177722924,0
2015-08-04,24,24,4,Mixed,2015-08-04_c0,0,707,40.86067892503536,34.71074964639321,41.53716438150847,34.08844864074337,92.92172349641784,137.7871485230247,40.5,34.5,41.5,34.5,1,1,1,22.114601135253903,49.20820236206055,37.203206694952335,6.423476146753154,26302.6671333313,5326.443040852917,0,1,4441578.500308208,0
2015-08-05,24,24,4,Mixed,2015-08-05_c0,0,661,39.312405446293496,33.89334341906203,39.8482717064335,33.12027579595426,99.15109869214832,149.70857508247067,39.5,33.5,39.5,33.5,0,1,1,21.30497932434082,49.541046142578125,36.834473218932274,6.522592722680913,24347.586797714237,5248.194326125706,0,1,4205170.587756008,0
2015-08-06,24,24,4,Mixed,2015-08-06_c0,0,545,37.12385321100918,33.090825688073394,37.68243789510396,32.2771282583215,104.34169124165828,149.71189373878164,37.5,33.5,37.5,32.5,1,0,0,24.757892608642575,49.48218536376953,36.695235401118566,6.655101358451147,19998.90329360962,4592.351076411202,0,1,3753900.692002498,0
2015-08-07,24,24,4,Mixed,2015-08-07_c0,0,435,35.304597701149426,31.20804597701149,36.020066591894064,30.248589964062667,126.52967078384115,147.02701128073383,35.5,31.5,36.5,30.5,1,0,0,26.23434257507324,50.25559997558594,37.00752328017662,6.888012044610264,16098.272626876833,4439.117389567921,0,1,3673501.1140716528,0
2015-08-08,24,24,4,Mixed,2015-08-08_c0,0,354,35.87570621468927,26.63276836158192,36.39030423980138,26.2140387020398,69.19169948302799,131.99069038870343,35.5,26.5,36.5,26.5,1,0,0,26.819934844970703,49.83989715576172,39.38229471411409,5.785147436690869,13941.332328796389,4265.083084302907,0,1,2701702.846704314,0
2015-08-08,24,24,4,Mixed,2015-08-08_c1,1,70,34.48571428571429,43.18571428571428,34.525482827915894,43.21893139606532,4.905598489299575,41.19941829936452,34.5,43.5,34.5,43.5,0,0,0,25.211862564086918,34.072235107421875,28.137654604230608,1.911918206188276,1969.6358222961424,1458.3345072511602,0,1,332733.3390668055,0
2015-08-09,24,24,4,Mixed,2015-08-09_c0,0,330,31.25454545454545,30.324242424242424,30.920237941047763,29.004592062676057,149.81623503852958,192.5586760192255,31.5,30.5,30.5,29.5,1,0,0,24.252540588378903,45.601593017578125,36.2420048049002,6.707624451255101,11959.861585617064,3546.436393351991,0,1,2298281.169381173,0
2015-08-09,24,24,4,Mixed,2015-08-09_c1,1,104,52.51923076923077,25.221153846153847,52.46965027979739,25.03805431705037,20.889987173247345,193.85835563696864,52.5,25.5,52.5,25.5,0,0,0,34.225196838378906,48.65316009521485,42.713610062232384,4.314234917790436,4442.215446472168,1890.104426513997,0,1,673419.0310333066,0
2015-08-10,24,24,4,Mixed,2015-08-10_c0,0,244,29.59016393442623,25.75,29.565563950293875,25.19618301551768,61.40168892703216,182.31428042742652,29.5,25.5,29.5,25.5,0,0,0,26.517356872558597,45.24533081054688,38.75936065736365,5.826486897132704,9457.284000396729,3046.2374607495767,0,1,1446992.747142971,0
2015-08-10,24,24,4,Mixed,2015-08-10_c1,1,103,35.5873786407767,43.140776699029125,35.56356537899455,43.147137882148286,2.062094493800972,290.05017090120526,35.5,43.5,35.5,43.5,0,0,0,22.32626724243164,38.09041976928711,29.819884161347325,3.4527060980211965,3071.4480686187744,1977.4819509105794,0,1,478147.88722383714,0
2015-08-10,24,24,4,Mixed,2015-08-10_c2,2,126,51.3968253968254,22.99206349206349,51.483723648790416,23.169285065518373,21.55163335783375,24.384876086952588,51.5,22.5,51.5,23.5,1,0,0,30.925127029418945,49.25183868408203,41.32145743899875,5.146998766219031,5206.503637313843,2764.35,0,1,1260276.3583455973,0
2015-08-10,24,24,4,Mixed,2015-08-10_c3,3,19,50.97368421052632,40.81578947368421,50.99341018071761,40.787530142735406,3.552357206983435,152.0504862794759,50.5,40.5,50.5,40.5,0,0,0,28.260217666625977,31.236513137817383,29.8474504571212,0.8969610848727183,567.1015586853027,709.9566486625927,0,1,82894.1200417605,0
2015-08-11,24,24,4,Mixed,2015-08-11_c0,0,248,29.673387096774192,25.274193548387096,29.71594046049221,24.653985956103607,68.83610469763164,176.41205362283034,29.5,25.5,29.5,24.5,1,0,0,26.312204360961918,46.02887344360352,38.75225984665655,6.07633185774082,9610.560441970823,3358.29589981179,0,1,1530037.5318196502,0
2015-08-11,24,24,4,Mixed,2015-08-11_c1,1,263,43.42015209125475,34.57984790874525,44.36928882897623,33.20819750392391,175.65533908683187,149.74715446392767,43.5,34.5,44.5,33.5,1,1,1,23.200225830078125,47.80831909179688,34.31317603542777,6.4539285106124975,9024.365297317505,4657.717511408467,0,1,3792282.464372586,0
2015-08-12,24,24,4,Mixed,2015-08-12_c0,0,454,34.107929515418505,32.969162995594715,33.73198854625139,31.64976388296417,150.5332970576604,193.7036239036389,34.5,32.5,33.5,31.5,1,0,0,22.37530899047852,46.031524658203125,34.97516840460017,6.362476368379788,15878.726455688477,3903.678323525769,0,1,3934324.3786961,0
2015-08-12,24,24,4,Mixed,2015-08-12_c1,1,36,48.22222222222222,14.916666666666666,48.39708882381973,15.29870620534946,46.2635593754301,23.950768667676662,48.5,14.5,48.5,15.5,1,0,0,30.9638614654541,45.97492980957031,38.40919902589586,4.985005622471705,1382.731164932251,1546.107443583018,0,1,460736.8096042103,0
2015-08-12,24,24,4,Mixed,2015-08-12_c2,2,13,52.42307692307692,27.192307692307693,52.42574479864887,27.18905774346715,0.4467269550962123,143.71795188673735,52.5,27.5,52.5,27.5,0,0,0,34.84098434448242,41.3323860168457,36.33569365281325,1.6758739692428335,472.36401748657227,726.908958570956,0,1,124482.98869369476,0
2015-08-13,24,24,4,Mixed,2015-08-13_c0,0,437,34.12929061784897,33.316933638443935,33.733975925404486,32.03332392725973,147.09988434858468,194.70655131577703,34.5,33.5,33.5,32.5,1,0,0,21.35637664794922,45.74647521972656,34.23508948319564,6.012756819012471,14960.734104156494,3854.9010560052193,0,1,4018514.403184895,0
2015-08-13,24,24,4,Mixed,2015-08-13_c1,1,28,45.96428571428572,12.428571428571429,45.84626292824584,12.410579628148351,12.986207560445358,261.19640365646035,45.5,12.5,45.5,12.5,0,0,0,32.342185974121094,42.440574645996094,36.33028180258615,2.762407026389895,1017.247890472412,1009.5772999798456,0,1,252740.3825146948,0
2015-08-14,24,24,4,Mixed,2015-08-14_c0,0,438,35.19634703196347,32.62785388127854,35.058920471129014,31.619043079303697,112.61515930907731,186.649310937168,35.5,32.5,35.5,31.5,1,0,0,22.79604148864746,44.14322662353516,34.190780931411815,5.332098435935576,14975.562047958374,4695.163587801841,0,1,4811061.597841292,0
2015-08-15,24,24,4,Mixed,2015-08-15_c0,0,441,34.538548752834465,34.40249433106576,34.46469451459285,33.46801641174992,103.8780853314991,183.7895761812734,34.5,34.5,34.5,33.5,1,0,0,22.3067569732666,49.36325073242188,34.582932331664765,5.870831220201836,15251.07315826416,3968.480584891261,0,1,3461214.085544065,0
2015-08-15,24,24,4,Mixed,2015-08-15_c1,1,46,43.58695652173913,15.195652173913045,43.52332666561178,15.255253380818706,9.498772357542766,313.97922024618094,43.5,15.5,43.5,15.5,0,0,0,32.20989227294922,41.40583801269531,36.32845530302628,2.8038777140816054,1671.108943939209,1622.8043802520458,0,1,580595.661305905,0
2015-08-16,24,24,4,Mixed,2015-08-16_c0,0,491,36.57128309572301,31.24949083503055,36.72751816768586,30.343934634513293,101.50273775846368,171.48867288447428,36.5,31.5,36.5,30.5,1,0,0,25.186185836791992,48.68154144287109,35.52343897615577,5.884470430438918,17442.00853729248,4720.745396933438,0,1,4757241.254887102,0
2015-08-17,24,24,4,Mixed,2015-08-17_c0,0,480,38.88125,30.235416666666666,39.27908977865592,29.36376804034882,103.99541846590957,158.19440991424318,38.5,30.5,39.5,29.5,1,1,1,21.39854621887207,48.88253021240234,36.09206188122432,6.482527265966444,17324.18970298767,4246.237243022446,0,1,4327078.195923081,0
2015-08-18,24,24,4,Mixed,2015-08-18_c0,0,486,40.89506172839506,31.20781893004116,41.19889075416731,30.34811813403,99.64983111191448,162.95265290971932,40.5,31.5,41.5,30.5,1,1,1,20.906280517578125,49.14459228515625,35.508974985821254,6.601713408818595,17257.36184310913,4982.457365657829,0,1,4372633.062418139,0
2015-08-19,24,24,4,Mixed,2015-08-19_c0,0,491,41.21486761710794,31.75254582484725,41.562257073429855,31.05175383032717,84.4328962120908,156.87502431125554,41.5,31.5,41.5,31.5,0,1,1,21.58724021911621,49.73345947265625,36.13814804947303,6.556531216331313,17743.83069229126,4961.087218279768,0,1,3883479.682496268,0
2015-08-20,24,24,4,Mixed,2015-08-20_c0,0,478,41.23849372384937,31.56485355648536,41.50598643192887,30.768018968104016,91.95388984726638,163.8293218258644,41.5,31.5,41.5,30.5,1,1,1,21.16663932800293,49.59380340576172,36.38715615930917,6.827416904782257,17393.06064414978,5161.944321977575,0,1,3895694.605711724,0
2016-06-07,25,25,3,Temporally clustered,2016-06-07_c0,0,234,29.307692307692307,21.50854700854701,29.02238341538269,21.650324833660605,33.45895223658361,298.0335351622203,29.5,21.5,29.5,21.5,0,0,0,26.06976127624512,46.20865631103516,41.92392661428859,3.3850320656142627,9810.19882774353,3199.600961462238,0,1,1530198.347124586,0
2016-06-07,25,25,3,Temporally clustered,2016-06-07_c1,1,175,64.15142857142857,27.28857142857143,64.25140357392623,28.3519772835717,118.25391826557966,4.754742122405838,64.5,27.5,64.5,28.5,1,0,0,29.44997215270996,48.34049987792969,35.480550667899,5.788973973925155,6209.096366882324,3775.6236719314725,0,1,1636214.7916851614,0
2016-06-08,25,25,3,Temporally clustered,2016-06-08_c0,0,203,30.46551724137931,20.39655172413793,30.2740314597332,20.521023627395486,24.27109374980451,304.6279895866907,30.5,20.5,30.5,20.5,0,0,0,27.280916213989254,45.94475555419922,41.4013380980844,3.367354507946754,8404.471633911133,2987.7992994939373,0,1,1457784.2329146813,0
2016-06-08,25,25,3,Temporally clustered,2016-06-08_c1,1,177,64.1045197740113,27.24576271186441,64.16667386050513,28.377833395901867,125.60143073124564,2.780328588358272,64.5,27.5,64.5,28.5,1,0,0,29.30438041687012,46.737892150878906,35.77694039425607,6.086059263528387,6332.518449783325,3493.1902062646786,0,1,1585711.2868520564,0
2016-07-17,26,26,1,Independent,2016-07-17_c0,0,384,42.34375,33.481770833333336,42.68231802379214,32.667728201865074,95.65681388035574,160.60897462597796,42.5,33.5,42.5,32.5,1,1,1,22.803205490112305,50.05262756347656,37.693610136707626,6.467741790035751,14474.346292495728,3873.5557951253777,0,1,2566568.889517448,0
2016-08-03,27,27,2,Spatially clustered,2016-08-03_c0,0,353,39.74929178470255,32.92776203966006,40.92372359353712,31.89574848015944,159.06530089867593,135.6943422514301,39.5,32.5,40.5,31.5,1,1,1,25.92078971862793,50.574249267578125,37.47550660152273,7.745310510172591,13228.853830337524,3591.8601185550438,0,1,2264935.059725565,0
2016-08-03,27,27,2,Spatially clustered,2016-08-03_c1,1,18,50.66666666666666,41.72222222222222,50.67713894321192,41.75893058272816,4.169163040771533,12.057405773171515,50.5,41.5,50.5,41.5,0,0,0,28.42309188842773,32.73469543457031,29.721444023980037,1.3069307752038917,534.9859924316406,791.6550293747022,0,1,113978.54397260403,0
2017-06-30,28,28,4,Mixed,2017-06-30_c0,0,223,27.908071748878925,37.20403587443946,28.154713982838448,37.03867528760232,28.587247775546174,129.86318290509357,27.5,37.5,28.5,37.5,1,0,0,26.165119171142575,44.69780731201172,34.26737546706948,4.8757518257948655,7641.624729156494,2423.06660512364,0,1,1248288.1866688384,0
2017-06-30,28,28,4,Mixed,2017-06-30_c1,1,189,45.076719576719576,21.28306878306878,45.20823372501688,21.48195820416035,25.902714309619267,31.747034691052697,45.5,21.5,45.5,21.5,0,0,0,29.70293426513672,47.23906707763672,42.34640797610005,3.579024655630708,8003.47110748291,2709.131336006076,0,1,1356785.428062547,0
2017-06-30,28,28,4,Mixed,2017-06-30_c2,2,19,57.078947368421055,44.76315789473684,57.09293105788462,44.75784941753149,1.254507359058216,118.0447524638439,57.5,44.5,57.5,44.5,0,0,0,34.58652114868164,39.31345748901367,37.832122802734375,1.439430565345747,718.8103332519531,798.0953448566078,0,1,112416.64802196893,0
2017-07-01,28,28,4,Mixed,2017-07-01_c0,0,281,29.101423487544483,35.80960854092527,29.298686731454605,35.551335453601055,33.764844842795355,148.0128330259732,29.5,35.5,29.5,35.5,0,0,0,25.763792037963867,45.32354736328125,35.426090600227546,5.299719747426446,9954.73145866394,2310.5738917428903,0,1,1352069.4516396178,0
2017-07-01,28,28,4,Mixed,2017-07-01_c1,1,167,45.13473053892216,20.64371257485029,45.358935348979074,20.93950531625764,40.21630933321153,35.44123848068258,45.5,20.5,45.5,20.5,0,0,0,29.51307487487793,46.861305236816406,41.81624820275221,4.159388975442314,6983.313449859619,2200.993365596432,0,1,1116871.9335582138,0
2017-07-01,28,28,4,Mixed,2017-07-01_c2,2,14,45.42857142857143,44.142857142857146,45.59332938684691,44.1960722068698,14.44283212176585,65.7749258848122,45.5,44.5,45.5,44.5,0,0,0,21.366010665893555,37.437965393066406,33.41050461360386,4.772449181937154,467.7470645904541,682.0564315796528,0,1,109356.04342148722,0
2017-07-01,28,28,4,Mixed,2017-07-01_c3,3,58,59.06896551724138,43.706896551724135,59.08218927782285,43.68766642696833,2.387755891846312,153.47950968874923,59.5,43.5,59.5,43.5,0,0,0,33.7353630065918,40.88411712646485,38.99665405010355,1.5340484848049545,2261.805934906006,1327.6623277060853,0,1,259988.1832847432,0
2017-07-02,28,28,4,Mixed,2017-07-02_c0,0,560,36.625,30.723214285714285,37.28810657438733,29.98574817850106,103.67243977074271,141.88482494778165,36.5,30.5,37.5,29.5,1,0,0,22.977325439453125,47.44423294067383,37.910931198937554,6.1649865593319015,21230.12147140503,4035.114298992454,0,1,3723016.287173088,0
2017-07-02,28,28,4,Mixed,2017-07-02_c1,1,78,58.6025641025641,43.1025641025641,58.52065207682465,43.048052102261856,9.00984300327992,227.7947507005821,58.5,43.5,58.5,43.5,0,0,0,33.11363983154297,43.040504455566406,39.295901322976135,2.189049899791185,3065.0803031921387,1399.3160545948172,0,1,350021.7377020648,0
2017-07-03,28,28,4,Mixed,2017-07-03_c0,0,659,42.188922610015176,32.128224582701066,42.76654882045875,31.653752550826187,75.85619785002008,133.76046986719746,42.5,32.5,42.5,31.5,1,1,1,24.785017013549805,49.51861572265625,39.36464416492329,5.830374479135398,25941.30050468445,5361.11180106865,0,1,4749419.798332502,0
2017-07-04,28,28,4,Mixed,2017-07-04_c0,0,614,46.60586319218241,31.84201954397394,46.94964511471891,31.506879919295955,49.43299451591328,138.6506707833683,46.5,31.5,46.5,31.5,0,1,1,25.411264419555664,49.37543487548828,40.781755543687055,5.3226193675594375,25039.997903823853,5373.050682812578,0,1,4413871.699066592,0
2017-07-05,28,28,4,Mixed,2017-07-05_c0,0,20,30.25,20.95,30.3213904141227,20.982577581027343,8.253947728955595,64.07535065513935,30.5,20.5,30.5,20.5,0,0,0,38.8003158569336,43.96842956542969,41.94096050262451,1.550677386573286,838.8192100524902,1190.7110430625344,0,1,180374.9458195611,0
2017-07-05,28,28,4,Mixed,2017-07-05_c1,1,500,50.62,31.806,50.66441014526739,31.64716566529393,18.107804797658854,166.5479380445691,50.5,31.5,50.5,31.5,0,0,0,25.341726303100582,49.95170593261719,42.389998306274414,4.428588882468931,21194.999153137207,4654.119299601328,0,1,3451998.5597333424,0
2017-07-06,28,28,4,Mixed,2017-07-06_c0,0,293,45.39078498293515,26.19965870307168,45.59771840618521,26.17507221672101,20.863310763376575,97.45640690042946,45.5,26.5,45.5,26.5,0,0,0,29.18925666809082,50.3354606628418,43.27040403450715,4.344900910796035,12678.228382110596,3136.0927351139144,0,1,1692605.6814465926,0
2017-07-06,28,28,4,Mixed,2017-07-06_c1,1,144,62.67361111111112,39.8125,62.66409506280089,39.9057601698498,10.38682340776549,355.5067081882076,62.5,39.5,62.5,39.5,0,0,0,30.576128005981445,45.40341567993164,40.98391931586795,3.3902145805349755,5901.684381484985,1895.184290268376,0,1,600225.6347319377,0
2017-07-17,29,29,3,Temporally clustered,2017-07-17_c0,0,430,39.74186046511628,27.85581395348837,40.01901852450898,27.55455485753552,43.14765511998944,140.62399548258014,39.5,27.5,40.5,27.5,1,0,0,21.64372444152832,50.01100158691406,40.319366126836734,5.330015683734448,17337.327434539795,3914.884044660244,0,1,2815588.7193056066,0
2017-07-18,29,29,3,Temporally clustered,2017-07-18_c0,0,419,40.834128878281625,28.791169451073987,40.97938350292181,28.42385746771232,43.11662464542052,160.72724317992788,40.5,28.5,40.5,28.5,0,0,0,21.822139739990234,50.61728286743164,39.97367749635246,5.709191909158135,16748.97087097168,3914.107046785165,0,1,2777760.228948965,0
2017-07-22,30,30,3,Temporally clustered,2017-07-22_c0,0,30,23.2,43.16666666666666,23.16112907156457,43.21097676237208,5.849577420398401,327.31711154915143,23.5,43.5,23.5,43.5,0,0,0,29.33586311340332,37.19712066650391,33.41390469868978,2.0834738041665406,1002.4171409606934,792.8990799213655,0,1,147829.65520184813,0
2017-07-22,30,30,3,Temporally clustered,2017-07-22_c1,1,370,47.15675675675676,33.494594594594595,47.00560042412786,33.02424173780482,54.03430449814494,195.1506960189635,47.5,33.5,47.5,33.5,0,1,1,24.679107666015625,50.20215225219727,39.63833265046816,5.714573576367744,14666.183080673218,4465.607265573333,0,1,2546144.5482210363,0
2017-07-23,30,30,3,Temporally clustered,2017-07-23_c0,0,35,23.38571428571429,42.642857142857146,23.371716100464678,42.67423640470497,3.669887121713076,341.7802249603446,23.5,42.5,23.5,42.5,0,0,0,28.98369598388672,37.88233947753906,33.38205751691546,1.843915563255371,1168.372013092041,974.7490441760427,0,1,203976.9917808336,0
2017-07-23,30,30,3,Temporally clustered,2017-07-23_c1,1,378,48.22222222222222,33.31216931216931,48.08020343332232,32.851726887415815,52.75922489077256,194.5948622620029,48.5,33.5,48.5,32.5,1,0,0,24.13407516479492,50.53541564941406,40.89054047619855,5.209699656006397,15456.624300003052,4087.6378909595073,0,1,2358213.7148362007,0
2017-07-23,30,30,3,Temporally clustered,2017-07-23_c2,2,10,42.1,12.0,42.049657625178526,11.97292306364228,6.247542436526536,241.35652034449072,42.5,11.5,42.5,11.5,0,0,0,35.39562225341797,42.00600051879883,38.75450325012207,2.277937866481032,387.5450325012207,455.50215753165224,0,1,94023.17920177367,0
2017-07-24,30,30,3,Temporally clustered,2017-07-24_c0,0,36,23.61111111111111,42.41666666666666,23.57046932537253,42.45290629565311,5.233421883050877,320.29602917364355,23.5,42.5,23.5,42.5,0,0,0,27.685104370117188,38.18165588378906,33.15299765268961,2.19113169757775,1193.5079154968262,993.5973826853777,0,1,226617.2946850456,0
2017-07-24,30,30,3,Temporally clustered,2017-07-24_c1,1,223,43.58071748878924,28.006726457399104,44.0248995467829,27.694410016026545,55.78497998442639,128.24263216279678,43.5,28.5,44.5,27.5,1,0,0,26.675661087036133,50.558837890625,41.56772897489402,5.8258755379372005,9269.603561401367,3372.0788439349926,0,1,1477685.9690192917,0
2017-07-24,30,30,3,Temporally clustered,2017-07-24_c2,2,101,60.31188118811881,42.26237623762376,60.45093451953485,42.245422553272725,11.628265090091404,99.27328025655206,60.5,42.5,60.5,42.5,0,0,0,27.23861312866211,43.888710021972656,40.34931596434942,3.3469634477203973,4075.280912399292,1580.8580829605512,0,1,413913.0966437696,0
2017-07-25,30,30,3,Temporally clustered,2017-07-25_c0,0,240,41.29166666666666,29.079166666666666,42.08207048851733,28.532122904941847,98.13023068457358,127.96844444481616,41.5,29.5,42.5,28.5,1,1,0,26.89769554138184,50.03756332397461,40.485117292404176,6.247469241810201,9716.428150177002,3636.7024314918654,0,1,1608263.2692547028,1
2017-07-25,30,30,3,Temporally clustered,2017-07-25_c1,1,134,62.23880597014925,41.014925373134325,62.2731273050706,41.08648006250302,8.454138840396883,19.94497462197993,62.5,41.5,62.5,41.5,0,0,0,26.21778106689453,43.969051361083984,40.07081303667666,3.792021097508009,5369.488946914673,1810.0387939094685,0,1,633654.5630596577,0
2017-07-26,30,30,3,Temporally clustered,2017-07-26_c0,0,292,41.22260273972603,30.23630136986301,41.86522918846856,29.39755805644748,111.81552289877877,146.09194530724216,41.5,30.5,41.5,29.5,1,1,1,23.8448543548584,49.14925384521485,39.27305817930666,6.614487262750123,11467.732988357544,3606.275765006004,0,1,2107205.947759915,0
2017-07-26,30,30,3,Temporally clustered,2017-07-26_c1,1,132,62.32575757575758,40.446969696969695,62.27995057574552,40.53950087395858,10.984393246301916,339.31130035184634,62.5,40.5,62.5,40.5,0,0,0,24.44827651977539,44.88818740844727,39.62749705170141,4.458460427554576,5230.829610824585,1836.6500488847687,0,1,679595.0169874019,0
2017-07-27,30,30,3,Temporally clustered,2017-07-27_c0,0,20,25.1,26.25,25.085892103964586,26.236364708816637,2.066136497451262,223.0193436223907,25.5,26.5,25.5,26.5,0,0,0,38.54735565185547,42.636207580566406,40.48493576049805,1.0356342274947097,809.6987152099609,978.7501607715137,0,1,195098.7577261149,0
2017-07-27,30,30,3,Temporally clustered,2017-07-27_c1,1,434,46.83410138248848,32.80875576036866,46.94395251082414,32.153508248063936,73.39380472495844,171.88281588696984,46.5,32.5,46.5,32.5,0,1,1,23.87632369995117,48.84336471557617,38.795017611595895,5.920826915555816,16837.037643432617,4314.265283212602,0,1,3597535.745473107,0
2017-07-28,30,30,3,Temporally clustered,2017-07-28_c0,0,31,23.62903225806452,23.532258064516128,23.63363939939763,23.55304693563728,2.3499694283826496,11.54680679323024,23.5,23.5,23.5,23.5,0,0,0,39.45190048217773,42.609474182128906,40.95308217694682,0.7753272166374635,1269.5455474853516,1075.8732986760924,0,1,203540.54329294417,0
2017-07-28,30,30,3,Temporally clustered,2017-07-28_c1,1,374,47.4331550802139,32.3475935828877,47.30887204665524,31.636462493848065,79.7248030900512,188.5045175464588,47.5,32.5,47.5,31.5,1,1,1,21.133995056152344,49.8105697631836,39.40262375795905,6.063866123202397,14736.581285476685,3608.0701923214947,0,1,2822531.002130344,0
2017-07-29,30,30,3,Temporally clustered,2017-07-29_c0,0,33,23.62121212121212,22.46969696969697,23.60861392441017,22.48318474234678,1.977826820112976,319.0424894147315,23.5,22.5,23.5,22.5,0,0,0,38.87729644775391,41.82951354980469,40.44784118189956,0.7362431663285912,1334.7787590026855,1057.0738465636148,0,1,258712.13329979905,0
2017-07-29,30,30,3,Temporally clustered,2017-07-29_c1,1,318,47.40880503144654,31.0377358490566,47.40465351242512,30.38720198904812,72.12223461997638,180.3169847458092,47.5,31.5,47.5,30.5,1,1,1,24.385377883911133,50.22176361083984,40.40583515167236,5.631997629040507,12849.055578231812,3816.6791800484484,0,1,2013777.426826856,0
2017-07-29,30,30,3,Temporally clustered,2017-07-29_c2,2,12,68.0,36.25,68.10960111821788,36.41467881898173,20.754721934001235,28.270184624809207,67.5,36.5,68.5,36.5,1,0,0,22.728240966796875,38.86202239990234,29.6901650428772,4.597298006706481,356.2819805145264,630.1645778806795,0,1,114060.3595672417,0
2017-07-30,30,30,3,Temporally clustered,2017-07-30_c0,0,20,23.1,20.95,23.08751893505645,20.93969689211425,1.7281225804881242,228.69524378198,23.5,20.5,23.5,20.5,0,0,0,38.80553436279297,42.12569427490234,40.33159008026123,0.8153745607790126,806.6318016052246,764.6629184755146,0,1,154881.67844594832,0
2017-07-30,30,30,3,Temporally clustered,2017-07-30_c1,1,16,21.375,43.0,21.37209705470668,43.04032006871943,4.485528626327318,356.9769795065924,21.5,42.5,21.5,43.5,1,0,0,30.321327209472656,36.35588073730469,32.57563018798828,1.6453611212693742,521.2100830078125,558.8322862702007,0,1,58178.78203267202,0
2017-07-30,30,30,3,Temporally clustered,2017-07-30_c2,2,313,46.72364217252396,30.51916932907348,46.821325652000354,29.692019896411463,92.17510888327996,174.1128138761617,46.5,30.5,46.5,29.5,1,1,1,24.53014373779297,49.66332244873047,39.86027777918611,6.048815852487479,12476.266944885254,3979.941431646703,0,1,2357465.491336826,0
2017-07-30,30,30,3,Temporally clustered,2017-07-30_c3,3,20,67.5,35.35,67.52959640368287,35.44243145512569,10.601681823812726,14.68278292716119,67.5,35.5,67.5,35.5,0,0,0,23.16844367980957,40.10394287109375,30.518048000335693,4.239193835307206,610.3609600067139,715.3770227278042,0,1,149050.14986376706,0
2017-08-01,31,31,4,Mixed,2017-08-01_c0,0,34,21.97058823529412,41.52941176470589,21.947205080736843,41.68968881392838,17.907672418221583,353.7591856422597,21.5,41.5,21.5,41.5,0,0,0,27.4845027923584,37.32231903076172,31.39884101643282,2.640883388030095,1067.5605945587158,1261.1651896585113,0,1,205727.1096296812,0
2017-08-01,31,31,4,Mixed,2017-08-01_c1,1,338,44.93491124260355,30.86390532544379,45.14642496180935,30.13459184515621,83.36302890473651,165.84852669152252,44.5,30.5,45.5,30.5,1,1,1,21.3923454284668,49.19029235839844,41.239046350738704,6.190378789568603,13938.797666549684,3411.7614118570937,0,1,2154594.677564329,0
2017-08-01,31,31,4,Mixed,2017-08-01_c2,2,14,68.42857142857143,35.214285714285715,68.47898165134617,35.290430471979626,9.613208345772028,28.48991153426103,68.5,35.5,68.5,35.5,0,0,0,24.979217529296875,38.96625518798828,30.19344275338309,3.999856687346199,422.7081985473633,669.6488506299704,0,1,85875.23239771748,0
2017-08-02,31,31,4,Mixed,2017-08-02_c0,0,408,41.23774509803921,32.84313725490196,42.012647188215205,31.673626376922087,148.82935258438073,150.41217065186854,41.5,32.5,42.5,31.5,1,1,1,22.284713745117188,50.06344604492188,38.82247383921754,7.2306118348818815,15839.569326400757,4356.661948833188,0,1,3061776.389306302,0
2017-08-02,31,31,4,Mixed,2017-08-02_c1,1,9,25.166666666666668,21.72222222222222,25.1560124734469,21.72011774481352,1.1266730046662785,258.06575628513923,25.5,21.5,25.5,21.5,0,0,0,37.95228958129883,40.15913391113281,39.14456770155165,0.6464073213132655,352.30110931396484,390.91967056574464,0,1,51240.82456925173,0
2017-08-03,31,31,4,Mixed,2017-08-03_c0,0,393,40.596692111959285,33.67302798982188,41.31107436513294,32.43646220573333,152.50918907648918,153.8613388559481,40.5,33.5,41.5,32.5,1,1,1,23.092248916625977,50.3497314453125,37.76737562572683,7.094464369009719,14842.578620910645,4225.513097382746,0,1,3515093.98375364,0
2017-08-03,31,31,4,Mixed,2017-08-03_c1,1,10,25.3,21.5,25.291161166835632,21.49142792942014,1.31899056425598,223.98113525280783,25.5,21.5,25.5,21.5,0,0,0,37.805442810058594,40.05510330200195,39.24655685424805,0.6675562596824397,392.46556854248047,442.296,0,1,67043.66524926724,0
2017-08-04,31,31,4,Mixed,2017-08-04_c0,0,442,39.782805429864254,34.237556561085974,40.57032997084418,33.08304115303832,147.42079982122578,150.0800655781311,39.5,34.5,40.5,33.5,1,1,1,23.57819366455078,49.875,36.51766473243679,7.041753439257349,16140.80781173706,4218.425407836553,0,1,3788609.619223864,0
2017-08-04,31,31,4,Mixed,2017-08-04_c1,1,11,25.5,21.318181818181817,25.495675128141524,21.306789087517487,1.3388487641223812,199.5824887318859,25.5,21.5,25.5,21.5,0,0,0,38.167625427246094,40.36404037475586,39.65021202780984,0.6331375089673543,436.1523323059082,470.0803479355846,0,1,80179.82765294494,0
2017-08-05,31,31,4,Mixed,2017-08-05_c0,0,499,40.07715430861723,34.61823647294589,40.94010109936584,33.515528953913325,145.96776308420226,146.68251234970674,40.5,34.5,40.5,33.5,1,1,1,22.95833969116211,50.40132141113281,36.38946350877414,7.075544144530473,18158.342290878296,4213.607766534404,0,1,3929300.291254528,0
2017-08-06,31,31,4,Mixed,2017-08-06_c0,0,552,40.89855072463768,35.26086956521739,41.77282980430426,34.295934913594,133.65136860834073,142.96870799941985,40.5,35.5,41.5,34.5,1,1,1,23.94511604309082,50.26425552368164,36.62837508795918,6.8379811717003935,20218.863048553467,4354.5517329465165,0,1,4204450.88888185,0
2017-08-07,31,31,4,Mixed,2017-08-07_c0,0,616,42.27435064935065,36.03733766233766,43.29567123294514,35.32484329639765,121.6432676879519,130.23312764962083,42.5,36.5,43.5,35.5,1,1,1,23.13711929321289,50.34282684326172,36.80388514716904,6.647303925001619,22671.193250656128,4639.158706443838,0,1,4021569.8805816,0
2017-08-07,31,31,4,Mixed,2017-08-07_c1,1,11,68.5909090909091,34.31818181818182,68.58934513653203,34.29442796594231,2.6388956024768317,183.1277639667661,68.5,34.5,68.5,34.5,0,0,0,25.06713485717773,39.51217651367188,31.64629658785733,4.245528183294333,348.10926246643066,688.4553645704782,0,1,45737.60734446171,0
2017-08-08,31,31,4,Mixed,2017-08-08_c0,0,617,42.252025931928685,36.130470016207454,43.21836935831347,35.48476896667921,112.9642107905461,129.0780769348303,42.5,36.5,43.5,35.5,1,1,1,23.861736297607425,50.19637298583984,36.99895366007157,6.766166156809368,22828.35440826416,4634.193959839041,0,1,3700784.910102012,0
2017-08-08,31,31,4,Mixed,2017-08-08_c1,1,11,68.5909090909091,34.31818181818182,68.60517671572354,34.33259545508654,2.068950177158916,39.39019022754088,68.5,34.5,68.5,34.5,0,0,0,25.488523483276367,39.84011459350586,30.97074300592596,4.133093428576484,340.67817306518555,688.4553645704782,0,1,45737.60734446171,0
2017-08-09,31,31,4,Mixed,2017-08-09_c0,0,623,41.15489566613162,35.68780096308186,42.01481956885417,34.99953168686216,109.27751366588822,134.0795308417906,41.5,35.5,42.5,34.5,1,1,1,22.100120544433597,50.25889205932617,37.09663845754167,6.878959899065487,23111.205759048466,4145.072339962952,0,1,3607486.749991278,0
2017-08-09,31,31,4,Mixed,2017-08-09_c1,1,13,68.65384615384616,34.96153846153846,68.66563195338101,35.00262630169771,4.683602074409774,13.279993140941476,68.5,34.5,68.5,35.5,1,0,0,25.610450744628903,40.42709732055664,31.848219504723183,4.151442662994546,414.02685356140137,795.2333832499856,0,1,66419.82752949881,0
2017-08-09,31,31,4,Mixed,2017-08-09_c2,2,7,68.07142857142857,43.07142857142857,68.054989786648,43.04807633033608,2.919525739967253,207.30772377872225,68.5,43.5,68.5,43.5,0,0,0,36.50566864013672,40.73567962646485,38.87051664079939,1.534097270012076,272.0936164855957,331.722,0,1,33481.260379816755,0
2017-08-10,31,31,4,Mixed,2017-08-10_c0,0,548,38.96350364963504,34.815693430656935,39.80035370483971,34.01477376535541,117.5252204911186,138.87263880140426,38.5,34.5,39.5,34.5,1,1,1,21.41623306274414,50.07290649414063,36.51462518733784,7.014175182230228,20010.014602661133,4069.73448870524,0,1,3503792.758552612,0
2017-08-11,31,31,4,Mixed,2017-08-11_c0,0,447,36.383668903803134,34.35011185682327,37.12925727913583,33.352677302896154,130.38763847885238,147.84075529608594,36.5,34.5,37.5,33.5,1,0,0,22.173274993896484,49.62206268310547,35.70132735591607,7.24065096327206,15958.493328094482,4075.3268839070843,0,1,3013870.021641998,0
2017-08-11,31,31,4,Mixed,2017-08-11_c1,1,13,53.34615384615385,25.65384615384616,53.36965052980937,25.54809711758337,11.950491297444444,168.60361651333537,53.5,25.5,53.5,25.5,0,0,0,34.939361572265625,45.559043884277344,38.40716435359074,3.6550987599313793,499.2931365966797,485.69911622700437,0,1,83568.92733935652,0
2017-08-12,31,31,4,Mixed,2017-08-12_c0,0,439,37.33599088838269,34.249430523917994,38.26127506245199,33.21075205265515,143.61622093272456,143.08100112341702,37.5,34.5,38.5,33.5,1,0,1,22.81975746154785,49.12443161010742,35.83314079684386,7.351064657450822,15730.748809814451,3988.3416980902125,0,1,3092553.0574770253,1
2017-08-12,31,31,4,Mixed,2017-08-12_c1,1,11,26.863636363636363,19.227272727272727,26.907155031688823,19.235362811165203,4.662607891952407,78.91942803526887,26.5,19.5,26.5,19.5,0,0,0,39.12827301025391,42.83730697631836,40.44387089122426,1.122661261595168,444.8825798034668,570.1860013627486,0,1,56765.80250884713,0
2017-08-13,31,31,4,Mixed,2017-08-13_c0,0,353,39.68413597733712,33.92776203966006,40.597328316745504,32.80134507005585,151.0973080795515,145.5214274943357,39.5,33.5,40.5,32.5,1,1,1,23.50304412841797,50.1002311706543,35.996892513026594,7.831829462502201,12706.903057098389,3527.859910047537,0,1,2768086.4541177484,0
2017-08-13,31,31,4,Mixed,2017-08-13_c1,1,11,26.863636363636363,19.227272727272727,26.91998690175683,19.23748789018795,6.03191324663528,79.18590216107691,26.5,19.5,26.5,19.5,0,0,0,38.33985137939453,42.80022430419922,40.21087230335582,1.3734568291855338,442.31959533691406,570.1860013627486,0,1,56765.80250884713,0
2018-07-09,32,32,4,Mixed,2018-07-09_c0,0,472,53.73728813559322,35.41737288135593,54.12091604868829,34.881136164500944,69.00181343465715,149.45121218907167,53.5,35.5,54.5,34.5,1,0,0,23.84190559387207,48.519493103027344,39.17687868667861,5.776465049888885,18491.486740112305,3693.4332654953405,0,1,3223382.344608034,0
2018-07-10,32,32,4,Mixed,2018-07-10_c0,0,564,52.41312056737589,35.58687943262412,52.78329821071002,34.98256856345792,75.0275662179092,153.2236921326668,52.5,35.5,52.5,34.5,1,0,0,23.231237411499023,50.50505447387695,38.89241163781349,5.728295651086278,21935.320163726807,3782.365930832609,0,1,3399118.3739865725,0
2018-07-11,32,32,4,Mixed,2018-07-11_c0,0,516,51.72093023255814,35.66860465116279,51.99870166162997,34.98038587335909,80.42414689877982,161.6164687436262,51.5,35.5,51.5,34.5,1,0,0,23.94032859802246,51.28210067749024,38.786555815112685,5.656328295949868,20013.862800598145,3729.9124860924403,0,1,3508303.2939736224,0
2018-07-12,32,32,4,Mixed,2018-07-12_c0,0,519,51.46531791907515,34.627167630057805,51.70040310078696,33.8380519821836,90.17359531887917,166.03593449922408,51.5,34.5,51.5,33.5,1,0,0,21.686723709106445,50.87329864501953,39.14323198910164,5.846243740699193,20315.33740234375,4124.94127071599,0,1,3763662.328439354,0
2018-07-13,32,32,4,Mixed,2018-07-13_c0,0,13,26.96153846153846,36.19230769230769,27.03372450641,36.19284040222509,6.492968354827086,89.45706901197035,26.5,36.5,27.5,36.5,1,0,0,26.42250061035156,31.420413970947266,28.038909471952,1.534774156871129,364.505823135376,854.8214934347544,0,1,151757.06455703807,0
2018-07-13,32,32,4,Mixed,2018-07-13_c1,1,443,52.16139954853273,34.14108352144469,52.4761574301348,33.26162523122182,101.81767855898433,163.25843821096709,52.5,34.5,52.5,33.5,1,0,0,24.03281784057617,49.60931396484375,38.65989368171778,6.330943166821705,17126.332901000977,4047.1284896397533,0,1,3904338.768258794,0
2018-07-14,32,32,4,Mixed,2018-07-14_c0,0,21,28.547619047619047,35.833333333333336,28.66720898886729,35.83036986663954,10.810514664343424,91.70797975874812,28.5,35.5,28.5,35.5,0,0,0,26.206335067749023,33.51944732666016,28.54457991463797,1.887397736624588,599.4361782073975,924.8631233306176,0,1,167075.20585178526,0
2018-07-14,32,32,4,Mixed,2018-07-14_c1,1,25,35.42,43.74,35.56586369250092,43.77629480419424,12.41951663535448,71.00212951564207,35.5,43.5,35.5,43.5,0,0,0,25.62715721130371,33.8509521484375,27.47303192138672,1.8198425059705736,686.825798034668,944.8428869769456,0,1,162115.43489565465,0
2018-07-14,32,32,4,Mixed,2018-07-14_c2,2,114,49.6578947368421,21.37719298245614,49.77129124362958,21.44454453269671,13.922862974961424,57.59353169980971,49.5,21.5,49.5,21.5,0,0,0,33.02263259887695,47.75450897216797,43.60446190415768,3.309003828160185,4970.908657073975,2298.739825854124,0,1,805452.9902261995,0
2018-07-14,32,32,4,Mixed,2018-07-14_c3,3,229,58.77510917030568,37.68340611353712,58.96505614528577,37.64108596821006,17.405503335099084,105.5981212200508,58.5,37.5,58.5,37.5,0,0,0,22.91092872619629,46.04342651367188,37.48065577844345,5.436957955327892,8583.07017326355,2490.8756224606946,0,1,1232770.8505217666,0
2018-07-15,32,32,4,Mixed,2018-07-15_c0,0,24,29.0,35.666666666666664,29.129090171539406,35.658507652416674,11.72362648827004,94.39099304313903,28.5,35.5,29.5,35.5,1,0,0,26.073532104492188,34.213531494140625,28.575905958811443,1.8349816929079723,685.8217430114746,926.3588595283842,0,1,169192.08132764822,0
2018-07-15,32,32,4,Mixed,2018-07-15_c1,1,8,41.875,11.875,41.8486622367605,11.85695259126091,3.4958083578494765,235.17632869907123,41.5,11.5,41.5,11.5,0,0,0,36.59235382080078,42.16801452636719,39.98778676986694,1.7941885535317352,319.90229415893555,493.04703304573866,0,1,90090.39423399548,0
2018-07-15,32,32,4,Mixed,2018-07-15_c2,2,333,57.232732732732735,32.23873873873874,57.07100365784017,31.81143640272026,49.78462404160819,197.9144936719197,57.5,32.5,57.5,31.5,1,0,0,23.064990997314453,47.978126525878906,40.27482463504459,5.309614434903737,13411.516603469849,3869.4390558673263,0,1,2370344.3013428045,0
2019-06-26,33,33,3,Temporally clustered,2019-06-26_c0,0,402,43.5,29.2363184079602,43.60321734809289,28.67897785644405,62.586903923002126,170.72395368583722,43.5,29.5,43.5,28.5,1,1,0,25.607511520385746,49.186798095703125,40.36152578230521,5.663951738944959,16225.333364486694,4373.284987690179,0,1,3325234.6477091024,1
2019-06-26,33,33,3,Temporally clustered,2019-06-26_c1,1,8,66.5,45.125,66.47468433285314,45.120023671295606,2.067154642604778,254.4912187400789,66.5,45.5,66.5,45.5,0,0,0,38.75926208496094,40.95638275146485,39.91796922683716,0.6490769911126123,319.34375381469727,407.9859128709008,0,1,36541.36578199207,0
2019-06-27,33,33,3,Temporally clustered,2019-06-27_c0,0,368,41.10597826086956,26.285326086956523,41.271818500659165,25.813156945538704,54.88067806797197,162.360959263857,41.5,26.5,41.5,25.5,1,0,0,25.74623107910156,49.850215911865234,40.6792909891709,5.739526751404499,14969.979084014893,4159.273023432244,0,1,3114594.5345900524,0
2019-06-27,33,33,3,Temporally clustered,2019-06-27_c1,1,11,65.31818181818181,22.863636363636363,65.31912285217692,22.864695583416054,0.1519400493683985,39.46449339803554,65.5,22.5,65.5,22.5,0,0,0,29.74312400817871,30.17778778076172,29.98078034140847,0.1103139995801058,329.7885837554932,466.0994418447364,0,1,53110.47553973451,0
2019-06-27,33,33,3,Temporally clustered,2019-06-27_c2,2,9,66.16666666666667,45.05555555555556,66.16354294225178,45.05198029262518,0.4673526936367937,211.77097807832243,66.5,45.5,66.5,45.5,0,0,0,37.983917236328125,39.27286148071289,38.6254759894477,0.456019235978732,347.6292839050293,484.6159361542031,0,1,37474.845404067375,0
2019-07-18,34,34,3,Temporally clustered,2019-07-18_c0,0,104,28.48076923076923,23.02884615384616,28.39240419203306,23.022314146843406,9.086539873202668,265.4511113520492,28.5,23.5,28.5,23.5,0,0,0,32.08495330810547,46.19156646728516,41.15360967929546,3.003798886978549,4279.9754066467285,1863.7126961174247,0,1,555738.7945484923,0
2019-07-18,34,34,3,Temporally clustered,2019-07-18_c1,1,276,59.90217391304348,37.80797101449275,60.02642985570475,37.88658951325464,13.991006136414594,51.37528365453454,59.5,37.5,60.5,37.5,1,0,0,21.38353538513184,48.02782440185547,39.91495503549991,4.9805549090136765,11016.527589797974,2438.1755611533536,0,1,1274084.2589613951,0
2019-07-19,34,34,3,Temporally clustered,2019-07-19_c0,0,97,29.283505154639176,22.97422680412371,29.171968594516727,22.97165285568133,11.44084038840172,268.5940952797609,29.5,22.5,29.5,22.5,0,0,0,31.63900756835937,44.77954864501953,40.44766475244896,3.0189336238431257,3923.423480987549,1925.8858763828873,0,1,579478.6694860769,0
2019-07-19,34,34,3,Temporally clustered,2019-07-19_c1,1,296,59.43918918918919,37.58445945945946,59.58463406535849,37.66731289823347,15.79284517849477,54.3445792374784,59.5,37.5,59.5,37.5,0,0,0,21.446260452270508,47.99311828613281,40.25464976800455,5.276630055785762,11915.376331329346,2445.158907889427,0,1,1382619.4564404297,0
2019-07-20,34,34,3,Temporally clustered,2019-07-20_c0,0,95,30.37368421052632,22.37368421052632,30.15191215882209,22.38854824275468,22.89819632622467,274.1643243113747,30.5,22.5,30.5,22.5,0,0,0,31.46814727783203,45.12983322143555,40.21611326117264,3.412723662716534,3820.530759811402,2275.4506578411906,0,1,744244.1642673173,0
2019-07-20,34,34,3,Temporally clustered,2019-07-20_c1,1,298,58.84228187919463,37.54697986577181,59.04913581391072,37.61162402882072,19.62995801362218,68.49856171718257,58.5,37.5,59.5,37.5,1,0,0,21.76690673828125,48.08932113647461,39.80929795207593,5.354101305702764,11863.170789718628,2644.140105975053,0,1,1480004.4788439895,0
2020-07-19,35,35,3,Temporally clustered,2020-07-19_c0,0,358,51.357541899441344,37.87988826815643,51.59970977757416,37.57986450027257,39.5553604081618,147.2627306483816,51.5,37.5,51.5,37.5,0,0,0,23.568098068237305,50.618896484375,38.75274674719272,5.665316361289961,13873.483335494995,3471.9731649272426,0,1,2094819.3629677957,0
2020-07-19,35,35,3,Temporally clustered,2020-07-19_c1,1,17,65.20588235294117,23.323529411764707,65.20197763826354,23.333848465645577,1.2105852846218006,340.7394047973606,65.5,23.5,65.5,23.5,0,0,0,29.790742874145508,30.9443416595459,30.32896378461052,0.4058599007858464,515.5923843383789,623.2276966196541,0,1,79927.55885701277,0
2020-07-20,35,35,3,Temporally clustered,2020-07-20_c0,0,409,50.21638141809291,37.13569682151589,50.157283030384434,36.75967181170512,42.06070498352168,187.2073994938132,50.5,37.5,50.5,36.5,1,0,0,25.465639114379883,51.29814910888672,39.46990689321952,5.387493516469654,16143.191919326782,3574.5986131372865,0,1,2111267.297514723,0
2020-07-20,35,35,3,Temporally clustered,2020-07-20_c1,1,14,65.57142857142857,23.5,65.56680308310834,23.50962627318224,1.166108021279986,336.1011293094072,65.5,23.5,65.5,23.5,0,0,0,29.76740074157715,31.02596092224121,30.301376479012625,0.4228404325242313,424.2192707061768,622.4232860170779,0,1,67046.4016621551,0
2020-07-21,35,35,3,Temporally clustered,2020-07-21_c0,0,376,49.74202127659574,35.96010638297872,49.58141952171606,35.54732605692872,48.04795238056359,197.6433063706149,49.5,35.5,49.5,35.5,0,0,0,22.641807556152344,50.02622222900391,39.56429304467871,5.252142796649061,14876.174184799194,3623.5414164287945,0,1,2142056.6001444696,0
2020-07-21,35,35,3,Temporally clustered,2020-07-21_c1,1,13,65.73076923076923,23.423076923076923,65.72788509313901,23.429273670621196,0.7469088848537423,336.75767165999827,65.5,23.5,65.5,23.5,0,0,0,29.78261947631836,30.702320098876957,30.18956096355732,0.2724783296644811,392.4642925262451,622.7746258658666,0,1,66027.7203045,0
2020-07-29,36,36,3,Temporally clustered,2020-07-29_c0,0,338,38.49704142011834,33.68343195266272,39.4384748883336,33.021276239555846,114.33278593863832,129.70626061373088,38.5,33.5,39.5,33.5,1,1,1,25.33388328552246,50.8123893737793,38.91187307256213,7.051385666903582,13152.213098526,3709.173863863003,0,1,2233659.9777791738,0
2020-07-29,36,36,3,Temporally clustered,2020-07-29_c1,1,25,64.1,33.02,63.90616700030736,32.900525027770186,22.44973501245442,233.880342552088,64.5,33.5,63.5,32.5,1,0,0,27.583572387695312,45.43971252441406,37.60871681213379,5.138655320958632,940.2179203033448,868.6781756954219,0,1,203118.51555570727,0
2020-07-29,36,36,3,Temporally clustered,2020-07-29_c2,2,13,65.88461538461539,23.346153846153847,65.88326983087157,23.353025896030957,0.7734095157159853,349.7526350188214,65.5,23.5,65.5,23.5,0,0,0,29.69559860229492,30.64653968811035,30.172908489520733,0.2972413084814559,392.24781036376953,522.8556275644755,0,1,61155.68998753029,0
2020-07-30,36,36,3,Temporally clustered,2020-07-30_c0,0,348,37.88505747126437,32.85919540229885,39.10151557486251,32.20486639156841,135.36761023419697,122.0858612364808,37.5,32.5,39.5,32.5,1,0,1,26.00505256652832,52.50522613525391,39.54650596640576,7.13201291107275,13762.184076309204,3872.821104104797,0,1,2147869.751677741,1
2020-07-30,36,36,3,Temporally clustered,2020-07-30_c1,1,14,65.71428571428571,23.642857142857142,65.6446543538312,23.76693269643533,15.468207134126262,332.6860976158431,65.5,23.5,65.5,23.5,0,0,0,29.81983757019043,43.679786682128906,31.194429397583008,3.4723884352362053,436.7220115661621,752.092771908184,0,1,98901.43323245613,0
2020-07-30,36,36,3,Temporally clustered,2020-07-30_c2,2,16,66.8125,33.6875,66.76189925719916,33.628429231898444,8.05949125021346,215.62955903433328,66.5,33.5,66.5,33.5,0,0,0,24.91834259033203,39.30695343017578,32.336366176605225,4.517826499037451,517.3818588256836,719.2879353894338,0,1,128090.87450010506,0
2020-07-31,36,36,3,Temporally clustered,2020-07-31_c0,0,346,36.67341040462428,31.82369942196532,37.98690036504856,31.119081779291943,147.25418204765177,121.69822843859528,36.5,31.5,37.5,31.5,1,0,0,25.672510147094727,51.344276428222656,39.00566794555312,7.026118403473702,13495.961109161375,3920.8713412821044,0,1,2408865.703099044,0
2020-07-31,36,36,3,Temporally clustered,2020-07-31_c1,1,14,65.71428571428571,23.642857142857142,65.64401297555237,23.760302557937347,14.85121742023593,331.16066236910245,65.5,23.5,65.5,23.5,0,0,0,29.866527557373047,43.11292266845703,31.17624705178397,3.3178735171881937,436.4674587249756,752.092771908184,0,1,98901.43323245613,0
2021-06-28,37,37,4,Mixed,2021-06-28_c0,0,63,23.626984126984127,36.91269841269841,23.47338109774135,36.6674421949937,30.47502019103078,206.78169623035757,23.5,36.5,23.5,36.5,0,0,0,26.115875244140625,41.22480392456055,31.637678449116056,4.472166885292731,1993.1737422943115,1888.168019028739,0,1,641848.3611441875,0
2021-06-28,37,37,4,Mixed,2021-06-28_c1,1,11,35.22727272727273,20.227272727272727,35.214370670966126,20.21841461551105,1.6671743264281589,233.97184150061372,35.5,20.5,35.5,20.5,0,0,0,40.66539001464844,43.330078125,42.3090407631614,0.78935598247831,465.3994483947754,489.1512220634421,0,1,66580.56824902535,0
2021-06-28,37,37,4,Mixed,2021-06-28_c2,2,298,49.54362416107382,36.16107382550336,49.391288279695466,35.63545903131416,59.920280487221504,193.3134035348187,49.5,36.5,49.5,35.5,1,0,0,23.331029891967773,49.90068817138672,40.03764642165011,5.726593343268612,11931.218633651732,3619.680706511753,0,1,1906894.2118834737,0
2021-06-29,37,37,4,Mixed,2021-06-29_c0,0,76,24.01315789473684,37.46052631578947,23.88997383946927,37.323337467411335,18.730153464314544,215.65633874018437,24.5,37.5,23.5,37.5,1,0,0,26.30984115600586,42.08088302612305,31.898160457611084,4.307626590242222,2424.2601947784424,1888.04715211524,0,1,713215.0162019378,0
2021-06-29,37,37,4,Mixed,2021-06-29_c1,1,21,34.166666666666664,21.02380952380953,34.14925147072002,21.012017063261336,2.23212716378285,234.2053701413104,34.5,21.5,34.5,21.5,0,0,0,40.14157104492188,44.441200256347656,42.80339831397647,1.120091612663414,898.8713645935059,606.9439720298417,0,1,116830.27038922104,0
2021-06-29,37,37,4,Mixed,2021-06-29_c2,2,321,51.2570093457944,35.83644859813084,51.11544223709516,35.494623931550066,40.03385507026839,198.7148846841021,51.5,35.5,51.5,35.5,0,0,0,25.41086196899414,49.78279113769531,41.03844698492983,4.817949149318564,13173.341482162476,4027.384599643751,0,1,2272718.2636231985,0
2021-06-30,37,37,4,Mixed,2021-06-30_c0,0,83,24.210843373493976,37.48795180722892,24.08373949096359,37.38877991082589,15.73767749299876,225.66105799639587,24.5,37.5,24.5,37.5,0,0,0,26.09186172485352,41.99288940429688,32.558350137917394,4.397027043234984,2702.343061447144,1888.04108426337,0,1,709326.3429943778,0
2021-06-30,37,37,4,Mixed,2021-06-30_c1,1,181,42.511049723756905,28.32872928176796,42.63599431921105,28.312655504918997,12.382017871637176,98.2420660032221,42.5,28.5,42.5,28.5,0,0,0,29.08870887756348,51.07298278808594,43.4787935710085,4.230542477228293,7869.661636352539,2670.0079320156638,0,1,1184785.1608096787,0
2021-06-30,37,37,4,Mixed,2021-06-30_c2,2,143,60.94055944055944,41.87762237762238,61.00910986538651,41.82321954107633,8.301781182625092,136.68450546050224,60.5,41.5,61.5,41.5,1,0,0,28.41321563720703,45.74310302734375,40.91606144138149,3.273361038410773,5850.996786117554,1980.9619241395237,0,1,608862.8931681892,0
2021-07-01,37,37,4,Mixed,2021-07-01_c0,0,75,23.9,35.846666666666664,23.76802944183732,35.44226744135116,46.43367084284857,194.95445966866868,23.5,35.5,23.5,35.5,0,0,0,26.853160858154297,43.75408935546875,33.92317085266113,5.147457300979316,2544.237813949585,1899.1499719936953,0,1,644479.7026358022,0
2021-07-01,37,37,4,Mixed,2021-07-01_c1,1,221,44.14705882352941,28.25113122171945,44.22128831010527,28.118554715603658,16.401081764297597,153.5966750894523,44.5,28.5,44.5,28.5,0,0,0,26.384536743164062,51.67155838012695,42.33074334951547,5.132070660844295,9355.09428024292,3260.175464377689,0,1,1837981.451569313,0
2021-07-01,37,37,4,Mixed,2021-07-01_c2,2,127,62.70472440944882,41.40551181102362,62.68677367956615,41.39121782315855,2.184874033009741,223.40443762838916,62.5,41.5,62.5,41.5,0,0,0,33.32875061035156,43.37082290649414,40.626116865263214,1.981714665539121,5159.516841888428,1533.3238344170697,0,1,494856.0849321886,0
2021-07-02,37,37,4,Mixed,2021-07-02_c0,0,50,23.4,34.18,23.18947087562325,33.56636561021316,70.79665266530068,196.028725379948,23.5,34.5,23.5,33.5,1,0,0,26.530208587646484,45.30059051513672,35.114440536499025,7.002885834034357,1755.7220268249512,1801.2543703042932,0,1,408585.569413876,0
2021-07-02,37,37,4,Mixed,2021-07-02_c1,1,396,49.964646464646464,31.424242424242426,49.93446297013855,31.01806022209712,45.1264887235185,183.66185208655432,49.5,31.5,49.5,31.5,0,0,0,24.238609313964844,51.00801849365234,41.2759081956112,4.978131292177969,16345.259645462036,5310.2128307967205,0,1,3951944.472813594,0
2021-07-03,37,37,4,Mixed,2021-07-03_c0,0,19,21.289473684210527,30.07894736842105,21.289533900851456,29.73057660637086,38.6171923011048,179.9913564241336,21.5,30.5,21.5,29.5,1,0,0,27.152099609375,45.09231185913086,38.71184118170487,6.054640617720586,735.5249824523926,889.8215068827327,0,1,100189.92457673314,0
2021-07-03,37,37,4,Mixed,2021-07-03_c1,1,439,49.89635535307517,30.82346241457859,49.92654396801589,30.332295237601905,54.52883761277062,176.94817813214183,49.5,30.5,49.5,30.5,0,0,0,24.1342887878418,49.64299774169922,40.41809960541258,5.161348022428299,17743.545726776123,5334.0765632354,0,1,4179766.509724579,0
2021-07-04,37,37,4,Mixed,2021-07-04_c0,0,433,51.01501154734411,31.894919168591223,51.0471452270937,31.46817372370949,47.41606301458025,176.30730422013997,51.5,31.5,51.5,31.5,0,0,0,23.99287414550781,49.82071685791016,40.302307697146375,4.945355013406084,17450.89923286438,5291.25990805678,0,1,3848681.8472581496,0
2021-07-05,37,37,4,Mixed,2021-07-05_c0,0,121,43.80578512396694,20.293388429752067,43.91775855871661,20.43169804694988,19.264764851742022,37.34190489839331,43.5,20.5,43.5,20.5,0,0,0,30.878236770629883,46.43412780761719,42.178794450996335,3.3578979257568164,5103.634128570557,1986.8740218509442,0,1,841248.0663913968,0
2021-07-05,37,37,4,Mixed,2021-07-05_c1,1,278,58.118705035971225,38.992805755395686,58.5376180392302,39.01115094374155,36.344989549669904,86.65593004314586,58.5,38.5,58.5,39.5,1,0,0,24.52080535888672,47.7877311706543,39.643711172419486,5.21761550320035,11020.951705932615,2316.4812759748825,0,1,1264428.733471003,0
2021-07-06,37,37,4,Mixed,2021-07-06_c0,0,100,42.25,20.63,42.253199965337664,20.87332214817221,26.941184958279926,0.7081716077450073,42.5,20.5,42.5,20.5,0,0,0,29.628381729125977,45.63444900512695,40.7396750831604,3.687386485868991,4073.96750831604,2014.7222562750962,0,1,832250.7717489824,0
2021-07-06,37,37,4,Mixed,2021-07-06_c1,1,281,58.83451957295374,38.15836298932384,59.19481669896583,38.213853703560645,32.16095862495088,78.84716507277697,58.5,38.5,59.5,38.5,1,0,0,24.725276947021484,48.1973876953125,40.776566739608384,5.290886120902443,11458.215253829956,2342.0137502625885,0,1,1328342.7859912284,0
2021-07-07,37,37,4,Mixed,2021-07-07_c0,0,32,23.09375,39.34375,22.955783802124454,39.62810595332152,33.72803239820724,339.43947172741514,23.5,39.5,22.5,39.5,1,0,0,26.701644897460938,35.91728210449219,30.132008850574493,2.911691322034428,964.2242832183838,1370.8448681577088,0,1,323887.3707189318,0
2021-07-07,37,37,4,Mixed,2021-07-07_c1,1,355,56.09718309859155,33.61830985915493,56.13612154228063,33.7349379954142,13.430503382699516,15.585509768616978,56.5,33.5,56.5,33.5,0,0,0,20.288148880004883,49.47978973388672,41.768195359136016,4.630538427979547,14827.709352493286,4333.451209238184,0,1,2210035.466367686,0
2021-07-08,37,37,4,Mixed,2021-07-08_c0,0,33,23.07575757575757,39.56060606060606,22.897550667432,39.85245057302299,35.82635307935124,334.8063362193656,23.5,39.5,22.5,39.5,1,0,0,26.483774185180664,37.47574615478516,30.612620035807293,3.367332753580386,1010.2164611816406,1370.5762449391223,0,1,262818.4545995656,0
2021-07-08,37,37,4,Mixed,2021-07-08_c1,1,350,54.46,31.397142857142857,54.31604988123594,31.37826350899608,13.85100226614934,261.34521040415683,54.5,31.5,54.5,31.5,0,0,0,23.142236709594727,50.1567268371582,41.90093205043248,4.620911771335,14665.326217651367,4373.773819378818,0,1,2001330.1521372567,0
2021-07-18,38,38,3,Temporally clustered,2021-07-18_c0,0,367,41.02043596730245,38.6008174386921,41.43804731158432,38.02246032526996,73.86126578411034,150.23395307261544,41.5,38.5,41.5,38.5,0,0,0,22.36061668395996,49.14949035644531,36.03662095862448,6.106044349551788,13225.439891815186,3365.3736734335457,0,1,2365904.7248251755,0
2021-07-19,38,38,3,Temporally clustered,2021-07-19_c0,0,411,42.08637469586375,37.98905109489051,42.45415709196629,37.41552887706404,71.44192970053714,152.88795272936022,42.5,37.5,42.5,37.5,0,0,0,23.14132308959961,49.39019775390625,36.8725177272973,6.158897803602152,15154.60478591919,3659.9832117369997,0,1,2371344.670687024,0
2021-07-20,38,38,3,Temporally clustered,2021-07-20_c0,0,444,42.57207207207208,36.93918918918919,42.93875648689915,36.28954011313606,79.20389332088429,155.4239407133725,42.5,36.5,42.5,36.5,0,1,1,23.42770004272461,50.53914642333984,37.72250399718413,6.407409340223124,16748.791774749756,4173.338379014697,0,1,2641749.1464462867,0
2021-07-21,38,38,3,Temporally clustered,2021-07-21_c0,0,414,43.992753623188406,36.48792270531401,44.37471426611093,35.76293496550283,87.48564037225431,156.7441783948985,43.5,36.5,44.5,35.5,1,1,1,22.88553810119629,51.11388397216797,37.00134929712268,6.512480167302669,15318.558609008787,4186.274288256476,0,1,2780935.097384124,0
2021-07-26,39,39,3,Temporally clustered,2021-07-26_c0,0,48,26.666666666666668,41.79166666666666,26.339129545699485,41.798864886698055,27.235232322515955,271.79132411880664,26.5,41.5,26.5,41.5,0,0,0,25.74702835083008,34.31416320800781,29.228330890337627,2.6011888042283813,1402.959882736206,1800.800897592424,0,1,658498.3865840378,0
2021-07-26,39,39,3,Temporally clustered,2021-07-26_c1,1,23,32.369565217391305,34.71739130434783,32.405209640684326,34.733351596950826,3.7139571880672975,61.51763903272136,32.5,34.5,32.5,34.5,0,0,0,27.08968734741211,31.3748836517334,28.660866364188816,0.9344965576631656,659.1999263763428,778.3845153303287,0,1,126732.26547446982,0
2021-07-26,39,39,3,Temporally clustered,2021-07-26_c2,2,369,55.02303523035231,33.2289972899729,54.607296521843125,32.98712383399924,47.17408221758725,235.45794602041371,55.5,33.5,54.5,32.5,1,0,0,22.418062210083008,51.850074768066406,41.09587333906634,5.346752842089809,15164.37726211548,3576.1673167272784,0,1,2246949.8447823464,0
2021-07-27,39,39,3,Temporally clustered,2021-07-27_c0,0,144,28.09722222222222,40.09027777777778,27.85254621935853,40.16826453792262,22.580745799817034,292.62865556038446,28.5,40.5,27.5,40.5,1,0,0,25.75193977355957,36.81666564941406,30.554714534017776,3.2768818020952195,4399.87889289856,1867.5761258278962,0,1,918613.8072992144,0
2021-07-27,39,39,3,Temporally clustered,2021-07-27_c1,1,288,51.55555555555556,29.979166666666668,50.94816265864824,29.56051428102327,74.85948445535071,231.8408519709033,51.5,29.5,50.5,29.5,1,0,0,20.663654327392575,51.88874435424805,41.64873877498839,6.199946751648965,11994.836767196655,3354.2599644770016,0,1,2357307.685887874,0
2021-07-28,39,39,3,Temporally clustered,2021-07-28_c0,0,185,27.62972972972973,39.13783783783784,27.45722930587966,39.2845312852949,22.07250225715193,317.6016716427954,27.5,39.5,27.5,39.5,0,0,0,25.651935577392575,39.528900146484375,30.84946155032596,3.60820495781931,5707.150386810303,1915.5013471038005,0,1,905587.3414281366,0
2021-07-28,39,39,3,Temporally clustered,2021-07-28_c1,1,174,48.71264367816092,26.304597701149422,48.59602589125363,26.16858355312074,19.04865127446108,217.73815968041097,48.5,26.5,48.5,26.5,0,0,0,32.469032287597656,50.30728149414063,43.26545287822855,3.9744088657896,7528.188800811768,2379.361400143921,0,1,1121070.8634891326,0
2021-07-28,39,39,3,Temporally clustered,2021-07-28_c2,2,24,66.625,33.125,66.43716524425055,32.95998914806622,25.352496924266408,223.8442838450036,66.5,33.5,66.5,32.5,1,0,0,23.931856155395508,44.53290557861328,33.61578941345215,5.561776603651185,806.7789459228516,822.9991066929305,0,1,145140.07814158112,0
2021-07-31,40,40,3,Temporally clustered,2021-07-31_c0,0,276,28.496376811594203,37.70652173913044,28.392722949352283,37.463051289152645,28.5312369183908,198.7481194836092,28.5,37.5,28.5,37.5,0,0,0,26.003040313720703,44.66519165039063,32.54371605057647,4.697433537698498,8982.065629959106,2763.458502405769,0,1,1334868.773599753,0
2021-07-31,40,40,3,Temporally clustered,2021-07-31_c1,1,67,48.90298507462686,22.5,48.84233722398605,22.361140589162176,16.59597511504808,202.1105985118389,48.5,22.5,48.5,22.5,0,0,0,34.31259536743164,47.92714309692383,43.353415418027055,3.716451496092163,2904.6788330078125,1320.55050098505,0,1,391743.1182835847,0
2021-07-31,40,40,3,Temporally clustered,2021-07-31_c2,2,22,50.45454545454545,42.95454545454545,50.531964308800525,43.05289756805496,12.618590274430634,29.990024465767902,50.5,42.5,50.5,43.5,1,0,0,28.58390045166016,37.4881591796875,30.63050668889826,2.3584630026080684,673.8711471557617,942.7154969550659,0,1,168133.02497746708,0
2021-08-01,40,40,3,Temporally clustered,2021-08-01_c0,0,353,31.5,38.02407932011332,31.379486717143216,37.76210377997072,30.949744437915964,200.0663627558562,31.5,38.5,31.5,37.5,1,0,0,24.21399307250977,44.81157684326172,33.07511851605207,4.708162962877852,11675.516836166382,4013.760045277463,0,1,2137253.43614175,0
2021-08-01,40,40,3,Temporally clustered,2021-08-01_c1,1,69,50.21014492753624,23.44202898550725,50.156189416786894,23.325391160625244,14.045949970551447,203.133547819941,50.5,23.5,50.5,23.5,0,0,0,35.05158233642578,47.7920150756836,43.925598420958586,3.6894667072474,3030.8662910461426,1124.4486287723046,0,1,334378.5259966681,0
2021-08-02,40,40,3,Temporally clustered,2021-08-02_c0,0,418,35.610047846889955,38.57416267942584,36.087819876762886,38.46930516171875,43.26014920466348,105.45982730114778,35.5,38.5,36.5,38.5,1,0,0,23.72054100036621,43.20743560791016,34.25809766230971,4.8996120587802805,14319.88482284546,4598.404589945861,0,1,2780754.515430199,0
2021-08-02,40,40,3,Temporally clustered,2021-08-02_c1,1,10,38.0,21.0,37.93913139045336,21.020347634125752,6.717154354347933,289.6068559225547,37.5,20.5,37.5,21.5,1,0,0,32.49383544921875,39.47925567626953,36.01677589416504,2.5900507258409657,360.1677589416504,833.3598365175168,0,1,95876.7433145219,0
2021-08-02,40,40,3,Temporally clustered,2021-08-02_c2,2,79,50.84177215189873,23.09493670886076,50.82934315358678,22.993653988194307,11.288618983919866,186.4816341807633,50.5,23.5,50.5,22.5,1,0,0,35.63673400878906,47.74747085571289,44.33707413492324,3.48960438322507,3502.6288566589355,1342.5995248915929,0,1,402058.75776125846,0
2021-08-03,40,40,3,Temporally clustered,2021-08-03_c0,0,460,36.84782608695652,38.3304347826087,37.53213670153116,38.17855683463614,62.22353143534713,105.50794613538044,36.5,38.5,37.5,38.5,1,0,0,23.975679397583008,44.39046478271485,34.984460171409275,5.045535918003504,16092.851678848268,4610.720354944407,0,1,2898910.646880796,0
2021-08-03,40,40,3,Temporally clustered,2021-08-03_c1,1,14,37.785714285714285,22.0,37.7521847115364,21.993603833221854,3.5341086585998625,258.4457030254882,37.5,21.5,37.5,21.5,0,0,0,32.699886322021484,39.81631851196289,34.98610360281808,2.293453774882306,489.8054504394531,840.5276536993305,0,1,94891.1093595834,0
2021-08-03,40,40,3,Temporally clustered,2021-08-03_c2,2,82,50.670731707317074,23.23170731707317,50.63525936932907,23.11837091890895,13.066532365925184,196.1456291297128,50.5,23.5,50.5,23.5,0,0,0,35.3656005859375,47.19265365600586,43.79658326870057,3.471426841205804,3591.3198280334477,1441.0971638351682,0,1,430469.8116658428,0
2021-08-04,40,40,3,Temporally clustered,2021-08-04_c0,0,529,37.03497164461248,37.61909262759925,37.51065100702926,37.3642123679124,50.69357786029046,123.77440951640116,37.5,37.5,37.5,37.5,0,0,0,24.2451286315918,45.56380462646485,34.986950872525824,5.151061822802877,18508.09701156616,4646.334504923851,0,1,3271133.727559604,0
2021-08-04,40,40,3,Temporally clustered,2021-08-04_c1,1,75,51.04666666666667,23.34,51.03915925136041,23.226873436559817,12.552060443014412,183.5096149604246,51.5,23.5,51.5,23.5,0,0,0,34.95740509033203,47.41512298583984,43.68796595255534,3.6611649913955246,3276.5974464416504,1441.09126212875,0,1,437779.302462821,0
2021-08-05,40,40,3,Temporally clustered,2021-08-05_c0,0,543,36.90515653775322,37.30662983425415,37.232664118424864,37.015330258187305,43.49007581754237,137.91898484437104,36.5,37.5,37.5,37.5,1,0,0,23.58803367614746,44.31589889526367,35.02277086935869,5.011357321339253,19017.364582061768,4712.686065264951,0,1,3362767.490701192,0
2021-08-05,40,40,3,Temporally clustered,2021-08-05_c1,1,73,51.22602739726028,23.267123287671232,51.23219722412998,23.152984607139,12.656279056044388,177.138468676512,51.5,23.5,51.5,23.5,0,0,0,34.86014938354492,47.83222579956055,43.860165478432016,3.760272947286967,3201.792079925537,1342.5593754035679,0,1,403677.2393211173,0
2021-08-06,40,40,3,Temporally clustered,2021-08-06_c0,0,529,38.18809073724008,36.832703213610586,38.68864554331418,36.55894295897679,54.07282360278602,124.03256639468344,38.5,36.5,38.5,36.5,0,1,1,23.995325088500977,43.82945251464844,35.21275068546288,5.239905414778631,18627.545112609863,4814.7057198584325,0,1,3433885.40952319,0
2021-08-06,40,40,3,Temporally clustered,2021-08-06_c1,1,85,51.24117647058824,23.076470588235296,51.20469538545007,22.912601541874004,18.52893855722602,191.6529794876296,51.5,23.5,51.5,22.5,1,0,0,35.033226013183594,47.684547424316406,43.75569359274471,3.967677777055391,3719.233955383301,1307.3804327601256,0,1,457498.4940584388,0
2021-08-07,40,40,3,Temporally clustered,2021-08-07_c0,0,458,40.68995633187773,36.91703056768559,41.52369744279364,36.66264801148574,79.59062090500082,110.52416273938512,40.5,36.5,41.5,36.5,1,1,1,24.15553474426269,44.02561950683594,34.99698439852119,5.8779850005658,16028.618854522703,4810.514339391969,0,1,3672558.15249558,0
2021-08-07,40,40,3,Temporally clustered,2021-08-07_c1,1,86,50.825581395348834,22.627906976744185,50.7680460214988,22.457795531134632,19.745568107868504,197.45245234272767,50.5,22.5,50.5,22.5,0,0,0,35.44939041137695,48.20162963867188,44.05306177361067,3.916759559388317,3788.5633125305176,1455.8227458102342,0,1,514809.82725619257,0
2021-08-08,40,40,3,Temporally clustered,2021-08-08_c0,0,396,39.45454545454545,37.55303030303031,40.55156554329171,37.37908813353378,98.94924259124774,100.91661953991525,39.5,37.5,40.5,37.5,1,0,0,23.847532272338867,45.04882049560547,33.85848898839469,5.699388179083037,13407.961639404297,4998.757722886424,0,1,4300457.815883227,0
2021-08-08,40,40,3,Temporally clustered,2021-08-08_c1,1,80,50.65,23.125,50.580652056535904,22.957406037347685,19.874497684070985,200.9678349594671,50.5,23.5,50.5,22.5,1,0,0,35.44389343261719,47.70794677734375,43.301861667633055,3.722983718927957,3464.1489334106445,1451.9710543813972,0,1,595817.8250907805,0
2021-08-09,40,40,3,Temporally clustered,2021-08-09_c0,0,157,26.6656050955414,38.39808917197452,26.487992863598365,38.57025954999581,24.605293594170192,321.0181414098688,26.5,38.5,26.5,38.5,0,0,0,25.75121116638184,37.87550354003906,29.89012110764813,3.055818854873796,4692.749013900757,1919.0450523339625,0,1,883737.9628860131,0
2021-08-09,40,40,3,Temporally clustered,2021-08-09_c1,1,15,24.5,23.3,24.51380586979905,23.30801398490545,1.6679606643269194,57.84928144839284,24.5,23.5,24.5,23.5,0,0,0,38.60907745361328,41.99924850463867,40.287112426757815,0.7636908316360592,604.3066864013672,946.3746083066541,0,1,127966.8332993955,0
2021-08-09,40,40,3,Temporally clustered,2021-08-09_c2,2,26,37.38461538461539,22.846153846153847,37.40993212508484,22.802833165738093,5.45611785387587,151.54949780507167,37.5,22.5,37.5,22.5,0,0,0,32.003631591796875,41.56142425537109,34.88705238929162,2.478339676278834,907.063362121582,1377.0269344489468,0,1,151277.48930026154,0
2021-08-09,40,40,3,Temporally clustered,2021-08-09_c3,3,134,51.06716417910448,41.223880597014926,51.450384813376346,41.23502631539789,32.15407386198539,87.66748160016938,51.5,41.5,51.5,41.5,0,0,0,23.16278839111328,44.18645477294922,34.93111179124063,5.070036672906691,4680.768980026245,1684.169626692182,0,1,511615.37503887655,0
2021-08-09,40,40,3,Temporally clustered,2021-08-09_c4,4,69,50.64492753623188,24.18115942028985,50.569274023171,24.09174975207675,12.53802767232861,217.84494431264872,50.5,24.5,50.5,24.5,0,0,0,36.014923095703125,49.11563873291016,42.866525954094485,3.63669423388684,2957.7902908325195,1686.3578494931226,0,1,647447.8703049246,0
2021-08-28,41,41,1,Independent,2021-08-28_c0,0,384,39.270833333333336,33.372395833333336,39.68312424152008,32.55522171000261,98.48397301860172,156.84663334498995,39.5,33.5,39.5,32.5,1,1,1,21.334959030151367,49.43627166748047,35.87869156897068,6.9930860116841,13777.41756248474,3543.249624615597,0,1,2631221.78846953,0
2022-07-19,42,42,3,Temporally clustered,2022-07-19_c0,0,16,33.625,34.8125,33.66506413456441,34.86686964293277,7.05756627749267,31.26917553359513,33.5,34.5,33.5,34.5,0,0,0,28.475217819213867,35.67268371582031,29.74233889579773,1.629023256233192,475.8774223327637,662.810881494548,0,1,104993.98172246898,0
2022-07-19,42,42,3,Temporally clustered,2022-07-19_c1,1,401,54.0211970074813,35.40274314214464,53.744307709852734,35.11027702006072,41.08247671550375,217.91144940568608,54.5,35.5,53.5,35.5,1,0,0,22.353965759277344,51.02312469482422,39.73457723603284,5.578337133052391,15933.56547164917,3519.083622957416,0,1,2339790.663031664,0
2022-07-20,42,42,3,Temporally clustered,2022-07-20_c0,0,10,23.1,45.0,23.08702918069004,44.987236904601566,1.7487071771368536,215.80062197462075,23.5,44.5,23.5,44.5,0,0,0,28.79438018798828,34.42227935791016,32.81235313415527,1.6096008601511482,328.12353134155273,485.06202971991115,0,1,45036.00557723085,0
2022-07-20,42,42,3,Temporally clustered,2022-07-20_c1,1,14,33.642857142857146,34.57142857142857,33.655195836749854,34.59879282812148,3.2398085000792,20.447939105243048,33.5,34.5,33.5,34.5,0,0,0,27.8137149810791,29.90008354187012,28.82146671840123,0.6590385689667526,403.5005340576172,520.811660627706,0,1,75607.55652793094,0
2022-07-20,42,42,3,Temporally clustered,2022-07-20_c2,2,191,45.29057591623037,29.850785340314136,45.175408030319865,29.380417446999967,53.3182728868868,192.10452905990087,45.5,29.5,45.5,29.5,0,1,1,24.10200309753418,49.85611724853516,41.35442310353224,5.55798545123101,7898.694812774658,2463.0938277676005,0,1,1150802.3579442697,0
2022-07-20,42,42,3,Temporally clustered,2022-07-20_c3,3,216,62.23611111111112,39.0787037037037,62.08923963595324,39.22931093888826,20.9936939933598,322.83761688432486,62.5,39.5,62.5,39.5,0,0,0,23.39859962463379,46.431915283203125,39.63721391006752,4.718893637333931,8561.638204574585,2002.8529262534933,0,1,909529.5754066664,0
2022-07-21,42,42,3,Temporally clustered,2022-07-21_c0,0,34,23.294117647058822,43.44117647058823,23.28572508292532,43.48593274694068,5.0186697127142335,352.22524978018106,23.5,43.5,23.5,43.5,0,0,0,28.445674896240234,36.75677490234375,32.942624036003565,2.0848188081535124,1120.049217224121,791.0656303859818,0,1,141299.5301837764,0
2022-07-21,42,42,3,Temporally clustered,2022-07-21_c1,1,378,55.164021164021165,34.55820105820106,54.95038347627528,34.40333692101164,26.08190845707004,228.86237790911667,55.5,34.5,54.5,34.5,1,0,0,24.56671905517578,48.80792617797852,40.779909118773446,5.003936028342958,15414.805646896362,3772.397751467461,0,1,2385290.2169673685,0
2022-07-22,42,42,3,Temporally clustered,2022-07-22_c0,0,53,23.5377358490566,42.5188679245283,23.53707437256193,42.58856236908517,7.742131546231127,359.598178721579,23.5,42.5,23.5,42.5,0,0,0,27.119651794433597,36.856842041015625,33.154766298689935,2.0465388360502765,1757.2026138305664,1149.010351277097,0,1,230722.51721853297,0
2022-07-22,42,42,3,Temporally clustered,2022-07-22_c1,1,9,33.611111111111114,34.94444444444444,33.6195761757476,34.965700861229315,2.481699316398313,18.15045869740193,33.5,34.5,33.5,34.5,0,0,0,28.06009101867676,32.73828887939453,29.243638780381943,1.3416487900427756,263.1927490234375,426.7681686035024,0,1,53137.4506528833,0
2022-07-22,42,42,3,Temporally clustered,2022-07-22_c2,2,363,55.8801652892562,33.946280991735534,55.5954811012702,33.78945387950564,31.56658654862411,236.63925847039624,55.5,33.5,55.5,33.5,0,0,0,25.09000968933105,49.50630187988281,41.74439997712442,4.626091841745947,15153.217191696169,3785.1720006446394,0,1,2020977.2973385972,0
2022-07-23,42,42,3,Temporally clustered,2022-07-23_c0,0,59,23.364406779661017,41.90677966101695,23.398566223934573,42.10821207235997,22.552032761545885,7.196984628115323,23.5,41.5,23.5,42.5,1,0,0,26.891206741333008,39.16151428222656,34.035779565067614,3.1868142677024767,2008.1109943389893,1289.163758263776,0,1,274275.9833856503,0
2022-07-23,42,42,3,Temporally clustered,2022-07-23_c1,1,18,31.77777777777778,35.666666666666664,31.65990414748582,35.75128676186862,14.210305551345812,311.38850046873404,31.5,35.5,31.5,35.5,0,0,0,27.50796127319336,35.870811462402344,30.13175826602512,2.465187298908391,542.3716487884521,840.5033651596892,0,1,138912.8099762875,0
2022-07-23,42,42,3,Temporally clustered,2022-07-23_c2,2,88,43.90909090909091,24.670454545454547,43.98615163875602,24.678755138313644,7.853656270136788,83.2607861527094,43.5,24.5,43.5,24.5,0,0,0,37.61408996582031,46.7665901184082,44.30297894911333,1.740403593340667,3898.6621475219727,1273.742634075709,0,1,415700.466602113,0
2022-07-23,42,42,3,Temporally clustered,2022-07-23_c3,3,206,61.383495145631066,36.70388349514563,61.31861521767574,36.74655877311347,7.484567836004855,309.2719263765624,61.5,36.5,61.5,36.5,0,0,0,24.35118103027344,48.66057205200195,39.85348728328075,4.956166757195279,8209.818380355835,2430.8768017630127,0,1,1011505.7912959591,0
2023-07-12,43,43,2,Spatially clustered,2023-07-12_c0,0,48,24.229166666666668,40.4375,24.173981988348405,40.555983260544025,13.963814346497209,340.44437467042394,24.5,40.5,24.5,40.5,0,0,0,26.156391143798828,37.03193283081055,31.18149197101593,2.8006943940465576,1496.7116146087646,1184.1150405990768,0,1,235851.92949308705,0
2023-07-12,43,43,2,Spatially clustered,2023-07-12_c1,1,19,34.973684210526315,33.44736842105263,35.1342140502224,33.40637297207702,15.606418162307104,106.8944152302098,34.5,33.5,35.5,33.5,1,0,0,27.654512405395508,37.32786178588867,32.176239917152806,3.9922112327234585,611.3485584259033,669.9145352708889,0,1,125451.69881727794,0
2023-07-12,43,43,2,Spatially clustered,2023-07-12_c2,2,128,45.125,19.140625,45.24122651128141,19.465175920142315,37.946299885949166,18.75947319241685,45.5,19.5,45.5,19.5,0,0,0,29.59158134460449,46.46616363525391,40.64164124429226,4.461412832498013,5202.130079269409,2153.944272585227,0,1,817135.8887006794,0
2023-07-12,43,43,2,Spatially clustered,2023-07-12_c3,3,178,60.40449438202247,36.60674157303371,60.47793292198978,36.669945454937206,9.608752964533522,43.096933030221685,60.5,36.5,60.5,36.5,0,0,0,22.87900733947754,47.368927001953125,40.82908058166504,3.662620015215869,7267.576343536377,2758.264087087479,0,1,1186516.1254582698,0
2023-07-15,44,44,4,Mixed,2023-07-15_c0,0,437,38.97368421052632,29.612128146453088,40.10123301006798,29.014563517280425,128.0017531071015,120.88414180855304,38.5,29.5,40.5,29.5,1,1,1,26.856958389282227,49.53612518310547,38.16780668210656,6.080115677340904,16679.331520080566,4577.103093814462,0,1,3369887.1495117154,0
2023-07-16,44,44,4,Mixed,2023-07-16_c0,0,476,38.91176470588236,29.888655462184875,40.10361450296493,29.297878401171477,132.73919005872185,119.26447611298283,38.5,29.5,40.5,29.5,1,1,1,27.12228202819824,48.67890930175781,38.33879398297863,6.155010374136314,18249.265935897827,4658.135120344276,0,1,3560967.1325505,0
2023-07-17,44,44,4,Mixed,2023-07-17_c0,0,23,24.543478260869566,18.065217391304348,24.509976515774344,18.081201571001323,3.963306131096454,296.5169897189565,24.5,18.5,24.5,18.5,0,0,0,37.792747497558594,42.85918426513672,39.87408380923064,1.1863275623078051,917.1039276123048,909.3245350529295,0,1,145716.40574268406,0
2023-07-17,44,44,4,Mixed,2023-07-17_c1,1,520,40.40576923076923,29.371153846153845,41.66257740960627,28.821812473746437,136.66013684382662,116.15101167871006,40.5,29.5,41.5,28.5,1,1,0,26.233163833618164,49.47926330566406,38.591320771437424,6.231481757161073,20067.48680114746,4667.419229470597,0,1,3958193.190563656,1
2023-07-18,44,44,4,Mixed,2023-07-18_c0,0,559,39.3783542039356,27.8309481216458,40.508877903107546,27.15283563904979,134.63611487667382,123.66325096175864,39.5,27.5,40.5,27.5,1,0,0,25.76991081237793,49.5648078918457,38.34508074929335,6.155363348625778,21434.90013885498,4878.9449586264245,0,1,5050580.183683633,0
2023-07-19,44,44,4,Mixed,2023-07-19_c0,0,584,39.08732876712329,27.671232876712327,40.13232923180847,26.954307983830734,130.41848171080724,127.28525660756966,39.5,27.5,40.5,26.5,1,0,0,25.961692810058597,49.34439086914063,38.21406701166336,6.016460507580869,22317.0151348114,4885.385581826517,0,1,5229992.019668604,0
2023-07-20,44,44,4,Mixed,2023-07-20_c0,0,629,39.37440381558029,28.145468998410173,40.44226641968651,27.453777822632684,130.186337026427,125.8198389311928,39.5,28.5,40.5,27.5,1,0,0,25.77927017211914,48.75196075439453,38.16385426847279,6.201559536093712,24005.064334869385,4866.164877077166,0,1,4928032.570310628,0
2023-07-21,44,44,4,Mixed,2023-07-21_c0,0,660,38.93939393939394,28.92727272727273,39.88476434235672,28.241052793755262,119.73624072786434,129.20533483754582,38.5,28.5,39.5,28.5,1,0,0,25.4908504486084,49.51054382324219,37.60666295542862,6.054662990078913,24820.39755058289,4833.844191092062,0,1,4905593.503984807,0
2023-07-22,44,44,4,Mixed,2023-07-22_c0,0,690,38.90434782608696,30.071014492753623,39.63745604478203,29.53563286072728,92.43941356856148,129.75858410438178,38.5,30.5,39.5,29.5,1,1,1,26.12599754333496,49.06974029541016,37.85114118327265,5.660029105584995,26117.28741645813,4874.676557765957,0,1,5180121.921415292,0
2023-07-22,44,44,4,Mixed,2023-07-22_c1,1,9,65.83333333333333,32.5,65.8533344933127,32.449794921962976,5.8764001671641335,161.3346058629999,65.5,32.5,65.5,32.5,0,0,0,31.750320434570312,41.80522155761719,36.60323164198134,3.0018261463960814,329.42908477783203,435.82191609262804,0,1,44132.2368519234,0
2023-07-22,44,44,4,Mixed,2023-07-22_c2,2,19,68.02631578947368,40.23684210526316,67.95297026210086,40.30749534474607,10.023261191075049,321.533248433574,68.5,40.5,67.5,40.5,1,0,0,20.530363082885746,42.04935073852539,35.60533132051167,5.633270773408404,676.5012950897217,668.8643104205509,0,1,112535.48807405608,0
2023-07-23,44,44,4,Mixed,2023-07-23_c0,0,697,41.56312769010043,31.91606886657102,42.33862861884391,31.530239585837737,85.04276462539728,119.99810800005989,41.5,31.5,42.5,31.5,1,1,1,19.929502487182617,49.1162223815918,37.85761320915934,5.65187565578261,26386.756406784058,5084.41387297198,0,1,5743921.213928955,0
2023-07-24,44,44,4,Mixed,2023-07-24_c0,0,684,42.7266081871345,32.026315789473685,43.577580477845245,31.81420566022793,83.84663170226796,106.06539126956258,42.5,32.5,43.5,31.5,1,1,1,20.74800682067871,48.66273880004883,38.18260095830549,5.412012326989663,26116.89905548096,5079.353595570337,0,1,6098768.63039454,0
2023-07-25,44,44,4,Mixed,2023-07-25_c0,0,642,43.06697819314642,31.58255451713396,44.133898790947455,31.436957064176905,102.62663018305756,98.77133659267125,43.5,31.5,44.5,31.5,1,1,1,21.087173461914062,48.83026123046875,38.236647377133,5.476091526002832,24547.927616119385,5099.6331345026065,0,1,6507975.194717499,0
2023-07-26,44,44,4,Mixed,2023-07-26_c0,0,625,42.8392,30.9032,43.79585287207801,30.738561786223077,93.33656697522864,101.03202595631562,42.5,30.5,43.5,30.5,1,1,1,21.82519149780273,48.73363494873047,38.58274682617188,5.400329342708946,24114.216766357426,5130.217931337556,0,1,6366763.185755591,0
2023-07-27,44,44,4,Mixed,2023-07-27_c0,0,542,41.603321033210335,29.03690036900369,42.34222213523972,28.73191347736924,79.61020660467699,114.94676951376157,41.5,29.5,42.5,28.5,1,1,0,20.83012962341309,48.75969696044922,38.18197553008245,5.663798086123628,20694.630737304688,5086.649911699944,0,1,5127430.129828093,1
2023-07-28,44,44,4,Mixed,2023-07-28_c0,0,450,40.95555555555556,26.944444444444443,41.58532097716641,26.65774304295021,70.21376208554658,116.75722649776966,40.5,26.5,41.5,26.5,1,0,0,26.60752868652344,48.686256408691406,38.50391701168484,5.498103998149825,17326.76265525818,4436.6733769828115,0,1,3767458.317905859,0
2023-07-28,44,44,4,Mixed,2023-07-28_c1,1,12,68.25,39.083333333333336,68.23995653384394,39.06759521056327,1.951420793561678,206.45018367895187,68.5,39.5,68.5,39.5,0,0,0,29.739147186279297,42.296653747558594,36.42310762405396,3.736397300370746,437.07729148864746,663.444,0,1,89589.91286256052,0
2023-07-29,44,44,4,Mixed,2023-07-29_c0,0,379,39.89050131926121,25.70580474934037,40.43606807619652,25.285439029998685,71.95359611748268,130.21288016278322,39.5,25.5,40.5,25.5,1,0,0,26.736114501953125,47.23487854003906,38.23779945574839,5.589732971046948,14492.125993728638,4167.566443084633,0,1,3658557.583173633,0
2023-07-29,44,44,4,Mixed,2023-07-29_c1,1,35,59.642857142857146,41.75714285714286,59.600548478130726,41.67060739758536,10.235927534809264,200.13367976031765,59.5,41.5,59.5,41.5,0,0,0,35.45310974121094,42.55514526367188,39.45127541678293,2.125967553891684,1380.7946395874023,1128.9676967477526,0,1,354267.2068778255,0
2023-07-30,44,44,4,Mixed,2023-07-30_c0,0,39,24.55128205128205,20.115384615384617,24.53295700320019,20.103214279078017,2.34256861885251,234.89311127466243,24.5,20.5,24.5,20.5,0,0,0,37.78124237060547,43.5294303894043,40.18514642959986,1.0397983019713206,1567.2207107543943,946.0015979621397,0,1,225846.36455580956,0
2023-07-30,44,44,4,Mixed,2023-07-30_c1,1,57,27.21929824561404,34.23684210526316,27.261036216921926,34.23567278367214,3.847432609744113,91.92024418345828,27.5,34.5,27.5,34.5,0,0,0,26.15359115600586,32.99297332763672,27.90576302377801,0.979531145776589,1590.628492355347,1419.7522466498303,0,1,336712.1414242674,0
2023-07-30,44,44,4,Mixed,2023-07-30_c2,2,224,45.129464285714285,23.875,45.374726939088085,23.712173302031363,30.822051098475075,125.76034937932992,45.5,23.5,45.5,23.5,0,0,0,28.575963973999023,47.18975067138672,40.25403791666031,5.04950768195177,9016.90449333191,3232.3941947569,0,1,1742722.2605170505,0
2023-07-30,44,44,4,Mixed,2023-07-30_c3,3,78,62.7948717948718,41.84615384615385,62.69546522444895,41.86798023530173,8.60295205032112,286.40052072992296,62.5,41.5,62.5,41.5,0,0,0,30.853832244873047,41.84944915771485,39.377356944940026,2.3463968257439163,3071.4338417053223,1337.1666274731645,0,1,503758.0882150508,0
2023-07-31,44,44,4,Mixed,2023-07-31_c0,0,36,24.72222222222222,19.944444444444443,24.701955773201004,19.92399555943824,3.102619895233104,223.14812658898424,24.5,19.5,24.5,19.5,0,0,0,36.67431640625,41.5467529296875,39.57467269897461,1.135322720728362,1424.688217163086,946.8061388199944,0,1,222373.93693506412,0
2023-07-31,44,44,4,Mixed,2023-07-31_c1,1,56,26.678571428571427,34.44642857142857,26.7190860087986,34.4394809952094,3.802316986826716,101.6829395638016,26.5,34.5,26.5,34.5,0,0,0,26.046384811401367,33.29869079589844,28.029376574925013,1.04453269474913,1569.6450881958008,1446.3471396370917,0,1,368873.8414527399,0
2023-07-31,44,44,4,Mixed,2023-07-31_c2,2,238,45.890756302521005,24.97058823529412,46.12499456793975,24.944701868703707,23.827641201592886,96.86247303541992,45.5,24.5,46.5,24.5,1,0,0,26.991107940673828,49.30749130249024,41.384422109908414,5.333635597104334,9849.492462158203,3102.6434904572516,0,1,1564894.891842551,0
2023-07-31,44,44,4,Mixed,2023-07-31_c3,3,87,62.810344827586206,41.32758620689656,62.762667863340994,41.309314015131264,4.478135650236156,243.06914909090608,62.5,41.5,62.5,41.5,0,0,0,31.197235107421875,43.449798583984375,39.36684231374456,2.7966184053548613,3424.9152812957764,1401.2514248642276,0,1,527928.7970120359,0
2023-08-01,44,44,4,Mixed,2023-08-01_c0,0,66,27.5,35.21212121212121,27.6691866647646,35.284317963450974,17.356700182577704,62.468153391269816,27.5,35.5,27.5,35.5,0,0,0,25.65007781982422,34.41339492797852,28.543289704756305,1.8350624761525207,1883.857120513916,1568.5415402409449,0,1,618037.6662203072,0
2023-08-01,44,44,4,Mixed,2023-08-01_c1,1,41,26.15853658536585,20.451219512195124,26.19524268660872,20.461478995233065,3.9948681876313095,73.47527811392759,26.5,20.5,26.5,20.5,0,0,0,37.44049835205078,42.54387664794922,40.50063407711866,1.2528164988897743,1660.5259971618652,1236.1553229275476,0,1,244102.47638238085,0
2023-08-01,44,44,4,Mixed,2023-08-01_c2,2,281,46.49288256227758,26.172597864768683,46.72859863732046,25.914343220581205,37.08296324044984,140.4422193042193,46.5,26.5,46.5,25.5,1,0,0,26.39683532714844,51.1229248046875,41.19573108496615,5.953274316622487,11576.000434875488,3544.0052448127717,0,1,1800304.500194651,0
2023-08-01,44,44,4,Mixed,2023-08-01_c3,3,93,62.596774193548384,41.123655913978496,62.50451777127138,41.11319408372452,7.834728447284234,261.50220451595504,62.5,41.5,62.5,41.5,0,0,0,20.688133239746094,44.0728759765625,39.03936648625199,3.428095912967628,3630.661083221436,1476.0580437616518,0,1,554508.2173450673,0
2023-08-02,44,44,4,Mixed,2023-08-02_c0,0,94,26.861702127659573,36.37234042553192,26.91508593014977,36.45031906258147,9.889457205602293,28.942150235202085,26.5,36.5,26.5,36.5,0,0,0,26.296201705932617,39.90347290039063,29.721017675196872,3.110927733627765,2793.775661468506,1718.0912267500287,0,1,733469.3518187234,0
2023-08-02,44,44,4,Mixed,2023-08-02_c1,1,45,27.07777777777778,22.322222222222223,27.12120011107635,22.325785220914376,4.490991202356227,84.95164408797241,27.5,22.5,27.5,22.5,0,0,0,37.4041862487793,43.18413543701172,40.71158905029297,1.355590172996206,1832.021507263184,876.7982728940063,0,1,210438.9265844959,0
2023-08-02,44,44,4,Mixed,2023-08-02_c2,2,370,48.63783783783784,29.427027027027027,48.76598263528922,29.07838995025972,40.60074937030132,162.1029336995844,48.5,29.5,48.5,29.5,0,0,0,26.83877182006836,51.2168083190918,40.72160392451931,5.732042810630472,15066.993452072144,4031.022326590682,0,1,2325441.029753405,0
2023-08-02,44,44,4,Mixed,2023-08-02_c3,3,21,67.78571428571429,39.97619047619048,67.70448374725241,39.97956307213906,6.94892420910351,273.1152272772764,67.5,39.5,67.5,39.5,0,0,0,19.38612937927246,42.593074798583984,36.56336421058292,5.005898971980894,767.8306484222412,746.0504004293521,0,1,116080.21623047163,0
2023-08-03,44,44,4,Mixed,2023-08-03_c0,0,610,40.175409836065576,30.78360655737705,41.07890168541336,30.053909650187855,118.65451321925596,132.75131637142113,40.5,30.5,41.5,30.5,1,1,1,25.80773162841797,49.93290328979492,37.706931611358144,6.334345575312498,23001.228282928467,4642.519528801229,0,1,5404910.698580873,0
2023-08-03,44,44,4,Mixed,2023-08-03_c1,1,12,67.58333333333333,39.0,67.42558131811734,38.96132462643817,14.327657851339987,252.61192430141077,67.5,38.5,67.5,38.5,0,0,0,20.345149993896484,42.687896728515625,35.570631663004555,5.947506215780187,426.8475799560547,652.2377989153248,0,1,99671.42628144182,0
2023-08-04,44,44,4,Mixed,2023-08-04_c0,0,576,38.973958333333336,31.05555555555556,39.65598261893869,30.29840685171341,106.38189631788568,141.92171641737434,38.5,31.5,39.5,30.5,1,1,1,25.35133552551269,47.86517333984375,36.65406648980247,5.894799054747079,21112.74229812622,4634.017208777492,0,1,5743700.75307033,0
2023-08-05,44,44,4,Mixed,2023-08-05_c0,0,545,36.659633027522936,31.49266055045872,37.062474590364815,30.559730793192152,110.35334689774844,159.49791277522894,36.5,31.5,37.5,30.5,1,0,0,21.65278625488281,49.11945343017578,35.87506130813458,5.922181913800796,19551.90841293335,4570.8380242949825,0,1,5016681.827120894,0
2023-08-06,44,44,4,Mixed,2023-08-06_c0,0,508,37.67716535433071,31.45275590551181,37.84938424922829,30.504023056887423,106.4638537366306,171.0663178158128,37.5,31.5,37.5,30.5,1,0,0,23.48465347290039,46.78802108764648,35.70602794331828,6.024805085326237,18138.66219520569,4250.480953300673,0,1,4851424.382741476,0
2023-08-07,44,44,4,Mixed,2023-08-07_c0,0,471,39.211252653927815,31.76114649681529,39.48614588066192,30.76719641331369,113.27027532893464,166.56454710619462,39.5,31.5,39.5,30.5,1,1,1,23.31061363220215,47.06700897216797,35.11522464792693,5.884597825542786,16539.270809173584,4242.376383113187,0,1,4633048.126501138,0
2023-08-08,44,44,4,Mixed,2023-08-08_c0,0,237,39.972573839662445,39.28481012658228,40.39241497584234,39.21524142580226,37.05481062710508,101.89779557540446,39.5,39.5,40.5,39.5,1,0,0,22.759567260742188,48.294281005859375,32.709973186380246,5.729479488382073,7752.263645172119,3065.9506820718784,0,1,1279893.4453577737,0
2023-08-08,44,44,4,Mixed,2023-08-08_c1,1,173,41.08959537572255,21.5,41.23960313627376,21.519957599149876,15.699075089557567,81.88075904891318,41.5,21.5,41.5,21.5,0,0,0,32.32252502441406,46.74850082397461,39.95913036985893,4.157000777173354,6912.929553985596,3241.1171712443406,0,1,1772628.0364931144,0
2023-08-09,44,44,4,Mixed,2023-08-09_c0,0,403,41.33126550868487,31.97146401985112,41.71089752990022,31.12324595298466,100.72088988854097,158.92938203103063,41.5,31.5,41.5,31.5,0,1,1,22.761598587036133,49.29377746582031,36.07112612381171,6.4705890657010015,14536.663827896118,3943.137779407422,0,1,3622923.313884838,0
2023-08-10,44,44,4,Mixed,2023-08-10_c0,0,25,27.9,22.66,27.9471198364837,22.662615231435066,4.851465405534613,86.56860877068578,27.5,22.5,27.5,22.5,0,0,0,38.05805587768555,42.82255554199219,40.8953759765625,1.3166897305202103,1022.3843994140624,727.5401396490676,0,1,128256.00809272451,0
2023-08-10,44,44,4,Mixed,2023-08-10_c1,1,403,42.97394540942928,32.844913151364764,43.307239549275735,32.114586398396625,86.83785470563491,158.76257622344366,42.5,32.5,43.5,32.5,1,1,1,24.170562744140625,49.73163604736328,36.94620780376879,6.573128784280644,14889.321744918823,3707.2055757524113,0,1,2691760.584335928,0
2023-08-11,44,44,4,Mixed,2023-08-11_c0,0,12,26.83333333333333,22.0,26.86201731760096,21.997133374077208,2.9789593239425654,96.11137637434022,26.5,21.5,26.5,21.5,0,0,0,38.59604263305664,41.95329284667969,40.20936584472656,1.036082834993307,482.5123901367188,561.4581314766948,0,1,62721.200617587565,0
2023-08-11,44,44,4,Mixed,2023-08-11_c1,1,388,43.73969072164948,32.8041237113402,43.840054050123975,32.09891833925831,78.7708752153951,173.09237777307737,43.5,32.5,43.5,32.5,0,1,1,25.10210418701172,49.98860931396485,37.53822557213381,6.377866601482003,14564.831521987917,3616.678122420795,0,1,2265074.699130066,0
2023-08-13,45,45,4,Mixed,2023-08-13_c0,0,393,42.60178117048346,34.100508905852415,42.65977114017928,33.434654676059424,74.05045615352074,175.82372482436693,42.5,34.5,42.5,33.5,1,1,1,22.88226318359375,50.63294982910156,37.805614316129805,6.641663868369906,14857.606426239014,3596.720817709494,0,1,2188285.4762185747,0
2023-08-14,45,45,4,Mixed,2023-08-14_c0,0,448,42.20982142857143,32.828125,42.37888161416299,32.05574192766382,87.1159487056918,169.43965316756288,42.5,32.5,42.5,32.5,0,1,1,23.02919578552246,49.8922233581543,37.79161269324167,6.783094876693491,16930.642486572266,4149.413961781497,0,1,2512936.2130861,0
2023-08-15,45,45,4,Mixed,2023-08-15_c0,0,457,41.57002188183807,31.88512035010941,41.775663512104366,31.025265463773056,97.321292614419,168.36031232152908,41.5,31.5,41.5,31.5,0,1,1,22.72597885131836,48.9727668762207,37.31182650977203,6.85167799970464,17051.50471496582,4208.061857692606,0,1,2720743.49320856,0
2023-08-16,45,45,4,Mixed,2023-08-16_c0,0,460,40.97391304347826,32.06956521739131,41.29041821738787,31.18909447697441,102.14015266175718,162.8204012290872,40.5,32.5,41.5,31.5,1,1,1,22.708724975585938,49.63015365600586,36.82988973700482,6.6857259102833,16941.749279022217,4340.666179017177,0,1,2871164.244755659,0
2023-08-17,45,45,4,Mixed,2023-08-17_c0,0,449,39.143652561247215,33.15924276169265,39.525291667202985,32.316353074883466,100.08644691759186,158.95624487446938,39.5,33.5,39.5,32.5,1,1,1,22.511472702026367,47.949066162109375,35.89792571885549,6.325537443830749,16118.168647766111,4472.677409083138,0,1,3071770.2062171693,0
2023-08-17,45,45,4,Mixed,2023-08-17_c1,1,13,52.34615384615385,26.5,52.34264064121018,26.50172777297153,0.3991313259657306,298.6611218473195,52.5,26.5,52.5,26.5,0,0,0,35.23628234863281,40.02952575683594,36.50797154353215,1.3544688255292272,474.603630065918,533.807447503421,0,1,62638.9105392145,0
2023-08-18,45,45,4,Mixed,2023-08-18_c0,0,429,38.2995337995338,33.05011655011655,38.7262270392181,32.22435459783637,99.94521187126853,156.26893124807998,38.5,33.5,38.5,32.5,1,1,1,24.66848945617676,47.81713104248047,35.790026973733255,6.255310549557259,15353.921571731567,4525.580431067386,0,1,3129538.685153216,0
2023-08-19,45,45,4,Mixed,2023-08-19_c0,0,422,37.6042654028436,33.4478672985782,38.05676279090544,32.65680507750195,97.38136641723536,154.15548559301368,37.5,33.5,38.5,32.5,1,0,1,25.78005790710449,47.91201019287109,35.68432346452469,6.273931700004238,15058.78450202942,4571.419560349302,0,1,3121774.627066563,1
2023-08-20,45,45,4,Mixed,2023-08-20_c0,0,434,37.12442396313364,34.17281105990784,37.641552394179655,33.418241324638785,96.42755661042504,150.07858474891543,37.5,34.5,37.5,33.5,1,0,0,25.57436180114746,48.40077590942383,35.46845211960753,6.424202292039055,15393.308219909668,4558.970506864717,0,1,3194274.9394343738,0
2023-08-21,45,45,4,Mixed,2023-08-21_c0,0,447,36.69015659955257,34.710290827740494,37.214791204701385,34.03080438351401,89.49866060462821,147.22321952623778,36.5,34.5,37.5,34.5,1,0,0,24.619792938232425,48.72382736206055,35.0010882597375,6.23866481306402,15645.48645210266,4601.79468815214,0,1,3355411.7489657914,0
2023-08-22,45,45,4,Mixed,2023-08-22_c0,0,435,36.44252873563219,36.240229885057474,37.00914380138377,35.65180941408453,82.92323560987577,141.77193152110408,36.5,36.5,37.5,35.5,1,0,0,24.276636123657227,49.45474243164063,34.50702173518038,6.32563005511815,15010.554454803469,4239.0416400435215,0,1,2966732.5652244845,0
2023-08-23,45,45,4,Mixed,2023-08-23_c0,0,495,36.2030303030303,34.1989898989899,36.74672496768616,33.47204291008662,95.04840484425073,147.8784697590535,36.5,34.5,36.5,33.5,1,0,0,24.421085357666016,50.09965515136719,35.69563848707411,6.732501915089282,17669.341051101685,4272.0762495593135,0,1,3543508.9322967106,0
2023-08-23,45,45,4,Mixed,2023-08-23_c1,1,8,49.375,13.25,49.36296464490144,13.242774218427892,1.5298323855459257,238.49822633606377,49.5,13.5,49.5,13.5,0,0,0,31.79661750793457,33.399898529052734,32.512718200683594,0.5591749159406847,260.10174560546875,343.36124343075505,0,1,46401.29316742491,0
2023-08-24,45,45,4,Mixed,2023-08-24_c0,0,618,36.84789644012945,30.053398058252423,37.40061832117663,29.221892807826677,106.58221108226984,149.71917800862212,36.5,30.5,37.5,29.5,1,0,0,25.54902458190918,51.14288711547852,37.19201953048459,6.617464368916681,22984.66806983948,4684.216936190365,0,1,4386582.612162131,0
2023-08-25,45,45,4,Mixed,2023-08-25_c0,0,615,36.04308943089431,27.62845528455285,36.69094665375143,26.72759237877953,118.68428129376746,147.1038513200816,36.5,27.5,36.5,26.5,1,0,0,25.768407821655277,49.57396697998047,37.969761915129375,6.469198974459761,23351.403577804565,4812.293615729824,0,1,4470522.31189062,0
2023-08-26,45,45,4,Mixed,2023-08-26_c0,0,560,34.910714285714285,27.17142857142857,35.426984334457295,26.136362254210347,125.67392217328616,155.74301881980523,34.5,27.5,35.5,26.5,1,0,0,26.03460693359375,46.86541748046875,37.41524870055063,6.287624808803169,20952.53927230835,4819.346308294862,0,1,4600821.321673834,0
2023-08-27,45,45,4,Mixed,2023-08-27_c0,0,478,34.82426778242678,26.543933054393307,35.39400241285863,25.46874203214153,132.06927300910507,154.288077875328,34.5,26.5,35.5,25.5,1,0,0,25.576356887817383,46.83072280883789,37.15797534447834,6.4229508365188455,17761.512214660645,4828.882084157532,0,1,4542200.023236946,0
2023-08-28,45,45,4,Mixed,2023-08-28_c0,0,262,39.11068702290076,19.66793893129771,39.185565979395896,19.880085137474808,24.761171138680822,18.463315379066373,39.5,19.5,39.5,19.5,0,0,0,29.57990074157715,48.872291564941406,40.44007069827946,4.319539702543504,10595.29852294922,3749.649533338965,0,1,2222739.4064256954,0
2023-08-28,45,45,4,Mixed,2023-08-28_c1,1,139,28.464028776978417,39.87410071942446,28.251401764300542,40.08524519918343,29.65646601093955,322.3030887071303,28.5,39.5,28.5,40.5,1,0,0,25.603065490722656,36.54576873779297,29.37880340411509,2.9256802927006684,4083.653673171997,2097.3662378250647,0,1,1232594.3459900157,0
2024-05-20,46,46,4,Mixed,2024-05-20_c0,0,222,25.355855855855857,21.38738738738739,25.337593323098627,21.446305666780685,6.792804638648299,343.8181864517279,25.5,21.5,25.5,21.5,0,0,0,30.18218231201172,45.206634521484375,41.38439766136376,1.8949330768195796,9187.336280822754,2605.3707007538023,0,1,1237212.1904157891,0
2024-05-20,46,46,4,Mixed,2024-05-20_c1,1,203,62.14039408866995,16.08128078817734,62.13775640828242,16.101475539534416,2.25249037114974,352.8033927031752,62.5,16.5,62.5,16.5,0,0,0,29.283334732055664,41.5531005859375,30.516812676866653,1.242455653421988,6194.912973403931,2728.0082535605306,0,1,1072165.9761781078,0
2024-05-21,46,46,4,Mixed,2024-05-21_c0,0,239,25.45397489539749,21.58786610878661,25.43522565714666,21.63152003716221,5.208869917618183,338.1212936303363,25.5,21.5,25.5,21.5,0,0,0,33.67522430419922,45.10660934448242,41.60806291971247,1.8579925875661396,9944.32703781128,2604.91118854729,0,1,1137482.4226388654,0
2024-05-21,46,46,4,Mixed,2024-05-21_c1,1,212,62.27358490566038,16.433962264150942,62.34182395847856,16.578726868085337,17.59893240032618,24.44412811684974,62.5,16.5,62.5,16.5,0,0,0,29.443758010864254,46.90885925292969,31.01033468966214,2.694239282631495,6574.190954208374,2925.922414912574,0,1,1161731.0961128122,0
2024-05-22,46,46,4,Mixed,2024-05-22_c0,0,207,25.42270531400966,22.297101449275363,25.399696320708703,22.28690956212025,2.6259584711400152,244.55061084780365,25.5,22.5,25.5,22.5,0,0,0,32.85750198364258,45.37540435791016,41.39479920023305,1.811006596114363,8568.723434448242,2441.3340795858853,0,1,995189.469753879,0
2024-05-22,46,46,4,Mixed,2024-05-22_c1,1,227,62.31057268722467,16.8215859030837,62.44140792654318,17.124548056431372,36.30866423878063,22.54818043789845,62.5,16.5,62.5,17.5,1,0,0,29.23969078063965,47.91030883789063,31.55188925150733,3.7573485725922655,7162.278860092163,3069.375105713655,0,1,1292001.7486504733,0
2024-05-23,46,46,4,Mixed,2024-05-23_c0,0,149,25.828859060402685,21.171140939597315,25.82996880775675,21.199312401614243,3.121256625442601,2.1156613962178747,25.5,21.5,25.5,21.5,0,0,0,37.97126007080078,44.74822235107422,41.47157620423592,1.3039457363653515,6179.264854431152,1956.6724531733166,0,1,713641.0317281396,0
2024-05-23,46,46,4,Mixed,2024-05-23_c1,1,267,59.75468164794008,16.4625468164794,59.4773413969854,16.6813711880676,38.24292921316511,309.3274257499384,59.5,16.5,59.5,16.5,0,0,0,25.90312385559082,48.2704963684082,32.46973164161939,4.385731675632144,8669.418348312378,3946.046052021225,0,1,2050685.8673543108,0
2024-05-24,46,46,4,Mixed,2024-05-24_c0,0,113,25.278761061946906,19.597345132743364,25.299142459317533,19.613891001853727,2.815379384167565,49.41154707131426,25.5,19.5,25.5,19.5,0,0,0,37.228492736816406,44.57292175292969,41.09459625514208,1.5506510265736733,4643.689376831055,1750.18235418234,0,1,577009.3202806013,0
2024-05-24,46,46,4,Mixed,2024-05-24_c1,1,300,58.473333333333336,16.526666666666667,58.02668613564862,16.758694366657625,54.12878500298422,298.38258114269416,58.5,16.5,58.5,16.5,0,0,0,26.646596908569336,49.010650634765625,33.49234415054321,4.995326681781452,10047.703245162964,3944.9398725987853,0,1,2123495.3481164235,0
2024-05-25,46,46,4,Mixed,2024-05-25_c0,0,413,49.780871670702176,16.853510895883776,48.14361452438421,17.070732437680423,176.0282721345648,278.0875214187444,49.5,16.5,48.5,17.5,1,0,0,26.93868827819824,48.896263122558594,35.49964681260522,5.510702547753239,14661.354133605955,5586.9458853803035,0,1,4271679.485731879,0
2024-05-26,46,46,4,Mixed,2024-05-26_c0,0,421,49.780285035629454,16.827790973871736,48.3139824494978,17.11188048538513,159.2982202555471,281.59624471109413,49.5,16.5,48.5,17.5,1,0,0,26.12433815002441,49.55155944824219,35.77672736378577,5.659593893408711,15062.002220153809,5627.944199113718,0,1,4318219.689267186,0
2024-05-27,46,46,4,Mixed,2024-05-27_c0,0,442,49.98868778280543,16.479638009049772,48.55270677475866,16.71689027141363,155.4662873440059,279.92741482638,49.5,16.5,48.5,16.5,1,0,0,27.31670570373535,50.49922943115234,35.77285547385928,5.76490260257854,15811.6021194458,5678.897177198314,0,1,4036311.648055239,0
2024-05-28,46,46,4,Mixed,2024-05-28_c0,0,475,49.24105263157895,16.565263157894737,47.70914078596511,16.76593171090572,164.9149515613582,277.9580361086834,49.5,16.5,47.5,16.5,1,0,0,27.113758087158203,49.402000427246094,36.33313817074424,5.834281138257413,17258.240631103516,5676.76198412138,0,1,3938368.862124336,0
2024-05-29,46,46,4,Mixed,2024-05-29_c0,0,466,48.952789699570815,16.811158798283262,47.42126261754285,16.980988965384757,164.25390725299633,276.79263266622047,48.5,16.5,47.5,16.5,1,0,0,27.16545867919922,48.37878036499024,36.16253179951287,5.6883993883538695,16851.739818572998,5670.571243952406,0,1,3892064.155645559,0
2024-05-30,46,46,4,Mixed,2024-05-30_c0,0,474,49.40084388185654,17.22573839662447,48.05409619623513,17.44396080193658,145.17503706907237,279.77642269503184,49.5,17.5,48.5,17.5,1,0,0,27.58204460144043,47.06989288330078,36.29395658356228,5.706521382806862,17203.33542060852,5617.654133393241,0,1,3789540.114453269,0
2024-05-31,46,46,4,Mixed,2024-05-31_c0,0,488,49.27663934426229,17.2172131147541,47.84838395855457,17.41898651975016,153.46300888689606,278.5791003434563,49.5,17.5,47.5,17.5,1,0,0,28.745155334472656,47.66302490234375,36.5927481025946,5.8200347938351245,17857.261074066162,5617.876991912836,0,1,3828961.78585362,0
2024-06-01,46,46,4,Mixed,2024-06-01_c0,0,542,46.193726937269375,18.16420664206642,44.51755361639547,18.414877817619796,179.38102527225294,279.1601228727615,46.5,18.5,44.5,18.5,1,0,0,27.958311080932617,48.544960021972656,37.22387432788131,5.895223044530755,20175.33988571167,5725.354499010924,0,1,5033154.93717317,0
2024-06-02,46,46,4,Mixed,2024-06-02_c0,0,494,45.83198380566802,18.31578947368421,44.14898143330291,18.610650569986984,180.73741514713396,280.66905665798186,45.5,18.5,44.5,18.5,1,0,0,26.583988189697266,49.19770812988281,37.02938915360794,5.896692414408616,18292.518241882324,5721.265935385825,0,1,5094604.890891651,0
2024-06-03,46,46,4,Mixed,2024-06-03_c0,0,514,43.463035019455255,18.55642023346304,41.5879898820821,18.84755751137818,200.38310598392363,279.5542372847407,43.5,18.5,41.5,18.5,1,0,0,26.34359359741211,47.03460693359375,37.22222094034871,5.755405168296808,19132.221563339237,5581.57968737258,0,1,5184039.997186073,0
2024-06-03,46,46,4,Mixed,2024-06-03_c1,1,11,29.77272727272728,39.59090909090909,29.70766361763564,39.54096709283509,7.874359718570754,225.25832823869445,29.5,39.5,29.5,39.5,0,0,0,29.235958099365234,36.64869689941406,32.948720411820844,1.9990211860589948,362.4359245300293,511.7196752953197,0,1,59974.7314910522,0
2024-06-04,46,46,4,Mixed,2024-06-04_c0,0,596,42.258389261744966,19.511744966442954,40.44570902121074,19.76271421827776,192.14053954567436,278.61760177773414,42.5,19.5,40.5,19.5,1,0,0,26.18999290466309,45.65195846557617,37.26491481665797,5.643454417767064,22209.88923072815,5554.111364651807,0,1,5879192.192176343,0
2024-06-05,46,46,4,Mixed,2024-06-05_c0,0,641,42.19734789391576,20.626365054602186,40.52533177676513,20.94841464371193,177.69798792398535,281.87092945250924,42.5,20.5,40.5,20.5,1,0,0,26.658626556396484,46.199703216552734,37.494043162758,5.6470080987466105,24033.68166732788,5561.119866836299,0,1,5556760.017094095,0
2024-06-06,46,46,4,Mixed,2024-06-06_c0,0,681,42.3942731277533,20.56461086637298,40.84357175067807,20.93067780814462,166.50332797489244,284.361664576137,42.5,20.5,40.5,20.5,1,0,0,26.09653854370117,47.220001220703125,37.62965714038732,5.5913325282954895,25625.79651260376,5515.485137064088,0,1,5265457.176160068,0
2024-06-07,46,46,4,Mixed,2024-06-07_c0,0,649,43.82049306625578,19.826656394453003,42.344080110724754,20.20616134825745,160.09629615516286,285.4656428717759,43.5,19.5,42.5,20.5,1,0,0,27.201717376708984,47.61750411987305,38.06250176922015,5.843177711550017,24702.56364822388,5273.528617920737,0,1,4705765.05441471,0
2024-06-08,46,46,4,Mixed,2024-06-08_c0,0,597,44.99916247906198,19.729480737018424,43.56753853498586,20.15647796002297,157.14625262793513,287.74902723642566,44.5,19.5,43.5,20.5,1,0,0,27.58018112182617,47.428524017333984,37.99609079472783,5.891105526952729,22683.666204452515,5210.11745596006,0,1,4217613.824174907,0
2024-06-09,46,46,4,Mixed,2024-06-09_c0,0,468,47.39529914529915,18.346153846153847,45.88060293316816,18.769806770384985,166.63496695388093,286.58441469789244,47.5,18.5,45.5,18.5,1,0,0,26.10603141784668,47.78953552246094,37.39029314986661,6.181960615282841,17498.657194137573,5272.204970647967,0,1,3492347.88912923,0
2024-06-10,46,46,4,Mixed,2024-06-10_c0,0,50,26.28,19.1,26.349612512569987,19.10678161744645,7.363466937495239,84.13733999073023,26.5,19.5,26.5,19.5,0,0,0,37.50020599365234,44.15024566650391,41.04839950561524,1.6663156146879434,2052.4199752807617,1593.2978824147278,0,1,318993.20830038586,0
2024-06-10,46,46,4,Mixed,2024-06-10_c1,1,19,25.605263157894736,42.3421052631579,25.63737028887378,42.38499061214,5.448719677565461,29.02902958688268,25.5,42.5,25.5,42.5,0,0,0,29.309642791748047,37.08906555175781,34.04560932360197,1.9411884602074645,646.8665771484375,876.5594773103983,0,1,209317.07826683013,0
2024-06-10,46,46,4,Mixed,2024-06-10_c2,2,326,53.19018404907976,17.55521472392638,51.94779148836432,17.98868154082121,140.20640134631358,290.1982108441068,53.5,17.5,51.5,17.5,1,0,0,26.78339385986328,47.71060943603516,35.393852660992394,6.076925121563623,11538.39596748352,3678.673790254002,0,1,2655962.585204224,0
2024-06-10,46,46,4,Mixed,2024-06-10_c3,3,15,60.3,37.833333333333336,60.307935601851085,37.89509824164134,6.89099966950682,5.813508657452754,60.5,37.5,60.5,37.5,0,0,0,34.57894515991211,44.08561706542969,41.17062835693359,2.5333940889708857,617.5594253540039,655.2442568014684,0,1,124842.77938011092,0
2024-06-11,46,46,4,Mixed,2024-06-11_c0,0,31,24.467741935483872,19.048387096774192,24.45312648682275,19.064681212776907,2.370590557159857,319.5407046949406,24.5,19.5,24.5,19.5,0,0,0,37.950103759765625,42.33494567871094,40.20757416755922,1.1998183948040122,1246.434799194336,1045.214472204917,0,1,221114.7378312823,0
2024-06-11,46,46,4,Mixed,2024-06-11_c1,1,19,22.07894736842105,31.23684210526316,21.98037637010488,31.07299250311875,20.4536504856083,207.3811277399915,22.5,31.5,21.5,31.5,1,0,0,28.96872901916504,41.0256233215332,38.022242094341074,3.61402709817494,722.4225997924805,1004.486718801193,0,1,121813.1145039572,0
2024-06-11,46,46,4,Mixed,2024-06-11_c2,2,48,27.75,40.770833333333336,27.714400993279146,40.76157355886095,3.1767187461253714,251.1250098335875,27.5,40.5,27.5,40.5,0,0,0,27.722286224365234,38.663570404052734,33.40903389453888,2.5088909401006463,1603.6336269378662,1181.8566620074346,0,1,344241.8570202381,0
2024-06-11,46,46,4,Mixed,2024-06-11_c3,3,278,55.6115107913669,17.20863309352518,54.412848639262805,17.542615718322455,132.6375367057777,286.359589985511,55.5,17.5,54.5,17.5,1,0,0,28.38633346557617,46.90015411376953,33.853192487208965,5.288527199634023,9411.187511444092,3515.872654976344,0,1,2421709.0580851045,0
2024-06-11,46,46,4,Mixed,2024-06-11_c4,4,18,60.27777777777778,37.22222222222222,60.287954493767074,37.28579887631611,7.11341538752784,7.288483007288352,60.5,37.5,60.5,37.5,0,0,0,35.38528823852539,44.264434814453125,40.952352099948456,2.2240544273856444,737.1423377990723,818.4271834115693,0,1,147940.88854091277,0
2024-06-12,46,46,4,Mixed,2024-06-12_c0,0,27,23.72222222222222,18.57407407407408,23.668561545507966,18.59459749933829,6.102502213904649,291.8632291722296,23.5,18.5,23.5,18.5,0,0,0,37.92667388916016,43.55857849121094,40.40950874046043,1.449485060201006,1091.0567359924316,922.6435902877276,0,1,191392.59984263868,0
2024-06-12,46,46,4,Mixed,2024-06-12_c1,1,102,27.225490196078432,36.52941176470589,27.01131569677171,36.17126684833256,44.14750586112479,205.87882506518287,27.5,36.5,27.5,36.5,0,0,0,25.99135971069336,43.32481002807617,34.95169665766697,4.72761417740614,3565.0730590820312,2133.3856346901166,0,1,796529.6863429038,0
2024-06-12,46,46,4,Mixed,2024-06-12_c2,2,13,35.03846153846154,18.57692307692308,34.99204313727396,18.57819570201713,4.901712362283728,271.65416039706304,35.5,18.5,34.5,18.5,1,0,0,38.28061676025391,43.764915466308594,42.14306229811449,1.461761123788203,547.8598098754883,642.7025513843384,0,1,121575.70456778152,0
2024-06-12,46,46,4,Mixed,2024-06-12_c3,3,254,57.52755905511811,17.4251968503937,56.42900631770629,17.771820851881948,122.7509604979094,288.3770146389105,57.5,17.5,56.5,17.5,1,0,0,29.55912971496582,44.66246795654297,32.9896871461643,4.823609783330943,8379.380535125732,3592.1803032413554,0,1,2305536.762275432,0
2024-06-12,46,46,4,Mixed,2024-06-12_c4,4,12,60.41666666666666,36.083333333333336,60.42158738871407,36.11878334019891,3.958442235540813,6.425647607400025,60.5,36.5,60.5,36.5,0,0,0,34.78483581542969,41.98828506469727,39.64936669667562,1.964262594873164,475.7924003601074,560.1418122421327,0,1,106061.0962974594,0
2024-06-13,46,46,4,Mixed,2024-06-13_c0,0,28,23.928571428571427,18.25,23.865018485283528,18.2737569420645,7.216668464449787,291.37844357611715,23.5,18.5,23.5,18.5,0,0,0,38.0787353515625,43.697662353515625,40.34880747113909,1.5739152610697948,1129.7666091918943,862.1427974660837,0,1,151964.14088054837,0
2024-06-13,46,46,4,Mixed,2024-06-13_c1,1,505,45.44653465346535,23.941584158415843,44.30006902824804,24.214181801521967,120.43028585787631,284.75269814514104,45.5,23.5,44.5,24.5,1,0,0,27.064266204833984,47.10887145996094,35.57920350178634,5.8009985998057,17967.4977684021,5768.341139437092,0,1,5014655.146683988,0
2024-06-14,46,46,4,Mixed,2024-06-14_c0,0,605,43.103305785123965,23.23553719008265,41.81972477648077,23.43559797504291,133.12464484271862,279.83434740526525,43.5,23.5,41.5,23.5,1,0,0,26.251436233520508,48.13628387451172,36.79909652836066,5.907731077419007,22263.453399658203,5694.137700423436,0,1,5481379.417918696,0
2024-06-15,46,46,4,Mixed,2024-06-15_c0,0,603,42.75207296849088,21.408789386401327,41.2407515189274,21.70747567650579,159.99563070225244,282.2062346407157,42.5,21.5,41.5,21.5,1,0,0,26.084482192993164,46.52444076538086,37.87437888441197,5.767343393837432,22838.25046730041,5454.412427658546,0,1,4762962.819076799,0
2024-06-16,46,46,4,Mixed,2024-06-16_c0,0,550,43.38909090909091,20.545454545454547,41.77129878877237,20.93284689754203,173.86494119943617,284.5667743806933,43.5,20.5,41.5,20.5,1,0,0,27.034215927124023,47.46033477783203,38.318380879488856,5.6567831138658615,21075.109483718872,5307.064166474852,0,1,4536155.3769555455,0
2024-06-17,46,46,4,Mixed,2024-06-17_c0,0,418,37.08612440191388,22.33971291866029,37.04347545204743,22.584929782043258,27.50698077129689,350.8255362266317,37.5,22.5,37.5,22.5,0,0,0,27.619260787963867,49.318756103515625,41.55480456010006,3.810820739418765,17369.908306121826,3552.0240756091503,0,1,2919968.5708987936,0
2024-06-17,46,46,4,Mixed,2024-06-17_c1,1,62,56.903225806451616,44.0,57.16444808392374,43.96766836447084,21.26299423935368,99.6361802926499,56.5,43.5,57.5,43.5,1,0,0,30.18299102783203,40.75218200683594,38.34797120863392,2.7878564527870333,2377.5742149353027,1605.350739259538,0,1,297275.609453044,0
2024-06-17,46,46,4,Mixed,2024-06-17_c2,2,136,64.44117647058823,17.345588235294116,64.4558961222751,17.41601186239115,7.949443068401602,11.346108534365534,64.5,17.5,64.5,17.5,0,0,0,29.261178970336918,42.23043823242188,30.32918106808382,1.1495606886494512,4124.768625259399,1847.2354911536013,0,1,677798.4066783846,0
2024-06-18,46,46,4,Mixed,2024-06-18_c0,0,536,46.38805970149254,21.80223880597015,45.11593631479999,22.3966770362539,146.84777481069287,296.86888660329885,46.5,21.5,45.5,22.5,1,0,0,29.218690872192383,50.48937225341797,38.65812757477831,6.063032661871223,20720.756380081177,5141.187040412264,0,1,4854155.158339811,0
2024-06-18,46,46,4,Mixed,2024-06-18_c1,1,42,26.071428571428573,40.5,26.174068961465576,40.50382489238171,8.710709833200069,87.17183083062234,26.5,40.5,26.5,40.5,0,0,0,26.47780990600586,38.06440353393555,32.37786016010103,2.4509579378664865,1359.8701267242432,1346.9645308215572,0,1,339270.9591567852,0
2024-06-18,46,46,4,Mixed,2024-06-18_c2,2,63,56.88095238095238,43.96031746031746,57.12757849966192,43.91948574566002,20.313991973857025,102.81948382001468,56.5,43.5,57.5,43.5,1,0,0,30.374248504638672,41.899681091308594,39.017029353550505,2.818344058195266,2458.0728492736816,1606.4189662138967,0,1,302673.26491669234,0
2024-06-19,46,46,4,Mixed,2024-06-19_c0,0,658,44.86322188449848,24.065349544072948,44.2107557831971,24.34123374924911,72.98910332382242,294.8831421852931,44.5,24.5,44.5,24.5,0,0,0,26.300779342651367,49.81108093261719,38.44166304637596,6.144041805616698,25294.61428451538,6092.506913703795,0,1,5813891.923695968,0
2024-06-19,46,46,4,Mixed,2024-06-19_c1,1,62,57.064516129032256,43.95161290322581,57.2266002250641,43.91080202013004,13.782463381706217,109.15230317940762,57.5,43.5,57.5,43.5,0,0,0,29.371421813964844,41.821739196777344,38.09018165834488,2.993729108884776,2361.591262817383,1538.6767918582395,0,1,296587.0901699089,0
2024-06-20,46,46,4,Mixed,2024-06-20_c0,0,722,44.76592797783933,23.74376731301939,44.17705836867503,23.98035859871965,65.45609937815621,293.7176040523765,44.5,23.5,44.5,23.5,0,0,0,25.971284866333008,50.04564666748047,39.0369079859303,6.19606958183195,28184.647565841675,6102.243112154818,0,1,5603832.535466096,0
2024-06-20,46,46,4,Mixed,2024-06-20_c1,1,42,59.785714285714285,43.785714285714285,59.78898941238208,43.76501256770639,2.3151873493227466,173.45931513753183,59.5,43.5,59.5,43.5,0,0,0,34.50554656982422,41.29902648925781,39.37145796276274,1.4823776079020416,1653.6012344360352,944.2101666491526,0,1,172391.17625841295,0
2024-06-21,46,46,4,Mixed,2024-06-21_c0,0,684,46.01169590643275,21.96929824561404,45.097229690543934,22.45088683788446,108.3252439348134,299.6635358910908,46.5,21.5,45.5,22.5,1,0,0,27.81976890563965,49.994266510009766,39.6499090306243,6.005320216692875,27120.53777694702,5135.347071829525,0,1,4364450.729037312,0
2024-06-21,46,46,4,Mixed,2024-06-21_c1,1,65,24.57692307692308,41.14615384615384,24.567749348883822,41.13908826526747,1.0994907660035014,224.4682442682028,24.5,41.5,24.5,41.5,0,0,0,26.59052276611328,38.627052307128906,32.31692939171424,2.435138695315535,2100.600410461426,1277.8028445642294,0,1,387473.592148356,0
2024-06-22,46,46,4,Mixed,2024-06-22_c0,0,595,45.13361344537815,21.77899159663865,44.31590600886611,22.17343586589754,95.0778363795374,297.49953084833453,45.5,21.5,44.5,22.5,1,0,0,27.28650665283203,50.85937881469727,39.83527678161108,5.983456350554694,23701.989685058597,5124.131868824446,0,1,4102292.53716956,0
2024-06-22,46,46,4,Mixed,2024-06-22_c1,1,57,24.46491228070176,41.5,24.45242815381043,41.530529529153625,3.547263047779846,342.9194543757741,24.5,41.5,24.5,41.5,0,0,0,27.70533943176269,38.09782409667969,33.44027940850509,2.0646675550605558,1906.09592628479,1274.2040920720276,0,1,399381.5148519952,0
2024-06-23,46,46,4,Mixed,2024-06-23_c0,0,492,45.01829268292683,20.86382113821138,44.33822606504103,21.154411213587952,77.67845747381591,294.5896268412812,45.5,20.5,44.5,21.5,1,0,0,27.141490936279297,50.45670318603516,39.54048379262289,5.656656190490156,19453.91802597046,5126.911213150794,0,1,3446045.452357808,0
2024-06-23,46,46,4,Mixed,2024-06-23_c1,1,35,23.3,42.55714285714286,23.35399175566656,42.5640749265273,4.500152589207712,80.12909253808694,23.5,42.5,23.5,42.5,0,0,0,28.56146240234375,35.95293045043945,32.34042091369629,1.7382484238695688,1131.91473197937,943.4423707900967,0,1,192645.35123571235,0
2024-06-23,46,46,4,Mixed,2024-06-23_c2,2,25,32.82,38.54,32.788516473871034,38.52607779623187,3.1502744547414454,240.63120811570496,32.5,38.5,32.5,38.5,0,0,0,29.887319564819336,40.51307678222656,34.44648811340332,2.656357194010313,861.162202835083,877.7083270710402,0,1,169288.1558069685,0
2024-06-24,46,46,4,Mixed,2024-06-24_c0,0,455,45.37692307692308,20.794505494505493,44.83365461125354,21.00623149421861,61.18938893256372,292.62229242638665,45.5,20.5,44.5,21.5,1,0,0,27.346309661865234,48.69458770751953,39.59204335055509,5.594001928605579,18014.379724502563,5110.138796428565,0,1,3257319.382745661,0
2024-06-24,46,46,4,Mixed,2024-06-24_c1,1,20,23.1,42.3,23.135537238930404,42.341521045864674,5.4638371854403776,32.41019976208197,23.5,42.5,23.5,42.5,0,0,0,27.998367309570312,34.150390625,31.587569904327392,1.65915735435498,631.7513980865479,780.792716655218,0,1,170922.53001199965,0
2024-06-24,46,46,4,Mixed,2024-06-24_c2,2,25,32.82,38.54,32.76792693556603,38.54579627503215,4.585151778541441,278.0830571190522,32.5,38.5,32.5,38.5,0,0,0,30.6411190032959,40.31039810180664,35.424405822753904,2.485180819887792,885.6101455688477,877.7083270710402,0,1,169288.1558069685,0
2024-06-25,46,46,4,Mixed,2024-06-25_c0,0,115,28.569565217391304,22.065217391304348,28.5191541779674,21.932140738280665,15.62806812055394,199.46606346724295,28.5,22.5,28.5,21.5,1,0,0,32.321533203125,44.44327163696289,40.44177103457243,2.4593382241465744,4650.80366897583,2413.899938609317,0,1,906023.5777254206,0
2024-06-25,46,46,4,Mixed,2024-06-25_c1,1,25,32.54,38.26,32.60882162922183,38.27902123496068,6.381964330819839,70.65913043623077,32.5,38.5,32.5,38.5,0,0,0,27.36077880859375,42.17402267456055,34.469607238769534,2.8710181122671403,861.7401809692383,1138.3519220175217,0,1,196766.7318092132,0
2024-06-25,46,46,4,Mixed,2024-06-25_c2,2,307,51.744299674267104,20.096091205211728,51.22413096536792,20.31113284485482,59.34786822061013,293.73886873750905,51.5,20.5,51.5,20.5,0,0,0,29.12221908569336,49.85841751098633,39.27176602267287,6.420407204274895,12056.432168960571,3361.7689578766567,0,1,1967134.0114109828,0
2024-06-26,46,46,4,Mixed,2024-06-26_c0,0,71,25.950704225352112,19.34507042253521,25.996975403013327,19.347504509808488,4.869279096045899,86.82022128895584,25.5,19.5,25.5,19.5,0,0,0,37.576759338378906,43.96733856201172,40.76273797263562,1.470520223983563,2894.154396057129,1626.9506715097718,0,1,401858.3290151057,0
2024-06-26,46,46,4,Mixed,2024-06-26_c1,1,10,22.3,30.2,22.292674808096244,30.18079899180597,2.242389800321188,198.3377448750233,22.5,30.5,22.5,30.5,0,0,0,38.532371520996094,42.19524383544922,40.79275703430176,1.2706428227532245,407.9275703430176,585.3985971934569,0,1,64089.27724926573,0
2024-06-26,46,46,4,Mixed,2024-06-26_c2,2,18,35.666666666666664,30.166666666666668,35.72859111806801,30.28587133549009,14.49695904684953,24.265131234527185,35.5,30.5,35.5,30.5,0,0,0,31.708467483520508,40.68810272216797,36.44823975033231,2.4834235038961188,656.0683155059814,826.1170585954254,0,1,101776.92259338735,0
2024-06-26,46,46,4,Mixed,2024-06-26_c3,3,294,51.79251700680272,19.83333333333333,51.29876106574209,20.003565426300344,55.024406149869634,290.112555741792,51.5,19.5,51.5,20.5,1,0,0,29.386476516723636,48.78791427612305,38.8752904424862,6.168473773256113,11429.335390090942,3367.3196974220764,0,1,1916035.0780503256,0
2024-06-27,46,46,4,Mixed,2024-06-27_c0,0,71,25.950704225352112,19.34507042253521,25.997958097980987,19.34306357739681,4.970106846821838,92.55399152826736,25.5,19.5,25.5,19.5,0,0,0,38.64065933227539,44.11007690429688,41.01881763297067,1.466471740549136,2912.336051940918,1626.9506715097718,0,1,401858.3290151057,0
2024-06-27,46,46,4,Mixed,2024-06-27_c1,1,10,22.3,30.2,22.3059314762324,30.164459775091814,3.981029555575765,171.74837514515988,22.5,30.5,22.5,30.5,0,0,0,36.786041259765625,41.95127868652344,40.74528465270996,1.5228415022370887,407.4528465270996,585.3985971934569,0,1,64089.27724926573,0
2024-06-27,46,46,4,Mixed,2024-06-27_c2,2,18,35.666666666666664,30.166666666666668,35.72021892845686,30.28292984063082,13.8813271005573,21.78783503202609,35.5,30.5,35.5,30.5,0,0,0,31.0606746673584,40.36772918701172,36.4351101981269,2.404441832134076,655.8319835662842,826.1170585954254,0,1,101776.92259338735,0
2024-06-27,46,46,4,Mixed,2024-06-27_c3,3,310,52.303225806451614,20.635483870967743,51.83890033205957,20.836814749548072,53.2501070804209,294.8277744992397,52.5,20.5,51.5,20.5,1,0,0,29.183067321777344,49.01818084716797,39.25513089087702,6.038532377403232,12169.090576171877,3296.9559632662067,0,1,2304640.911323483,0
2024-06-28,46,46,4,Mixed,2024-06-28_c0,0,54,24.77777777777778,19.48148148148148,24.75747442362709,19.49270804154177,2.467320051087795,300.2476230670353,24.5,19.5,24.5,19.5,0,0,0,37.51475524902344,43.054443359375,40.33500932764124,1.1299092968208104,2178.090503692627,1426.8769487344468,0,1,290293.6305517139,0
2024-06-28,46,46,4,Mixed,2024-06-28_c1,1,15,35.43333333333333,29.83333333333333,35.46889825686784,29.9353129759142,11.81500047545873,16.895467513994145,35.5,29.5,35.5,29.5,0,0,0,31.70924186706543,39.51415252685547,36.34008928934733,2.0181232634508945,545.10133934021,826.4570846890318,0,1,105650.87211787644,0
2024-06-28,46,46,4,Mixed,2024-06-28_c2,2,290,53.00344827586207,20.77586206896552,52.48889960436186,20.969314835550648,57.66798351906227,291.8938137789571,53.5,20.5,52.5,20.5,1,0,0,29.336225509643555,49.20220947265625,38.31174908342032,5.8609683383548745,11110.407234191896,3347.0847126462054,0,1,2623397.511836284,0
2024-07-08,47,47,4,Mixed,2024-07-08_c0,0,209,33.45693779904306,41.04066985645933,33.76630128931869,41.17835341876536,30.150162688230207,59.42436296986124,33.5,41.5,33.5,41.5,0,0,0,26.143054962158203,40.50663757324219,31.39360232558547,3.669912075937277,6561.262886047363,3068.9360608594766,0,1,1758348.2440599813,0
2024-07-08,47,47,4,Mixed,2024-07-08_c1,1,12,25.25,18.5,25.258764368030278,18.496703963343563,0.9948552002668024,111.5116047231595,25.5,18.5,25.5,18.5,0,0,0,38.93682098388672,40.397586822509766,39.66394233703613,0.4176627315172758,475.9673080444336,623.4190623982664,0,1,71042.21400016898,0
2024-07-08,47,47,4,Mixed,2024-07-08_c2,2,168,49.32738095238095,20.11309523809524,49.698344592166606,20.269442167383843,42.46110413491452,65.87969254788953,49.5,20.5,49.5,20.5,0,0,0,29.97873306274414,48.03173065185547,39.23315064112345,4.980345307819667,6591.16930770874,2677.1608377280077,0,1,1690030.8528004598,0
2024-07-08,47,47,4,Mixed,2024-07-08_c3,3,11,65.31818181818181,24.045454545454547,65.21528340144724,24.13521397551793,14.432853387367762,313.55816281215107,65.5,24.5,65.5,24.5,0,0,0,29.77119445800781,42.28388977050781,31.49261613325639,3.4267763366271144,346.4187774658203,753.4430474855009,0,1,76891.26365181447,0
2024-07-09,47,47,4,Mixed,2024-07-09_c0,0,493,40.22413793103448,31.56490872210953,41.30218157353203,30.743728483580984,137.31359253715638,131.2524485713097,40.5,31.5,41.5,30.5,1,1,1,25.7254581451416,47.55580139160156,35.641992127919536,5.879561593406304,17571.50211906433,4714.957279338812,0,1,5225436.291650206,0
2024-07-09,47,47,4,Mixed,2024-07-09_c1,1,12,25.25,18.5,25.255540660199298,18.49927552934147,0.5905781630313474,97.80286356437546,25.5,18.5,25.5,18.5,0,0,0,38.96099853515625,40.3952751159668,39.76897398630778,0.506802222509704,477.22768783569336,623.4190623982664,0,1,71042.21400016898,0
2024-07-10,47,47,4,Mixed,2024-07-10_c0,0,620,39.97741935483871,30.866129032258065,41.05180367702103,30.081533875648056,134.9396322507276,129.8608116664998,39.5,30.5,41.5,30.5,1,1,1,25.92615127563477,49.14147186279297,36.958255051028345,6.638943535216637,22914.118131637573,4727.726275444682,0,1,4546139.877907288,0
2024-07-10,47,47,4,Mixed,2024-07-10_c1,1,9,65.27777777777777,23.944444444444443,65.27401764943959,23.949812966046768,0.707146193176056,327.23073770641065,65.5,23.5,65.5,23.5,0,0,0,29.72005844116211,31.148530960083008,30.39861509535048,0.4267110048935998,273.5875358581543,421.7133968935235,0,1,39853.17331959747,0
2024-07-11,47,47,4,Mixed,2024-07-11_c0,0,689,39.02104499274311,29.87300435413643,39.91991738482889,29.1373017939812,119.35677152751384,132.87410351312252,39.5,29.5,39.5,29.5,0,1,1,26.16021156311035,50.486934661865234,37.47986474611589,6.552886903408064,25823.626810073853,4745.528177460658,0,1,4491373.139688155,0
2024-07-11,47,47,4,Mixed,2024-07-11_c1,1,9,65.27777777777777,23.944444444444443,65.27855596397184,23.946156975187453,0.2055525574448579,22.666998230796544,65.5,23.5,65.5,23.5,0,0,0,30.496566772460938,30.89613151550293,30.69080437554253,0.1236683055514384,276.2172393798828,421.7133968935235,0,1,39853.17331959747,0
2024-07-12,47,47,4,Mixed,2024-07-12_c0,0,719,38.55285118219749,29.08414464534075,39.30934717286896,28.292644442586216,114.72144627723428,139.6937411087621,38.5,29.5,39.5,28.5,1,1,0,25.741241455078125,51.10150909423828,37.8738665388423,6.7141057430488775,27231.31004142761,5179.164524489384,0,1,4615431.627263743,1
2024-07-13,47,47,4,Mixed,2024-07-13_c0,0,644,37.50155279503105,28.119565217391305,38.42141850793101,27.14737503677838,140.88113864824825,139.6653956302095,37.5,28.5,38.5,27.5,1,0,0,26.206905364990234,49.72225189208984,37.597008311230205,6.58965867124673,24212.47335243225,4775.921025971438,0,1,4769124.207618355,0
2024-07-14,47,47,4,Mixed,2024-07-14_c0,0,600,36.945,28.02833333333333,37.7514344588897,26.969504214162185,141.8307885206751,145.63015466631023,36.5,28.5,37.5,26.5,1,0,0,25.84558486938477,49.07511901855469,36.87949479738871,6.288879505305103,22127.696878433228,4777.464799837033,0,1,5208132.014897417,0
2024-07-15,47,47,4,Mixed,2024-07-15_c0,0,61,25.139344262295083,20.975409836065573,25.17723116710817,20.97326431851314,3.94694433145883,93.44361824856816,25.5,20.5,25.5,20.5,0,0,0,37.712196350097656,44.37941360473633,40.72530740206359,1.2217874484437257,2484.243751525879,1615.0584830522785,0,1,344220.167703957,0
2024-07-15,47,47,4,Mixed,2024-07-15_c1,1,525,40.23714285714286,30.51904761904762,41.40560361142705,29.56666266855987,154.4177477106566,132.8385810091146,40.5,30.5,41.5,29.5,1,1,1,23.947111129760746,48.64691162109375,35.27339863368443,6.048213194410651,18518.53428268433,5121.766051654982,0,1,5901942.30553529,0
2024-07-16,47,47,4,Mixed,2024-07-16_c0,0,50,24.22,20.76,24.19234206162929,20.77068443022989,3.113540671738912,292.3340187632867,24.5,20.5,24.5,20.5,0,0,0,38.31056213378906,42.135833740234375,40.43261054992676,0.7941883052016735,2021.630527496338,1233.4022799966863,0,1,253543.55947110988,0
2024-07-16,47,47,4,Mixed,2024-07-16_c1,1,511,40.13796477495108,31.210371819960866,41.2697586988498,30.440302983721622,137.8934747315054,127.96141066241792,40.5,31.5,41.5,30.5,1,1,1,23.851512908935547,49.036399841308594,34.98436523930201,5.735560755730991,17877.010637283325,5093.2894501718465,0,1,5748755.535051236,0
2024-07-17,47,47,4,Mixed,2024-07-17_c0,0,44,24.65909090909091,20.09090909090909,24.65005227001644,20.09260377096036,0.9637549916057948,281.226763194197,24.5,20.5,24.5,20.5,0,0,0,38.992897033691406,41.73516082763672,40.3280854658647,0.7048214926242499,1774.4357604980469,1067.5532391840577,0,1,225173.91471577025,0
2024-07-17,47,47,4,Mixed,2024-07-17_c1,1,434,35.66129032258065,32.345622119815665,36.29442343455268,31.605657880557093,101.55558642520916,143.72768396057796,35.5,32.5,36.5,31.5,1,0,0,24.3570556640625,46.68453979492188,34.18310990311583,5.300189364356153,14835.46969795227,4670.620394512576,0,1,4140779.411543745,0
2024-07-17,47,47,4,Mixed,2024-07-17_c2,2,102,56.81372549019608,29.44117647058824,56.84234897866096,29.53608235937519,10.879799489037149,14.774572470567108,56.5,29.5,56.5,29.5,0,0,0,29.874202728271484,48.559356689453125,39.42374440735462,4.443259882153857,4021.221929550171,2349.4477504316333,0,1,741153.6693031213,0
2024-07-18,47,47,4,Mixed,2024-07-18_c0,0,51,26.029411764705884,19.852941176470587,26.06456932822138,19.86132588734393,3.797626649598095,75.84658383353994,26.5,19.5,26.5,19.5,0,0,0,38.26374816894531,43.90372467041016,40.85763908835018,1.2214242064391805,2083.7395935058594,1070.1394133396195,0,1,265801.89474619384,0
2024-07-18,47,47,4,Mixed,2024-07-18_c1,1,549,38.79690346083789,31.99180327868853,39.6247842234458,31.322549047445467,108.03591529448634,133.16512925203668,38.5,31.5,39.5,31.5,1,1,1,26.09882164001465,48.337158203125,35.57648748039982,5.568253476971504,19531.491626739506,5060.470224062672,0,1,4578518.362335842,0
2024-07-19,47,47,4,Mixed,2024-07-19_c0,0,568,38.7306338028169,31.797535211267604,39.68304587300592,31.00714725521558,126.0298113034412,133.80587474268938,38.5,31.5,39.5,31.5,1,1,1,26.00186538696289,47.51445007324219,35.85958770966866,5.912636433439399,20368.2458190918,5068.691217799433,0,1,4332283.975435079,0
2024-07-19,47,47,4,Mixed,2024-07-19_c1,1,44,26.5,19.52272727272728,26.544324026382416,19.52351028499032,4.652995653793132,88.92519920471779,26.5,19.5,26.5,19.5,0,0,0,38.72410583496094,43.94147491455078,40.92304767261852,1.118989222922912,1800.6140975952148,1072.2542760719125,0,1,240417.6460503614,0
2024-07-20,47,47,4,Mixed,2024-07-20_c0,0,547,38.61882998171846,30.648080438756857,39.721774218689184,29.75103991262604,145.4915222128737,132.837773958119,38.5,30.5,39.5,29.5,1,1,1,26.267793655395508,47.7635498046875,35.99103333788772,6.148622595762048,19687.095235824585,5015.1218078327,0,1,4282305.825807342,0
2024-07-20,47,47,4,Mixed,2024-07-20_c1,1,37,27.527027027027028,19.445945945945947,27.58175082858432,19.45398167688695,5.814757217938594,81.19128999084924,27.5,19.5,27.5,19.5,0,0,0,38.8130111694336,44.13350296020508,41.18453989802181,1.415927913188333,1523.8279762268066,845.946058719417,0,1,178891.36691643007,0
2024-07-20,47,47,4,Mixed,2024-07-20_c2,2,7,49.5,42.92857142857143,49.490009062240304,42.93369397372662,0.9944909003343732,304.9087989484074,49.5,42.5,49.5,42.5,0,0,0,28.144695281982425,30.156095504760746,28.90473311288016,0.5900174374586826,202.33313179016116,329.69639365659754,0,1,33559.19714801522,0
2024-07-21,47,47,4,Mixed,2024-07-21_c0,0,659,38.5804248861912,29.336115326251896,39.48341414962443,28.47728998777395,129.67564762930138,137.0065583873597,38.5,29.5,39.5,28.5,1,1,0,26.009286880493164,48.10505676269531,36.78172165055919,6.036802106532891,24239.154567718502,5021.684555311333,0,1,5012849.28728698,1
2024-07-22,47,47,4,Mixed,2024-07-22_c0,0,657,38.89573820395738,29.5730593607306,39.78295212017555,28.816970553821065,120.28394727076002,133.94672653079527,38.5,29.5,39.5,28.5,1,1,0,26.446239471435547,49.48826599121094,36.79447374968043,5.863191181051504,24173.96925354004,5012.0228501412,0,1,5120355.06299069,1
2024-07-23,47,47,4,Mixed,2024-07-23_c0,0,646,39.857585139318886,29.359133126934985,40.85795242725716,28.660004567010574,124.51409709430764,128.24243695473402,39.5,29.5,40.5,28.5,1,1,0,26.545074462890625,48.846866607666016,36.953531076295455,6.0278458873043474,23871.981075286865,4975.493444507768,0,1,5462876.612253347,1
2024-07-24,47,47,4,Mixed,2024-07-24_c0,0,612,42.0686274509804,29.53921568627451,43.15788528553191,28.896424489738788,127.64517180737433,123.66155844499,42.5,29.5,43.5,28.5,1,1,0,25.713180541992188,48.42929458618164,37.12511300728991,6.093448325797131,22720.569160461426,5384.169549574057,0,1,5742183.496156644,1
2024-07-25,47,47,4,Mixed,2024-07-25_c0,0,522,45.45402298850575,28.471264367816094,46.36961543101005,28.10239592107289,98.68453909928404,114.2541703594176,45.5,28.5,46.5,28.5,1,0,0,24.73266220092773,49.17451477050781,37.955321352143855,5.916848659927219,19812.67774581909,5427.671895238716,0,1,5339108.174383738,0
2024-07-25,47,47,4,Mixed,2024-07-25_c1,1,44,34.31818181818182,43.13636363636363,34.32211977982133,43.13362664146766,0.4417171414320779,133.5003411929302,34.5,43.5,34.5,43.5,0,0,0,26.132553100585938,29.20330810546875,27.142439712177623,0.6465170669942149,1194.2673473358154,981.0517870335457,0,1,183835.37723662355,0
2024-07-26,47,47,4,Mixed,2024-07-26_c0,0,392,52.13265306122449,27.744897959183675,52.03919091841551,27.606320946626404,17.911827610636614,211.00387759781117,52.5,27.5,52.5,27.5,0,0,0,20.87965583801269,49.10874176025391,39.672518472282256,4.809187532154623,15551.627241134644,5456.475081832635,0,1,3636096.426613791,0
2024-07-26,47,47,4,Mixed,2024-07-26_c1,1,85,27.488235294117647,34.84117647058824,27.558048856399527,34.80579180529087,7.496713538539277,121.55591404733693,27.5,34.5,27.5,34.5,0,0,0,25.38560676574707,31.43587875366211,28.548908659991096,1.2052219417233576,2426.657236099243,1495.0630952035092,0,1,421294.591400589,0
2024-07-26,47,47,4,Mixed,2024-07-26_c2,2,40,34.6,43.475,34.750257810077734,43.474016599015975,12.157953340576436,90.46320567241357,34.5,43.5,34.5,43.5,0,0,0,23.70555877685547,29.4454288482666,26.51835994720459,1.4922382815373405,1060.7343978881836,969.3852288594792,0,1,164789.68553439865,0
2024-07-27,47,47,4,Mixed,2024-07-27_c0,0,139,29.4568345323741,37.87410071942446,29.392213841866702,37.7638768221926,13.49243244170393,204.9615810839481,29.5,37.5,29.5,37.5,0,0,0,24.6206169128418,33.82872009277344,28.46914969245307,1.6492974718172526,3957.211807250977,2019.636745852987,0,1,1020203.22728345,0
2024-07-27,47,47,4,Mixed,2024-07-27_c1,1,10,25.7,19.8,25.690572211637654,19.79627283526689,1.0705484333830804,247.33218640103024,25.5,19.5,25.5,19.5,0,0,0,38.99990081787109,41.04601287841797,39.8814754486084,0.5806569813289152,398.814754486084,638.0867884043207,0,1,78743.31724260247,0
2024-07-27,47,47,4,Mixed,2024-07-27_c2,2,20,37.45,22.8,37.4731118405491,22.74765733114762,6.26355987078767,157.72847089576754,37.5,22.5,37.5,22.5,0,0,0,32.24298477172852,36.93053436279297,33.72384910583496,1.2157805042873109,674.4769821166992,1363.2843464423052,0,1,109789.3987329738,0
2024-07-27,47,47,4,Mixed,2024-07-27_c3,3,327,57.63761467889909,29.42966360856269,57.380362463867975,29.191662539819173,36.3382542561576,223.51400441724925,57.5,29.5,57.5,29.5,0,0,0,21.907575607299805,50.03865051269531,40.49745151391452,5.630547479673451,13242.666645050049,4019.6734644749586,0,1,1882190.241073924,0
2024-07-28,47,47,4,Mixed,2024-07-28_c0,0,149,29.251677852349,37.98322147651007,29.21093641817833,37.908755927464576,9.007756099831584,203.4377027798305,29.5,37.5,29.5,37.5,0,0,0,26.121938705444336,36.596378326416016,29.06879338002045,2.0191799930048107,4331.250213623047,2000.4599856651703,0,1,980160.291973898,0
2024-07-28,47,47,4,Mixed,2024-07-28_c1,1,23,37.93478260869565,21.76086956521739,37.95447189273949,21.713816851494467,5.594007326860682,158.64302134579214,37.5,21.5,37.5,21.5,0,0,0,32.244869232177734,36.61016845703125,33.59208646027938,0.9862462347432378,772.6179885864258,1511.4195426836598,0,1,121935.7321962332,0
2024-07-28,47,47,4,Mixed,2024-07-28_c2,2,311,57.660771704180064,29.08842443729904,57.461625219807445,28.936694867300154,25.676102236603924,229.13092173545664,57.5,29.5,57.5,28.5,1,0,0,22.221729278564453,49.90522766113281,40.49592087429819,5.582590638367702,12594.231391906738,3947.6782591053657,0,1,1845431.27670268,0
2024-07-29,47,47,4,Mixed,2024-07-29_c0,0,151,29.27483443708609,37.93046357615894,29.2033352275055,37.87187640639925,9.046036318255304,224.0612912124677,29.5,37.5,29.5,37.5,0,0,0,26.17841339111328,37.40087127685547,29.16721221469096,2.3883451672635045,4404.249044418335,2001.4583536707573,0,1,965055.0280974464,0
2024-07-29,47,47,4,Mixed,2024-07-29_c1,1,259,55.17953667953668,27.368725868725868,55.24506343601201,27.25013387723919,14.654459833001503,153.71555008468226,55.5,27.5,55.5,27.5,0,0,0,22.137025833129883,49.16437530517578,39.17302603703208,5.5282610125724565,10145.813743591309,3906.635167754604,0,1,2558170.4143043365,0
2024-08-05,48,48,4,Mixed,2024-08-05_c0,0,397,45.31360201511336,35.721662468513856,46.58253735366067,35.629785690949866,115.32902651613024,94.7007537941664,45.5,35.5,46.5,35.5,1,1,1,23.45692253112793,47.85668182373047,34.88138281968739,5.803005081992053,13847.908979415894,4495.585732713942,0,1,3310228.1778652864,0
2024-08-05,48,48,4,Mixed,2024-08-05_c1,1,11,48.22727272727273,16.59090909090909,48.241288634437865,16.613914712503764,2.952716001026897,30.430235595462065,48.5,16.5,48.5,16.5,0,0,0,38.62358093261719,43.656063079833984,41.58551545576616,1.4392469098491316,457.4406700134277,480.6404260808633,0,1,53072.31291867217,0
2024-08-06,48,48,4,Mixed,2024-08-06_c0,0,406,46.022167487684726,36.00738916256157,47.32465414117659,35.9841835875311,117.4705942528246,90.87315334583236,46.5,36.5,47.5,35.5,1,1,1,21.94737243652344,48.7226791381836,35.40067358439779,6.152857850743996,14372.673475265505,4595.713067530564,0,1,3369318.12164703,0
2024-08-06,48,48,4,Mixed,2024-08-06_c1,1,11,48.22727272727273,16.59090909090909,48.23555609047756,16.61158263439384,2.452648903626784,21.12283338349141,48.5,16.5,48.5,16.5,0,0,0,38.68321228027344,42.79557800292969,41.066289381547406,1.285265774909406,451.7291831970215,480.6404260808633,0,1,53072.31291867217,0
2024-08-07,48,48,4,Mixed,2024-08-07_c0,0,407,46.6990171990172,36.28132678132678,47.99583467873804,36.34088034912897,116.6513255205453,86.36861547100261,46.5,36.5,47.5,36.5,1,1,1,23.02207946777344,46.73067474365234,35.57208372392584,5.962120196084316,14477.838075637816,4826.613809979189,0,1,3357000.8765196907,0
2024-08-07,48,48,4,Mixed,2024-08-07_c1,1,11,48.22727272727273,16.59090909090909,48.24058450668354,16.609341186599284,2.485662217717392,34.85106942949296,48.5,16.5,48.5,16.5,0,0,0,38.51178741455078,42.13977813720703,40.27728410200639,1.090349576543078,443.0501251220703,480.6404260808633,0,1,53072.31291867217,0
2024-08-08,48,48,4,Mixed,2024-08-08_c0,0,373,45.288203753351205,36.27479892761394,46.9178191907216,36.17657911953099,146.91538706440477,93.7724585554564,45.5,36.5,46.5,36.5,1,1,1,23.875247955322266,47.63053894042969,35.15273957341989,6.412754647915612,13111.97186088562,4593.326154648806,0,1,3776615.0957526094,0
2024-08-08,48,48,4,Mixed,2024-08-08_c1,1,11,48.22727272727273,16.59090909090909,48.235163222054624,16.60984156844886,2.258017829855824,21.892670334220828,48.5,16.5,48.5,16.5,0,0,0,39.38964080810547,43.11802291870117,41.54716318303888,1.1557802040078409,457.0187950134277,480.6404260808633,0,1,53072.31291867217,0
2024-08-09,48,48,4,Mixed,2024-08-09_c0,0,371,43.76684636118598,35.602425876010784,45.37239798445289,35.223989656514604,151.74919112563677,105.59601448006056,43.5,35.5,45.5,35.5,1,1,1,23.075347900390625,48.19367218017578,34.49656846388331,6.40237301364386,12798.226900100708,4629.306406043378,0,1,3747859.896499264,0
2024-08-09,48,48,4,Mixed,2024-08-09_c1,1,11,49.22727272727273,43.04545454545455,49.2086882739539,43.059336342053705,2.161212418644864,315.5326444285983,49.5,43.5,49.5,43.5,0,0,0,29.12031364440918,31.53267478942871,29.963430751453743,0.7242003106355955,329.5977382659912,411.8322495490485,0,1,44576.76012843788,0
2024-08-10,48,48,4,Mixed,2024-08-10_c0,0,399,41.830827067669176,34.11904761904762,43.349531519256665,33.507192185187755,156.13038333217378,115.34032368095312,41.5,34.5,43.5,33.5,1,1,1,25.36745834350586,48.53273010253906,34.94209308672071,6.473048262244815,13941.895141601562,4599.787237873131,0,1,4385912.754046071,0
2024-08-10,48,48,4,Mixed,2024-08-10_c1,1,9,49.61111111111112,42.833333333333336,49.62005284787585,42.83577538823247,0.7797828906118447,69.63801948324533,49.5,42.5,49.5,42.5,0,0,0,28.150859832763672,29.608020782470703,29.227217356363933,0.4477465535345599,263.0449562072754,341.6192683622424,0,1,33842.04554352473,0
2024-08-11,48,48,4,Mixed,2024-08-11_c0,0,437,40.255148741418765,34.27116704805492,41.67683536564228,33.641739555267165,148.80228255787503,117.58309536143236,40.5,34.5,41.5,33.5,1,1,1,22.995433807373047,50.426025390625,35.00807498521608,6.378694691526567,15298.528768539429,4679.148136382527,0,1,4403842.220332072,0
2024-08-12,48,48,4,Mixed,2024-08-12_c0,0,284,30.950704225352112,34.7887323943662,31.328127270946585,34.05057557457136,88.93086523103216,156.92978684748968,30.5,34.5,31.5,34.5,1,0,0,26.11107635498047,44.341426849365234,32.71214563074246,5.132129033186655,9290.24935913086,3832.7385668831475,0,1,2108130.466480347,0
2024-08-12,48,48,4,Mixed,2024-08-12_c1,1,156,58.09615384615385,32.44230769230769,57.90233287119416,32.29416114407611,24.54860962559227,228.0449351237294,58.5,32.5,57.5,32.5,1,0,0,22.833011627197266,50.38722229003906,39.45886622942411,5.72528000088974,6155.583131790161,2248.1685030896324,0,1,736348.604648574,0
2024-08-13,48,48,4,Mixed,2024-08-13_c0,0,514,41.67898832684825,33.59338521400778,42.88883015619543,33.01769033732241,129.50489086160874,119.20659990709784,41.5,33.5,42.5,33.5,1,1,1,22.33011245727539,50.65462493896485,36.19052629804797,6.477108629677998,18601.93051719665,4677.302478889703,0,1,4903612.068827705,0
2024-08-14,48,48,4,Mixed,2024-08-14_c0,0,511,41.69960861056752,33.25146771037182,42.93863128149922,32.68121714001769,131.97319404720645,118.29535422381068,41.5,33.5,42.5,32.5,1,1,1,21.78158187866211,51.71556091308594,36.42272835001787,6.506140026014919,18612.01418685913,4880.654584797675,0,1,4898923.210561936,0
2024-08-15,48,48,4,Mixed,2024-08-15_c0,0,483,41.802277432712216,33.506211180124225,43.08104351158534,32.94497946448319,134.47165860217325,117.221853239264,41.5,33.5,43.5,32.5,1,1,1,21.911840438842773,51.25932312011719,36.546848269476406,6.661396011472776,17652.127714157104,4931.722067014121,0,1,4578101.280900404,0
2024-08-16,48,48,4,Mixed,2024-08-16_c0,0,195,27.494871794871795,37.823076923076925,27.230237765277536,37.81338996481971,23.325496626438863,267.43916127353214,27.5,37.5,27.5,37.5,0,0,0,25.61663246154785,40.37132263183594,31.353524291209684,3.781119028976236,6113.937236785889,2138.1088039399706,0,1,1120267.8054783398,0
2024-08-16,48,48,4,Mixed,2024-08-16_c1,1,10,26.5,21.3,26.50959469186145,21.324038943194797,2.8416870081875176,20.504634769074908,26.5,21.5,26.5,21.5,0,0,0,38.21270751953125,40.979637145996094,39.94018898010254,0.8114170782233525,399.4018898010254,695.115721145498,0,1,131919.19819917655,0
2024-08-16,48,48,4,Mixed,2024-08-16_c2,2,218,50.46788990825688,29.05504587155963,50.28636942839486,29.013007449456403,18.28497534428393,255.2811209985593,50.5,29.5,50.5,29.5,0,0,0,25.110502243041992,49.79489135742188,41.36491680145264,5.373016923172109,9017.551862716677,3695.6830110262554,0,1,1414093.9593133037,0
2024-08-17,48,48,4,Mixed,2024-08-17_c0,0,384,37.614583333333336,33.278645833333336,38.93133723882477,32.51235231420249,149.6654302750339,124.23918560705488,37.5,33.5,38.5,32.5,1,0,1,24.37298011779785,50.20502471923828,35.89609278738499,7.06274166928328,13784.099630355837,4629.742477723388,0,1,3629357.1804672526,1
2024-08-18,48,48,4,Mixed,2024-08-18_c0,0,366,35.95628415300546,33.904371584699454,37.17313358283307,32.962087503118575,154.03493939087028,132.3880359041645,35.5,33.5,37.5,32.5,1,0,0,21.09868431091309,49.7739372253418,35.19990822005142,7.2127766168175,12883.166408538818,4146.2765009256,0,1,3243287.65342035,0
2024-08-18,48,48,4,Mixed,2024-08-18_c1,1,9,65.94444444444444,33.72222222222222,65.705392295103,33.62427231005608,24.687961841503665,243.95841132018967,65.5,33.5,65.5,33.5,0,0,0,24.936840057373047,42.35971832275391,31.014720280965168,5.241725261613684,279.1324825286865,513.0548691945179,0,1,41033.39788665527,0
2024-08-19,48,48,4,Mixed,2024-08-19_c0,0,385,35.35194805194805,34.13376623376623,36.18726406673553,33.22472467260159,127.14507450079924,142.23491714546412,35.5,34.5,36.5,33.5,1,0,0,22.585844039916992,49.75495910644531,35.13469269492409,6.894977103531778,13526.856687545776,3828.3708795740436,0,1,2988951.3575235098,0
2024-08-20,48,48,4,Mixed,2024-08-20_c0,0,390,32.45897435897436,33.95128205128205,32.648870294000105,33.00372859490206,106.5677230966084,170.41403050434877,32.5,33.5,32.5,33.5,0,0,0,21.74180603027344,47.02611923217773,34.53341377453926,6.1909278712115725,13468.031372070312,3550.0407666374313,0,1,3037488.136546705,0
2024-08-21,48,48,4,Mixed,2024-08-21_c0,0,402,32.46268656716418,34.64427860696517,32.36575944395034,33.79999866613569,94.07782529783306,185.4748447665224,32.5,34.5,32.5,33.5,1,0,0,22.73814010620117,46.67014694213867,33.98388835565368,5.814861305538349,13661.523118972778,3743.864584440562,0,1,2875004.913581016,0
2024-08-22,48,48,4,Mixed,2024-08-22_c0,0,422,32.96919431279621,35.04739336492891,33.0087159391901,34.21352211347521,92.57549032391462,177.74525100037798,32.5,35.5,33.5,34.5,1,0,0,21.0457820892334,47.55467224121094,33.982985844544324,5.974639518218976,14340.820026397703,3810.1945571712126,0,1,3019716.0568808857,0
2024-08-23,48,48,4,Mixed,2024-08-23_c0,0,70,23.714285714285715,23.97142857142857,23.66041898567749,24.00985568466659,6.939783196576058,307.8388649011457,23.5,23.5,23.5,24.5,1,0,0,37.68402862548828,44.08564376831055,41.13290002005441,1.4592002127055683,2879.3030014038086,1135.5564624494398,0,1,336317.5863232277,0
2024-08-23,48,48,4,Mixed,2024-08-23_c1,1,337,35.03412462908012,37.24480712166172,35.76354915239457,36.64932978337373,92.67350846256043,135.2663146784317,35.5,37.5,35.5,36.5,1,0,0,21.17858123779297,48.567848205566406,33.000089085066705,6.211108749018673,11121.03002166748,3191.5508639624745,0,1,2437610.036518704,0
2025-06-14,49,49,3,Temporally clustered,2025-06-14_c0,0,312,44.00961538461539,22.27243589743589,44.0984733862725,22.57324347548244,34.54361545160482,15.339977667037427,44.5,22.5,44.5,22.5,0,0,0,29.19926071166992,50.61170959472656,42.07472835442959,4.118721198298419,13127.315246582031,4892.284992763778,0,1,2954199.321293613,0
2025-06-14,49,49,3,Temporally clustered,2025-06-14_c1,1,23,59.5,44.45652173913044,59.467063519073,44.43372455162282,3.645762182681888,225.99655323504504,59.5,44.5,59.5,44.5,0,0,0,34.42230987548828,40.25740051269531,38.53024756390116,1.8948784407941848,886.1956939697266,774.4009090929723,0,1,110958.8074102534,0
2025-06-14,49,49,3,Temporally clustered,2025-06-14_c2,2,39,66.16666666666667,19.67948717948718,66.17402184391428,19.683887038279327,0.9121588784807104,57.724645795439166,66.5,19.5,66.5,19.5,0,0,0,29.60497283935547,30.587087631225582,29.965813123262844,0.2096103541954784,1168.666711807251,901.7730165139116,0,1,197090.56074960477,0
2025-06-15,49,49,3,Temporally clustered,2025-06-15_c0,0,22,23.181818181818183,15.045454545454543,23.114684534289065,15.075335489615895,7.939423054528985,294.6188446873634,23.5,15.5,23.5,15.5,0,0,0,36.51561737060547,43.77765655517578,39.95809745788574,2.019110307086327,879.0781440734863,782.1006933990682,0,1,120051.7709205128,0
2025-06-15,49,49,3,Temporally clustered,2025-06-15_c1,1,313,46.83865814696485,22.468051118210862,46.82635178785503,22.75410405641363,31.702363915469967,357.71503895586864,46.5,22.5,46.5,22.5,0,0,0,28.991365432739254,51.34836959838867,42.43170903361263,4.539108363918003,13281.124927520752,3606.0334910333563,0,1,2154019.189232772,0
2025-06-15,49,49,3,Temporally clustered,2025-06-15_c2,2,35,60.81428571428572,44.18571428571428,60.79927388476907,44.1697982796725,2.1374555043906422,214.1732453687888,60.5,44.5,60.5,44.5,0,0,0,34.832855224609375,41.72771453857422,39.90062473842076,1.6973151597472986,1396.5218658447266,912.6018692927647,0,1,152008.58997348402,0
2025-06-15,49,49,3,Temporally clustered,2025-06-15_c3,3,25,66.14,20.7,66.14840871767282,20.703679886206643,0.9660896255596012,65.05577376920918,66.5,20.5,66.5,20.5,0,0,0,29.621435165405277,30.39669418334961,29.942119827270503,0.1764226392588515,748.5529956817627,800.8659764627197,0,1,126301.7023392298,0
2025-07-14,50,50,4,Mixed,2025-07-14_c0,0,387,40.9031007751938,32.854005167958654,41.65667785534924,31.900332702394078,127.33017033257448,145.95366470324217,40.5,32.5,41.5,31.5,1,1,1,23.86671257019043,48.92854690551758,36.70416789091835,6.838199821968035,14204.5129737854,4405.444967353723,0,1,3619925.618951381,0
2025-07-15,50,50,4,Mixed,2025-07-15_c0,0,356,40.97191011235955,32.081460674157306,41.95757264024076,30.8685243911952,163.8880987185579,144.88585549651356,40.5,32.5,41.5,30.5,1,1,1,24.091026306152344,48.04154968261719,36.11642130305258,6.923834228590335,12857.44598388672,4444.832383908098,0,1,4099784.749925327,0
2025-07-16,50,50,4,Mixed,2025-07-16_c0,0,385,44.04545454545455,32.58831168831169,45.19660865703705,31.592289303869546,154.94159080826293,135.15776892119175,44.5,32.5,45.5,31.5,1,1,1,25.16033172607422,49.02471923828125,37.13230255424202,6.93578818360274,14295.93648338318,4434.7897842869925,0,1,5368573.9739139965,0
2025-07-17,50,50,4,Mixed,2025-07-17_c0,0,464,48.769396551724135,33.29956896551724,49.65130358966996,32.672519717179824,107.8455413630456,129.91200677101511,48.5,33.5,49.5,32.5,1,0,0,21.08883285522461,50.2279052734375,38.12364332018228,6.337643267891508,17689.370500564575,4487.889720728464,0,1,5364676.183558704,0
2025-07-18,50,50,4,Mixed,2025-07-18_c0,0,454,51.02422907488987,33.25110132158591,51.76115659812892,32.834291229281654,82.91609949324207,123.68213107715611,51.5,33.5,51.5,32.5,1,0,0,22.87722587585449,47.46820068359375,38.38342867863861,5.818290323906076,17426.07662010193,4378.606777416959,0,1,4954604.015940058,0
2025-07-19,50,50,4,Mixed,2025-07-19_c0,0,321,53.92367601246106,38.07320872274144,54.75294624837493,37.88022512110154,75.94303953746916,106.12763276658984,53.5,38.5,54.5,37.5,1,0,0,21.608095169067383,47.26162338256836,37.42855227104971,5.449639204168924,12014.565279006958,3785.4243516947713,0,1,2397315.021773193,0
2025-07-19,50,50,4,Mixed,2025-07-19_c1,1,101,45.36138613861386,18.440594059405942,45.83977760854211,18.525834666801565,51.39762999282177,79.34660265638261,45.5,18.5,45.5,18.5,0,0,0,30.10974884033203,46.17708206176758,38.98615669023873,4.864995963918672,3937.6018257141113,2291.5884229579933,0,1,1055987.0156864594,0
2025-07-20,50,50,4,Mixed,2025-07-20_c0,0,88,26.25,39.09090909090909,26.14095355045779,39.26313184628985,21.31574136299919,333.7993969697211,26.5,39.5,26.5,39.5,0,0,0,25.84689140319824,36.32809448242188,30.393551913174715,2.8369518525900888,2674.632568359375,1583.3946299961576,0,1,472489.43820401817,0
2025-07-20,50,50,4,Mixed,2025-07-20_c1,1,10,24.4,20.1,24.393001750956007,20.098009313085612,0.764347141894647,253.24352688294687,24.5,20.5,24.5,20.5,0,0,0,38.49214172363281,39.98922729492188,39.20086631774903,0.4560896649353182,392.00866317749023,383.7497750947579,0,1,51989.69218081588,0
2025-07-20,50,50,4,Mixed,2025-07-20_c2,2,192,48.99479166666666,38.125,49.42941717169892,37.74140166322781,57.20792610473819,137.96163314313677,48.5,38.5,49.5,37.5,1,0,0,22.85468864440918,48.94145584106445,35.44422866900762,5.435820902680953,6805.291904449463,2856.6357725793378,0,1,1291752.9799994174,0
2025-07-20,50,50,4,Mixed,2025-07-20_c3,3,82,46.90243902439025,17.182926829268293,47.291861902176855,17.405774131353144,48.19180715160466,59.16053368193353,46.5,17.5,47.5,17.5,1,0,0,28.87641716003418,46.45906448364258,39.48120766151242,5.010349178151745,3237.4590282440186,1841.0216806216033,0,1,788049.1571953159,0
2025-07-20,50,50,4,Mixed,2025-07-20_c4,4,77,65.77272727272727,37.175324675324674,65.59537213097269,37.05988666699396,20.31206511040896,230.9500508920215,65.5,37.5,65.5,37.5,0,0,0,22.38947868347168,45.94578552246094,38.24822358961229,4.919987147985797,2945.1132164001465,1979.0800253916543,0,1,533861.5081415059,0
2025-07-21,50,50,4,Mixed,2025-07-21_c0,0,347,38.580691642651296,38.51729106628242,39.48972557873039,38.28738083232235,83.40455742386666,107.53494554649988,38.5,38.5,39.5,38.5,1,0,0,22.194456100463867,49.69513702392578,33.590200121876826,5.381933414209808,11655.79944229126,3702.2897967817153,0,1,2641617.682789719,0
2025-07-21,50,50,4,Mixed,2025-07-21_c1,1,11,24.59090909090909,20.045454545454547,24.58892884296395,20.04659491373828,0.2426020281878168,301.35782713476107,24.5,20.5,24.5,20.5,0,0,0,38.81477355957031,40.18059921264648,39.45883282748136,0.4317924252459722,434.0471611022949,418.3053783199189,0,1,59679.726090895936,0
2025-07-21,50,50,4,Mixed,2025-07-21_c2,2,92,46.619565217391305,17.456521739130434,46.95255392136155,17.700498208677825,44.481449404934025,52.57369026168649,46.5,17.5,46.5,17.5,0,0,0,29.788116455078125,46.58069610595703,40.04322864698327,4.591793677189401,3683.977035522461,2073.1505107849594,0,1,832425.3983694769,0
2025-07-21,50,50,4,Mixed,2025-07-21_c3,3,81,65.74691358024691,37.117283950617285,65.5670103488317,37.08596008221011,16.36562031268372,257.79033889298285,65.5,37.5,65.5,37.5,0,0,0,21.41290283203125,45.47929382324219,38.91469383239746,4.775359527345364,3152.0902004241943,1979.3853073687892,0,1,538742.878185608,0
2025-07-22,50,50,4,Mixed,2025-07-22_c0,0,736,44.58559782608695,34.838315217391305,45.69466563732822,34.3386774148504,115.86491529626738,118.26308618789776,44.5,34.5,45.5,34.5,1,1,1,22.32232093811035,48.5965576171875,36.37694770875184,5.877066459137865,26773.43351364136,4737.103947190902,0,1,6054906.677839754,0
2025-07-22,50,50,4,Mixed,2025-07-22_c1,1,10,24.6,20.2,24.60353394474223,20.198872051384186,0.3898866731423279,108.67904159694596,24.5,20.5,24.5,20.5,0,0,0,38.30147933959961,40.17891693115234,38.978309631347656,0.5870110921973604,389.78309631347656,417.89217317437505,0,1,55287.89028604496,0
2025-07-23,50,50,4,Mixed,2025-07-23_c0,0,783,43.43869731800766,34.09897828863346,44.56815907989857,33.532881542655296,121.97206737984072,120.66833644643071,43.5,34.5,44.5,33.5,1,1,1,22.370460510253903,49.69988250732422,36.5949364731595,6.092803212749299,28653.835258483887,4774.7699186467125,0,1,6111420.789043253,0
2025-07-23,50,50,4,Mixed,2025-07-23_c1,1,15,25.766666666666666,20.5,25.798214777784423,20.507762872616453,3.401160956289719,75.35784281225698,25.5,20.5,25.5,20.5,0,0,0,39.07206726074219,42.36155700683594,39.90334803263347,0.907446701353408,598.550220489502,862.9797156042973,0,1,87950.69015084275,0
2025-07-24,50,50,4,Mixed,2025-07-24_c0,0,823,41.84021871202916,33.40765492102066,42.77487872981696,32.77514483097892,111.95730449627212,128.5412649466962,41.5,33.5,42.5,32.5,1,1,1,21.259973526000977,50.761138916015625,37.01524969265498,6.13415969316879,30463.550497055054,5074.638608326584,0,1,6273603.04000373,0
2025-07-25,50,50,4,Mixed,2025-07-25_c0,0,677,37.095273264401776,31.442392909896604,37.78064893961229,30.577858059407237,116.063734152986,145.49658010280652,37.5,31.5,37.5,30.5,1,0,0,25.35950469970703,50.716426849365234,37.02665865403687,6.375118000065204,25067.04790878296,4604.968850475656,0,1,4463611.298156394,0
2025-07-25,50,50,4,Mixed,2025-07-25_c1,1,92,64.02173913043478,38.80434782608695,63.89388072966015,38.86412260793834,12.933713039006918,300.9077682483377,64.5,38.5,63.5,38.5,1,0,0,21.142520904541016,45.41699981689453,38.84328052271968,4.121560768388105,3573.58180809021,1696.4840753304952,0,1,595695.5910791723,0
2025-07-26,50,50,4,Mixed,2025-07-26_c0,0,685,36.79197080291971,31.53795620437956,37.37058425197785,30.73881960963852,104.37913038219692,147.93582547204355,36.5,31.5,37.5,30.5,1,0,0,26.321889877319336,50.269020080566406,37.18033347582295,6.297396130657819,25468.52843093872,4603.401186667745,0,1,4324739.151746342,0
2025-07-26,50,50,4,Mixed,2025-07-26_c1,1,36,66.80555555555556,39.75,66.68741740873801,39.79041657806213,11.07214099947186,293.9472673117397,66.5,39.5,66.5,39.5,0,0,0,20.680219650268555,42.46025085449219,37.527675575680206,4.785516322337466,1350.9963207244873,1161.5898271854912,0,1,260488.0825200659,0
2025-07-27,50,50,4,Mixed,2025-07-27_c0,0,688,37.41133720930232,31.80959302325581,38.02573648826558,30.94346357797163,112.41932955992716,148.5147501823169,37.5,31.5,38.5,30.5,1,0,1,21.12684631347656,50.9936752319336,36.97523799885151,6.638304985347259,25438.96374320984,4391.8904773486665,0,1,4149819.2257139417,1
2025-07-28,50,50,4,Mixed,2025-07-28_c0,0,617,38.80145867098865,32.19529983792545,39.45828544979163,31.331182219845505,114.2469855889624,146.8260989983433,38.5,32.5,39.5,31.5,1,1,1,22.711339950561523,51.01773071289063,37.041799325803886,6.769302341973882,22854.790184021,4339.1731923910975,0,1,3776112.685031076,0
2025-07-29,50,50,4,Mixed,2025-07-29_c0,0,455,42.02307692307692,33.64725274725275,42.98882911165655,32.680876229819496,140.00728951554066,139.68719702857308,42.5,33.5,42.5,32.5,1,1,1,23.643047332763672,50.01842880249024,37.22327633532849,7.157534281015281,16936.590732574463,4051.536113461311,0,1,2954877.447182926,0
2025-07-29,50,50,4,Mixed,2025-07-29_c1,1,49,33.5,21.663265306122447,33.12762273960406,21.58596710707303,39.49146088049002,257.55180283920174,33.5,21.5,33.5,21.5,0,0,0,31.94948959350586,42.87884521484375,37.85962848274075,3.888540656029985,1855.1217956542969,1613.6600012527574,0,1,662486.2507078291,0
2025-07-30,50,50,4,Mixed,2025-07-30_c0,0,463,43.1133909287257,32.538876889848815,44.01968493741499,31.49404492872311,144.0625810537143,143.29314912856847,43.5,32.5,44.5,31.5,1,1,1,24.894290924072266,50.27579498291016,37.45364689672483,7.144024365578985,17341.038513183594,4020.9765633673246,0,1,3142124.600453304,0
2025-07-31,50,50,4,Mixed,2025-07-31_c0,0,419,43.9964200477327,31.99880668257757,44.8989599643206,30.778972826715293,160.19168304089288,147.36029293300632,43.5,31.5,44.5,30.5,1,1,1,22.475786209106445,49.50580978393555,36.69033547631312,7.245913437803487,15373.250564575195,4087.746060484075,0,1,3372738.0568239745,0
2025-08-01,50,50,4,Mixed,2025-08-01_c0,0,19,29.76315789473684,34.71052631578947,29.857183631721725,34.82368392700943,15.22094791844493,34.41131261760273,29.5,34.5,29.5,34.5,0,0,0,26.3604679107666,33.60220718383789,28.49107431110583,2.4490719110449817,541.3304119110107,846.161954927496,0,1,219278.32468070305,0
2025-08-01,50,50,4,Mixed,2025-08-01_c1,1,351,45.86182336182336,31.548433048433047,46.52330715643504,30.284752827557003,153.707901165287,155.5392197848849,45.5,31.5,46.5,30.5,1,1,1,21.995269775390625,49.55885314941406,36.63903022287918,6.859812920050788,12860.29960823059,4090.8277014815003,0,1,2996174.842317877,0
2025-08-07,51,51,4,Mixed,2025-08-07_c0,0,390,40.24358974358975,35.792307692307695,40.879768250763,34.9834710516289,106.74136902389408,147.0299151198572,40.5,35.5,40.5,34.5,1,1,1,23.79156494140625,49.57941436767578,34.93739446004232,6.487705112762627,13625.583839416504,3446.832107132425,0,1,2734927.5918805148,0
2025-08-08,51,51,4,Mixed,2025-08-08_c0,0,427,39.08313817330211,35.53747072599531,39.87618746782435,34.79868475267277,109.25910968269204,138.376063018256,39.5,35.5,39.5,34.5,1,1,1,22.589820861816406,49.82178115844727,35.20235106314094,6.892314071692163,15031.403903961182,3788.363923761436,0,1,2630359.544456059,0
2025-08-09,51,51,4,Mixed,2025-08-09_c0,0,445,37.28876404494382,35.576404494382025,38.14915381951588,34.97334189271228,102.97631655014996,130.27198543013512,37.5,35.5,38.5,34.5,1,0,1,25.18371963500977,49.39046096801758,35.70413238868285,6.986471631540442,15888.338912963867,3786.681051107561,0,1,2614533.5494999965,1
2025-08-09,51,51,4,Mixed,2025-08-09_c1,1,16,66.9375,40.0625,66.68416239939839,40.27378760665384,31.87668749231672,317.4725235465804,66.5,40.5,66.5,40.5,0,0,0,21.809833526611328,40.709808349609375,34.57769274711609,6.082619956667709,553.2430839538574,1066.8547003000606,0,1,100313.08316008556,0
2025-08-10,51,51,4,Mixed,2025-08-10_c0,0,421,34.770783847981,34.34085510688836,35.702335855516665,33.64759953815078,115.41445935025536,131.51829478338982,34.5,34.5,35.5,33.5,1,0,0,25.54349136352539,50.00178527832031,36.2242944087665,7.050368501674475,15250.427946090698,3369.6968004674363,0,1,2108864.3588000247,0
2025-08-10,51,51,4,Mixed,2025-08-10_c1,1,17,66.91176470588235,39.97058823529412,66.67100200691314,40.172501581625646,30.404869702558194,317.5852795447808,66.5,39.5,66.5,40.5,1,0,0,22.155519485473636,41.51198959350586,35.10816080429975,6.092738345244975,596.8387336730957,1067.304231263296,0,1,102894.1317457321,0
2025-08-11,51,51,4,Mixed,2025-08-11_c0,0,452,34.466814159292035,33.0287610619469,35.2845799888027,32.297813637261186,111.6036467075309,136.3576546465827,34.5,33.5,35.5,32.5,1,0,0,25.909984588623047,49.68162536621094,36.63456283839403,6.76275985212151,16558.8224029541,3783.0602042771707,0,1,2575982.2849468905,0
2025-08-11,51,51,4,Mixed,2025-08-11_c1,1,17,66.91176470588235,39.97058823529412,66.68138830041212,40.15891599835957,28.69772521108556,316.84895682384285,66.5,39.5,66.5,40.5,1,0,0,22.857065200805664,42.080352783203125,35.43840116613052,5.926104163863403,602.4528198242188,1067.304231263296,0,1,102894.1317457321,0
2025-08-12,51,51,4,Mixed,2025-08-12_c0,0,448,34.479910714285715,31.575892857142858,35.2095426652567,30.981093302311518,95.79375714016024,133.31625659755983,34.5,31.5,35.5,30.5,1,0,0,25.82453155517578,49.35862731933594,36.97082399896213,6.434219497441958,16562.929151535034,4060.3664401839424,0,1,2700399.274361189,0
2025-08-13,51,51,4,Mixed,2025-08-13_c0,0,450,35.39555555555555,30.284444444444443,36.02641064073113,29.837314280117507,78.4679997022815,129.01494780143372,35.5,30.5,36.5,29.5,1,0,0,25.4293155670166,50.29198455810547,38.38625367058648,6.018097494010217,17273.814151763916,4122.200325283588,0,1,2747138.449978504,0
2025-08-14,51,51,4,Mixed,2025-08-14_c0,0,437,37.11327231121282,28.99199084668192,37.65087057599208,28.6334251319291,65.82673683336716,127.00675683751032,37.5,28.5,37.5,28.5,0,0,0,25.758777618408203,50.03559112548828,39.30867019670779,5.792176192360943,17177.888875961304,3621.4678791803553,0,1,2572167.949652954,0
2025-08-14,51,51,4,Mixed,2025-08-14_c1,1,14,21.928571428571427,43.92857142857143,21.92062783770963,43.95221324912034,2.703179173581735,346.3562708023551,21.5,43.5,21.5,43.5,0,0,0,27.9407958984375,35.87791442871094,32.75638280596052,1.932620253900199,458.58935928344727,520.3203127245068,0,1,89463.32340982289,0
2025-08-15,51,51,4,Mixed,2025-08-15_c0,0,386,37.45077720207254,28.48963730569948,37.935950170346665,28.17844637149036,58.75989178273082,125.8237376591548,37.5,28.5,37.5,28.5,0,0,0,25.87327766418457,50.28360748291016,39.2935595339444,5.837579265511648,15167.31398010254,3627.3650814849134,0,1,2619195.5819368823,0
2025-08-15,51,51,4,Mixed,2025-08-15_c1,1,12,22.08333333333333,44.25,22.090990669206587,44.29310987408493,4.829118064211089,7.270386267850838,22.5,44.5,22.5,44.5,0,0,0,28.124759674072266,36.80312347412109,33.108065128326416,2.634979453984911,397.296781539917,518.6483598468789,0,1,75495.62656660292,0
